# Blender 5.0.0
# www.blender.org
mtllib building3.mtl
o Tower_04.smd
v -25.025309 35.015884 3.949743
v -24.774143 34.580635 4.047596
v -24.774141 34.857582 4.047596
v -25.025305 15.308008 3.949748
v -24.774141 15.499271 4.047600
v -25.025309 35.015884 3.949743
v -25.025305 15.308008 3.949748
v -24.774143 15.149700 4.047600
v -42.941017 0.000015 10.844161
v -42.941002 12.346794 11.025217
v -42.941029 0.000004 11.025218
v -42.940994 12.346799 10.844160
v -43.128067 13.145074 10.844160
v -43.128067 13.145074 11.025215
v -43.663368 13.919730 10.845886
v -43.663364 13.919728 11.026979
v -44.450851 14.455459 10.583999
v -44.450851 14.455459 10.411282
v -51.773796 19.265629 4.711259
v -53.156460 20.162943 2.940717
v -53.298126 20.251516 1.518355
v -53.444134 20.347170 1.518355
v -53.019791 20.073271 2.892190
v -52.386650 19.668190 4.212781
v -52.274979 19.594584 4.122951
v -51.682026 19.205095 4.605243
v -53.019791 20.073271 0.011711
v -52.274979 19.594584 -1.219047
v -42.941002 12.346788 -8.121310
v -42.941006 12.346782 -7.940254
v -42.941029 -0.000002 -8.121306
v -42.941040 -0.000013 -7.940250
v -42.940994 12.346799 10.844160
v -43.128067 13.145069 -7.940254
v -43.128067 13.145074 10.844160
v -43.663368 13.919725 -7.941981
v -43.663368 13.919730 10.845886
v -44.450851 14.455453 -7.507376
v -51.682026 19.205093 -1.701340
v -51.773796 19.265629 -1.807357
v -52.386650 19.668190 -1.308879
v -53.156460 20.162941 -0.036817
v -44.450851 14.455453 -7.680090
v -43.663368 13.919725 -7.941981
v -43.663364 13.919722 -8.123071
v -43.128063 13.145069 -8.121310
v -42.821163 22.355614 12.636970
v -43.396740 29.589886 12.168909
v -43.200394 29.663496 12.328604
v -47.593525 27.102892 8.755419
v -47.790062 27.028730 8.595565
v -47.992878 27.032560 8.430603
v -48.188072 27.114124 8.271842
v -52.053444 28.436674 5.127714
v -52.050774 29.574224 5.130121
v -52.706627 28.866911 4.596434
v -52.706730 29.991993 4.596601
v -53.563110 29.423971 3.181137
v -53.563114 30.558023 3.181137
v -53.883179 29.625816 1.518353
v -53.883179 30.761932 1.518353
v -27.389933 20.196314 6.000309
v -37.284782 22.530506 11.981945
v -38.532005 26.946344 12.734853
v -37.749550 22.505737 12.260206
v -38.182266 22.292398 12.524485
v -38.496655 22.055193 12.714173
v -39.235531 27.372547 13.160078
v -39.235699 21.497585 13.160081
v -39.708878 21.129488 13.274176
v -40.210991 27.933388 13.391958
v -40.209415 20.969265 13.391959
v -40.708786 21.030455 13.425669
v -41.132790 28.499683 13.454111
v -41.132790 21.244156 13.454112
v -42.197380 21.944740 13.144338
v -42.197380 29.178795 13.144337
v -42.803371 29.574612 12.651502
v -42.997871 29.658281 12.493320
v -39.235699 21.497585 13.160081
v -39.235699 21.190727 13.160082
v -39.708878 20.822630 13.274176
v -40.209415 20.662405 13.391957
v -40.708786 20.723589 13.425669
v -41.132790 20.937296 13.454112
v -41.132790 21.244156 13.454112
v -42.197380 21.637880 13.144338
v -42.197380 21.944740 13.144338
v -42.821167 22.048754 12.636971
v -52.053444 28.129818 5.127714
v -52.706627 28.560049 4.596434
v -52.706627 28.866911 4.596434
v -53.563114 29.117115 3.181138
v -53.563110 29.423971 3.181137
v -53.883179 29.318964 1.518353
v -25.465509 18.993721 1.518355
v -25.769339 15.538221 -0.155691
v -25.465521 15.346606 1.518356
v -25.769339 15.538220 3.192402
v -25.769333 19.184147 3.192402
v -26.407574 15.925975 4.638525
v -26.407581 19.583000 4.638520
v -27.389917 16.535677 6.000329
v -36.839317 22.364050 11.712888
v -37.284782 22.223648 11.981945
v -37.749550 22.198877 12.260206
v -38.182266 21.985538 12.524485
v -38.496655 21.748335 12.714174
v -36.839314 22.364050 -8.676184
v -37.284782 22.223642 -8.945236
v -36.839317 22.057188 -8.676182
v -27.389917 16.535679 -2.963617
v -27.389917 16.228817 -2.963616
v -26.407572 15.925972 -1.601814
v -26.407574 15.619112 -1.601813
v -25.769339 15.538221 -0.155691
v -25.769339 15.231360 -0.155691
v -25.465519 15.039745 1.518356
v -25.769339 15.231362 3.192402
v -25.769339 15.538220 3.192402
v -26.407574 15.619115 4.638525
v -26.407574 15.925975 4.638525
v -27.389917 16.228817 6.000329
v -27.389917 16.535677 6.000329
v -36.839317 22.057192 11.712890
v -35.761787 8.215812 -6.462022
v -35.763268 -0.188603 -6.465013
v -35.653812 8.082541 -6.541389
v -35.656719 -0.188740 -6.545006
v -35.860550 8.361296 -6.665971
v -35.869812 -0.188466 -6.673802
v -35.761787 8.215812 -6.462022
v -35.763268 -0.188603 -6.465013
v -64.920380 3.368384 -2.491502
v -65.008606 3.046286 -2.491502
v -64.946091 3.274136 -2.747668
v -65.023369 2.992383 -2.748859
v -65.842636 0.001354 -2.748858
v -65.342270 1.823449 -5.926001
v -65.843018 0.000001 -2.491502
v -65.008606 3.046286 -2.491502
v -65.282013 2.042807 -6.094404
v -65.402740 1.603402 -6.263152
v -65.350586 1.793272 -6.476735
v -65.499123 1.249521 -6.588088
v -65.459885 1.391968 -6.845215
v -65.618080 0.813445 -6.847165
v -65.638618 0.739364 -6.589808
v -65.843018 0.001187 -6.847167
v -65.842644 0.002400 -6.589809
v -64.946091 3.274136 -2.747668
v -43.396740 29.589882 -9.132203
v -42.821163 22.355606 -9.600263
v -43.200394 29.663492 -9.291900
v -47.593525 27.102890 -5.718713
v -47.790062 27.028730 -5.558858
v -47.992878 27.032560 -5.393896
v -48.188072 27.114117 -5.235133
v -52.053444 28.436676 -2.091008
v -52.050777 29.574226 -2.093414
v -52.706627 28.866905 -1.559728
v -52.706730 29.991993 -1.559895
v -53.563114 29.423964 -0.144432
v -53.563114 30.558023 -0.144432
v -53.883179 29.625816 1.518353
v -53.883179 30.761932 1.518353
v -53.883179 29.318964 1.518353
v -53.563114 29.423964 -0.144432
v -53.563114 29.117109 -0.144432
v -52.706627 28.866905 -1.559728
v -52.706627 28.560049 -1.559728
v -52.053444 28.129816 -2.091008
v -42.821163 22.048748 -9.600263
v -42.197380 21.944735 -10.107631
v -42.197380 21.637877 -10.107631
v -41.132790 21.244150 -10.417403
v -41.132790 20.937290 -10.417403
v -40.708786 21.030449 -10.388959
v -40.708786 20.723583 -10.388957
v -40.209415 20.969259 -10.355252
v -40.209415 20.662399 -10.355250
v -39.708878 20.822624 -10.237465
v -39.708878 21.129484 -10.237467
v -37.284782 22.530504 -8.945236
v -27.389929 20.196323 -2.963603
v -38.532001 26.946354 -9.698143
v -37.749546 22.505733 -9.223498
v -38.182266 22.292398 -9.487780
v -38.496655 22.055187 -9.677465
v -39.235531 27.372540 -10.123373
v -39.235699 21.497572 -10.123371
v -40.210991 27.933382 -10.355254
v -41.132790 28.499680 -10.417404
v -41.132790 21.244150 -10.417403
v -42.197380 21.944735 -10.107631
v -42.197380 29.178791 -10.107632
v -42.803371 29.574610 -9.614798
v -42.997871 29.658278 -9.456614
v -39.235699 21.190718 -10.123372
v -39.235699 21.497572 -10.123371
v -38.496655 21.748329 -9.677465
v -38.182266 21.985537 -9.487779
v -37.749550 22.198874 -9.223499
v -27.389917 16.535679 -2.963617
v -26.407570 19.583004 -1.601814
v -26.407572 15.925972 -1.601814
v -25.769333 19.184147 -0.155693
v -53.228897 18.198689 -2.491504
v -53.000053 18.405659 -2.747022
v -53.096180 18.468002 -2.491504
v -53.132977 18.135729 -2.747030
v -59.924435 4.611930 -2.491502
v -59.838799 4.517998 -2.747372
v -60.487167 3.957473 -2.491501
v -60.401321 3.863335 -2.747579
v -60.923027 3.514450 -2.746820
v -61.008766 3.608326 -2.491501
v -61.696972 3.275029 -2.745239
v -61.782215 3.368384 -2.491501
v -64.651398 3.274195 -2.747506
v -64.627106 3.368384 -2.491502
v -64.627106 3.368384 -2.491502
v -64.920380 3.368384 -2.491502
v -64.946091 3.274136 -2.747668
v -59.838799 4.517998 -2.747372
v -51.879776 17.313185 -6.085385
v -58.719967 3.290808 -6.090238
v -51.640495 17.156549 -6.486375
v -59.802814 2.287993 -6.082473
v -60.923027 3.514450 -2.746820
v -59.279774 2.633449 -6.093150
v -58.503765 3.073313 -6.490048
v -51.287128 16.925806 -6.849897
v -58.180305 2.774530 -6.851131
v -50.872086 16.655207 -6.847176
v -57.796139 2.437387 -6.847167
v -44.696983 0.000014 -6.847162
v -58.511478 1.599115 -6.847167
v -59.221519 1.121068 -6.847167
v -59.424339 1.622681 -6.848799
v -60.300694 1.354516 -6.842588
v -59.628357 2.031989 -6.483550
v -60.433540 1.790966 -6.466172
v -60.583298 2.055382 -6.060225
v -59.082565 2.393548 -6.491876
v -58.813496 2.031229 -6.851744
v -65.041725 1.793118 -6.476031
v -64.968681 2.043644 -6.092124
v -65.152206 1.389471 -6.845040
v -60.208176 0.813445 -6.847165
v -65.302727 0.813445 -6.847165
v -65.521713 0.001165 -6.847167
v -61.696972 3.275029 -2.745239
v -64.946091 3.274136 -2.747668
v -65.282013 2.042807 -6.094404
v -65.350586 1.793272 -6.476735
v -65.152206 1.389471 -6.845040
v -65.459885 1.391968 -6.845215
v -65.618080 0.813445 -6.847165
v -65.843018 0.001187 -6.847167
v -28.858528 17.471817 4.260526
v -28.795965 17.431782 4.096046
v -28.858524 15.708547 4.260526
v -28.998537 15.799904 4.342759
v -29.086380 15.033192 4.457662
v -28.993591 17.553917 4.339852
v -28.336384 9.638133 0.148921
v -28.087828 13.640243 1.518357
v -28.336382 13.719774 0.148920
v -28.087828 16.985748 1.518356
v -28.336382 13.719775 2.887793
v -28.336388 17.142513 2.887793
v -28.795965 15.670345 4.096052
v -28.945024 14.943833 4.373898
v -29.168028 14.429810 4.671039
v -29.336267 14.535505 4.774820
v -29.799419 14.627582 5.517230
v -29.799416 14.389233 5.517230
v -31.034737 15.131227 6.788099
v -31.034737 9.638135 6.788098
v -34.790333 9.632215 9.057961
v -35.005318 10.233772 9.188073
v -35.108044 9.495275 9.249940
v -29.799419 9.638135 5.517230
v -28.858524 14.816790 4.260526
v -29.136950 14.194617 4.632400
v -28.858524 13.994506 4.260527
v -28.858528 9.638134 4.260527
v -28.336382 9.638133 2.887794
v -28.087826 9.638133 1.518357
v -35.001648 15.700198 9.185455
v -35.191921 16.578209 9.300460
v -35.453640 17.129930 9.458660
v -35.966034 17.733206 9.768398
v -40.541069 22.980247 10.843799
v -39.744354 22.461889 10.654098
v -40.541054 22.256632 10.941891
v -39.744354 24.088881 10.654098
v -39.720539 21.718716 10.751300
v -39.650162 20.997637 11.038630
v -30.011063 14.761910 5.646939
v -31.034737 15.395410 6.788099
v -39.446033 20.407824 11.872061
v -39.446033 19.911968 11.872060
v -40.541065 20.588482 12.242067
v -40.541065 21.084377 12.242068
v -41.296478 21.063370 12.292914
v -40.541065 21.084377 12.242068
v -41.296478 21.830183 12.292915
v -40.541065 21.344755 12.242071
v -39.446030 20.668186 11.872060
v -31.133411 15.459182 6.669854
v -39.592873 20.753761 11.433998
v -40.541065 21.344759 11.715660
v -40.541054 21.560263 11.239114
v -39.506565 20.703466 11.691476
v -40.541061 21.344765 12.035590
v -41.296478 21.830183 12.292915
v -42.167419 21.609455 12.039488
v -42.167419 22.376310 12.039489
v -48.615952 25.806381 6.795183
v -48.615952 26.571348 6.795183
v -50.765461 27.205353 5.047080
v -50.765465 27.969687 5.047080
v -52.211243 28.171406 3.471473
v -52.211243 28.935120 3.471473
v -52.671879 28.463749 1.518354
v -52.671875 29.227497 1.518354
v -28.009539 44.754017 1.518350
v -28.063681 44.788097 0.132205
v -27.812191 44.629532 1.518350
v -28.063669 44.788120 2.904496
v -28.256865 44.909973 2.881543
v -28.591953 45.121277 4.101470
v -28.776400 45.237621 4.058699
v -29.405050 45.634090 5.228653
v -29.576035 45.741943 5.167218
v -39.209850 51.816082 11.154873
v -39.218483 51.821564 10.995311
v -40.011215 52.311543 11.184064
v -40.015923 52.314308 11.346803
v -40.780209 52.808304 11.398247
v -40.762844 52.797348 11.234657
v -40.559517 52.669117 9.319088
v -39.956070 52.279083 9.278469
v -39.319626 51.885696 9.126932
v -31.578182 47.004684 4.447843
v -30.936193 46.599789 3.557869
v -30.519094 46.336723 2.612789
v -30.320538 46.211510 1.518350
v -28.256866 44.909962 0.155157
v -28.591963 45.121258 -1.064770
v -28.776413 45.237587 -1.021998
v -41.661385 53.364048 11.141847
v -39.319626 51.885704 -6.090236
v -39.956070 52.279079 -6.241774
v -39.218483 51.821564 -7.958617
v -31.578184 47.004673 -1.411145
v -29.576038 45.741932 -2.130519
v -30.936199 46.599770 -0.521172
v -30.519087 46.336739 0.423910
v -29.405054 45.634083 -2.191953
v -39.209850 51.816090 -8.118180
v -40.011215 52.311543 -8.147368
v -40.559517 52.669109 -6.282393
v -40.762844 52.797348 -8.197962
v -41.629429 53.343899 -7.945803
v -41.661385 53.364048 -8.105149
v -49.673714 58.417351 -0.739020
v -49.845856 58.525917 -0.759931
v -50.318520 58.824013 0.153023
v -50.482471 58.927425 0.130036
v -50.664894 59.042469 1.518346
v -50.834679 59.149563 1.518347
v -50.482471 58.927422 2.906657
v -50.318520 58.824020 2.883669
v -40.780209 52.808304 -8.361551
v -40.015923 52.314312 -8.310109
v -49.845856 58.525917 3.796623
v -49.673714 58.417351 3.775713
v -41.629429 53.343899 10.982499
v -41.255253 53.107906 9.116641
v -47.658020 57.146065 3.530859
v -48.398750 57.613243 2.614504
v -48.676834 57.788620 1.518347
v -48.398746 57.613243 0.422190
v -47.658016 57.146061 -0.494165
v -41.255253 53.107906 -6.079946
v -25.025305 15.308008 3.949748
v -24.904099 14.947353 4.360600
v -24.774143 15.149700 4.047600
v -39.319527 50.690659 -6.092138
v -31.576145 45.808403 -1.411878
v -39.217968 50.626247 -7.968240
v -39.956127 51.084133 -6.243715
v -40.011497 51.116726 -8.157182
v -40.559723 51.474266 -6.284344
v -41.622913 52.144806 -8.207864
v -41.255634 51.913174 -6.081849
v -42.490379 52.691914 -7.955450
v -47.660118 55.952415 -0.494669
v -50.263885 57.594582 -0.990936
v -48.401035 56.419708 0.421915
v -51.187450 58.177067 0.151600
v -48.679192 56.595142 1.518347
v -51.187450 58.177067 2.885094
v -51.534180 58.395752 1.518347
v -51.410145 58.317520 0.129996
v -50.471981 57.725822 -1.030599
v -42.589058 52.754150 -8.105188
v -41.707886 52.198399 -8.361591
v -40.015923 51.119335 -8.310109
v -39.209850 50.621109 -8.118180
v -29.565727 44.540447 -2.134222
v -30.934006 45.403397 -0.521681
v -28.765285 44.035610 -1.024578
v -30.516790 45.140282 0.423636
v -42.589058 52.754150 11.141886
v -50.263885 57.594582 4.027630
v -50.471981 57.725830 4.067293
v -51.410145 58.317520 2.906698
v -51.762356 58.539658 1.518347
v -29.405050 44.439121 -2.191955
v -28.591953 43.926300 -1.064771
v -28.245239 43.707603 0.153772
v -28.063690 43.593105 0.132205
v -27.997681 43.551456 1.518351
v -27.812223 43.434483 1.518351
v -28.063692 43.593102 2.904495
v -30.318186 45.015038 1.518350
v -28.245239 43.707603 2.882928
v -28.591955 43.926300 4.101470
v -28.765285 44.035606 4.061276
v -29.405054 44.439114 5.228653
v -29.565729 44.540443 5.170924
v -39.209850 50.621105 11.154876
v -39.217964 50.626263 11.004935
v -40.011497 51.116730 11.193876
v -40.015923 51.119331 11.346803
v -41.622913 52.144806 11.244557
v -41.707886 52.198399 11.398288
v -42.490379 52.691914 10.992145
v -30.516792 45.140282 2.613064
v -30.934004 45.403408 3.558380
v -31.576147 45.808403 4.448576
v -39.319523 50.690662 9.128835
v -39.956127 51.084141 9.280411
v -40.559723 51.474266 9.321038
v -41.255638 51.913170 9.118544
v -47.660118 55.952415 3.531363
v -48.401035 56.419708 2.614779
v -45.376602 13.096361 -6.847159
v -45.008656 12.747852 -6.847166
v -45.123295 13.301253 -6.847160
v -50.734837 16.937029 -6.847175
v -44.739059 12.937304 -6.847166
v -44.487865 12.443539 -6.847166
v -44.768112 12.275021 -6.847166
v -51.287128 16.925806 -6.849897
v -51.150490 17.206312 -6.849870
v -51.640495 17.156549 -6.486375
v -51.504452 17.435709 -6.486301
v -51.879776 17.313185 -6.085385
v -51.744190 17.591137 -6.085289
v -53.000053 18.405659 -2.747022
v -44.684505 11.735984 -6.847166
v -44.400562 -0.000002 -6.847162
v -44.400562 11.880638 -6.847166
v -35.397030 10.291483 9.229812
v -35.463715 15.440758 9.464278
v -35.388763 15.527338 9.224490
v -35.474285 10.320191 9.470952
v -35.557987 9.779458 9.521262
v -35.487072 9.684829 9.283975
v -35.743744 9.404784 9.632815
v -35.679714 9.276786 9.399748
v -36.009525 9.018229 9.598103
v -36.077358 9.165776 9.833390
v -36.426605 8.987333 9.849144
v -36.507607 9.167210 10.092301
v -48.615952 25.441492 6.600543
v -50.765465 26.653814 5.047089
v -50.765465 26.840714 4.852446
v -48.615952 25.254372 6.795184
v -42.167419 21.240549 11.844853
v -42.167419 21.056093 12.039492
v -41.296478 20.694487 12.098279
v -41.296478 20.510042 12.292916
v -40.541069 20.214827 12.047430
v -40.541069 20.027996 12.242071
v -39.446033 19.538328 11.677421
v -39.446033 19.351507 11.872060
v -36.428890 17.471401 10.047782
v -36.416409 17.647034 9.845756
v -35.915970 16.869148 9.737669
v -35.840927 16.956173 9.497819
v -35.654263 16.318535 9.579453
v -35.579216 16.405191 9.339606
v -39.446033 19.538324 -8.640712
v -40.541069 20.027992 -9.205361
v -39.446033 19.351503 -8.835350
v -40.541069 20.214819 -9.010719
v -41.296478 20.510036 -9.256207
v -41.296478 20.694479 -9.061570
v -42.167419 21.056087 -9.002780
v -42.167419 21.240543 -8.808141
v -48.615952 25.254370 -3.758465
v -48.615952 25.438370 -3.563826
v -50.765461 26.653818 -2.010374
v -50.765465 26.837673 -1.815736
v -52.211246 27.620316 -0.434767
v -52.046108 27.695827 -0.240128
v -52.671883 27.912622 1.518353
v -52.506744 27.988150 1.518353
v -52.046108 27.695822 3.276835
v -52.211246 27.620300 3.471473
v -36.507607 9.167206 -7.055586
v -36.426605 8.987330 -6.812428
v -36.077358 9.165772 -6.796676
v -36.009525 9.018228 -6.561388
v -35.743744 9.404780 -6.596101
v -35.679714 9.276781 -6.363029
v -35.487076 9.684833 -6.247259
v -35.557991 9.779461 -6.484549
v -35.397030 10.291486 -6.193097
v -35.474285 10.320193 -6.434239
v -35.463718 15.440752 -6.427564
v -35.388763 15.527332 -6.187775
v -35.654266 16.318531 -6.542739
v -35.579216 16.405188 -6.302895
v -35.840927 16.956175 -6.461107
v -35.915970 16.869146 -6.700958
v -36.416409 17.647036 -6.809045
v -36.428886 17.471403 -7.011071
v -35.943867 14.343437 -6.718182
v -36.881035 16.896492 -7.283844
v -36.503990 14.343437 -7.056625
v -36.885269 -0.187176 -7.287569
v -37.050125 16.773954 -7.387211
v -37.097359 17.105206 -7.415764
v -37.050125 -0.186969 -7.387206
v -36.509411 -0.187650 -7.060392
v -36.507607 9.167206 -7.055586
v -36.507339 9.547096 -7.055662
v -36.149754 9.541823 -6.840614
v -36.077358 9.165772 -6.796676
v -35.743744 9.404780 -6.596101
v -35.883804 9.732357 -6.680719
v -35.557991 9.779461 -6.484549
v -35.735680 10.079103 -6.591780
v -35.474285 10.320193 -6.434239
v -35.668869 10.611221 -6.551650
v -35.463718 15.440752 -6.427564
v -35.653896 13.786960 -6.542918
v -35.654266 16.318531 -6.542739
v -35.915970 16.869146 -6.700958
v -36.926697 17.216692 -7.311440
v -36.428886 17.471403 -7.011071
v -37.057240 17.491720 -7.390342
v -37.254242 17.682774 -7.509416
v -37.232410 17.389723 -7.497386
v -37.436214 17.587372 -7.620571
v -39.446033 19.092436 -8.835349
v -39.446033 19.351503 -8.835350
v -40.541065 19.768917 -9.205361
v -40.541069 20.027992 -9.205361
v -41.296478 20.254265 -9.256207
v -41.296478 20.510036 -9.256207
v -42.167419 20.800295 -9.002780
v -42.167419 21.056087 -9.002780
v -48.615952 24.999218 -3.758473
v -48.615952 25.254370 -3.758465
v -50.765461 26.398865 -2.010371
v -50.765461 26.653818 -2.010374
v -52.211246 27.365576 -0.434766
v -52.211246 27.365576 -0.434766
v -52.671879 27.413378 1.518354
v -52.211243 27.121086 -0.434765
v -50.765461 26.398865 -2.010371
v -50.765461 26.154192 -2.010371
v -48.615952 24.754345 -3.758473
v -42.167419 20.800295 -9.002780
v -42.167419 20.554819 -9.002782
v -41.296478 20.254265 -9.256207
v -41.296478 20.008802 -9.256206
v -40.541065 19.523474 -9.205357
v -39.446033 18.847004 -8.835348
v -37.254246 17.682777 10.546127
v -37.232407 17.389730 10.534100
v -37.436214 17.587378 10.657282
v -39.446033 19.092442 11.872060
v -39.446030 18.847010 11.872061
v -40.541065 19.523478 12.242071
v -40.541065 19.768925 12.242071
v -41.296478 20.008806 12.292917
v -41.296478 20.254269 12.292916
v -42.167419 20.554827 12.039491
v -42.167419 20.800299 12.039491
v -48.615952 24.754349 6.795183
v -48.615952 24.999218 6.795183
v -50.765461 26.154192 5.047079
v -50.765461 26.398855 5.047079
v -52.211246 27.121071 3.471473
v -52.211246 27.365541 3.471474
v -52.671879 27.657854 1.518354
v -52.211246 27.620316 -0.434767
v -52.671883 27.912622 1.518353
v -52.211246 27.620300 3.471473
v -52.211246 27.365541 3.471474
v -50.765465 26.653814 5.047089
v -50.765461 26.398855 5.047079
v -48.615952 25.254372 6.795184
v -42.167419 21.056093 12.039492
v -42.167419 20.800299 12.039491
v -41.296478 20.510042 12.292916
v -41.296478 20.254269 12.292916
v -40.541069 20.027996 12.242071
v -40.541065 19.768925 12.242071
v -39.446033 19.351507 11.872060
v -39.446033 19.092442 11.872060
v -36.428890 17.471401 10.047782
v -36.926697 17.216698 10.348151
v -35.915970 16.869148 9.737669
v -37.057240 17.491726 10.427054
v -37.097363 17.105211 10.452475
v -36.881035 16.896496 10.320555
v -35.654263 16.318535 9.579453
v -35.463715 15.440758 9.464278
v -35.943867 14.343441 9.754895
v -35.653896 13.786963 9.579632
v -35.668869 10.611225 9.588365
v -35.474285 10.320191 9.470952
v -35.735680 10.079104 9.628494
v -35.557987 9.779458 9.521262
v -35.883804 9.732361 9.717432
v -35.743744 9.404784 9.632815
v -36.149754 9.541826 9.877329
v -36.077358 9.165776 9.833390
v -36.507607 9.167210 10.092301
v -36.507339 9.547101 10.092377
v -36.885269 -0.187171 10.324287
v -36.503990 14.343442 10.093339
v -36.509415 -0.187645 10.097110
v -37.050125 16.773956 10.423923
v -37.050125 -0.186963 10.423927
v -52.024765 25.094891 5.084636
v -52.706627 25.540483 4.530031
v -52.024765 25.657331 5.084636
v -52.706627 26.106560 4.530031
v -53.563114 26.089212 3.114735
v -53.563114 26.659245 3.114735
v -53.883179 26.292942 1.518354
v -53.883179 26.865044 1.518354
v -53.563114 26.659237 -0.210836
v -53.563114 26.089069 -0.210837
v -52.706627 26.106565 -1.626132
v -52.706627 25.540487 -1.626132
v -52.024765 25.657330 -2.180739
v -52.024765 25.094891 -2.180738
v -43.873268 20.285759 -8.714736
v -43.873688 19.726040 -8.714734
v -43.015774 19.720682 -9.203868
v -43.014233 19.137981 -9.204261
v -42.412498 19.296686 -9.205635
v -42.397121 18.696053 -9.205632
v -43.873268 20.285759 -8.714736
v -43.873058 20.564869 -8.714735
v -52.024765 25.937475 -2.180738
v -52.706627 26.106565 -1.626132
v -52.706627 26.386770 -1.626133
v -53.563114 26.659237 -0.210836
v -53.563114 26.939568 -0.210837
v -53.883179 27.145424 1.518353
v -53.563114 26.939577 3.114735
v -53.563114 26.659245 3.114735
v -52.706627 26.386772 4.530031
v -52.706627 26.106560 4.530031
v -52.024765 25.937475 5.084636
v -43.873058 20.564873 11.618636
v -43.873268 20.285767 11.618637
v -43.016544 20.001417 12.107574
v -43.015774 19.720692 12.107770
v -42.420170 19.608780 12.109534
v -42.412498 19.296690 12.109534
v -39.718742 17.828743 12.109535
v -39.852657 17.610758 12.109535
v -39.150951 17.179487 12.109535
v -39.332821 16.975071 12.109535
v -38.847031 16.577068 12.109535
v -39.031353 16.345304 12.109535
v -38.639114 15.688745 12.109535
v -38.862598 15.484179 12.109535
v -38.639114 0.000003 12.109539
v -38.862461 0.000003 12.109539
v -39.040413 3.327120 12.109538
v -39.040413 -0.000659 12.109539
v -39.233307 3.142951 12.109538
v -39.230370 -0.000659 12.109541
v -39.890076 3.142951 12.109538
v -39.890076 3.327120 12.109538
v -39.233307 3.142951 12.109538
v -39.912254 16.445028 12.109534
v -40.009880 16.785921 12.109535
v -40.192497 17.087877 12.109534
v -40.418690 17.316580 12.109534
v -42.397232 18.717726 12.109534
v -43.014244 19.162262 12.108158
v -43.015774 19.720692 12.107770
v -43.873688 19.725967 11.618637
v -43.873268 20.285767 11.618637
v -52.024765 25.937475 -2.180738
v -52.546448 26.280996 -1.542645
v -52.706627 26.386770 -1.626133
v -53.379704 26.818798 -0.165736
v -53.563114 26.939568 -0.210837
v -43.952473 20.617008 11.342880
v -53.691086 27.019068 1.518354
v -53.883179 27.145424 1.518353
v -53.563114 26.939577 3.114735
v -53.379700 26.818800 3.069634
v -52.706627 26.386772 4.530031
v -52.546444 26.280998 4.446543
v -52.024765 25.937475 5.084636
v -51.883080 25.843889 4.986106
v -43.873058 20.564873 11.618636
v -43.119190 20.068838 11.818558
v -51.883080 25.843889 -2.082208
v -42.538994 19.686850 11.820463
v -43.952473 20.617004 -8.438981
v -43.119190 20.068838 -8.914657
v -38.639114 0.000003 11.842639
v -38.639114 15.688739 -8.938733
v -38.639114 -0.000003 -8.938729
v -38.639114 15.688745 11.842635
v -38.847031 16.577068 11.842637
v -38.847031 16.577066 -8.938735
v -39.150951 17.179487 11.842635
v -39.150951 17.179485 -8.938733
v -39.718742 17.828743 11.842635
v -39.718742 17.828741 -8.938732
v -42.538994 19.686846 -8.916562
v -43.016544 20.001417 -9.203673
v -43.873058 20.564869 -8.714735
v -42.420170 19.608776 -9.205634
v -39.718742 17.828739 -9.205632
v -39.150951 17.179485 -9.205631
v -38.847031 16.577065 -9.205632
v -38.639114 15.688739 -8.938733
v -38.639114 15.688738 -9.205631
v -38.639114 -0.000003 -9.205625
v -43.016544 20.001417 12.107574
v -42.420170 19.608780 12.109534
v -39.718742 17.828743 11.842635
v -39.718742 17.828743 12.109535
v -39.150951 17.179487 11.842635
v -39.150951 17.179487 12.109535
v -38.847031 16.577068 11.842637
v -38.847031 16.577068 12.109535
v -38.639114 15.688745 12.109535
v -38.639114 0.000003 12.109539
v -39.233307 3.142945 -9.205628
v -39.890076 3.142945 -9.205629
v -39.233307 3.142945 -9.000471
v -40.054901 3.142945 -9.000472
v -39.233307 3.142945 -8.520697
v -40.832958 3.142944 -8.520697
v -40.832958 3.142944 -9.000472
v -40.186325 3.142945 -9.205628
v -40.832958 3.142945 -9.205628
v -39.230370 -0.000664 -9.205626
v -39.040413 -0.000664 -9.205627
v -39.233307 3.142945 -9.205628
v -39.040413 3.327115 -9.205629
v -38.862461 -0.000002 -9.205628
v -38.862598 15.484173 -9.205633
v -38.639114 -0.000003 -9.205625
v -38.639114 15.688738 -9.205631
v -39.031353 16.345299 -9.205633
v -38.847031 16.577065 -9.205632
v -39.332821 16.975067 -9.205633
v -39.150951 17.179485 -9.205631
v -39.852657 17.610754 -9.205633
v -39.718742 17.828739 -9.205632
v -42.420170 19.608776 -9.205634
v -43.015774 19.720682 -9.203868
v -43.016544 20.001417 -9.203673
v -40.423355 17.360909 -9.205631
v -40.194786 17.137550 -9.205631
v -40.010136 16.838558 -9.205631
v -39.911732 16.499275 -9.205631
v -39.890076 3.327114 -9.205629
v -39.233307 3.142945 -9.205628
v -39.890076 3.142945 -9.205629
v -36.507607 9.167206 -7.055586
v -36.509411 -0.187650 -7.060392
v -36.426605 8.987330 -6.812428
v -36.428871 -0.187751 -6.817070
v -40.832958 3.142949 12.109538
v -40.186325 3.142950 12.109538
v -40.832958 3.142950 11.904381
v -40.054901 3.142951 11.904380
v -40.832958 3.142950 11.424607
v -39.233307 3.142951 11.424605
v -39.233307 3.142951 11.904380
v -39.890076 3.142951 12.109538
v -39.233307 3.142951 12.109538
v -51.062580 17.149357 9.667761
v -50.734837 16.936993 9.883862
v -51.150490 17.206316 9.886582
v -51.504452 17.435713 9.523014
v -51.402657 17.369753 9.345471
v -51.744190 17.591141 9.122001
v -51.642399 17.525179 8.944459
v -53.000053 18.405659 5.783735
v -52.836693 18.299765 5.769851
v -52.122730 17.836990 5.520356
v -52.928104 18.359053 5.526859
v -51.154625 17.209105 8.093718
v -50.914886 17.053677 8.494731
v -50.641331 16.876432 8.619214
v -50.651112 16.882744 9.665059
v -45.123295 13.301299 9.883899
v -45.123295 13.301300 9.665058
v -44.739059 12.937308 9.883881
v -44.739063 12.937308 9.665058
v -44.487865 12.443542 9.883881
v -44.487865 12.443542 9.665058
v -44.400562 11.880642 9.883880
v -44.400562 11.880642 9.665058
v -44.400562 0.000003 9.665061
v -44.400562 0.000003 9.883883
v -44.400562 0.000002 8.616512
v -44.400562 11.880642 8.616509
v -44.487865 12.443542 8.616509
v -44.487865 12.443542 9.665058
v -44.739063 12.937308 8.616509
v -44.739063 12.937308 9.665058
v -45.123295 13.301301 8.616509
v -45.123295 13.301300 9.665058
v -50.249916 16.622814 8.616511
v -42.673397 46.141731 14.775831
v -46.976402 48.847569 11.276379
v -42.673397 46.141731 14.471942
v -46.823219 48.751965 11.097066
v -47.315422 48.802013 11.000668
v -47.162235 48.706451 10.821353
v -47.587086 48.536930 10.779734
v -47.433857 48.441437 10.600452
v -39.869392 44.357746 15.248253
v -38.799500 43.697002 15.297406
v -39.869392 44.357746 15.552143
v -40.883778 45.013000 15.316532
v -40.883774 45.013000 14.776163
v -42.053326 45.750656 14.976219
v -42.053326 45.750664 14.435850
v -42.673397 46.141731 13.931571
v -46.550827 48.581966 10.778216
v -46.889839 48.536530 10.502506
v -47.161392 48.271645 10.281662
v -40.883778 45.013000 15.620423
v -42.053326 45.750656 15.280110
v -42.673397 46.141731 14.775831
v -46.750751 48.449764 10.339699
v -47.161392 48.271645 10.281662
v -47.022266 48.184944 10.118883
v -46.889839 48.536530 10.502506
v -46.411743 48.495159 10.615407
v -46.550827 48.581966 10.778216
v -42.673397 46.141731 13.655651
v -42.053326 45.750656 14.159929
v -40.883774 45.013004 14.500243
v -39.869392 44.357746 14.707883
v -38.799500 43.697006 14.993517
v -38.035839 43.215759 14.835835
v -38.035839 43.215759 14.531943
v -38.799500 43.697006 14.453146
v -38.035839 43.215759 13.991573
v -39.869392 44.357750 14.431963
v -38.799500 43.697010 14.177226
v -38.035843 43.215759 13.715654
v -27.706705 36.706520 7.472505
v -27.502695 36.577961 7.625120
v -26.628162 36.026848 6.820613
v -26.420717 35.896122 6.971151
v -25.968225 35.636379 6.135023
v -25.749634 35.499538 6.268751
v -25.529739 35.334034 5.212894
v -25.300173 35.189346 5.330075
v -24.904104 34.939545 4.360596
v -24.850584 34.905998 5.559563
v -24.420870 34.634975 4.559978
v -24.597740 34.746651 5.688622
v -24.149111 34.463696 4.672107
v -24.141802 34.547550 4.268073
v -24.005630 34.373196 4.347004
v -24.774141 34.857582 4.047596
v -24.774141 34.857582 4.047596
v -25.025309 35.015884 3.949743
v -25.080788 35.080853 6.677938
v -25.321541 35.231560 6.530652
v -26.014454 35.640106 7.265968
v -27.103165 36.326183 7.924005
v -25.785982 35.496128 7.431765
v -26.878481 36.184597 8.092093
v -38.035839 43.215759 14.835835
v -26.878481 36.184597 8.092093
v -43.204784 29.794167 12.221727
v -42.984177 29.782570 12.401134
v -43.200394 29.663496 12.328604
v -42.997871 29.658281 12.493320
v -42.772663 29.689852 12.573153
v -42.803371 29.574612 12.651502
v -42.197380 29.322111 13.041025
v -42.197380 29.178795 13.144337
v -41.132790 28.645334 13.350797
v -41.132790 28.499683 13.454111
v -40.210999 28.077778 13.288643
v -40.210991 27.933388 13.391958
v -39.235527 27.514549 13.056766
v -39.235531 27.372547 13.160078
v -38.532990 27.088913 12.632139
v -38.532005 26.946344 12.734853
v -27.389933 20.337744 5.896996
v -27.389933 20.196314 6.000309
v -26.407581 19.583000 4.638520
v -26.407587 19.719088 4.535205
v -25.769333 19.184147 3.192402
v -25.863779 19.332541 3.089090
v -25.465509 18.993721 1.518355
v -25.559956 19.140928 1.518355
v -25.863777 19.332539 -0.052380
v -25.769333 19.184147 -0.155693
v -26.407572 19.719093 -1.498500
v -26.407570 19.583004 -1.601814
v -27.389927 20.337753 -2.860291
v -27.389929 20.196323 -2.963603
v -38.532001 26.946354 -9.698143
v -38.541744 27.094225 -9.600719
v -39.235531 27.372540 -10.123373
v -39.235527 27.514547 -10.020061
v -40.210991 27.933382 -10.355254
v -40.210999 28.077772 -10.251941
v -41.132790 28.499680 -10.417404
v -41.132790 28.645329 -10.314090
v -42.197380 29.178791 -10.107632
v -42.197380 29.322113 -10.004321
v -42.803371 29.574610 -9.614798
v -42.772659 29.689873 -9.536463
v -42.997871 29.658278 -9.456614
v -42.984177 29.782585 -9.364437
v -43.200394 29.663492 -9.291900
v -43.204784 29.794161 -9.185018
v -43.396740 29.589882 -9.132203
v -43.419483 29.717461 -9.010402
v -47.573421 27.267248 -5.631740
v -47.593525 27.102890 -5.718713
v -47.790062 27.028730 -5.558858
v -47.786446 27.187937 -5.458489
v -47.992878 27.032560 -5.393896
v -48.006062 27.193390 -5.279864
v -48.188072 27.114117 -5.235133
v -48.217335 27.282122 -5.108025
v -52.050777 29.574226 -2.093414
v -51.995033 29.680553 -2.035450
v -52.706730 29.991993 -1.559895
v -52.706734 30.132402 -1.456589
v -53.563114 30.558023 -0.144432
v -53.454487 30.643051 -0.041119
v -53.883179 30.761932 1.518353
v -53.774548 30.845047 1.518352
v -36.266537 8.807354 -6.716120
v -36.269257 -0.187952 -6.720597
v -36.027401 8.627278 -6.766661
v -36.030579 -0.188253 -6.770972
v -65.008606 3.046286 -2.491502
v -64.920380 3.368384 -2.491502
v -64.710815 3.050462 -2.491452
v -64.627106 3.368384 -2.491502
v -53.061230 18.088890 -2.490147
v -52.928104 18.359053 -2.490147
v -52.122734 17.836990 -2.483644
v -59.777111 4.459450 -2.490145
v -59.924435 4.611930 -2.491502
v -60.487167 3.957473 -2.491501
v -60.527775 3.576076 -2.490744
v -61.008766 3.608326 -2.491501
v -61.000004 3.292753 -2.490814
v -61.782215 3.368384 -2.491501
v -61.706814 3.077684 -2.490823
v -64.627106 3.368384 -2.491502
v -60.908527 0.000001 -2.483641
v -65.513962 0.000001 -2.490977
v -65.008606 3.046286 -2.491502
v -65.843018 0.000001 -2.491502
v -53.228897 18.198689 -2.491504
v -52.928104 18.359053 -2.490147
v -53.096180 18.468002 -2.491504
v -58.439327 -0.000763 8.616514
v -44.400562 0.000002 8.616512
v -44.400562 11.880642 8.616509
v -44.487865 12.443542 8.616509
v -44.739063 12.937308 8.616509
v -45.123295 13.301301 8.616509
v -50.249916 16.622814 8.616511
v -50.641331 16.876432 8.619214
v -58.955536 -0.002217 8.619219
v -50.914886 17.053677 8.494731
v -59.312798 0.006887 8.494735
v -51.154625 17.209105 8.093718
v -59.629066 0.006230 8.093723
v -52.122730 17.836990 5.520356
v -60.908527 0.000003 5.520361
v -53.774548 30.845047 1.518352
v -53.454487 30.643053 3.077824
v -53.883179 30.761932 1.518353
v -53.563114 30.558023 3.181137
v -52.706734 30.132402 4.493297
v -52.706730 29.991993 4.596601
v -51.995033 29.680553 5.072156
v -52.050774 29.574224 5.130121
v -48.217335 27.282127 8.144733
v -48.188072 27.114124 8.271842
v -48.006062 27.193394 8.316570
v -47.992878 27.032560 8.430603
v -47.786446 27.187941 8.495194
v -47.790062 27.028730 8.595565
v -47.573425 27.267273 8.668465
v -47.593525 27.102892 8.755419
v -43.396740 29.589886 12.168909
v -43.419468 29.717518 12.047096
v -40.209415 20.662399 -10.055932
v -40.209415 20.662405 13.092639
v -39.708878 20.822624 -9.941116
v -40.708786 20.723593 13.125501
v -40.708790 20.723583 -10.088790
v -41.132790 20.937298 13.153227
v -41.132790 20.937288 -10.116517
v -42.197380 21.637880 12.851262
v -42.197376 21.637877 -9.814553
v -52.489101 28.425880 4.438454
v -52.489101 28.425880 -1.401748
v -53.275375 28.939634 3.095797
v -53.275375 28.939634 -0.059091
v -53.595440 29.141481 1.518353
v -42.197380 21.637877 -10.107631
v -42.821163 22.048748 -9.600263
v -52.053444 28.129816 -2.091008
v -52.706627 28.560049 -1.559728
v -53.563114 29.117109 -0.144432
v -53.883179 29.318964 1.518353
v -53.563114 29.117115 3.181138
v -52.706627 28.560049 4.596434
v -52.053444 28.129818 5.127714
v -42.821167 22.048754 12.636971
v -42.197380 21.637880 13.144338
v -41.132790 20.937296 13.454112
v -40.708786 20.723589 13.425669
v -40.209415 20.662405 13.391957
v -39.708878 20.822630 13.274176
v -39.708878 20.822630 12.977825
v -39.235699 21.190727 13.160082
v -39.235699 21.190727 12.866609
v -38.496655 21.748335 12.714174
v -38.182266 21.985538 12.247035
v -38.182266 21.985538 12.524485
v -37.749550 22.198877 12.260206
v -37.749550 22.198877 11.989418
v -37.284782 22.223648 11.981945
v -37.284782 22.223646 11.718170
v -36.839317 22.057192 11.712890
v -36.839317 22.057192 11.455898
v -26.407574 15.619112 -1.601813
v -26.001455 15.374530 -0.113490
v -25.769339 15.231360 -0.155691
v -26.639692 15.762280 -1.523158
v -27.389917 16.228817 -2.963616
v -27.590868 16.352760 -2.850631
v -36.839317 22.057188 -8.676182
v -36.839317 22.057188 -8.419188
v -37.284782 22.223642 -8.681460
v -37.749546 22.198874 -8.952709
v -38.182266 21.985535 -9.210328
v -39.235699 21.190722 -9.829900
v -27.590864 16.352760 5.887343
v -26.639690 15.762282 4.559869
v -26.001455 15.374531 3.150202
v -25.697634 15.182915 1.518356
v -25.465519 15.039745 1.518356
v -25.769339 15.231362 3.192402
v -26.407574 15.619115 4.638525
v -27.389917 16.228817 6.000329
v -37.284782 22.223642 -8.681460
v -37.284782 22.223642 -8.945236
v -37.749546 22.198874 -8.952709
v -37.749550 22.198874 -9.223499
v -38.182266 21.985537 -9.487779
v -38.496655 21.748329 -9.677465
v -39.235699 21.190718 -10.123372
v -39.708878 20.822624 -9.941116
v -39.708878 20.822624 -10.237465
v -40.209415 20.662399 -10.055932
v -40.209415 20.662399 -10.355250
v -40.708790 20.723583 -10.088790
v -40.708786 20.723583 -10.388957
v -41.132790 20.937290 -10.417403
v -64.627106 3.368387 5.528221
v -64.920380 3.368387 5.528222
v -64.710815 3.050463 5.528172
v -65.008606 3.046288 5.528221
v -65.513962 0.000003 5.527697
v -65.008606 3.046288 5.528221
v -65.843018 0.000003 5.528222
v -60.908527 0.000003 5.520361
v -61.706814 3.077686 5.527543
v -64.627106 3.368387 5.528221
v -61.782215 3.368387 5.528221
v -61.000004 3.292755 5.527534
v -61.008770 3.608329 5.528221
v -60.527775 3.576078 5.527462
v -60.487167 3.957474 5.528221
v -59.777115 4.459452 5.526864
v -59.924435 4.611932 5.528221
v -53.061230 18.088890 5.526859
v -52.122730 17.836990 5.520356
v -52.928104 18.359053 5.526859
v -53.228901 18.198689 5.528216
v -52.928104 18.359053 5.526859
v -53.096180 18.468002 5.528216
v -36.264183 22.219078 13.765022
v -32.524178 28.504395 11.504499
v -26.878027 25.071741 8.091843
v -36.261864 16.900452 13.763629
v -26.877720 11.221682 8.091643
v -25.785984 12.729183 7.431771
v -25.785982 24.379084 7.431770
v -25.080793 13.581304 6.677943
v -25.080788 23.930372 6.677941
v -24.577305 14.267304 5.642310
v -24.603304 23.534689 5.701226
v -24.149111 14.826112 4.672111
v -24.149113 23.210281 4.672109
v -24.005629 15.014883 4.347009
v -24.005625 23.076012 4.347007
v -24.005629 15.014883 4.347009
v -24.005629 14.665314 4.347009
v -24.149111 14.471498 4.672111
v -24.577305 13.893090 5.642310
v -25.080793 13.581304 6.677943
v -25.080793 13.191410 6.677943
v -25.785984 12.318062 7.431771
v -26.703238 11.121509 7.986179
v -26.877708 10.893903 8.091638
v -27.053875 11.000643 8.198113
v -36.267014 16.582966 13.766744
v -36.504425 16.726812 13.910237
v -36.504562 17.033197 13.910321
v -36.506802 22.014881 13.911667
v -36.679588 22.804153 14.016101
v -36.432632 22.988550 13.866837
v -36.725735 23.600899 14.043997
v -32.864643 28.828495 11.710263
v -37.177296 24.126736 14.316932
v -33.089901 29.299889 11.846415
v -38.030563 24.649961 14.832664
v -33.167244 29.850052 11.893165
v -33.158554 31.991844 11.887909
v -33.235985 32.541756 11.934711
v -33.461452 33.012695 12.070987
v -33.802101 33.336044 12.276884
v -38.031830 35.895828 14.833424
v -38.799477 25.115877 15.297410
v -38.799484 36.361401 15.297407
v -39.870453 25.752432 15.552151
v -39.870201 37.003757 15.552148
v -36.980232 23.432257 14.197818
v -37.443409 23.971624 14.477777
v -38.030464 24.332674 14.832606
v -38.799477 24.805576 15.297409
v -38.799477 25.115877 15.297410
v -39.870468 25.441721 15.552151
v -39.870453 25.752432 15.552151
v -40.883778 26.078003 15.620429
v -40.883778 26.389023 15.620428
v -42.053326 26.817707 15.280111
v -42.053326 27.128695 15.280111
v -42.707253 27.229984 14.748301
v -42.706650 27.565916 14.748789
v -47.605350 30.380669 10.764668
v -47.599346 30.728783 10.769550
v -47.777721 30.491545 10.624479
v -47.777149 30.840487 10.624950
v -40.883778 26.389023 15.620428
v -40.883778 37.644825 15.620426
v -42.053326 27.128695 15.280111
v -42.053326 38.384010 15.280109
v -42.698673 38.810772 14.755276
v -47.592113 41.961723 10.775480
v -47.769840 42.076160 10.630944
v -25.321541 13.342116 6.530657
v -26.420717 12.718060 6.971157
v -26.014454 12.462039 7.265974
v -25.749634 13.610100 6.268757
v -24.830141 14.052439 5.513249
v -25.279730 14.335792 5.283761
v -24.420866 14.642780 4.559983
v -24.904099 14.947353 4.360600
v -25.025305 15.308008 3.949748
v -25.509296 14.480476 5.166582
v -25.279730 14.335792 5.283761
v -25.968225 13.746936 6.135027
v -25.749634 13.610100 6.268757
v -26.628160 12.848786 6.820619
v -27.538250 11.638771 7.370699
v -27.332582 11.511371 7.522308
v -26.929773 11.261846 7.819213
v -27.705933 11.415833 7.472049
v -27.102398 11.035496 7.923551
v -27.501926 11.287271 7.624664
v -27.705933 11.415833 7.472049
v -24.774143 15.149700 4.047600
v -24.141802 14.839668 4.268077
v -24.005629 14.665314 4.347009
v -24.149111 14.471498 4.672111
v -24.577305 13.893090 5.642310
v -25.080793 13.191410 6.677943
v -25.785984 12.318062 7.431771
v -26.703238 11.121509 7.986179
v -26.877708 10.893903 8.091638
v -27.053875 11.000643 8.198113
v -27.279560 11.142739 8.030632
v -27.680868 11.395392 7.732820
v -36.504425 16.726812 13.065975
v -36.273575 16.587326 12.926445
v -36.504421 16.726812 12.790055
v -36.269379 16.584532 13.464278
v -36.267014 16.582966 13.766744
v -36.504425 16.726810 13.606345
v -36.504425 16.726812 13.910237
v -27.885780 11.524395 7.580753
v -36.504421 16.726812 12.790055
v -27.705933 11.415833 7.472049
v -64.627106 3.368387 5.528221
v -64.651398 3.274198 5.784225
v -64.920380 3.368387 5.528222
v -64.946091 3.274137 5.784388
v -60.923027 3.514452 5.783538
v -60.583298 2.055385 9.096944
v -61.696972 3.275032 5.781958
v -64.968681 2.043649 9.128843
v -64.946091 3.274137 5.784388
v -65.282013 2.042810 9.131123
v -65.041725 1.793122 9.512751
v -65.350586 1.793275 9.513454
v -65.152206 1.389474 9.881762
v -65.459885 1.391971 9.881935
v -65.302727 0.813450 9.883884
v -65.618080 0.813450 9.883885
v -65.521713 0.001170 9.883885
v -65.843018 0.001191 9.883887
v -65.152206 1.389474 9.881762
v -60.208176 0.813450 9.883885
v -44.696983 0.000019 9.883883
v -59.221519 1.121072 9.883885
v -60.300697 1.354519 9.879310
v -60.433540 1.790969 9.502892
v -53.132977 18.135729 5.783741
v -51.879776 17.313189 9.122098
v -59.838799 4.518000 5.784091
v -58.719967 3.290813 9.126956
v -51.640495 17.156551 9.523086
v -58.503769 3.073318 9.526768
v -51.287128 16.925810 9.886607
v -58.180305 2.774536 9.887852
v -50.872086 16.655169 9.883862
v -57.796139 2.437393 9.883884
v -58.511478 1.599119 9.883884
v -59.424339 1.622686 9.885519
v -59.628357 2.031993 9.520271
v -59.802814 2.287998 9.119192
v -60.401321 3.863337 5.784297
v -59.279774 2.633452 9.129869
v -59.082565 2.393553 9.528596
v -58.813496 2.031233 9.888463
v -61.782215 3.368387 5.528221
v -64.627106 3.368387 5.528221
v -61.696972 3.275032 5.781958
v -61.008770 3.608329 5.528221
v -60.923027 3.514452 5.783538
v -60.487167 3.957474 5.528221
v -59.838799 4.518000 5.784091
v -59.924435 4.611932 5.528221
v -53.228901 18.198689 5.528216
v -53.096180 18.468002 5.528216
v -53.000053 18.405659 5.783735
v -53.000053 18.405659 5.783735
v -51.744190 17.591141 9.122001
v -51.879776 17.313189 9.122098
v -51.504452 17.435713 9.523014
v -51.640495 17.156551 9.523086
v -51.150490 17.206316 9.886582
v -51.287128 16.925810 9.886607
v -50.734837 16.936993 9.883862
v -45.376602 13.096417 9.883904
v -44.768112 12.275024 9.883881
v -45.008656 12.747857 9.883881
v -44.487865 12.443542 9.883881
v -44.739059 12.937308 9.883881
v -45.123295 13.301299 9.883899
v -44.684509 11.735988 9.883880
v -44.400562 0.000003 9.883883
v -44.400562 11.880642 9.883880
v -52.706627 25.246473 4.530031
v -52.024765 24.925858 5.034731
v -52.024765 24.793941 5.084637
v -52.644718 25.350134 4.487745
v -53.563114 25.802555 3.114735
v -53.499325 25.906317 3.091892
v -53.883179 26.010223 1.518354
v -53.819389 26.112015 1.517442
v -53.499325 25.906311 -0.187994
v -53.563114 25.802685 -0.210837
v -52.644718 25.350132 -1.583846
v -52.706627 25.246473 -1.626133
v -52.024765 24.925859 -2.130833
v -52.024765 24.793945 -2.180738
v -43.873768 19.556761 -8.575066
v -43.873848 19.424599 -8.714734
v -43.013935 18.962978 -9.057941
v -43.013641 18.825102 -9.204411
v -42.394310 18.518879 -9.059220
v -42.391495 18.378826 -9.205631
v -40.502598 17.227625 -9.059224
v -40.552380 17.119236 -9.205633
v -40.252487 16.992977 -9.059222
v -40.324642 16.894444 -9.205633
v -40.131794 16.750107 -9.059221
v -40.224884 16.686834 -9.205631
v -40.061558 16.421211 -9.059221
v -40.173672 16.347168 -9.205632
v -40.054901 3.327115 -9.059217
v -40.186325 3.327115 -9.205627
v -40.186325 3.142945 -9.205628
v -40.054901 3.142945 -9.000472
v -41.296478 20.008806 12.292917
v -40.541065 19.523478 12.242071
v -41.296478 20.008806 12.106892
v -42.167419 20.554827 12.039491
v -42.167419 20.554829 11.853464
v -48.615952 24.754349 6.795183
v -48.615952 24.754347 6.609157
v -50.765461 26.154192 5.047079
v -50.765461 26.154190 4.861052
v -52.211246 27.121071 3.471473
v -52.115742 27.058514 3.364368
v -52.671879 27.413378 1.518354
v -48.615952 24.754345 -3.758473
v -50.765461 26.154192 -2.010371
v -48.615952 24.754347 -3.572447
v -50.765461 26.154190 -1.824345
v -52.211243 27.121086 -0.434765
v -52.115742 27.058514 -0.327660
v -52.555653 27.337255 1.518354
v -51.692734 26.781389 2.889964
v -50.765461 26.154188 4.037084
v -48.615952 24.754347 5.785187
v -42.167419 20.554823 11.029495
v -41.296478 20.008806 11.282922
v -40.541065 19.523476 12.056046
v -52.040852 26.999989 1.518354
v -51.692734 26.781393 0.146743
v -50.765461 26.154190 -1.000375
v -48.615952 24.754347 -2.748478
v -42.167419 20.554817 -7.992786
v -42.167419 20.554819 -8.816755
v -41.296478 20.008801 -8.246210
v -37.105072 16.808390 -7.234394
v -37.348442 -0.000001 -6.557520
v -37.105072 -0.152533 -7.234390
v -37.348442 16.960920 -6.557524
v -37.152306 17.139643 -7.262949
v -37.395676 17.292173 -6.586075
v -37.287354 17.424164 -7.344565
v -37.530724 17.576696 -6.667699
v -37.734531 17.774338 -6.790885
v -37.491161 17.621805 -7.467754
v -39.744350 19.033968 -8.005668
v -39.500977 18.881441 -8.682537
v -40.541065 19.523472 -8.195368
v -40.541061 19.523478 -9.019334
v -41.296478 20.008802 -9.070180
v -42.167419 20.554819 -9.002782
v -37.050125 16.773954 -7.387211
v -37.050125 -0.186969 -7.387206
v -37.105072 16.808390 -7.234394
v -37.097359 17.105206 -7.415764
v -37.152306 17.139643 -7.262949
v -37.232410 17.389723 -7.497386
v -37.491161 17.621805 -7.467754
v -37.436214 17.587372 -7.620571
v -39.446033 18.847004 -8.835348
v -40.541065 19.523474 -9.205357
v -41.296478 20.008802 -9.256206
v -52.836693 18.299765 -2.733138
v -52.928104 18.359053 -2.490147
v -53.000053 18.405659 -2.747022
v -53.096180 18.468002 -2.491504
v -52.122734 17.836990 -2.483644
v -52.928104 18.359053 -2.490147
v -51.154625 17.209101 -5.057005
v -51.642399 17.525175 -5.907746
v -50.914886 17.053671 -5.458017
v -51.402657 17.369747 -6.308758
v -50.641327 16.876429 -5.582501
v -51.062580 17.149353 -6.631048
v -50.651112 16.882742 -6.628346
v -50.734837 16.937029 -6.847175
v -45.123295 13.301253 -6.847160
v -45.123295 13.301297 -6.628344
v -44.739059 12.937304 -6.847166
v -44.739063 12.937304 -6.628344
v -44.487865 12.443539 -6.847166
v -44.487865 12.443539 -6.628344
v -44.400562 11.880638 -6.847166
v -44.400562 11.880638 -6.628344
v -44.400562 -0.000002 -6.628341
v -44.400562 -0.000002 -6.847162
v -51.150490 17.206312 -6.849870
v -51.504452 17.435709 -6.486301
v -51.744190 17.591137 -6.085289
v -53.000053 18.405659 -2.747022
v -44.400562 -0.000001 -5.579792
v -44.400562 11.880639 -5.579795
v -44.487865 12.443540 -5.579795
v -44.487865 12.443539 -6.628344
v -44.739063 12.937305 -5.579795
v -44.739063 12.937304 -6.628344
v -45.123295 13.301298 -5.579796
v -45.123295 13.301297 -6.628344
v -50.249916 16.622810 -5.579800
v -39.446030 18.847010 11.872061
v -39.500977 18.881451 11.719244
v -37.436214 17.587378 10.657282
v -37.491158 17.621815 10.504470
v -37.232407 17.389730 10.534100
v -37.287357 17.424164 10.381288
v -37.152306 17.139647 10.299661
v -37.097363 17.105211 10.452475
v -37.105072 16.808393 10.271106
v -37.050125 16.773956 10.423923
v -37.105072 -0.152527 10.271112
v -37.050125 -0.186963 10.423927
v -37.348442 0.000003 9.594242
v -37.105072 16.808393 10.271106
v -37.348442 16.960924 9.594236
v -37.152306 17.139647 10.299661
v -37.395679 17.292177 9.622788
v -37.530731 17.576693 9.704421
v -37.734531 17.774345 9.827602
v -37.491158 17.621815 10.504470
v -39.744350 19.033979 11.042373
v -40.541065 19.523474 11.232077
v -60.908527 0.000001 -2.483641
v -52.122734 17.836990 -2.483644
v -59.629066 0.006228 -5.057004
v -51.154625 17.209101 -5.057005
v -59.312801 0.006885 -5.458016
v -50.914886 17.053671 -5.458017
v -58.955540 -0.002219 -5.582499
v -50.641327 16.876429 -5.582501
v -58.439327 -0.000765 -5.579793
v -50.249916 16.622810 -5.579800
v -45.123295 13.301298 -5.579796
v -44.739063 12.937305 -5.579795
v -44.487865 12.443540 -5.579795
v -44.400562 11.880639 -5.579795
v -44.400562 -0.000001 -5.579792
v -42.397232 18.717726 12.109534
v -40.418690 17.316580 12.109534
v -42.394360 18.539829 11.963123
v -40.513844 17.210585 11.963124
v -40.192497 17.087877 12.109534
v -40.257633 16.957870 11.963124
v -40.009880 16.785921 12.109535
v -40.129810 16.731302 11.963124
v -39.912254 16.445028 12.109534
v -40.061665 16.380054 11.963123
v -39.890076 3.327120 12.109538
v -40.054901 3.327119 11.963127
v -39.890076 3.142951 12.109538
v -40.054901 3.142951 11.904380
v -52.024765 25.094891 -2.180738
v -52.644718 25.350132 -1.583846
v -52.024765 24.925859 -2.130833
v -52.706627 25.540487 -1.626132
v -53.499325 25.906311 -0.187994
v -53.563114 26.089069 -0.210837
v -53.819389 26.112015 1.517442
v -53.883179 26.292942 1.518354
v -53.563114 26.089212 3.114735
v -53.499325 25.906317 3.091892
v -52.706627 25.540483 4.530031
v -52.644718 25.350134 4.487745
v -52.024765 25.094891 5.084636
v -52.024765 24.925858 5.034731
v -43.873688 19.725967 11.618637
v -43.873768 19.556761 11.478969
v -43.014244 19.162262 12.108158
v -43.013943 18.987816 11.961840
v -40.054901 3.142945 -9.000472
v -39.890076 3.142945 -9.205629
v -40.054901 3.327115 -9.059217
v -39.890076 3.327114 -9.205629
v -40.061558 16.421211 -9.059221
v -39.911732 16.499275 -9.205631
v -40.131794 16.750107 -9.059221
v -40.010136 16.838558 -9.205631
v -40.252487 16.992977 -9.059222
v -40.194786 17.137550 -9.205631
v -40.502598 17.227625 -9.059224
v -40.423355 17.360909 -9.205631
v -42.394310 18.518879 -9.059220
v -42.397121 18.696053 -9.205632
v -43.013935 18.962978 -9.057941
v -43.014233 19.137981 -9.204261
v -43.873768 19.556761 -8.575066
v -43.873688 19.726040 -8.714734
v -53.000053 18.405659 5.783735
v -52.928104 18.359053 5.526859
v -53.096180 18.468002 5.528216
v -64.920380 3.368387 5.528222
v -64.946091 3.274137 5.784388
v -65.008606 3.046288 5.528221
v -65.023369 2.992384 5.785579
v -65.342270 1.823453 8.962721
v -65.842644 0.001355 5.785579
v -65.843018 0.000003 5.528222
v -65.008606 3.046288 5.528221
v -65.402740 1.603406 9.299871
v -65.350586 1.793275 9.513454
v -65.499115 1.249525 9.624809
v -65.459885 1.391971 9.881935
v -65.618080 0.813450 9.883885
v -65.638618 0.739368 9.626530
v -65.843018 0.001191 9.883887
v -65.842644 0.002403 9.626530
v -65.282013 2.042810 9.131123
v -64.946091 3.274137 5.784388
v -28.858524 15.708546 -1.223813
v -28.945023 14.943833 -1.337185
v -28.795967 15.670345 -1.059339
v -29.086378 15.033188 -1.420950
v -28.998537 15.799903 -1.306047
v -39.720543 21.718710 -7.714589
v -39.650162 20.997631 -8.001922
v -39.744354 22.461884 -7.617389
v -28.993589 17.553915 -1.303140
v -39.744354 24.088877 -7.617389
v -28.858528 17.471815 -1.223812
v -28.795965 17.431782 -1.059334
v -28.336384 17.142511 0.148920
v -28.858524 13.994504 -1.223813
v -28.858524 14.816791 -1.223812
v -29.168028 14.429807 -1.634326
v -29.336267 14.535501 -1.738106
v -30.011061 14.761907 -2.610227
v -39.592873 20.753757 -8.397290
v -31.133408 15.459179 -3.633141
v -31.034735 15.395407 -3.751384
v -29.799419 14.627578 -2.480516
v -31.034735 15.131224 -3.751384
v -29.799416 14.389231 -2.480516
v -29.136951 14.194616 -1.595687
v -35.001648 15.700194 -6.148742
v -35.005314 10.233769 -6.151359
v -35.191921 16.578205 -6.263749
v -35.453640 17.129927 -6.421948
v -35.966034 17.733204 -6.731688
v -39.446030 20.407820 -8.835349
v -39.446033 20.668182 -8.835351
v -39.506565 20.703457 -8.654767
v -40.541065 21.344753 -8.678950
v -40.541058 21.560257 -8.202402
v -40.541058 22.256626 -7.905177
v -40.541065 22.980242 -7.807091
v -39.446033 19.911964 -8.835349
v -40.541065 20.588478 -9.205359
v -41.296478 21.830179 -9.256207
v -40.541065 21.084373 -9.205361
v -40.541065 21.344751 -9.205361
v -40.541065 21.344753 -8.998879
v -52.671875 29.227497 1.518354
v -52.671879 28.463749 1.518354
v -52.211243 28.935108 -0.434766
v -52.211246 28.171398 -0.434766
v -50.765461 27.969692 -2.010372
v -50.765461 27.205359 -2.010372
v -48.615952 26.571350 -3.758475
v -48.615952 25.806383 -3.758475
v -42.167419 22.376307 -9.002782
v -42.167419 21.609453 -9.002783
v -41.296478 21.830179 -9.256207
v -41.296478 21.063368 -9.256207
v -24.774141 15.499271 4.047600
v -24.774143 15.149700 4.047600
v -24.141802 15.189237 4.268076
v -24.141802 14.839668 4.268077
v -24.005629 15.014883 4.347009
v -24.005629 14.665314 4.347009
v -24.141802 25.768866 4.268073
v -24.774143 34.580635 4.047596
v -24.141802 23.345182 4.268074
v -24.141802 15.189237 4.268076
v -24.005625 23.076012 4.347007
v -24.005629 15.014883 4.347009
v -24.141804 34.270603 4.268073
v -24.005625 26.008591 4.347006
v -24.005630 34.096249 4.347004
v -24.141802 34.547550 4.268073
v -24.774141 34.857582 4.047596
v -24.005630 34.373196 4.347004
v -24.005630 34.096249 4.347004
v -42.127468 51.200150 -9.846383
v -42.761143 51.599804 -9.649152
v -42.197380 51.244244 -10.107635
v -41.132790 50.572823 -10.417410
v -41.086800 50.543816 -10.149194
v -40.209419 49.976002 -10.355259
v -40.184181 49.960411 -10.088443
v -39.235561 49.374081 -10.123378
v -39.232208 49.372005 -9.861772
v -38.540539 48.935863 -9.703292
v -52.707115 57.872627 -1.560528
v -51.997349 57.424984 -2.137750
v -52.707115 57.872631 -1.252622
v -42.678562 51.547722 -9.398201
v -41.661385 50.906200 -8.104528
v -40.780209 50.350452 -8.360929
v -40.015923 49.856464 -8.309486
v -39.209850 49.358238 -8.117557
v -38.552807 48.943634 -9.451126
v -27.652777 42.071041 -2.862905
v -27.389917 41.905331 -2.963619
v -26.692518 41.465393 -1.531704
v -26.407572 41.285774 -1.601816
v -26.068596 41.071964 -0.118079
v -50.360435 56.392609 -1.029972
v -51.298599 56.984295 0.130623
v -51.650806 57.206413 1.518346
v -51.298599 56.984272 2.906071
v -52.707115 57.872635 4.243702
v -50.360435 56.392586 4.066665
v -42.678566 51.547722 12.434899
v -41.661385 50.906200 11.141222
v -42.127468 51.200153 12.883082
v -41.086800 50.543827 13.185891
v -42.761143 51.599804 12.685846
v -51.997349 57.424992 5.174443
v -52.707115 57.872635 4.597220
v -39.232204 49.372013 12.898468
v -38.540535 48.935863 12.739988
v -39.235561 49.374081 13.160075
v -40.184181 49.960415 13.125136
v -40.209419 49.976009 13.391953
v -41.132790 50.572830 13.454105
v -42.197380 51.244244 13.144331
v -25.769339 40.883240 -0.155696
v -25.771595 40.884666 1.518350
v -25.465523 40.691620 1.518350
v -25.769337 40.883244 3.192396
v -26.068571 41.072010 3.154779
v -26.407579 41.285759 4.638515
v -26.692499 41.465431 4.568404
v -27.389923 41.905312 6.000319
v -27.652781 42.071037 5.899608
v -38.552799 48.943649 12.487823
v -39.209846 49.358242 11.154252
v -40.015923 49.856461 11.346181
v -40.780209 50.350452 11.397625
v -29.405073 43.176205 -2.191333
v -28.591982 42.663376 -1.064150
v -28.063681 42.330250 0.132825
v -27.812199 42.171661 1.518350
v -28.063663 42.330284 2.903874
v -28.591963 42.663418 4.100851
v -29.405067 43.176216 5.228034
v -47.624500 30.396067 10.445195
v -47.454624 30.286690 10.583354
v -47.352047 30.226294 10.126395
v -42.707253 27.229984 13.628120
v -42.707253 27.229984 13.904039
v -42.053326 26.817707 14.159932
v -47.186607 30.119574 10.260946
v -47.212925 30.139605 9.963614
v -47.212925 30.139605 9.963614
v -47.777721 30.491545 10.624479
v -47.605350 30.380669 10.764668
v -42.707253 27.229980 14.444407
v -42.053326 26.817707 14.435851
v -40.883778 26.078003 14.500249
v -40.883778 26.078003 14.776169
v -39.870468 25.441723 14.707887
v -39.870468 25.441723 15.248258
v -38.799477 24.805576 14.993516
v -38.799477 24.805576 15.297409
v -38.030464 24.332674 14.832606
v -38.030464 24.332676 14.528715
v -37.443409 23.971624 14.477777
v -37.443409 23.971622 14.173885
v -36.980232 23.432257 14.197818
v -36.943199 23.454346 13.871545
v -42.707253 27.229984 14.748301
v -42.053326 26.817707 14.976223
v -40.883774 26.078003 15.316539
v -39.870468 25.441721 15.552151
v -42.053326 26.817707 15.280111
v -40.883778 26.078003 15.620429
v -38.799477 24.805578 14.453143
v -38.030464 24.332680 13.988344
v -37.443409 23.971624 13.633515
v -36.943199 23.454346 13.331174
v -36.679588 22.804152 13.712213
v -36.679585 22.804152 13.171841
v -36.506802 22.014881 13.607777
v -36.506802 22.014881 13.067407
v -36.504562 17.040913 13.066062
v -36.506802 22.014881 12.791488
v -36.504421 16.726812 12.790055
v -36.679588 22.804153 14.016101
v -36.506802 22.014881 13.911667
v -36.504562 17.035976 13.606430
v -36.504425 16.726812 13.065975
v -36.504421 16.726812 12.790055
v -36.504562 17.033197 13.910321
v -36.504425 16.726810 13.606345
v -36.504425 16.726812 13.910237
v -36.679585 22.804153 12.895921
v -36.679585 22.804152 13.171841
v -36.980232 23.432257 13.077636
v -36.943199 23.454346 13.331174
v -37.443409 23.971628 13.357594
v -37.443409 23.971624 13.633515
v -38.030464 24.332682 13.712421
v -38.799477 24.805578 14.177224
v -39.870468 25.441723 14.431968
v -51.238327 58.430485 0.130003
v -50.471981 57.725822 -1.030599
v -50.356014 57.874016 -0.980466
v -51.410145 58.317520 0.129996
v -51.590534 58.652615 1.518347
v -51.762356 58.539658 1.518347
v -50.661850 58.809486 0.130028
v -50.356014 57.874016 -0.980466
v -49.966927 58.371208 -0.812267
v -51.238327 58.430485 0.130003
v -51.014057 59.031620 1.518347
v -50.482471 58.927425 0.130036
v -49.966927 58.371208 -0.812267
v -49.845856 58.525917 -0.759931
v -50.661850 58.809486 0.130028
v -50.834679 59.149563 1.518347
v -27.812201 43.655857 1.518350
v -28.063692 43.593102 2.904495
v -28.063679 43.814457 2.904496
v -27.812223 43.434483 1.518351
v -28.063690 43.593105 0.132205
v -28.063679 43.814457 0.132205
v -28.591953 43.926300 -1.064771
v -28.591953 44.147636 -1.064771
v -29.405050 44.439121 -2.191955
v -29.405050 44.660446 -2.191954
v -39.209850 50.621109 -8.118180
v -39.209846 50.842442 -8.118180
v -40.015923 51.119335 -8.310109
v -40.015923 51.340668 -8.310109
v -41.707886 52.198399 -8.361591
v -41.536064 52.311359 -8.361587
v -42.417240 52.867111 -8.105180
v -42.589058 52.754150 -8.105188
v -27.812201 44.398438 1.518350
v -28.063679 43.814457 2.904496
v -28.063679 44.557037 2.904496
v -28.063679 43.814457 0.132205
v -28.063679 44.557037 0.132204
v -28.591953 44.147636 -1.064771
v -28.591955 44.890209 -1.064770
v -29.405050 44.660446 -2.191954
v -29.405050 45.403023 -2.191953
v -39.209846 50.842442 -8.118180
v -39.209846 51.585018 -8.118180
v -40.015923 51.340668 -8.310109
v -40.015923 52.083244 -8.310109
v -40.959587 52.690365 -8.361560
v -41.840763 53.246117 -8.105157
v -42.417240 52.867111 -8.105180
v -27.812191 44.629532 1.518350
v -28.063679 44.557037 2.904496
v -28.063669 44.788120 2.904496
v -28.063679 44.557037 0.132204
v -28.063681 44.788097 0.132205
v -28.591955 44.890209 -1.064770
v -28.591963 45.121258 -1.064770
v -29.405050 45.403023 -2.191953
v -29.405054 45.634083 -2.191953
v -39.209846 51.585018 -8.118180
v -39.209850 51.816090 -8.118180
v -40.015923 52.083244 -8.310109
v -40.015923 52.314312 -8.310109
v -40.780209 52.808304 -8.361551
v -41.661385 53.364048 -8.105149
v -41.840763 53.246117 -8.105157
v -50.834679 59.149563 1.518347
v -50.661850 58.809486 2.906664
v -51.014057 59.031620 1.518347
v -50.482471 58.927422 2.906657
v -49.966927 58.371208 3.848962
v -49.845856 58.525917 3.796623
v -41.840763 53.246113 11.141851
v -41.661385 53.364048 11.141847
v -40.959587 52.690365 11.398255
v -40.780209 52.808304 11.398247
v -40.015923 52.314308 11.346803
v -40.015923 52.083244 11.346803
v -39.209850 51.816082 11.154873
v -39.209850 51.585018 11.154873
v -29.405050 45.634090 5.228653
v -29.405050 45.403027 5.228653
v -28.591953 45.121277 4.101470
v -28.591951 44.890213 4.101470
v -51.590534 58.652615 1.518347
v -51.238327 58.430485 2.906689
v -50.661850 58.809486 2.906664
v -50.356014 57.874016 4.017161
v -49.966927 58.371208 3.848962
v -42.417240 52.867111 11.141876
v -41.840763 53.246113 11.141851
v -41.536064 52.311359 11.398281
v -40.015923 52.083244 11.346803
v -40.015923 51.340668 11.346803
v -39.209850 51.585018 11.154873
v -39.209850 50.842438 11.154876
v -29.405050 45.403027 5.228653
v -29.405050 44.660446 5.228653
v -28.591951 44.890213 4.101470
v -28.591953 44.147629 4.101470
v -51.762356 58.539658 1.518347
v -51.410145 58.317520 2.906698
v -51.238327 58.430485 2.906689
v -50.471981 57.725830 4.067293
v -50.356014 57.874016 4.017161
v -42.589058 52.754150 11.141886
v -42.417240 52.867111 11.141876
v -41.707886 52.198399 11.398288
v -40.015923 51.340668 11.346803
v -40.015923 51.119331 11.346803
v -39.209850 50.842438 11.154876
v -39.209850 50.621105 11.154876
v -29.405050 44.660446 5.228653
v -29.405054 44.439114 5.228653
v -28.591953 44.147629 4.101470
v -28.591955 43.926300 4.101470
v -39.233307 3.142945 -8.520697
v -39.230366 -0.000664 -8.520697
v -39.233307 3.142945 -9.000471
v -39.230366 -0.000664 -9.000471
v -39.233307 3.142945 -9.205628
v -39.230370 -0.000664 -9.205626
v -41.522293 1.913578 -8.520695
v -40.832958 3.142944 -8.520697
v -41.522297 1.913578 -9.000467
v -40.832958 3.142944 -9.000472
v -41.522293 1.913578 -9.205626
v -40.832958 3.142945 -9.205628
v -35.653896 13.786960 -6.542918
v -35.847763 13.616477 -6.465357
v -35.668869 10.611221 -6.551650
v -35.861347 10.734630 -6.473281
v -35.921974 10.251752 -6.509696
v -35.735680 10.079103 -6.591780
v -36.056389 9.937095 -6.590405
v -35.883804 9.732357 -6.680719
v -36.244545 9.764126 -6.703355
v -36.149754 9.541823 -6.840614
v -36.445820 9.768757 -6.824028
v -36.507339 9.547096 -7.055662
v -47.765244 44.874195 10.634716
v -47.587566 44.757370 10.779211
v -47.601376 44.596352 10.464167
v -42.694412 41.317329 14.484435
v -42.693787 41.539585 14.759250
v -31.297705 31.468906 10.763170
v -31.666548 33.407875 10.711802
v -31.324118 33.637291 10.779133
v -31.758884 34.061794 10.767613
v -31.409489 34.187794 10.830733
v -31.640133 34.657391 10.970140
v -32.019447 34.629242 10.925105
v -31.983597 34.979992 11.177736
v -32.422283 35.020691 11.168585
v -38.032608 38.625263 14.833890
v -38.032509 38.402927 14.559524
v -38.799484 38.868317 15.023101
v -38.799484 39.090622 15.297407
v -39.870064 39.513760 15.277835
v -39.870045 39.736523 15.552140
v -40.883778 40.157219 15.346114
v -40.883774 40.380333 15.620420
v -42.053326 40.896149 15.005805
v -42.053326 41.119228 15.280109
v -42.694412 41.317329 14.484435
v -35.860546 8.361298 9.702688
v -35.473946 8.407903 9.469850
v -35.761787 8.215814 9.498738
v -35.417774 8.283670 9.291562
v -35.139023 8.672480 9.268176
v -35.098404 8.555543 9.099289
v -34.863232 8.999272 8.957688
v -34.917789 9.114613 9.134962
v -34.749817 9.487893 8.889052
v -34.790333 9.632215 9.057961
v -35.656723 -0.188736 9.581725
v -35.763268 -0.188600 9.501733
v -35.653812 8.082545 9.578105
v -35.761787 8.215814 9.498738
v -35.763268 -0.188600 9.501733
v -35.869812 -0.188462 9.710525
v -35.761787 8.215814 9.498738
v -35.860546 8.361298 9.702688
v -35.943867 14.343437 -6.718182
v -36.110897 14.121457 -6.624400
v -35.653896 13.786960 -6.542918
v -35.847763 13.616477 -6.465357
v -36.503990 14.343437 -7.056625
v -36.442783 14.121234 -6.824901
v -35.943867 14.343437 -6.718182
v -36.110897 14.121457 -6.624400
v -36.445820 9.768757 -6.824028
v -36.442783 14.121234 -6.824901
v -36.507339 9.547096 -7.055662
v -36.503990 14.343437 -7.056625
v -47.624500 30.396067 10.445195
v -47.351444 30.592089 10.126888
v -47.623917 30.751076 10.445674
v -47.352047 30.226294 10.126395
v -47.212925 30.139605 9.963614
v -47.777721 30.491545 10.624479
v -47.777149 30.840487 10.624950
v -47.769840 42.076160 10.630944
v -47.604847 42.228344 10.461319
v -47.323120 47.828617 10.150126
v -47.184002 47.741928 9.987344
v -47.022266 48.184944 10.118883
v -47.161392 48.271645 10.281662
v -47.212925 30.139605 9.963614
v -47.748798 48.093864 10.648211
v -47.433857 48.441437 10.600452
v -47.587086 48.536930 10.779734
v -47.595577 47.998386 10.468926
v -47.161392 48.271645 10.281662
v -47.601376 44.596352 10.464167
v -47.765244 44.874195 10.634716
v -26.878481 36.184597 8.092093
v -25.785982 35.496128 7.431765
v -26.878471 35.864014 8.092088
v -25.785984 35.170418 7.431766
v -25.080788 35.080853 6.677938
v -25.080790 34.771961 6.677938
v -24.597740 34.746651 5.688622
v -24.597744 34.450184 5.688623
v -24.149111 34.463696 4.672107
v -24.149113 34.182755 4.672108
v -24.005630 34.373196 4.347004
v -24.005630 34.096249 4.347004
v -40.883774 40.380333 15.620420
v -42.053326 41.119228 15.280109
v -40.883778 44.702229 15.620423
v -39.869411 44.047283 15.552144
v -39.870045 39.736523 15.552140
v -38.799500 43.386948 15.297406
v -38.799484 39.090622 15.297407
v -38.035759 42.922440 14.835786
v -38.032608 38.625263 14.833890
v -31.983597 34.979992 11.177736
v -31.640133 34.657391 10.970140
v -31.409489 34.187794 10.830733
v -31.324118 33.637291 10.779133
v -31.297705 31.468906 10.763170
v -31.212336 30.918400 10.711571
v -30.981688 30.448807 10.572165
v -30.638224 30.126205 10.364568
v -26.878143 27.860298 8.091893
v -25.785984 35.170418 7.431766
v -38.035839 43.215759 14.835835
v -26.878481 36.184597 8.092093
v -25.785982 27.211407 7.431768
v -25.080790 34.771961 6.677938
v -25.080788 26.775782 6.677940
v -24.596191 26.427668 5.685104
v -24.149113 26.115032 4.672108
v -24.005630 34.096249 4.347004
v -24.005625 26.008591 4.347006
v -41.526775 -0.000664 -8.520697
v -41.522293 1.913578 -8.520695
v -41.526775 -0.000664 -9.000470
v -41.522297 1.913578 -9.000467
v -41.526775 -0.000664 -9.205628
v -41.522293 1.913578 -9.205626
v -40.947372 3.327119 12.109538
v -40.173752 16.327919 12.109535
v -40.186325 3.327118 12.109538
v -40.832958 3.142949 12.109538
v -40.186325 3.142950 12.109538
v -41.522293 1.913583 12.109539
v -41.722504 1.944743 12.109539
v -40.832958 3.142949 12.109538
v -42.000732 12.611674 12.109536
v -42.274178 13.669021 12.109536
v -40.224533 16.668468 12.109534
v -40.323170 16.877701 12.109535
v -40.549599 17.105431 12.109535
v -42.391491 18.399059 12.109535
v -43.001904 14.658437 12.111295
v -43.013641 18.850496 12.108310
v -43.877052 15.252823 11.618638
v -43.873848 19.424679 11.618637
v -52.024765 20.605671 5.084639
v -52.024765 24.793941 5.084637
v -52.706627 21.053637 4.530033
v -52.706627 25.246473 4.530031
v -53.563114 21.604218 3.114736
v -42.197380 0.000003 12.109541
v -41.998669 0.000003 12.109539
v -41.722504 -0.000659 12.109538
v -41.522293 1.913583 12.109539
v -41.526779 -0.000659 12.109539
v -53.563114 21.316593 3.114736
v -53.883179 21.521563 1.518354
v -53.563114 21.604218 3.114736
v -52.706627 21.053637 4.530033
v -52.706627 20.766132 4.530032
v -52.024765 20.318241 5.084638
v -43.877052 15.252823 11.618638
v -43.877270 14.966457 11.618638
v -43.001904 14.658437 12.111295
v -43.001114 14.370402 12.111498
v -42.405537 13.508523 12.109536
v -42.197380 12.620359 12.109536
v -42.263649 12.595982 12.012906
v -42.263649 0.000003 12.012908
v -43.060127 14.330239 12.014847
v -42.469925 13.476134 12.012905
v -43.928383 14.920913 -8.622528
v -43.060131 14.330234 -9.110943
v -43.877270 14.966450 -8.714732
v -52.024765 20.318245 -2.180737
v -52.002399 20.224438 -2.147462
v -52.678112 20.668289 -1.597859
v -52.706627 20.766132 -1.626131
v -53.526871 21.213781 -0.195327
v -53.563114 21.316580 -0.210835
v -53.844051 21.416904 1.518355
v -53.526871 21.213781 3.099228
v -52.678112 20.668289 4.501760
v -52.002399 20.224438 5.051364
v -43.928383 14.920919 11.526434
v -42.263649 -0.000002 -9.108998
v -42.880318 12.369113 -8.209793
v -42.880344 -0.000002 -8.209790
v -42.263649 12.595973 -9.109001
v -43.069103 13.174728 -8.209793
v -42.469925 13.476126 -9.109001
v -43.001114 14.370397 -9.207590
v -43.001904 14.658432 -9.207392
v -43.877052 15.252814 -8.714733
v -52.024765 20.605675 -2.180738
v -52.706627 21.053633 -1.626132
v -53.563114 21.604200 -0.210836
v -53.883179 21.809238 1.518355
v -42.274178 13.669015 -9.205632
v -42.405537 13.508516 -9.205630
v -42.197380 12.620354 -9.205631
v -42.263649 12.595973 -9.109001
v -42.197380 -0.000002 -9.205627
v -40.173672 16.347168 -9.205632
v -40.224884 16.686834 -9.205631
v -42.000732 12.611670 -9.205632
v -41.998669 -0.000002 -9.205627
v -41.722504 1.944738 -9.205627
v -41.722504 -0.000664 -9.205627
v -41.522293 1.913578 -9.205626
v -41.526775 -0.000664 -9.205628
v -41.522293 1.913578 -9.205626
v -40.832958 3.142945 -9.205628
v -40.947372 3.327114 -9.205629
v -40.186325 3.327115 -9.205627
v -40.832958 3.142945 -9.205628
v -40.186325 3.142945 -9.205628
v -53.563114 25.802555 3.114735
v -53.883179 26.010223 1.518354
v -53.563114 25.802685 -0.210837
v -53.563114 21.604200 -0.210836
v -52.706627 25.246473 -1.626133
v -52.706627 21.053633 -1.626132
v -52.024765 24.793945 -2.180738
v -43.873848 19.424599 -8.714734
v -43.877052 15.252814 -8.714733
v -43.013641 18.825102 -9.204411
v -43.001904 14.658432 -9.207392
v -42.391495 18.378826 -9.205631
v -40.552380 17.119236 -9.205633
v -40.324642 16.894444 -9.205633
v -39.615173 1.375469 -8.655076
v -40.714333 1.375468 -8.655076
v -41.271881 0.225450 -8.655076
v -39.465050 1.225468 -8.655076
v -41.275455 -0.011350 -8.655077
v -39.462997 -0.011349 -8.655077
v -41.526779 -0.000659 11.424606
v -41.526779 -0.000659 11.904382
v -41.522293 1.913583 11.424608
v -41.522293 1.913583 11.904381
v -41.526779 -0.000659 12.109539
v -41.522293 1.913583 12.109539
v -39.233307 3.142951 11.424605
v -39.233307 3.142951 11.904380
v -39.230370 -0.000659 11.424606
v -39.230370 -0.000659 11.904382
v -39.233307 3.142951 12.109538
v -39.230370 -0.000659 12.109541
v -42.761143 51.599804 12.685846
v -42.197380 51.244244 13.144331
v -42.761803 51.313129 12.685308
v -42.197380 50.957150 13.144331
v -41.132790 50.572830 13.454105
v -41.132790 50.285698 13.454105
v -40.209419 49.976009 13.391953
v -40.209438 49.689251 13.391953
v -39.235561 49.374081 13.160075
v -39.235561 49.087799 13.160075
v -38.540535 48.935863 12.739988
v -38.540436 48.649742 12.739926
v -26.407574 41.003288 4.638518
v -27.389917 20.515429 6.000328
v -27.389917 41.622898 6.000323
v -38.532608 27.266891 12.735219
v -39.235527 27.692797 13.160079
v -39.235561 49.087799 13.160075
v -40.211006 28.258415 13.391958
v -40.209438 49.689251 13.391953
v -41.132790 28.827234 13.454110
v -41.132790 50.285698 13.454105
v -42.197380 29.501673 13.144337
v -42.197380 50.957150 13.144331
v -42.811111 29.888523 12.645205
v -43.006622 29.969339 12.486190
v -43.209614 29.972923 12.321115
v -43.406357 29.898977 12.161072
v -47.593632 27.431002 8.755344
v -47.790333 27.357176 8.595348
v -47.993244 27.361080 8.430309
v -48.188580 27.442440 8.271435
v -52.050385 29.892620 5.130457
v -51.997936 57.121040 5.173957
v -52.706738 30.309052 4.596616
v -52.707111 57.568336 4.597214
v -53.563114 30.863247 3.181137
v -53.563126 57.039124 3.181131
v -53.883179 31.063332 1.518353
v -53.883179 56.826679 1.518346
v -53.883179 57.114273 1.518346
v -53.563129 57.331329 3.181131
v -52.707111 57.568336 4.597214
v -52.707115 57.872635 4.597220
v -51.997349 57.424992 5.174443
v -40.211006 28.258410 -10.355251
v -40.209438 49.689243 -10.355257
v -41.132790 28.827227 -10.417403
v -39.235561 49.087799 -10.123377
v -39.235527 27.692789 -10.123373
v -38.540436 48.649746 -9.703229
v -38.532608 27.266886 -9.698512
v -27.389917 41.622898 -2.963622
v -27.389917 20.515429 -2.963617
v -26.407574 41.003284 -1.601818
v -26.407578 19.891422 -1.601814
v -25.769339 40.600739 -0.155697
v -25.769335 19.487913 -0.155691
v -25.465521 40.409111 1.518350
v -25.465521 19.295109 1.518355
v -25.769337 19.487913 3.192402
v -25.769339 40.600739 3.192397
v -26.407574 19.891422 4.638523
v -27.389923 41.905312 6.000319
v -27.389917 41.622898 6.000323
v -26.407579 41.285759 4.638515
v -26.407574 41.003288 4.638518
v -25.769337 40.883244 3.192396
v -25.769339 40.600739 3.192397
v -25.465523 40.691620 1.518350
v -25.769339 40.600739 -0.155697
v -25.769339 40.883240 -0.155696
v -26.407574 41.003284 -1.601818
v -26.407572 41.285774 -1.601816
v -27.389917 41.622898 -2.963622
v -27.389917 41.905331 -2.963619
v -38.540539 48.935863 -9.703292
v -39.235561 49.087799 -10.123377
v -39.235561 49.374081 -10.123378
v -40.209438 49.689243 -10.355257
v -40.209419 49.976002 -10.355259
v -41.132790 50.285694 -10.417410
v -41.132790 50.572823 -10.417410
v -42.197380 50.957150 -10.107637
v -42.197380 51.244244 -10.107635
v -42.761803 51.313129 -9.648615
v -42.761143 51.599804 -9.649152
v -51.997936 57.121033 -2.137264
v -51.997349 57.424984 -2.137750
v -52.707111 57.568325 -1.560521
v -52.707115 57.872627 -1.560528
v -53.563129 57.331329 -0.144439
v -53.563129 57.039124 -0.144439
v -53.883179 57.114273 1.518346
v -53.883179 56.826679 1.518346
v -53.883179 31.063332 1.518353
v -53.563114 30.863249 -0.144432
v -52.707111 57.568325 -1.560521
v -52.706738 30.309048 -1.559911
v -52.050385 29.892616 -2.093752
v -48.188580 27.442432 -5.234727
v -47.993244 27.361074 -5.393602
v -47.790333 27.357172 -5.558643
v -47.593632 27.430969 -5.718613
v -43.406376 29.898899 -9.124384
v -43.209614 29.972912 -9.284410
v -43.006622 29.969353 -9.449499
v -42.811111 29.888536 -9.608511
v -42.197380 50.957150 -10.107637
v -42.197380 29.501675 -10.107635
v -41.132790 50.285694 -10.417410
v -34.863232 8.999269 -5.920972
v -34.622772 9.352411 -5.919936
v -34.749817 9.487891 -5.852336
v -34.737373 8.913711 -5.989594
v -35.098404 8.555540 -6.062573
v -35.005272 8.445146 -6.150809
v -35.417774 8.283669 -6.254848
v -35.373409 8.151120 -6.372503
v -35.761787 8.215812 -6.462022
v -35.653812 8.082541 -6.541389
v -34.749817 9.487891 -5.852336
v -34.622772 9.352411 -5.919936
v -31.034735 9.495272 -3.606992
v -31.034735 9.352411 -3.751383
v -29.799419 9.352411 -2.480515
v -29.799419 9.495272 -2.336124
v -28.858528 9.352412 -1.223812
v -28.995848 9.495273 -1.079420
v -28.336382 9.352412 0.148921
v -28.473701 9.495273 0.148921
v -28.225145 9.495273 1.518357
v -28.087826 9.352411 1.518357
v -28.336382 9.352412 2.887794
v -28.473701 9.495272 2.887794
v -28.995848 9.495273 4.116136
v -28.858528 9.352412 4.260529
v -29.799421 9.495274 5.372838
v -29.799419 9.352413 5.517231
v -31.034737 9.495274 6.643707
v -31.034737 9.352414 6.788098
v -34.622772 9.352413 8.956651
v -34.749817 9.487893 8.889052
v -42.941029 0.000004 11.025218
v -42.941002 12.346794 11.025217
v -42.880344 0.000003 11.113701
v -42.880318 12.369119 11.113698
v -43.128067 13.145074 11.025215
v -43.069107 13.174733 11.113698
v -43.609325 13.956504 11.115476
v -43.663364 13.919728 11.026979
v -44.404045 14.497160 10.668427
v -44.450851 14.455459 10.583999
v -51.794277 19.351526 4.741730
v -51.773796 19.265629 4.711259
v -52.386650 19.668190 4.212781
v -52.412762 19.757788 4.238670
v -53.156460 20.162943 2.940717
v -53.189644 20.257082 2.954919
v -53.444134 20.347170 1.518355
v -53.479958 20.443001 1.518355
v -53.189644 20.257082 -0.051017
v -53.156460 20.162941 -0.036817
v -42.880318 12.369119 11.113698
v -42.263649 12.595982 12.012906
v -43.928383 14.920919 11.526434
v -44.404045 14.497160 10.668427
v -52.412762 19.757788 4.238670
v -52.678112 20.668289 4.501760
v -53.189644 20.257082 2.954919
v -53.526871 21.213781 3.099228
v -53.526871 21.213781 -0.195327
v -53.189644 20.257082 -0.051017
v -52.678112 20.668289 -1.597859
v -52.412762 19.757788 -1.334768
v -51.794273 19.351522 -1.837825
v -44.404045 14.497150 -7.764521
v -43.928383 14.920913 -8.622528
v -43.609322 13.956497 -8.211571
v -43.128063 13.145069 -8.121310
v -42.880318 12.369113 -8.209793
v -42.941002 12.346788 -8.121310
v -42.941029 -0.000002 -8.121306
v -52.412762 19.757788 -1.334768
v -52.386650 19.668190 -1.308879
v -51.773796 19.265629 -1.807357
v -44.450851 14.455453 -7.680090
v -44.404045 14.497150 -7.764521
v -43.663364 13.919722 -8.123071
v -34.790329 9.632212 -6.021246
v -34.749817 9.487891 -5.852336
v -31.034737 9.638133 -3.751383
v -31.034735 9.495272 -3.606992
v -29.799419 9.638132 -2.480516
v -29.799419 9.495272 -2.336124
v -28.858528 9.638132 -1.223812
v -28.995848 9.495273 -1.079420
v -28.336384 9.638133 0.148921
v -28.473701 9.495273 0.148921
v -28.225145 9.495273 1.518357
v -28.087826 9.638133 1.518357
v -28.336382 9.638133 2.887794
v -28.473701 9.495272 2.887794
v -28.995848 9.495273 4.116136
v -28.858528 9.638134 4.260527
v -29.799421 9.495274 5.372838
v -29.799419 9.638135 5.517230
v -31.034737 9.495274 6.643707
v -31.034737 9.638135 6.788098
v -34.749817 9.487893 8.889052
v -34.790333 9.632215 9.057961
v -35.425102 16.491745 -6.209898
v -35.453640 17.129927 -6.421948
v -35.686817 17.043098 -6.368104
v -35.191921 16.578205 -6.263749
v -35.001648 15.700194 -6.148742
v -35.234741 15.613812 -6.094836
v -35.005314 10.233769 -6.151359
v -35.240707 10.262677 -6.098804
v -35.337093 9.590102 -6.156817
v -35.108044 9.495273 -6.213224
v -35.536621 9.148684 -6.276810
v -35.314453 9.020484 -6.337437
v -35.636658 8.722836 -6.531361
v -35.862625 8.870583 -6.472950
v -36.027401 8.627278 -6.766661
v -36.266537 8.807354 -6.716120
v -52.506744 28.171862 1.518353
v -52.046108 27.879534 -0.240127
v -52.671879 28.463749 1.518354
v -52.211246 28.171398 -0.434766
v -50.765461 27.205359 -2.010372
v -50.765461 27.021519 -1.815733
v -48.615952 25.622379 -3.563835
v -48.615952 25.806383 -3.758475
v -42.167419 21.424997 -8.808144
v -42.167419 21.609453 -9.002783
v -41.296478 21.063368 -9.256207
v -41.296478 20.878925 -9.061570
v -40.541065 20.588478 -9.205359
v -40.541069 20.401649 -9.010719
v -39.446033 19.911964 -8.835349
v -39.446033 19.725145 -8.640711
v -36.262123 17.734304 -6.715918
v -35.966034 17.733204 -6.731688
v -34.749817 9.487893 8.889052
v -34.622772 9.352413 8.956651
v -34.863232 8.999272 8.957688
v -34.737373 8.913713 9.026309
v -35.098404 8.555543 9.099289
v -35.005272 8.445148 9.187524
v -35.417774 8.283670 9.291562
v -35.373409 8.151124 9.409218
v -35.761787 8.215814 9.498738
v -35.653812 8.082545 9.578105
v -36.428871 -0.187747 9.853791
v -36.509415 -0.187645 10.097110
v -36.426605 8.987333 9.849144
v -36.507607 9.167210 10.092301
v -36.030579 -0.188249 9.807695
v -36.269260 -0.187948 9.757318
v -36.027397 8.627282 9.803379
v -36.266537 8.807358 9.752836
v -40.054901 3.142951 11.904380
v -40.186325 3.142950 12.109538
v -40.054901 3.327119 11.963127
v -40.186325 3.327118 12.109538
v -40.173752 16.327919 12.109535
v -40.061665 16.380054 11.963123
v -40.224533 16.668468 12.109534
v -40.129810 16.731302 11.963124
v -40.323170 16.877701 12.109535
v -40.257633 16.957870 11.963124
v -40.549599 17.105431 12.109535
v -40.513844 17.210585 11.963124
v -42.391491 18.399059 12.109535
v -42.394360 18.539829 11.963123
v -43.013641 18.850496 12.108310
v -43.013943 18.987816 11.961840
v -43.873848 19.424679 11.618637
v -43.873768 19.556761 11.478969
v -28.858524 -0.181920 4.260529
v -29.799419 -0.176848 5.517233
v -28.858528 9.352412 4.260529
v -29.799419 9.352413 5.517231
v -31.034737 9.352414 6.788098
v -31.034737 -0.194544 6.788100
v -34.622772 9.352413 8.956651
v -34.737373 8.913713 9.026309
v -35.005272 8.445148 9.187524
v -35.373409 8.151124 9.409218
v -35.653812 8.082545 9.578105
v -35.656723 -0.188736 9.581725
v -31.034737 -0.194547 -3.751381
v -35.653812 8.082541 -6.541389
v -35.656719 -0.188740 -6.545006
v -35.373409 8.151120 -6.372503
v -35.005272 8.445146 -6.150809
v -34.737373 8.913711 -5.989594
v -34.622772 9.352411 -5.919936
v -31.034735 9.352411 -3.751383
v -29.799419 -0.176850 -2.480512
v -29.799419 9.352411 -2.480515
v -28.858528 9.352412 -1.223812
v -28.858524 -0.181921 -1.223809
v -28.336382 9.352412 0.148921
v -28.336388 -0.181926 0.148924
v -28.087826 9.352411 1.518357
v -28.087828 -0.181925 1.518360
v -28.336384 -0.181925 2.887797
v -28.336382 9.352412 2.887794
v -36.445820 9.768763 9.860744
v -36.149754 9.541826 9.877329
v -36.507339 9.547101 10.092377
v -36.244545 9.764132 9.740070
v -35.883804 9.732361 9.717432
v -36.056389 9.937100 9.627119
v -35.735680 10.079104 9.628494
v -35.921974 10.251755 9.546412
v -35.668869 10.611225 9.588365
v -35.861347 10.734632 9.509995
v -35.847763 13.616480 9.502070
v -35.653896 13.786963 9.579632
v -34.917789 9.114613 9.134962
v -35.314453 9.020488 9.374152
v -35.139023 8.672480 9.268176
v -35.636658 8.722841 9.568077
v -35.473946 8.407903 9.469850
v -35.860546 8.361298 9.702688
v -36.027397 8.627282 9.803379
v -36.030579 -0.188249 9.807695
v -35.869812 -0.188462 9.710525
v -35.847763 13.616480 9.502070
v -36.110897 14.121458 9.661115
v -35.653896 13.786963 9.579632
v -35.943867 14.343441 9.754895
v -36.110897 14.121458 9.661115
v -36.442780 14.121239 9.861616
v -35.943867 14.343441 9.754895
v -36.503990 14.343442 10.093339
v -36.445820 9.768763 9.860744
v -36.507339 9.547101 10.092377
v -36.442780 14.121239 9.861616
v -36.503990 14.343442 10.093339
v -42.673397 46.141731 14.775831
v -42.053326 45.750656 15.280110
v -42.673946 45.834251 14.775384
v -42.053326 45.439919 15.280110
v -40.883778 45.013000 15.620423
v -40.883778 44.702229 15.620423
v -39.869392 44.357746 15.552143
v -39.869411 44.047283 15.552144
v -38.799500 43.697002 15.297406
v -38.799500 43.386948 15.297406
v -38.035839 43.215759 14.835835
v -46.976402 48.847569 11.276379
v -47.216984 48.529484 11.080721
v -47.315422 48.802013 11.000668
v -47.587086 48.536930 10.779734
v -47.446640 48.293140 10.893949
v -47.748798 48.093864 10.648211
v -47.571426 47.889732 10.792457
v -47.765244 44.874195 10.634716
v -47.587566 44.757370 10.779211
v -46.963963 48.534370 11.286494
v -42.673397 46.141731 14.775831
v -42.693787 41.539585 14.759250
v -42.053326 45.439919 15.280110
v -35.860550 8.361296 -6.665971
v -36.030579 -0.188253 -6.770972
v -35.869812 -0.188466 -6.673802
v -36.027401 8.627278 -6.766661
v -35.636658 8.722836 -6.531361
v -35.473946 8.407899 -6.433135
v -35.139023 8.672477 -6.231461
v -35.314453 9.020484 -6.337437
v -34.917789 9.114610 -6.098247
v -35.108044 9.495273 -6.213224
v -34.790329 9.632212 -6.021246
v -31.034737 9.638133 -3.751383
v -29.799419 9.638132 -2.480516
v -28.858528 9.638132 -1.223812
v -52.707115 57.872635 4.243702
v -53.410004 57.426750 -0.064188
v -52.707115 57.872631 -1.252622
v -53.563129 57.331329 -0.144439
v -53.563129 57.331329 3.181131
v -53.410004 57.426743 3.100880
v -53.700100 57.232327 1.518346
v -53.883179 57.114273 1.518346
v -24.005625 23.076012 4.347007
v -24.149113 23.210281 4.672109
v -24.141802 23.345182 4.268074
v -24.616323 23.765001 5.438297
v -24.603304 23.534689 5.701226
v -25.080788 24.161251 6.403638
v -25.080788 23.930372 6.677941
v -25.785982 24.607460 7.157465
v -25.785982 24.379084 7.431770
v -26.878040 25.294619 7.817546
v -26.878027 25.071741 8.091843
v -32.257107 28.561749 11.068766
v -32.524178 28.504395 11.504499
v -32.665386 28.941036 11.315520
v -32.864643 28.828495 11.710263
v -32.942589 29.494350 11.483069
v -33.089901 29.299889 11.846415
v -33.167244 29.850052 11.893165
v -33.041138 30.148193 11.542636
v -33.158554 31.991844 11.887909
v -33.037495 31.965593 11.540434
v -33.132755 32.619366 11.598008
v -33.235985 32.541756 11.934711
v -33.404804 33.176510 11.762443
v -33.461452 33.012695 12.070987
v -33.811386 33.558620 12.008188
v -33.802101 33.336044 12.276884
v -38.031929 36.111271 14.559176
v -38.031830 35.895828 14.833424
v -38.799484 36.576813 15.023101
v -38.799484 36.361401 15.297407
v -39.870201 37.003757 15.552148
v -39.870178 37.219616 15.277843
v -40.883778 37.644825 15.620426
v -40.883778 37.861031 15.346121
v -42.053326 38.384010 15.280109
v -42.053326 38.600178 15.005805
v -42.698673 38.810772 14.755276
v -42.698059 39.026127 14.481471
v -47.769840 42.076160 10.630944
v -47.604847 42.228344 10.461319
v -47.592113 41.961723 10.775480
v -42.698059 39.026127 14.481471
v -40.709332 1.399226 11.665747
v -39.645329 1.399227 11.665746
v -39.461834 1.187738 11.665747
v -39.459778 -0.001194 11.665747
v -41.293777 0.236438 11.665747
v -41.297363 -0.001194 11.665747
v -50.360435 54.825161 -1.029971
v -51.298599 55.416840 0.130623
v -50.360435 56.392609 -1.029972
v -51.298599 56.984295 0.130623
v -51.650806 55.638969 1.518347
v -51.650806 57.206413 1.518346
v -28.063663 42.330284 2.903874
v -28.063690 40.762783 2.903876
v -27.812199 42.171661 1.518350
v -27.812225 40.604160 1.518350
v -28.063713 40.762733 0.132827
v -28.063681 42.330250 0.132825
v -28.591982 41.095921 -1.064149
v -28.591982 42.663376 -1.064150
v -29.405067 41.608768 -2.191331
v -29.405073 43.176205 -2.191333
v -39.209846 47.790787 -8.117558
v -39.209850 49.358238 -8.117557
v -40.015923 48.289017 -8.309485
v -40.015923 49.856464 -8.309486
v -40.780209 48.782997 -8.360929
v -40.780209 50.350452 -8.360929
v -41.661385 49.338757 -8.104527
v -41.661385 50.906200 -8.104528
v -41.522293 1.913583 11.424608
v -41.522293 1.913583 11.904381
v -40.832958 3.142950 11.424607
v -40.832958 3.142950 11.904381
v -41.522293 1.913583 12.109539
v -40.832958 3.142949 12.109538
v -48.401035 56.419708 0.421915
v -48.679192 56.595142 1.518347
v -48.398746 57.613243 0.422190
v -48.676834 57.788620 1.518347
v -48.398750 57.613243 2.614504
v -48.401035 56.419708 2.614779
v -47.658020 57.146065 3.530859
v -47.660118 55.952415 3.531363
v -41.255253 53.107906 9.116641
v -41.255638 51.913170 9.118544
v -40.559517 52.669117 9.319088
v -40.559723 51.474266 9.321038
v -39.956070 52.279083 9.278469
v -39.956127 51.084141 9.280411
v -39.319626 51.885696 9.126932
v -39.319523 50.690662 9.128835
v -31.578182 47.004684 4.447843
v -31.576147 45.808403 4.448576
v -30.936193 46.599789 3.557869
v -30.934004 45.403408 3.558380
v -30.519094 46.336723 2.612789
v -30.516792 45.140282 2.613064
v -30.320538 46.211510 1.518350
v -30.318186 45.015038 1.518350
v -35.860550 8.361296 -6.665971
v -35.761787 8.215812 -6.462022
v -35.473946 8.407899 -6.433135
v -35.417774 8.283669 -6.254848
v -35.139023 8.672477 -6.231461
v -35.098404 8.555540 -6.062573
v -34.863232 8.999269 -5.920972
v -34.917789 9.114610 -6.098247
v -34.749817 9.487891 -5.852336
v -34.790329 9.632212 -6.021246
v -30.318186 45.015038 1.518350
v -30.516790 45.140282 0.423636
v -30.320538 46.211510 1.518350
v -30.519087 46.336739 0.423910
v -30.934006 45.403397 -0.521681
v -30.936199 46.599770 -0.521172
v -31.576145 45.808403 -1.411878
v -31.578184 47.004673 -1.411145
v -39.319527 50.690659 -6.092138
v -39.319626 51.885704 -6.090236
v -39.956127 51.084133 -6.243715
v -39.956070 52.279079 -6.241774
v -40.559723 51.474266 -6.284344
v -40.559517 52.669109 -6.282393
v -41.255634 51.913174 -6.081849
v -41.255253 53.107906 -6.079946
v -47.660118 55.952415 -0.494669
v -47.658016 57.146061 -0.494165
v -25.769337 19.487913 3.192402
v -26.407587 19.719088 4.535205
v -26.407574 19.891422 4.638523
v -25.863779 19.332541 3.089090
v -25.465521 19.295109 1.518355
v -25.559956 19.140928 1.518355
v -25.863777 19.332539 -0.052380
v -25.769335 19.487913 -0.155691
v -26.407572 19.719093 -1.498500
v -26.407578 19.891422 -1.601814
v -27.389927 20.337753 -2.860291
v -27.389917 20.515429 -2.963617
v -38.541744 27.094225 -9.600719
v -38.532608 27.266886 -9.698512
v -39.235527 27.514547 -10.020061
v -39.235527 27.692789 -10.123373
v -40.210999 28.077772 -10.251941
v -40.211006 28.258410 -10.355251
v -41.132790 28.645329 -10.314090
v -41.132790 28.827227 -10.417403
v -42.197380 29.322113 -10.004321
v -42.197380 29.501675 -10.107635
v -42.772659 29.689873 -9.536463
v -42.811111 29.888536 -9.608511
v -42.984177 29.782585 -9.364437
v -43.006622 29.969353 -9.449499
v -43.209614 29.972912 -9.284410
v -43.204784 29.794161 -9.185018
v -43.406376 29.898899 -9.124384
v -43.419483 29.717461 -9.010402
v -47.593632 27.430969 -5.718613
v -47.573421 27.267248 -5.631740
v -47.790333 27.357172 -5.558643
v -47.786446 27.187937 -5.458489
v -47.993244 27.361074 -5.393602
v -48.006062 27.193390 -5.279864
v -48.188580 27.442432 -5.234727
v -48.217335 27.282122 -5.108025
v -51.995033 29.680553 -2.035450
v -52.050385 29.892616 -2.093752
v -52.706734 30.132402 -1.456589
v -52.706738 30.309048 -1.559911
v -53.454487 30.643051 -0.041119
v -53.563114 30.863249 -0.144432
v -53.883179 31.063332 1.518353
v -53.774548 30.845047 1.518352
v -35.453640 17.129930 9.458660
v -35.425102 16.491751 9.246610
v -35.686817 17.043102 9.404816
v -35.191921 16.578209 9.300460
v -35.001648 15.700198 9.185455
v -35.234741 15.613817 9.131549
v -35.005318 10.233772 9.188073
v -35.240707 10.262680 9.135519
v -35.337093 9.590105 9.193533
v -35.108044 9.495275 9.249940
v -35.536621 9.148686 9.313525
v -35.314453 9.020488 9.374152
v -35.636658 8.722841 9.568077
v -35.862625 8.870586 9.509665
v -36.027397 8.627282 9.803379
v -36.266537 8.807358 9.752836
v -52.506744 28.171862 1.518353
v -52.671879 28.463749 1.518354
v -52.046108 27.879526 3.276835
v -52.211243 28.171406 3.471473
v -50.765461 27.205353 5.047080
v -50.765461 27.021513 4.852441
v -48.615952 25.622377 6.600543
v -48.615952 25.806381 6.795183
v -42.167419 21.424999 11.844849
v -42.167419 21.609455 12.039488
v -41.296478 21.063370 12.292914
v -41.296478 20.878927 12.098276
v -40.541065 20.588482 12.242067
v -40.541069 20.401657 12.047429
v -39.446033 19.911968 11.872060
v -39.446033 19.725149 11.677421
v -36.262123 17.734304 9.752629
v -35.966034 17.733206 9.768398
v -53.883179 31.063332 1.518353
v -53.454487 30.643053 3.077824
v -53.774548 30.845047 1.518352
v -53.563114 30.863247 3.181137
v -52.706738 30.309052 4.596616
v -52.706734 30.132402 4.493297
v -52.050385 29.892620 5.130457
v -51.995033 29.680553 5.072156
v -48.188580 27.442440 8.271435
v -48.217335 27.282127 8.144733
v -48.006062 27.193394 8.316570
v -47.993244 27.361080 8.430309
v -47.786446 27.187941 8.495194
v -47.790333 27.357176 8.595348
v -47.573425 27.267273 8.668465
v -47.593632 27.431002 8.755344
v -43.419468 29.717518 12.047096
v -43.406357 29.898977 12.161072
v -43.204784 29.794167 12.221727
v -43.209614 29.972923 12.321115
v -42.984177 29.782570 12.401134
v -43.006622 29.969339 12.486190
v -42.811111 29.888523 12.645205
v -42.772663 29.689852 12.573153
v -42.197380 29.501673 13.144337
v -42.197380 29.322111 13.041025
v -41.132790 28.827234 13.454110
v -41.132790 28.645334 13.350797
v -40.211006 28.258415 13.391958
v -40.210999 28.077778 13.288643
v -39.235527 27.692797 13.160079
v -39.235527 27.514549 13.056766
v -38.532608 27.266891 12.735219
v -38.532990 27.088913 12.632139
v -27.389917 20.515429 6.000328
v -27.389933 20.337744 5.896996
v -24.005625 26.008591 4.347006
v -24.141802 25.768866 4.268073
v -24.149113 26.115032 4.672108
v -24.616323 26.181221 5.438294
v -24.596191 26.427668 5.685104
v -25.080788 26.537716 6.403635
v -25.080788 26.775782 6.677940
v -25.785982 26.975872 7.157463
v -25.785982 27.211407 7.431768
v -26.878132 27.630379 7.817581
v -26.878143 27.860298 8.091893
v -30.882311 30.047018 10.237793
v -30.638224 30.126205 10.364568
v -30.981688 30.448807 10.572165
v -31.286396 30.433449 10.482031
v -31.212336 30.918400 10.711571
v -31.552658 30.994661 10.642965
v -31.648745 31.646814 10.701042
v -51.650806 57.206413 1.518346
v -51.650806 55.638969 1.518347
v -51.298599 56.984272 2.906071
v -51.298599 55.416836 2.906071
v -50.360435 56.392586 4.066665
v -50.360435 54.825146 4.066666
v -41.661385 50.906200 11.141222
v -41.661385 49.338757 11.141223
v -40.780209 50.350452 11.397625
v -40.780209 48.783005 11.397626
v -40.015923 49.856461 11.346181
v -40.015923 48.289017 11.346182
v -39.209846 49.358242 11.154252
v -39.209846 47.790787 11.154252
v -29.405067 43.176216 5.228034
v -29.405045 41.608803 5.228027
v -28.591963 42.663418 4.100851
v -28.591963 41.095963 4.100847
v -55.732788 14.734703 0.871640
v -55.732876 14.734498 0.224923
v -53.803360 13.542107 0.871640
v -53.802040 13.544791 0.224923
v -55.349255 14.499804 3.082225
v -60.865875 3.266678 3.082228
v -53.801033 13.546831 3.082225
v -60.302399 0.023137 4.067680
v -60.302979 0.023137 3.718926
v -53.799232 13.550480 4.067676
v -53.799816 13.549298 3.718922
v -60.865227 3.267741 3.718925
v -62.455986 0.028457 3.718926
v -61.043533 3.260164 3.559751
v -62.635719 0.029435 3.559752
v -62.635719 0.029435 3.241402
v -61.043804 3.259585 3.241402
v -62.456173 0.028457 3.082228
v -60.304195 0.023137 3.082228
v -60.304886 0.023137 2.811794
v -53.801720 13.545442 2.811790
v -61.355034 3.322211 2.811793
v -62.973053 0.030645 2.811794
v -61.525009 3.314458 2.650114
v -63.143257 0.031733 2.650115
v -55.347012 14.504554 3.718922
v -55.742256 14.740385 2.811790
v -63.143257 0.031733 2.326756
v -61.524971 3.314529 2.326756
v -62.973263 0.030645 2.165077
v -61.355186 3.322239 2.165076
v -60.306553 0.023137 2.165077
v -53.803391 13.542059 2.165074
v -60.307323 0.023137 1.841718
v -53.804161 13.540499 1.841715
v -61.668350 3.357180 1.841718
v -55.993420 14.896386 1.841715
v -55.742203 14.740515 2.165073
v -63.304287 0.030725 1.841718
v -61.849792 3.354261 1.680038
v -63.486385 0.036025 1.680039
v -63.486389 0.036024 1.356681
v -61.849792 3.354262 1.356680
v -63.304287 0.030724 1.195001
v -61.668350 3.357182 1.195001
v -60.307297 0.023136 1.195001
v -53.804131 13.540545 1.194998
v -60.306526 0.023136 0.871643
v -53.803360 13.542107 0.871640
v -61.343025 3.320911 0.871642
v -55.732788 14.734703 0.871640
v -55.993416 14.896392 1.194998
v -62.960312 0.030609 0.871643
v -61.524975 3.314530 0.709963
v -63.143257 0.031732 0.709964
v -63.143257 0.031732 0.386605
v -61.525009 3.314458 0.386604
v -62.960140 0.030609 0.224926
v -61.342911 3.320866 0.224925
v -60.305206 0.023137 0.224926
v -53.802040 13.544791 0.224923
v -60.304558 0.023137 -0.045508
v -53.801392 13.546103 -0.045511
v -60.845715 3.264472 -0.045509
v -55.333794 14.490135 -0.045512
v -55.732876 14.734498 0.224923
v -62.434658 0.028403 -0.045508
v -61.043804 3.259586 -0.204683
v -62.635719 0.029434 -0.204682
v -62.635719 0.029434 -0.523031
v -61.043530 3.260164 -0.523032
v -62.434452 0.028403 -0.682206
v -60.845055 3.265533 -0.682206
v -60.303295 0.023137 -0.682206
v -53.800129 13.548661 -0.682209
v -60.302555 0.023137 -1.030960
v -53.799393 13.550159 -1.030963
v -55.331554 14.494876 -0.682209
v -42.167419 0.000003 11.029501
v -48.615952 10.954269 5.785189
v -48.615952 11.283410 5.785189
v -50.765461 11.973249 4.037086
v -51.692734 12.556978 2.889968
v -50.765461 12.305018 4.037086
v -48.615952 10.625129 5.785189
v -48.615952 10.295990 5.785190
v -48.615952 0.000005 5.785192
v -48.615952 16.220501 5.785188
v -48.615952 16.549643 5.785188
v -48.615952 16.878782 5.785188
v -48.615952 17.207922 5.785188
v -48.615952 12.270828 5.785189
v -48.615952 12.599968 5.785189
v -48.615952 14.903943 5.785189
v -48.615952 15.233085 5.785188
v -48.615952 13.587385 5.785189
v -48.615952 13.916526 5.785188
v -51.692734 14.226891 0.146746
v -51.692734 13.892910 0.146746
v -50.765461 13.632092 -1.000372
v -52.040848 14.110692 1.518357
v -52.040848 14.444724 1.518357
v -51.692730 14.226886 2.889967
v -51.692734 13.892904 2.889967
v -50.765461 13.632088 4.037085
v -50.765461 13.300320 4.037085
v -48.615952 11.941688 5.785189
v -48.615952 11.612549 5.785189
v -50.765461 12.636785 4.037086
v -50.765461 12.968553 4.037086
v -51.692734 13.224940 2.889968
v -51.692734 13.558924 2.889968
v -52.040848 13.442626 1.518357
v -52.040848 13.776659 1.518357
v -50.765461 13.963857 4.037086
v -48.615952 12.929107 5.785189
v -50.765461 14.295625 4.037086
v -51.692734 14.560870 2.889968
v -51.692734 14.894854 2.889968
v -52.040852 14.778753 1.518357
v -52.040852 15.112786 1.518357
v -51.692734 14.894859 0.146746
v -51.692734 14.560876 0.146746
v -50.765461 14.295628 -1.000372
v -50.765461 13.963861 -1.000372
v -48.615952 12.929104 -2.748475
v -48.615952 12.599966 -2.748475
v -42.167419 -0.000002 -7.992781
v -48.615952 12.270827 -2.748475
v -48.615952 11.941688 -2.748475
v -50.765461 13.300323 -1.000372
v -48.615952 13.258245 -2.748475
v -48.615952 11.612547 -2.748475
v -48.615952 10.295988 -2.748476
v -48.615952 10.625127 -2.748475
v -48.615952 0.000004 -2.748473
v -48.615952 16.878784 -2.748476
v -48.615952 17.207922 -2.748476
v -48.615952 14.245665 -2.748475
v -48.615952 14.574802 -2.748475
v -48.615952 15.562222 -2.748475
v -48.615952 15.891362 -2.748475
v -51.692734 13.558925 0.146746
v -51.692734 13.224941 0.146746
v -50.765461 12.968553 -1.000372
v -50.765461 12.636785 -1.000372
v -48.615952 11.283408 -2.748475
v -48.615952 10.954268 -2.748475
v -50.765461 11.973251 -1.000372
v -50.765461 12.305020 -1.000372
v -51.692730 12.556981 0.146747
v -51.692734 12.890962 0.146746
v -52.040852 12.774560 1.518357
v -52.040852 13.108591 1.518357
v -51.692734 12.890961 2.889968
v -48.615952 13.916524 -2.748475
v -48.615952 13.587384 -2.748475
v -50.765461 14.627394 -1.000373
v -50.765461 14.959163 -1.000373
v -51.692734 15.228840 0.146745
v -51.692734 15.562820 0.146746
v -52.040848 15.446823 1.518357
v -52.040852 15.780855 1.518357
v -51.692734 15.562819 2.889967
v -51.692734 15.228839 2.889967
v -50.765461 14.959163 4.037086
v -50.765461 14.627394 4.037086
v -48.615952 13.258246 5.785189
v -50.765461 15.954467 4.037085
v -51.692734 16.564770 2.889967
v -50.765461 16.286234 4.037085
v -48.615952 14.574804 5.785189
v -48.615952 14.245667 5.785188
v -50.765461 15.290931 4.037086
v -50.765461 15.622700 4.037085
v -51.692730 15.896802 2.889967
v -51.692730 16.230785 2.889967
v -52.040848 16.114889 1.518356
v -52.040848 16.448921 1.518356
v -51.692730 16.230789 0.146746
v -51.692730 15.896805 0.146746
v -50.765461 15.622704 -1.000373
v -50.765461 15.290935 -1.000373
v -52.040852 17.785049 1.518356
v -52.040852 17.451019 1.518356
v -51.692734 17.566715 0.146745
v -51.692734 17.232733 0.146745
v -50.765461 16.949774 -1.000373
v -50.765461 16.618006 -1.000373
v -48.615952 15.233082 -2.748475
v -48.615952 14.903941 -2.748475
v -50.765461 15.954464 -1.000372
v -50.765461 16.286232 -1.000372
v -51.692734 16.564766 0.146746
v -51.692730 16.898748 0.146746
v -52.040852 16.782951 1.518356
v -52.040852 17.116983 1.518356
v -51.692730 16.898750 2.889967
v -50.765461 17.945078 4.037085
v -50.765461 18.276848 4.037085
v -51.692730 18.568663 2.889966
v -51.692730 18.902643 2.889966
v -52.040852 18.787146 1.518356
v -52.040852 19.121178 1.518356
v -51.692734 18.902645 0.146745
v -51.692734 18.568665 0.146746
v -50.765461 18.276846 -1.000373
v -50.765461 17.945076 -1.000373
v -48.615952 16.549643 -2.748476
v -48.615952 16.220503 -2.748476
v -50.765461 17.281542 -1.000373
v -50.765461 17.613310 -1.000373
v -51.692734 17.900698 0.146745
v -51.692734 18.234680 0.146745
v -52.040852 18.119081 1.518356
v -52.040852 18.453114 1.518356
v -51.692734 18.234678 2.889966
v -51.692730 17.900696 2.889966
v -50.765461 17.613306 4.037085
v -50.765461 17.281538 4.037085
v -48.615952 15.891363 5.785189
v -48.615952 15.562225 5.785188
v -50.765461 16.618006 4.037085
v -50.765461 16.949774 4.037085
v -51.692734 17.232735 2.889967
v -51.692730 17.566717 2.889966
v -39.744354 0.000003 11.042379
v -37.348442 16.960924 9.594236
v -37.348442 0.000003 9.594242
v -37.395679 17.292177 9.622788
v -37.530731 17.576693 9.704421
v -37.734531 17.774345 9.827602
v -39.744350 19.033979 11.042373
v -40.541065 0.000003 11.232080
v -40.541065 19.523474 11.232077
v -41.296478 0.000004 11.282926
v -41.296478 20.008806 11.282922
v -42.167419 20.554823 11.029495
v -48.615952 24.754347 5.785187
v -50.765461 18.608610 4.037085
v -50.765461 26.154188 4.037084
v -51.692734 19.236624 2.889966
v -51.692734 26.781389 2.889964
v -52.040852 19.455210 1.518356
v -52.040852 26.999989 1.518354
v -51.692734 26.781393 0.146743
v -51.692734 19.236628 0.146745
v -50.765461 26.154190 -1.000375
v -50.765461 18.608614 -1.000373
v -48.615952 24.754347 -2.748478
v -42.167419 20.554817 -7.992786
v -41.296478 20.008801 -8.246210
v -41.296478 -0.000001 -8.246206
v -40.541065 19.523472 -8.195368
v -40.541065 -0.000001 -8.195363
v -39.744350 19.033968 -8.005668
v -39.744350 -0.000002 -8.005657
v -37.734531 17.774338 -6.790885
v -37.530724 17.576696 -6.667699
v -37.395676 17.292173 -6.586075
v -37.348442 16.960920 -6.557524
v -37.348442 -0.000001 -6.557520
v -60.573456 3.236080 4.067678
v -62.152481 0.031732 4.067680
v -60.302399 0.023137 4.067680
v -53.799232 13.550480 4.067676
v -55.095943 14.351707 4.067676
v -39.230370 -0.000659 11.424606
v -40.832958 3.142950 11.424607
v -39.233307 3.142951 11.424605
v -41.522293 1.913583 11.424608
v -41.526779 -0.000659 11.424606
v -51.692730 18.902643 2.889966
v -52.040852 19.121178 1.518356
v -51.692734 18.902645 0.146745
v -50.765461 18.276848 4.037085
v -50.765461 18.276846 -1.000373
v -48.615952 16.878784 -2.748476
v -48.615952 16.878782 5.785188
v -53.797733 13.553518 -2.748477
v -55.095943 14.351707 -1.030963
v -60.573456 3.236081 -1.030961
v -60.304859 0.023143 -2.748475
v -62.152481 0.031732 -1.030961
v -51.692734 18.234678 2.889966
v -52.040852 18.453114 1.518356
v -51.692734 18.234680 0.146745
v -50.765461 17.613306 4.037085
v -50.765461 17.613310 -1.000373
v -48.615952 16.220503 -2.748476
v -48.615952 16.220501 5.785188
v -51.692730 17.566717 2.889966
v -52.040852 17.785049 1.518356
v -51.692734 17.566715 0.146745
v -50.765461 16.949774 4.037085
v -50.765461 16.949774 -1.000373
v -48.615952 15.562222 -2.748475
v -48.615952 15.562225 5.785188
v -51.692730 16.898750 2.889967
v -52.040852 17.116983 1.518356
v -51.692730 16.898748 0.146746
v -50.765461 16.286234 4.037085
v -50.765461 16.286232 -1.000372
v -48.615952 14.903941 -2.748475
v -48.615952 14.903943 5.785189
v -51.692730 16.230785 2.889967
v -52.040848 16.448921 1.518356
v -51.692730 16.230789 0.146746
v -50.765461 15.622700 4.037085
v -50.765461 15.622704 -1.000373
v -48.615952 14.245665 -2.748475
v -48.615952 14.245667 5.785188
v -51.692734 15.562819 2.889967
v -52.040852 15.780855 1.518357
v -51.692734 15.562820 0.146746
v -50.765461 14.959163 4.037086
v -50.765461 14.959163 -1.000373
v -48.615952 13.587384 -2.748475
v -48.615952 13.587385 5.785189
v -51.692734 14.894854 2.889968
v -52.040852 15.112786 1.518357
v -51.692734 14.894859 0.146746
v -50.765461 14.295625 4.037086
v -50.765461 14.295628 -1.000372
v -48.615952 12.929104 -2.748475
v -48.615952 12.929107 5.785189
v -51.692730 14.226886 2.889967
v -52.040848 14.444724 1.518357
v -51.692734 14.226891 0.146746
v -50.765461 13.632088 4.037085
v -50.765461 13.632092 -1.000372
v -48.615952 12.270827 -2.748475
v -48.615952 12.270828 5.785189
v -51.692734 13.558924 2.889968
v -52.040848 13.776659 1.518357
v -51.692734 13.558925 0.146746
v -50.765461 12.968553 4.037086
v -50.765461 12.968553 -1.000372
v -48.615952 11.612547 -2.748475
v -48.615952 11.612549 5.785189
v -51.692734 12.890961 2.889968
v -52.040852 13.108591 1.518357
v -51.692734 12.890962 0.146746
v -50.765461 12.305018 4.037086
v -50.765461 12.305020 -1.000372
v -48.615952 10.954268 -2.748475
v -48.615952 10.954269 5.785189
v -36.004795 10.434455 -6.559712
v -35.948059 10.753442 -6.525635
v -35.935345 13.382310 -6.518219
v -36.091953 10.205528 -6.611900
v -36.226746 10.098964 -6.692654
v -36.362083 10.108976 -6.773542
v -36.167084 13.867543 -6.658289
v -36.359238 13.867332 -6.774359
v -30.375881 42.221035 1.518350
v -30.573250 40.898857 0.430831
v -30.573282 42.345497 0.430831
v -30.375856 40.774372 1.518350
v -30.573244 40.898857 2.605869
v -30.573257 42.345539 2.605872
v -30.987898 41.160366 3.545393
v -30.987907 42.607067 3.545392
v -31.626110 41.562885 4.430136
v -31.626102 43.009605 4.430133
v -39.322048 46.415226 9.081718
v -39.322048 47.861938 9.081718
v -39.954750 46.806290 9.232367
v -39.954750 48.253002 9.232367
v -40.554649 47.194038 9.272747
v -40.554649 48.640747 9.272747
v -41.246296 47.630249 9.071491
v -41.246296 49.076962 9.071491
v -48.074318 51.936607 3.518562
v -48.074318 53.383320 3.518562
v -48.810696 52.401047 2.607593
v -48.810696 53.847755 2.607593
v -49.087151 52.575394 1.518347
v -49.087151 54.022106 1.518347
v -53.804161 13.540499 1.841715
v -55.993420 14.896386 1.841715
v -53.804131 13.540545 1.194998
v -55.993416 14.896392 1.194998
v -55.742256 14.740385 2.811790
v -55.742203 14.740515 2.165073
v -53.801720 13.545442 2.811790
v -53.803391 13.542059 2.165074
v -55.347012 14.504554 3.718922
v -55.349255 14.499804 3.082225
v -53.799816 13.549298 3.718922
v -53.801033 13.546831 3.082225
v -55.095943 14.351707 -1.030963
v -53.797733 13.553518 -2.748477
v -53.799393 13.550159 -1.030963
v -48.615952 10.295988 -2.748476
v -53.800129 13.548661 -0.682209
v -53.801392 13.546103 -0.045511
v -53.802040 13.544791 0.224923
v -53.803360 13.542107 0.871640
v -53.804131 13.540545 1.194998
v -53.804161 13.540499 1.841715
v -53.803391 13.542059 2.165074
v -53.801720 13.545442 2.811790
v -53.801033 13.546831 3.082225
v -53.799816 13.549298 3.718922
v -53.799232 13.550480 4.067676
v -48.615952 10.295990 5.785190
v -53.797733 13.553520 5.785189
v -55.095943 14.351707 4.067676
v -48.810696 53.847755 0.429101
v -49.087151 52.575394 1.518347
v -49.087151 54.022106 1.518347
v -48.810696 52.401047 0.429101
v -48.074318 53.383324 -0.481867
v -48.074314 51.936611 -0.481867
v -41.246300 49.076962 -6.034796
v -41.246296 47.630249 -6.034796
v -40.554649 48.640743 -6.236049
v -40.554649 47.194035 -6.236048
v -39.954750 48.253002 -6.195671
v -39.954750 46.806290 -6.195670
v -39.322048 47.861938 -6.045023
v -39.322048 46.415226 -6.045023
v -31.626125 43.009575 -1.393436
v -31.626112 41.562885 -1.393437
v -30.987925 42.607025 -0.508693
v -30.987898 41.160370 -0.508693
v -60.302555 0.023137 -1.030960
v -62.152481 0.031732 -1.030961
v -60.573456 3.236081 -1.030961
v -53.799393 13.550159 -1.030963
v -55.095943 14.351707 -1.030963
v -51.692734 19.236624 2.889966
v -51.692734 19.236628 0.146745
v -52.040852 19.455210 1.518356
v -50.765461 18.608610 4.037085
v -50.765461 18.608614 -1.000373
v -48.615952 17.207922 5.785188
v -48.615952 17.207922 -2.748476
v -50.765461 12.636785 -1.000372
v -48.615952 11.283410 5.785189
v -48.615952 11.283408 -2.748475
v -50.765461 12.636785 4.037086
v -51.692734 13.224941 0.146746
v -51.692734 13.224940 2.889968
v -52.040848 13.442626 1.518357
v -39.233307 3.142945 -8.520697
v -40.832958 3.142944 -8.520697
v -41.522293 1.913578 -8.520695
v -41.526775 -0.000664 -8.520697
v -39.230366 -0.000664 -8.520697
v -31.574692 45.824078 4.782809
v -31.570387 45.821144 5.869503
v -31.574692 39.315956 4.782810
v -31.570387 39.313046 5.869505
v -31.569847 39.312683 6.063391
v -31.569847 45.820774 6.063389
v -31.354536 45.685020 5.940303
v -31.354534 39.177994 5.940304
v -29.781633 44.693272 5.041151
v -29.781633 38.194077 5.041153
v -28.998184 44.199165 3.955073
v -28.998184 37.703865 3.955074
v -28.489178 43.878136 2.801748
v -28.489178 37.385365 2.801750
v -28.246866 43.725330 1.466151
v -28.246866 37.233765 1.466152
v -28.489157 37.385414 0.130554
v -28.489157 43.878185 0.130553
v -28.998167 37.703922 -1.022771
v -28.998167 44.199226 -1.022771
v -29.781612 38.194130 -2.108850
v -29.781612 44.693333 -2.108851
v -31.370626 39.188114 -3.017222
v -31.370625 45.695213 -3.017223
v -31.570065 39.312874 -3.131231
v -31.570066 45.820965 -3.131234
v -31.570614 39.313248 -2.925289
v -31.570616 45.821339 -2.925292
v -31.574673 39.315994 -1.865389
v -31.574673 45.824116 -1.865390
v -48.615952 10.295988 -2.748476
v -53.797733 13.553518 -2.748477
v -48.615952 0.000004 -2.748473
v -60.304859 0.023143 -2.748475
v -48.615952 16.878784 -2.748476
v -48.615952 17.207922 -2.748476
v -48.615952 16.878782 5.785188
v -48.615952 17.207922 5.785188
v -60.573456 3.236080 4.067678
v -55.095943 14.351707 4.067676
v -53.797733 13.553520 5.785189
v -60.304859 0.023143 5.785193
v -62.152481 0.031732 4.067680
v -38.799477 24.805578 14.177224
v -38.035843 43.215759 13.715654
v -38.799500 43.697010 14.177226
v -39.870468 25.441723 14.431968
v -39.869392 44.357750 14.431963
v -40.883778 26.078003 14.500249
v -40.883774 45.013004 14.500243
v -42.053326 26.817707 14.159932
v -42.053326 45.750656 14.159929
v -42.707253 27.229984 13.628120
v -42.673397 46.141731 13.655651
v -47.212925 30.139605 9.963614
v -47.184002 47.741928 9.987344
v -47.022266 48.184944 10.118883
v -46.750751 48.449764 10.339699
v -46.411743 48.495159 10.615407
v -25.529739 35.334034 5.212894
v -25.025305 15.308008 3.949748
v -25.025309 35.015884 3.949743
v -25.509296 14.480476 5.166582
v -25.968225 35.636379 6.135023
v -25.968225 13.746936 6.135027
v -26.628162 36.026848 6.820613
v -26.628160 12.848786 6.820619
v -27.706705 36.706520 7.472505
v -27.538250 11.638771 7.370699
v -27.705933 11.415833 7.472049
v -27.885780 11.524395 7.580753
v -36.504421 16.726812 12.790055
v -36.506802 22.014881 12.791488
v -36.679585 22.804153 12.895921
v -36.980232 23.432257 13.077636
v -37.443409 23.971628 13.357594
v -38.030464 24.332682 13.712421
v -51.692730 18.568663 2.889966
v -51.692734 18.568665 0.146746
v -52.040852 18.787146 1.518356
v -50.765461 17.945078 4.037085
v -50.765461 17.945076 -1.000373
v -48.615952 16.549643 5.785188
v -48.615952 16.549643 -2.748476
v -31.666548 33.407875 10.711802
v -33.132755 32.619366 11.598008
v -31.758884 34.061794 10.767613
v -33.037495 31.965593 11.540434
v -31.648745 31.646814 10.701042
v -33.041138 30.148193 11.542636
v -31.552658 30.994661 10.642965
v -32.942589 29.494350 11.483069
v -31.286396 30.433449 10.482031
v -32.665386 28.941036 11.315520
v -32.257107 28.561749 11.068766
v -30.882311 30.047018 10.237793
v -26.878132 27.630379 7.817581
v -26.878040 25.294619 7.817546
v -25.785982 26.975872 7.157463
v -25.785982 24.607460 7.157465
v -25.080788 26.537716 6.403635
v -25.080788 24.161251 6.403638
v -24.616323 26.181221 5.438294
v -24.616323 23.765001 5.438297
v -24.141802 25.768866 4.268073
v -24.141802 23.345182 4.268074
v -47.601376 44.596352 10.464167
v -42.694412 41.317329 14.484435
v -47.604847 42.228344 10.461319
v -42.698059 39.026127 14.481471
v -42.053326 40.896149 15.005805
v -42.053326 38.600178 15.005805
v -40.883778 40.157219 15.346114
v -40.883778 37.861031 15.346121
v -39.870064 39.513760 15.277835
v -39.870178 37.219616 15.277843
v -38.799484 38.868317 15.023101
v -38.799484 36.576813 15.023101
v -38.032509 38.402927 14.559524
v -38.031929 36.111271 14.559176
v -32.422283 35.020691 11.168585
v -33.811386 33.558620 12.008188
v -33.404804 33.176510 11.762443
v -32.019447 34.629242 10.925105
v -48.074318 53.383320 3.518562
v -50.360435 54.825146 4.066666
v -48.810696 53.847755 2.607593
v -41.661385 49.338757 11.141223
v -41.246296 49.076962 9.071491
v -40.554649 48.640747 9.272747
v -40.780209 48.783005 11.397626
v -40.015923 48.289017 11.346182
v -39.954750 48.253002 9.232367
v -39.209846 47.790787 11.154252
v -39.322048 47.861938 9.081718
v -31.626102 43.009605 4.430133
v -29.405045 41.608803 5.228027
v -30.987907 42.607067 3.545392
v -28.591963 41.095963 4.100847
v -30.573257 42.345539 2.605872
v -28.063690 40.762783 2.903876
v -30.375881 42.221035 1.518350
v -27.812225 40.604160 1.518350
v -28.063713 40.762733 0.132827
v -30.573282 42.345497 0.430831
v -28.591982 41.095921 -1.064149
v -30.987925 42.607025 -0.508693
v -29.405067 41.608768 -2.191331
v -31.626125 43.009575 -1.393436
v -39.209846 47.790787 -8.117558
v -39.322048 47.861938 -6.045023
v -39.954750 48.253002 -6.195671
v -40.015923 48.289017 -8.309485
v -40.554649 48.640743 -6.236049
v -40.780209 48.782997 -8.360929
v -41.661385 49.338757 -8.104527
v -41.246300 49.076962 -6.034796
v -48.074318 53.383324 -0.481867
v -50.360435 54.825161 -1.029971
v -48.810696 53.847755 0.429101
v -51.298599 55.416840 0.130623
v -49.087151 54.022106 1.518347
v -51.650806 55.638969 1.518347
v -51.298599 55.416836 2.906071
v -48.615952 16.220503 -2.748476
v -48.615952 16.549643 -2.748476
v -48.615952 16.220501 5.785188
v -48.615952 16.549643 5.785188
v -51.692730 17.900696 2.889966
v -51.692734 17.900698 0.146745
v -52.040852 18.119081 1.518356
v -50.765461 17.281538 4.037085
v -50.765461 17.281542 -1.000373
v -48.615952 15.891363 5.785189
v -48.615952 15.891362 -2.748475
v -31.574692 45.824078 4.782809
v -31.574692 39.315956 4.782810
v -31.134386 45.546448 4.555106
v -31.134386 39.040524 4.555107
v -30.457455 45.119514 3.616688
v -30.457455 38.616955 3.616689
v -30.017637 44.842152 2.620164
v -30.017637 38.341774 2.620166
v -29.808273 44.710117 1.466150
v -29.808273 38.210785 1.466151
v -30.017628 38.341801 0.312138
v -30.017626 44.842175 0.312137
v -30.457438 38.617001 -0.684385
v -30.457438 45.119560 -0.684386
v -31.134367 39.040565 -1.622805
v -31.134367 45.546494 -1.622806
v -31.574673 39.315994 -1.865389
v -31.574673 45.824116 -1.865390
v -48.615952 15.562222 -2.748475
v -48.615952 15.891362 -2.748475
v -48.615952 15.562225 5.785188
v -48.615952 15.891363 5.785189
v -48.615952 14.903941 -2.748475
v -48.615952 15.233082 -2.748475
v -48.615952 14.903943 5.785189
v -48.615952 15.233085 5.785188
v -51.692734 16.564770 2.889967
v -51.692734 16.564766 0.146746
v -52.040852 16.782951 1.518356
v -50.765461 15.954467 4.037085
v -50.765461 15.954464 -1.000372
v -48.615952 14.574804 5.785189
v -48.615952 14.574802 -2.748475
v -51.692734 17.232735 2.889967
v -51.692734 17.232733 0.146745
v -52.040852 17.451019 1.518356
v -50.765461 16.618006 4.037085
v -50.765461 16.618006 -1.000373
v -48.615952 15.233085 5.785188
v -48.615952 15.233082 -2.748475
v -48.615952 14.245665 -2.748475
v -48.615952 14.574802 -2.748475
v -48.615952 14.245667 5.785188
v -48.615952 14.574804 5.785189
v -51.692730 15.896802 2.889967
v -51.692730 15.896805 0.146746
v -52.040848 16.114889 1.518356
v -50.765461 15.290931 4.037086
v -50.765461 15.290935 -1.000373
v -48.615952 13.916526 5.785188
v -48.615952 13.916524 -2.748475
v -55.333794 14.490135 -0.045512
v -55.331554 14.494876 -0.682209
v -53.801392 13.546103 -0.045511
v -53.800129 13.548661 -0.682209
v -60.304859 0.023143 5.785193
v -53.797733 13.553520 5.785189
v -48.615952 0.000005 5.785192
v -48.615952 10.295990 5.785190
v -35.935345 13.382312 9.554935
v -35.948059 10.753443 9.562349
v -36.004791 10.434458 9.596426
v -36.091953 10.205532 9.648615
v -36.226746 10.098968 9.729368
v -36.362080 10.108980 9.810258
v -36.167084 13.867545 9.695004
v -36.359238 13.867338 9.811075
v -48.615952 13.587384 -2.748475
v -48.615952 13.916524 -2.748475
v -48.615952 13.587385 5.785189
v -48.615952 13.916526 5.785188
v -51.692734 15.228839 2.889967
v -51.692734 15.228840 0.146745
v -52.040848 15.446823 1.518357
v -50.765461 14.627394 4.037086
v -50.765461 14.627394 -1.000373
v -48.615952 13.258246 5.785189
v -48.615952 13.258245 -2.748475
v -48.615952 10.295988 -2.748476
v -48.615952 10.625127 -2.748475
v -48.615952 10.295990 5.785190
v -48.615952 10.625129 5.785189
v -51.692734 12.556978 2.889968
v -51.692730 12.556981 0.146747
v -52.040852 12.774560 1.518357
v -50.765461 11.973249 4.037086
v -50.765461 11.973251 -1.000372
v -48.615952 10.625129 5.785189
v -48.615952 10.625127 -2.748475
v -48.615952 12.929104 -2.748475
v -48.615952 13.258245 -2.748475
v -48.615952 12.929107 5.785189
v -48.615952 13.258246 5.785189
v -51.692734 14.560870 2.889968
v -51.692734 14.560876 0.146746
v -52.040852 14.778753 1.518357
v -50.765461 13.963857 4.037086
v -50.765461 13.963861 -1.000372
v -48.615952 12.599968 5.785189
v -48.615952 12.599966 -2.748475
v -48.615952 10.954268 -2.748475
v -48.615952 11.283408 -2.748475
v -48.615952 10.954269 5.785189
v -48.615952 11.283410 5.785189
v -48.615952 11.612547 -2.748475
v -48.615952 11.941688 -2.748475
v -48.615952 11.612549 5.785189
v -48.615952 11.941688 5.785189
v -51.692734 13.892904 2.889967
v -51.692734 13.892910 0.146746
v -52.040848 14.110692 1.518357
v -50.765461 13.300320 4.037085
v -50.765461 13.300323 -1.000372
v -48.615952 11.941688 5.785189
v -48.615952 11.941688 -2.748475
v -48.615952 12.270827 -2.748475
v -48.615952 12.599966 -2.748475
v -48.615952 12.270828 5.785189
v -48.615952 12.599968 5.785189
v -39.465050 1.225468 -8.655076
v -39.366497 1.311911 -8.514546
v -39.615173 1.375469 -8.655076
v -39.532822 1.502392 -8.514546
v -41.388954 0.261686 11.551267
v -41.293777 0.236438 11.665747
v -41.392914 -0.000659 11.551268
v -41.297363 -0.001194 11.665747
v -39.459778 -0.001194 11.665747
v -39.461834 1.187738 11.665747
v -39.364227 -0.000659 11.551268
v -39.366497 1.311916 11.551267
v -39.532822 1.502397 11.551267
v -39.645329 1.399227 11.665746
v -40.779984 1.502396 11.551267
v -40.709332 1.399226 11.665747
v -40.779984 1.502396 11.551267
v -40.709332 1.399226 11.665747
v -41.388954 0.261686 11.551267
v -41.293777 0.236438 11.665747
v -39.532822 1.502397 11.551267
v -39.366497 1.311916 11.551267
v -39.645329 1.399227 11.665746
v -39.461834 1.187738 11.665747
v -41.388954 0.261680 -8.514546
v -41.392914 -0.000664 -8.514547
v -41.271881 0.225450 -8.655076
v -41.275455 -0.011350 -8.655077
v -39.462997 -0.011349 -8.655077
v -39.364227 -0.000664 -8.514547
v -39.465050 1.225468 -8.655076
v -39.366497 1.311911 -8.514546
v -39.532822 1.502392 -8.514546
v -40.779984 1.502390 -8.514546
v -39.615173 1.375469 -8.655076
v -40.714333 1.375468 -8.655076
v -40.779984 1.502390 -8.514546
v -41.388954 0.261680 -8.514546
v -40.714333 1.375468 -8.655076
v -41.271881 0.225450 -8.655076
v -61.525009 3.314458 0.386604
v -61.342911 3.320866 0.224925
v -55.911430 14.701965 0.386602
v -55.732876 14.734498 0.224923
v -55.732788 14.734703 0.871640
v -55.911278 14.702285 0.709960
v -61.343025 3.320911 0.871642
v -61.524975 3.314530 0.709963
v -56.172592 14.864955 1.356677
v -61.668350 3.357182 1.195001
v -55.993416 14.896392 1.194998
v -56.172592 14.864955 1.680036
v -55.993420 14.896386 1.841715
v -61.668350 3.357180 1.841718
v -61.849792 3.354261 1.680038
v -61.849792 3.354262 1.356680
v -36.442783 14.121234 -6.824901
v -36.359238 13.867332 -6.774359
v -36.110897 14.121457 -6.624400
v -36.167084 13.867543 -6.658289
v -35.847763 13.616477 -6.465357
v -35.935345 13.382310 -6.518219
v -35.861347 10.734630 -6.473281
v -35.948059 10.753442 -6.525635
v -36.004795 10.434455 -6.559712
v -35.921974 10.251752 -6.509696
v -36.091953 10.205528 -6.611900
v -36.056389 9.937095 -6.590405
v -36.226746 10.098964 -6.692654
v -36.244545 9.764126 -6.703355
v -36.362083 10.108976 -6.773542
v -36.445820 9.768757 -6.824028
v -39.322048 46.415226 -6.045023
v -31.626112 41.562885 -1.393437
v -30.987898 41.160370 -0.508693
v -30.573250 40.898857 0.430831
v -30.375856 40.774372 1.518350
v -30.573244 40.898857 2.605869
v -30.987898 41.160366 3.545393
v -31.626110 41.562885 4.430136
v -39.954750 46.806290 -6.195670
v -40.554649 47.194035 -6.236048
v -41.246296 47.630249 -6.034796
v -39.322048 46.415226 9.081718
v -39.954750 46.806290 9.232367
v -40.554649 47.194038 9.272747
v -41.246296 47.630249 9.071491
v -48.074314 51.936611 -0.481867
v -48.074318 51.936607 3.518562
v -48.810696 52.401047 0.429101
v -48.810696 52.401047 2.607593
v -49.087151 52.575394 1.518347
v -55.911278 14.702285 2.326753
v -61.355186 3.322239 2.165076
v -55.742203 14.740515 2.165073
v -55.742256 14.740385 2.811790
v -55.911427 14.701966 2.650111
v -61.355034 3.322211 2.811793
v -61.525009 3.314458 2.650114
v -61.524971 3.314529 2.326756
v -36.262123 17.734304 9.752629
v -36.416409 17.647034 9.845756
v -39.446033 19.725149 11.677421
v -39.446033 19.538328 11.677421
v -40.541069 20.214827 12.047430
v -40.541069 20.401657 12.047429
v -41.296478 20.694487 12.098279
v -41.296478 20.878927 12.098276
v -42.167419 21.240549 11.844853
v -42.167419 21.424999 11.844849
v -48.615952 25.441492 6.600543
v -48.615952 25.622377 6.600543
v -50.765465 26.840714 4.852446
v -50.765461 27.021513 4.852441
v -36.269260 -0.187948 9.757318
v -36.428871 -0.187747 9.853791
v -36.266537 8.807358 9.752836
v -36.426605 8.987333 9.849144
v -36.009525 9.018229 9.598103
v -35.862625 8.870586 9.509665
v -35.679714 9.276786 9.399748
v -35.536621 9.148686 9.313525
v -35.337093 9.590105 9.193533
v -35.487072 9.684829 9.283975
v -35.240707 10.262680 9.135519
v -35.397030 10.291483 9.229812
v -35.388763 15.527338 9.224490
v -35.234741 15.613817 9.131549
v -35.579216 16.405191 9.339606
v -35.425102 16.491751 9.246610
v -35.686817 17.043102 9.404816
v -35.840927 16.956173 9.497819
v -55.521584 14.464718 3.241399
v -60.865875 3.266678 3.082228
v -55.349255 14.499804 3.082225
v -55.520367 14.467302 3.559748
v -55.347012 14.504554 3.718922
v -60.865227 3.267741 3.718925
v -61.043533 3.260164 3.559751
v -61.043804 3.259585 3.241402
v -50.765465 26.840714 4.852446
v -52.046108 27.695822 3.276835
v -50.765461 27.021513 4.852441
v -52.046108 27.879526 3.276835
v -52.506744 27.988150 1.518353
v -52.506744 28.171862 1.518353
v -52.046108 27.879534 -0.240127
v -52.046108 27.695827 -0.240128
v -50.765461 27.021519 -1.815733
v -50.765465 26.837673 -1.815736
v -48.615952 25.622379 -3.563835
v -48.615952 25.438370 -3.563826
v -42.167419 21.424997 -8.808144
v -42.167419 21.240543 -8.808141
v -41.296478 20.878925 -9.061570
v -41.296478 20.694479 -9.061570
v -40.541069 20.401649 -9.010719
v -40.541069 20.214819 -9.010719
v -39.446033 19.725145 -8.640711
v -39.446033 19.538324 -8.640712
v -36.416409 17.647036 -6.809045
v -36.262123 17.734304 -6.715918
v -35.840927 16.956175 -6.461107
v -35.686817 17.043098 -6.368104
v -35.579216 16.405188 -6.302895
v -35.425102 16.491745 -6.209898
v -35.234741 15.613812 -6.094836
v -35.388763 15.527332 -6.187775
v -35.240707 10.262677 -6.098804
v -35.397030 10.291486 -6.193097
v -35.487076 9.684833 -6.247259
v -35.337093 9.590102 -6.156817
v -35.679714 9.276781 -6.363029
v -35.536621 9.148684 -6.276810
v -35.862625 8.870583 -6.472950
v -36.009525 9.018228 -6.561388
v -36.266537 8.807354 -6.716120
v -36.426605 8.987330 -6.812428
v -36.428871 -0.187751 -6.817070
v -36.269257 -0.187952 -6.720597
v -61.043804 3.259586 -0.204683
v -61.043530 3.260164 -0.523032
v -55.521584 14.464722 -0.204686
v -60.845715 3.264472 -0.045509
v -55.333794 14.490135 -0.045512
v -55.520367 14.467304 -0.523035
v -55.331554 14.494876 -0.682209
v -60.845055 3.265533 -0.682206
v -36.362080 10.108980 9.810258
v -36.244545 9.764132 9.740070
v -36.445820 9.768763 9.860744
v -36.442780 14.121239 9.861616
v -36.359238 13.867338 9.811075
v -36.110897 14.121458 9.661115
v -36.167084 13.867545 9.695004
v -35.847763 13.616480 9.502070
v -35.935345 13.382312 9.554935
v -35.861347 10.734632 9.509995
v -35.948059 10.753443 9.562349
v -36.004791 10.434458 9.596426
v -35.921974 10.251755 9.546412
v -36.091953 10.205532 9.648615
v -36.056389 9.937100 9.627119
v -36.226746 10.098968 9.729368
vn 0.5155 -0.0001 0.8569
vn 0.5139 0.0003 0.8579
vn 0.5144 -0.0001 0.8575
vn 0.5147 -0.0002 0.8574
vn 0.5148 -0.0004 0.8573
vn 0.5157 -0.0006 0.8568
vn 0.5163 -0.0005 0.8564
vn 0.5168 -0.0003 0.8561
vn 0.5163 -0.0002 0.8564
vn 0.5152 -0.0001 0.8571
vn 0.5170 -0.0001 0.8560
vn 0.5169 -0.0006 0.8561
vn 0.5171 -0.0002 0.8559
vn 0.5167 -0.0004 0.8562
vn 0.5169 -0.0003 0.8560
vn 0.5171 -0.0003 0.8559
vn -0.5848 0.7338 -0.3459
vn -0.8193 0.4035 -0.4073
vn -0.7409 0.5799 0.3387
vn -0.3306 0.1625 -0.9297
vn 0.0790 0.8698 -0.4871
vn -0.1090 0.8715 0.4782
vn -0.3308 0.1626 0.9296
vn -0.8192 0.4036 0.4074
vn 0.5173 0.0003 -0.8558
vn 0.5157 0.0003 -0.8568
vn 0.5158 0.0002 -0.8567
vn 0.5157 0.0002 -0.8567
vn 0.5157 -0.0001 -0.8568
vn 0.5157 -0.0002 -0.8568
vn 0.5158 -0.0004 -0.8567
vn 0.5159 -0.0004 -0.8567
vn 0.5162 -0.0004 -0.8565
vn 0.5162 -0.0004 -0.8564
vn 0.5165 -0.0001 -0.8563
vn 0.5167 -0.0000 -0.8562
vn 0.5167 -0.0001 -0.8562
vn 0.5168 -0.0002 -0.8561
vn 0.5168 -0.0003 -0.8561
vn 0.5169 -0.0004 -0.8561
vn 0.5170 -0.0006 -0.8560
vn 0.5173 -0.0000 -0.8558
vn 0.4211 -0.0002 -0.9070
vn 0.4213 -0.0000 -0.9069
vn 0.2378 -0.0000 -0.9713
vn 0.1524 -0.0000 -0.9883
vn -0.0489 -0.0000 -0.9988
vn -0.1661 -0.0000 -0.9861
vn -0.4037 -0.0000 -0.9149
vn -0.5223 -0.0000 -0.8528
vn -0.6310 -0.0000 -0.7758
vn -0.6826 -0.0000 -0.7308
vn -0.7311 -0.0000 -0.6823
vn -0.8570 -0.0000 -0.5153
vn -0.9221 -0.0000 -0.3869
vn -1.0000 -0.0000 -0.0000
vn -0.9221 -0.0000 0.3869
vn -0.8570 -0.0000 0.5153
vn -0.7760 -0.0000 0.6307
vn -0.6983 0.5972 -0.3946
vn -0.3549 0.1745 -0.9185
vn -0.8294 0.4086 -0.3809
vn -0.6854 0.6794 0.2621
vn -0.8293 0.4085 0.3812
vn -0.3548 0.1744 0.9185
vn -0.1295 0.7893 0.6002
vn -0.0084 0.9213 -0.3888
vn 0.5169 -0.0004 0.8561
vn 0.5170 -0.0006 0.8560
vn 0.5168 -0.0002 0.8561
vn 0.5167 -0.0001 0.8562
vn 0.5167 -0.0000 0.8562
vn 0.5165 -0.0001 0.8563
vn 0.5162 -0.0004 0.8564
vn 0.5162 -0.0004 0.8565
vn 0.5158 -0.0004 0.8567
vn 0.5159 -0.0004 0.8567
vn 0.5157 -0.0002 0.8568
vn 0.5157 -0.0001 0.8568
vn 0.5162 0.0002 0.8565
vn 0.5157 0.0002 0.8567
vn 0.5163 0.0003 0.8564
vn 0.5173 0.0003 0.8558
vn -0.6309 0.0001 0.7758
vn -0.6309 -0.0000 0.7758
vn -0.5223 -0.0000 0.8528
vn -0.4036 -0.0000 0.9149
vn -0.1661 -0.0000 0.9861
vn -0.0490 -0.0000 0.9988
vn 0.1523 -0.0000 0.9883
vn 0.2376 -0.0000 0.9714
vn 0.4211 -0.0002 0.9070
vn 0.4213 -0.0000 0.9069
vn -0.6284 0.7144 -0.3078
vn -0.3670 0.1806 -0.9125
vn -0.8349 0.4114 -0.3658
vn -0.7633 0.5726 0.2993
vn -0.8348 0.4113 0.3660
vn -0.3669 0.1805 0.9126
vn -0.1689 0.8735 0.4566
vn 0.0409 0.8771 -0.4786
vn 0.5334 0.8458 -0.0000
vn 0.5335 0.8458 -0.0000
vn 0.5379 0.8430 -0.0003
vn 0.5346 0.8451 0.0004
vn 0.5292 0.8485 0.0008
vn 0.5334 0.8459 -0.0000
vn 0.5384 0.8427 -0.0058
vn 0.5338 0.8456 -0.0011
vn 0.5320 0.8467 0.0014
vn 0.5333 0.8459 -0.0000
vn 0.5333 0.8459 0.0001
vn 0.5333 0.8460 0.0002
vn 0.5176 -0.0000 -0.8556
vn 0.5155 -0.0001 -0.8569
vn 0.5169 -0.0003 -0.8560
vn 0.5172 -0.0003 -0.8559
vn 0.5142 0.0004 -0.8577
vn 0.5138 -0.0001 -0.8579
vn 0.5147 -0.0002 -0.8574
vn 0.5151 -0.0005 -0.8572
vn 0.5157 -0.0006 -0.8568
vn 0.5155 -0.0004 -0.8569
vn 0.5162 -0.0002 -0.8565
vn 0.5170 -0.0001 -0.8560
vn 0.5170 -0.0002 -0.8560
vn 0.5171 -0.0002 -0.8560
vn -0.6899 0.6023 -0.4017
vn -0.3501 0.1724 -0.9207
vn -0.8280 0.4082 -0.3844
vn -0.6752 0.6862 0.2708
vn -0.8281 0.4083 0.3841
vn -0.3502 0.1724 0.9207
vn 0.0626 0.8725 0.4846
vn -0.1344 0.8750 -0.4651
vn -0.6071 0.7244 -0.3266
vn -0.8287 0.4083 -0.3829
vn -0.7530 0.5772 0.3158
vn -0.8287 0.4083 0.3829
vn -0.3515 0.1729 0.9201
vn -0.1385 0.8749 0.4640
vn 0.0593 0.8736 -0.4830
vn -0.3514 0.1729 -0.9201
vn -0.6815 0.3304 -0.6530
vn -0.6883 0.3358 -0.6430
vn -0.6884 0.3358 -0.6429
vn -0.6951 0.3412 -0.6328
vn -0.0000 0.7421 -0.6703
vn 0.8183 0.0014 -0.5748
vn 0.8181 0.0014 -0.5751
vn -0.7668 0.0116 -0.6418
vn 0.4518 0.3920 0.8014
vn 0.4519 0.3930 0.8009
vn 0.4519 0.3936 0.8005
vn 0.4520 0.3947 0.7999
vn -0.6835 0.3436 0.6440
vn -0.6673 0.3316 0.6669
vn -0.6505 0.3193 0.6892
vn -0.0000 0.7429 0.6695
vn -0.0000 0.7428 0.6695
vn 0.7677 0.0013 0.6408
vn -0.7676 0.0116 0.6408
vn 0.5233 0.4569 -0.7193
vn 0.5207 0.4876 -0.7007
vn 0.5207 0.4876 -0.7008
vn 0.5174 0.5178 -0.6813
vn -0.5343 -0.8453 -0.0000
vn -0.5354 -0.8446 -0.0000
vn -0.5371 -0.8435 -0.0000
vn -0.5356 -0.8445 -0.0000
vn -0.5304 -0.8478 -0.0000
vn -0.5358 -0.8444 -0.0000
vn -0.5372 -0.8434 -0.0000
vn -0.5395 -0.8420 -0.0000
vn -0.5377 -0.8432 -0.0000
vn -0.5359 -0.8443 -0.0000
vn -0.5305 -0.8477 -0.0000
vn -0.5313 -0.8472 -0.0000
vn -0.5317 -0.8469 -0.0000
vn -0.5324 -0.8465 -0.0000
vn -0.5300 -0.8480 -0.0000
vn -0.5402 -0.8416 -0.0000
vn -0.5419 -0.8405 -0.0000
vn -0.5397 -0.8419 -0.0000
vn -0.5375 -0.8433 -0.0000
vn -0.5307 -0.8475 -0.0000
vn 0.5166 -0.0004 0.8562
vn 0.5171 -0.0000 0.8559
vn 0.5151 -0.0001 0.8571
vn 0.5145 -0.0001 0.8575
vn 0.5147 -0.0004 0.8574
vn 0.5160 -0.0004 0.8566
vn 0.5160 -0.0002 0.8566
vn -0.0000 -0.0000 1.0000
vn -0.4361 0.5867 -0.6824
vn 0.0789 0.8697 -0.4872
vn 0.0507 0.7267 0.6851
vn -0.1090 0.8714 0.4783
vn -0.5387 -0.8425 -0.0000
vn -0.5409 -0.8411 -0.0000
vn -0.5442 -0.8389 -0.0000
vn -0.5418 -0.8405 -0.0000
vn -0.5390 -0.8423 -0.0000
vn -0.5309 -0.8475 -0.0000
vn -0.5416 -0.8406 -0.0000
vn -0.5453 -0.8382 -0.0000
vn -0.5489 -0.8359 -0.0000
vn -0.5454 -0.8382 -0.0000
vn -0.5420 -0.8404 -0.0000
vn -0.5431 -0.8397 -0.0000
vn -0.5467 -0.8373 -0.0000
vn -0.5437 -0.8393 -0.0000
vn -0.5405 -0.8413 -0.0000
vn -0.5311 -0.8473 -0.0000
vn -0.4826 -0.0000 0.8759
vn -0.6051 -0.0000 0.7961
vn -0.7170 -0.0000 0.6971
vn -0.8498 -0.0000 0.5271
vn -0.8845 -0.0000 0.4665
vn -0.9437 -0.0000 0.3307
vn -0.9669 -0.0000 0.2552
vn -0.9669 -0.0000 -0.2552
vn -0.9437 -0.0000 -0.3307
vn -0.8845 -0.0000 -0.4665
vn -0.8498 -0.0000 -0.5271
vn -0.7111 -0.0000 -0.7031
vn -0.5909 -0.0000 -0.8068
vn -0.4594 -0.0000 -0.8883
vn -0.5470 -0.8371 -0.0000
vn -0.5513 -0.8343 -0.0000
vn -0.5474 -0.8369 -0.0000
vn -0.5434 -0.8395 -0.0000
vn -0.5314 -0.8471 -0.0000
vn 0.5383 0.8428 -0.0007
vn 0.5381 0.8429 -0.0007
vn 0.5374 0.8433 -0.0012
vn 0.5315 0.8471 -0.0010
vn 0.5301 0.8479 -0.0004
vn 0.5292 0.8485 -0.0005
vn 0.5334 0.8458 -0.0001
vn 0.5334 0.8458 0.0001
vn 0.5299 0.8480 0.0004
vn 0.5298 0.8481 0.0004
vn 0.5316 0.8470 0.0010
vn 0.5371 0.8435 0.0012
vn 0.5383 0.8428 0.0007
vn 0.5381 0.8429 0.0007
vn 0.5173 -0.0000 0.8558
vn 0.4263 -0.0000 0.9046
vn 0.3305 -0.0000 0.9438
vn 0.1771 -0.0000 0.9842
vn 0.1214 -0.0000 0.9926
vn -0.4038 -0.0000 0.9149
vn -0.5227 -0.0000 0.8525
vn -0.6319 -0.0000 0.7750
vn -0.6328 -0.0000 0.7743
vn -0.6338 -0.0000 0.7735
vn 0.9267 -0.0000 0.3758
vn 0.9186 -0.0000 0.3952
vn 0.9100 -0.0000 0.4145
vn 0.8529 -0.0000 0.5221
vn 0.7953 -0.0000 0.6062
vn 0.6648 -0.0000 0.7470
vn 0.5932 -0.0000 0.8050
vn -0.5445 -0.8388 -0.0000
vn -0.5490 -0.8358 -0.0000
vn -0.5535 -0.8328 -0.0000
vn -0.5492 -0.8357 -0.0000
vn -0.5449 -0.8385 -0.0000
vn -0.5316 -0.8470 -0.0000
vn -0.4265 -0.0000 -0.9045
vn -0.5173 -0.0000 -0.8558
vn -0.5895 -0.0000 -0.8078
vn -0.6577 -0.0000 -0.7533
vn -0.7907 -0.0000 -0.6122
vn -0.8522 -0.0000 -0.5232
vn -0.9125 -0.0000 -0.4092
vn -0.9207 -0.0000 -0.3902
vn -0.9288 -0.0000 -0.3705
vn -0.9287 -0.0000 -0.3709
vn 0.6310 -0.0000 -0.7758
vn 0.5228 -0.0000 -0.8524
vn 0.4039 -0.0000 -0.9148
vn 0.1661 -0.0000 -0.9861
vn 0.0489 -0.0000 -0.9988
vn -0.1227 -0.0000 -0.9924
vn -0.1775 -0.0000 -0.9841
vn -0.3301 -0.0000 -0.9440
vn -0.6448 0.3177 0.6952
vn -0.6489 0.3158 0.6922
vn -0.6567 0.3211 0.6824
vn -0.6626 0.3226 0.6759
vn -0.6722 0.3313 0.6621
vn -0.0000 -0.0000 -1.0000
vn -1.0000 -0.0000 -0.0036
vn -1.0000 -0.0000 -0.0038
vn -1.0000 -0.0000 -0.0022
vn -0.8646 -0.0000 -0.5024
vn -0.0044 -0.0000 -1.0000
vn 0.4963 -0.0000 -0.8682
vn 0.6135 -0.0000 -0.7897
vn 0.7206 -0.0000 -0.6934
vn 0.8498 -0.0000 -0.5272
vn 0.8845 -0.0000 -0.4665
vn 0.9437 -0.0000 -0.3307
vn 0.9669 -0.0000 -0.2551
vn 1.0000 -0.0000 -0.0000
vn 0.9669 -0.0000 0.2552
vn 0.9437 -0.0000 0.3307
vn 0.8846 -0.0000 0.4664
vn 0.8498 -0.0000 0.5272
vn 0.7206 -0.0000 0.6934
vn 0.6136 -0.0000 0.7897
vn 0.4963 -0.0000 0.8682
vn -0.5005 -0.0000 0.8657
vn -0.5008 -0.0000 0.8656
vn -1.0000 -0.0000 0.0034
vn -1.0000 -0.0000 0.0040
vn -0.5302 -0.8479 -0.0000
vn -0.5340 -0.8455 -0.0000
vn -0.5330 -0.8461 -0.0000
vn -0.5344 -0.8453 -0.0000
vn -0.5328 -0.8462 -0.0000
vn -0.5460 -0.8378 -0.0000
vn -0.5459 -0.8378 -0.0000
vn -0.5507 -0.8347 -0.0000
vn -0.5558 -0.8313 -0.0000
vn -0.5463 -0.8376 -0.0000
vn -0.5318 -0.8469 -0.0000
vn -0.8846 -0.0000 0.4664
vn -0.8497 -0.0000 0.5272
vn -0.7261 -0.0000 0.6876
vn -0.6264 -0.0000 0.7795
vn -0.4268 -0.0000 0.9043
vn -0.3307 -0.0000 0.9437
vn -0.1775 -0.0000 0.9841
vn -0.1225 -0.0000 0.9925
vn 0.0489 -0.0000 0.9988
vn 0.1660 -0.0000 0.9861
vn 0.4038 -0.0000 0.9149
vn 0.5230 -0.0000 0.8523
vn 0.6832 -0.0000 0.7303
vn 0.7323 -0.0000 0.6809
vn 0.8592 -0.0000 0.5116
vn 0.9244 -0.0000 0.3814
vn 1.0000 -0.0000 0.0001
vn 0.5256 0.8507 -0.0020
vn 0.5266 0.8501 -0.0020
vn 0.5295 0.8483 -0.0020
vn 0.5321 0.8467 -0.0014
vn 0.5306 0.8476 0.0002
vn 0.5281 0.8492 -0.0039
vn 0.5274 0.8496 -0.0047
vn 0.5265 0.8501 -0.0057
vn 0.5266 0.8501 -0.0057
vn 0.5286 0.8489 -0.0025
vn 0.5318 0.8469 0.0028
vn 0.5330 0.8461 0.0051
vn 0.5329 0.8462 0.0049
vn 0.5330 0.8461 0.0050
vn 0.5328 0.8462 0.0046
vn 0.5295 0.8483 -0.0003
vn 0.5267 0.8500 0.0022
vn 0.5258 0.8506 0.0022
vn -0.4360 0.5862 -0.6829
vn -0.0085 0.9213 -0.3888
vn 0.0507 0.7310 0.6805
vn -0.1296 0.7893 0.6002
vn -0.4354 0.5860 -0.6834
vn 0.0407 0.8771 -0.4786
vn 0.0509 0.7298 0.6817
vn -0.1690 0.8734 0.4567
vn 0.0625 0.8725 0.4846
vn -0.2242 0.7685 -0.5993
vn -0.1557 0.5336 0.8313
vn 1.0000 -0.0000 -0.0001
vn 0.9244 -0.0000 -0.3814
vn 0.8592 -0.0000 -0.5116
vn 0.7323 -0.0000 -0.6810
vn 0.6832 -0.0000 -0.7303
vn 0.5228 -0.0000 -0.8525
vn 0.4038 -0.0000 -0.9149
vn 0.0488 -0.0000 -0.9988
vn -0.1220 -0.0000 -0.9925
vn -0.1776 -0.0000 -0.9841
vn -0.3307 -0.0000 -0.9437
vn -0.4268 -0.0000 -0.9043
vn -0.6264 -0.0000 -0.7795
vn -0.7261 -0.0000 -0.6876
vn -0.8498 -0.0000 -0.5272
vn -0.8846 -0.0000 -0.4664
vn 0.5169 -0.0006 -0.8561
vn 0.5158 -0.0003 -0.8567
vn 0.5134 -0.0000 -0.8582
vn 0.5147 -0.0003 -0.8574
vn 0.5157 -0.0004 -0.8567
vn 0.5160 -0.0002 -0.8566
vn 0.5321 0.8467 -0.0000
vn 0.5336 0.8457 -0.0000
vn 0.5326 0.8464 -0.0000
vn 0.5327 0.8463 -0.0000
vn 0.5322 0.8466 -0.0000
vn 0.5301 0.8479 -0.0000
vn 0.5345 0.8452 -0.0000
vn 0.5349 0.8449 -0.0000
vn 0.5348 0.8450 -0.0000
vn 0.5337 0.8457 -0.0000
vn 0.5303 0.8478 -0.0000
vn 0.5350 0.8448 -0.0000
vn 0.5371 0.8435 -0.0000
vn 0.5376 0.8432 -0.0000
vn 0.5366 0.8438 -0.0000
vn 0.5352 0.8447 -0.0000
vn 0.5305 0.8477 -0.0000
vn 0.5365 0.8439 -0.0000
vn 0.5399 0.8417 -0.0000
vn 0.5395 0.8420 -0.0000
vn 0.5386 0.8425 -0.0000
vn 0.5306 0.8476 -0.0000
vn 0.5380 0.8430 -0.0000
vn 0.5419 0.8405 -0.0000
vn 0.5418 0.8405 -0.0000
vn 0.5406 0.8413 -0.0000
vn 0.5382 0.8428 -0.0000
vn 0.5308 0.8475 -0.0000
vn 0.5394 0.8420 -0.0000
vn 0.5438 0.8392 -0.0000
vn 0.5439 0.8391 -0.0000
vn 0.5426 0.8400 -0.0000
vn 0.5398 0.8418 -0.0000
vn 0.5310 0.8474 -0.0000
vn 0.5409 0.8411 -0.0000
vn 0.5460 0.8378 -0.0000
vn 0.5445 0.8388 -0.0000
vn 0.5412 0.8409 -0.0000
vn 0.5311 0.8473 -0.0000
vn 0.5423 0.8402 -0.0000
vn 0.5483 0.8363 -0.0000
vn 0.5481 0.8364 -0.0000
vn 0.5465 0.8375 -0.0000
vn 0.5427 0.8399 -0.0000
vn 0.5313 0.8472 -0.0000
vn 0.5501 0.8351 -0.0000
vn 0.5502 0.8350 -0.0000
vn 0.5441 0.8390 -0.0000
vn 0.5315 0.8470 -0.0000
vn -0.6448 0.3177 -0.6952
vn -0.6568 0.3211 -0.6823
vn -0.6488 0.3158 -0.6924
vn -0.6627 0.3227 -0.6758
vn -0.6722 0.3313 -0.6621
vn 0.5452 0.8383 -0.0000
vn 0.5522 0.8337 -0.0000
vn 0.5524 0.8336 -0.0000
vn 0.5503 0.8350 -0.0000
vn 0.5456 0.8381 -0.0000
vn 0.5317 0.8469 -0.0000
vn 0.4728 -0.0000 -0.8812
vn 0.3303 -0.0000 -0.9439
vn 0.1774 -0.0000 -0.9841
vn 0.1225 -0.0000 -0.9925
vn -0.0490 -0.0000 -0.9988
vn -0.6063 -0.0000 -0.7952
vn -0.5228 -0.0000 -0.8525
vn -0.6309 -0.0000 -0.7758
vn -0.6831 -0.0000 -0.7303
vn -0.7323 -0.0000 -0.6810
vn -0.8592 -0.0000 -0.5116
vn -0.9244 -0.0000 -0.3814
vn -0.9244 -0.0000 0.3814
vn -0.8592 -0.0000 0.5116
vn -0.7323 -0.0000 0.6810
vn -0.6831 -0.0000 0.7303
vn -0.6062 0.0001 0.7953
vn -0.1662 -0.0000 0.9861
vn 0.1222 -0.0000 0.9925
vn 0.1774 -0.0000 0.9841
vn 0.4728 -0.0000 0.8812
vn -0.7322 -0.0000 0.6811
vn -0.6310 -0.0000 0.7758
vn -0.7323 -0.0000 0.6809
vn -0.7323 -0.0000 -0.6809
vn -0.6832 -0.0000 -0.7302
vn -0.6832 -0.0000 0.7303
vn -0.6832 -0.0000 -0.7303
vn -0.7324 -0.0000 -0.6809
vn -0.7322 -0.0000 -0.6811
vn -0.7324 -0.0000 0.6809
vn -0.4362 0.5866 -0.6824
vn -0.3304 0.1624 -0.9298
vn -0.9013 0.4333 -0.0000
vn -0.9013 0.4333 -0.0007
vn -0.4028 0.1937 -0.8945
vn -0.4229 0.2080 -0.8820
vn -0.8193 0.4035 -0.4074
vn -0.8632 0.4254 -0.2717
vn -0.8194 0.4033 0.4074
vn -0.8174 0.4028 0.4118
vn -0.4231 0.2081 0.8819
vn -0.3305 0.1625 0.9297
vn -0.6375 0.3066 0.7068
vn -0.4364 0.5867 -0.6822
vn -0.3513 0.1729 -0.9202
vn 0.0592 0.8736 -0.4830
vn 0.0508 0.7268 0.6850
vn -0.1089 0.8715 0.4782
vn -0.4027 0.1937 -0.8946
vn -0.4519 0.2224 -0.8639
vn -0.8671 0.4275 -0.2556
vn -0.8288 0.4080 0.3828
vn -0.8271 0.4077 0.3868
vn -0.4521 0.2225 0.8638
vn -0.3514 0.1729 0.9201
vn -0.6375 0.3067 0.7068
vn -0.3499 0.1723 -0.9208
vn -0.1343 0.8750 -0.4651
vn 0.0509 0.7282 0.6834
vn -0.1385 0.8749 0.4641
vn -0.4503 0.2218 -0.8649
vn -0.8669 0.4275 -0.2564
vn -0.8283 0.4080 0.3841
vn -0.8265 0.4076 0.3883
vn -0.4503 0.2218 0.8649
vn -0.3499 0.1723 0.9208
vn -0.6368 0.3064 0.7075
vn -0.4355 0.5858 -0.6835
vn -0.3668 0.1805 -0.9126
vn 0.0408 0.8770 -0.4788
vn -0.1557 0.5335 0.8313
vn 0.0627 0.8725 0.4845
vn -0.4034 0.1941 -0.8942
vn -0.4718 0.2322 -0.8506
vn -0.8348 0.4114 -0.3658
vn -0.8697 0.4287 -0.2444
vn -0.8349 0.4111 0.3660
vn -0.8332 0.4108 0.3701
vn -0.3667 0.1804 0.9127
vn 0.0511 0.7299 0.6817
vn -0.3546 0.1744 0.9186
vn 0.0508 0.7311 0.6804
vn -0.1297 0.7893 0.6001
vn -0.4714 0.2321 0.8508
vn -0.6368 0.3063 0.7076
vn -0.4361 0.5861 -0.6829
vn -0.4034 0.1940 -0.8942
vn -0.3548 0.1744 -0.9185
vn -0.4538 0.2233 -0.8627
vn -0.8294 0.4085 -0.3810
vn -0.8674 0.4275 -0.2549
vn -0.8295 0.4080 0.3813
vn -0.8274 0.4078 0.3862
vn -0.4536 0.2231 0.8628
vn -0.6370 0.3062 0.7075
vn -0.9013 0.4333 0.0010
vn -0.9013 0.4333 0.0015
vn -0.0084 0.9212 -0.3890
vn -0.4363 0.5868 -0.6822
vn 0.0591 0.8736 -0.4830
vn 0.0508 0.7282 0.6835
vn -0.1386 0.8749 0.4641
vn -0.9437 -0.0000 -0.3308
vn -0.8497 -0.0000 -0.5272
vn -0.3305 -0.0000 -0.9438
vn -0.1222 -0.0000 -0.9925
vn 0.1660 -0.0000 -0.9861
vn 0.4036 -0.0000 -0.9149
vn 0.5230 -0.0000 -0.8523
vn 0.6831 -0.0000 -0.7303
vn -0.2053 -0.0658 0.9765
vn -0.1637 -0.0398 0.9857
vn -0.2053 -0.0641 0.9766
vn -0.2415 -0.2099 0.9474
vn -0.2456 -0.2987 0.9222
vn -0.2333 -0.4785 0.8465
vn -0.2016 -0.5713 0.7956
vn -0.1275 -0.7137 0.6888
vn -0.1255 -0.7147 0.6881
vn -0.0736 -0.7659 0.6388
vn -0.0672 -0.7621 0.6440
vn 0.0317 -0.7609 0.6481
vn 0.1301 -0.7511 0.6472
vn 0.3656 -0.7041 0.6087
vn 0.5078 -0.6468 0.5690
vn 0.6555 -0.5646 0.5016
vn 0.6801 -0.5468 0.4884
vn 0.6949 -0.5388 0.4762
vn 0.6916 -0.5423 0.4771
vn 0.6846 -0.5474 0.4814
vn 0.7290 -0.3491 0.5888
vn 0.5237 -0.4313 0.7347
vn 0.7290 -0.4495 0.5163
vn 0.3729 -0.4661 0.8023
vn 0.2138 -0.4902 0.8450
vn 0.2140 -0.4899 0.8451
vn 0.1160 -0.4981 0.8593
vn 0.0166 -0.4997 0.8660
vn -0.1354 -0.4937 0.8590
vn -0.1875 -0.4870 0.8530
vn -0.3268 -0.4676 0.8213
vn -0.4122 -0.4514 0.7914
vn -0.5725 -0.4075 0.7115
vn -0.6469 -0.3829 0.6595
vn -0.7029 -0.3562 0.6157
vn -0.6890 -0.3639 0.6268
vn -0.6324 -0.3839 0.6728
vn -0.6298 -0.3834 0.6756
vn -0.5462 -0.4140 0.7282
vn -0.5057 -0.4320 0.7468
vn -0.4317 -0.4548 0.7790
vn -0.4023 -0.4647 0.7888
vn -0.3975 -0.4694 0.7885
vn -0.4243 -0.4651 0.7769
vn -0.4927 -0.4511 0.7441
vn -0.5352 -0.4400 0.7211
vn -0.6098 -0.4117 0.6772
vn -0.6428 -0.3961 0.6557
vn -0.6947 -0.3655 0.6195
vn -0.6949 -0.3651 0.6196
vn -0.7149 -0.3526 0.6038
vn -0.7823 -0.3144 0.5378
vn -0.8192 -0.3765 0.4325
vn -0.8756 -0.4253 0.2290
vn -0.8401 -0.5060 0.1952
vn -0.8855 -0.4647 0.0001
vn -0.8953 -0.4455 0.0002
vn -0.0756 -0.3713 0.9254
vn -0.0385 -0.5666 0.8231
vn -0.0584 -0.4259 0.9029
vn -0.0405 -0.6494 0.7594
vn -0.1220 -0.7173 0.6860
vn -0.1203 -0.7162 0.6874
vn -0.2653 -0.6956 0.6677
vn -0.3229 -0.6837 0.6544
vn -0.4372 -0.6515 0.6201
vn -0.4939 -0.6312 0.5981
vn -0.6368 -0.5598 0.5302
vn -0.6371 -0.5595 0.5302
vn -0.7180 -0.5058 0.4781
vn -0.7461 -0.5179 0.4185
vn -0.7604 -0.4722 0.4460
vn -0.8145 -0.5261 0.2445
vn -0.7860 -0.5826 0.2068
vn -0.8534 -0.5212 0.0001
vn -0.8704 -0.4924 0.0001
vn 0.3256 0.6303 0.7048
vn 0.2914 0.6499 0.7019
vn 0.2296 0.6036 0.7635
vn 0.1383 0.5606 0.8165
vn -0.0117 0.4019 0.9156
vn -0.0193 0.3998 0.9164
vn -0.1321 0.2358 0.9628
vn -0.1692 0.1767 0.9696
vn -0.2107 0.0559 0.9759
vn -0.2109 0.0570 0.9758
vn -0.2033 -0.0540 0.9776
vn -0.1854 -0.1089 0.9766
vn -0.1325 -0.2412 0.9614
vn -0.1325 -0.2414 0.9613
vn -0.8953 -0.4455 -0.0002
vn -0.8855 -0.4647 -0.0001
vn -0.8756 -0.4253 -0.2290
vn -0.8402 -0.5060 -0.1951
vn -0.8192 -0.3766 -0.4325
vn -0.7823 -0.3144 -0.5378
vn -0.7149 -0.3533 -0.6034
vn -0.7148 -0.3515 -0.6046
vn -0.6948 -0.3654 -0.6194
vn -0.6949 -0.3651 -0.6196
vn -0.6427 -0.3961 -0.6558
vn -0.6098 -0.4117 -0.6772
vn -0.5352 -0.4400 -0.7211
vn -0.4925 -0.4512 -0.7442
vn -0.4238 -0.4653 -0.7771
vn -0.3976 -0.4693 -0.7885
vn -0.4022 -0.4648 -0.7888
vn -0.4315 -0.4549 -0.7790
vn -0.5056 -0.4320 -0.7468
vn -0.5462 -0.4140 -0.7282
vn -0.6319 -0.3838 -0.6734
vn -0.6299 -0.3834 -0.6755
vn -0.6890 -0.3639 -0.6268
vn -0.7029 -0.3561 -0.6157
vn -0.6468 -0.3829 -0.6596
vn -0.5725 -0.4075 -0.7115
vn -0.4121 -0.4514 -0.7915
vn -0.3267 -0.4676 -0.8213
vn -0.1883 -0.4874 -0.8526
vn -0.1352 -0.4934 -0.8593
vn 0.0166 -0.4997 -0.8660
vn 0.1159 -0.4981 -0.8593
vn 0.2139 -0.4900 -0.8451
vn 0.3729 -0.4661 -0.8023
vn 0.5237 -0.4313 -0.7347
vn 0.7290 -0.3491 -0.5888
vn 0.7290 -0.4494 -0.5163
vn 0.7685 -0.5243 -0.3667
vn 0.7505 -0.5966 -0.2844
vn 0.8203 -0.5719 -0.0000
vn 0.8528 -0.5223 -0.0000
vn 0.7504 -0.5967 0.2844
vn 0.7685 -0.5243 0.3667
vn 0.9243 -0.0019 0.3817
vn 0.8590 -0.0018 0.5120
vn 0.7396 -0.0016 0.6730
vn 0.6994 -0.0015 0.7148
vn 0.5421 -0.0015 0.8403
vn 0.4132 -0.0016 0.9106
vn 0.1652 -0.0016 0.9863
vn 0.0480 -0.0016 0.9988
vn -0.1231 -0.0016 0.9924
vn -0.1785 -0.0016 0.9839
vn -0.3318 -0.0015 0.9433
vn -0.4275 -0.0015 0.9040
vn -0.6269 -0.0015 0.7791
vn -0.7266 -0.0017 0.6871
vn -0.8501 -0.0018 0.5266
vn -0.8848 -0.0018 0.4660
vn -0.9439 -0.0019 0.3304
vn -0.9670 -0.0019 0.2549
vn -1.0000 -0.0020 0.0002
vn 0.9150 -0.1709 -0.3655
vn 0.9127 -0.1643 -0.3741
vn 0.8931 -0.2062 -0.3999
vn 0.8715 -0.2546 -0.4192
vn 0.7828 -0.3911 -0.4840
vn 0.7873 -0.4019 -0.4676
vn 0.6384 -0.5339 -0.5545
vn 0.5542 -0.5730 -0.6037
vn 0.4756 -0.6187 -0.6253
vn 0.4650 -0.5987 -0.6522
vn -1.0000 -0.0020 -0.0002
vn -0.9670 -0.0019 -0.2549
vn -0.9439 -0.0019 -0.3304
vn -0.8848 -0.0018 -0.4660
vn -0.8501 -0.0018 -0.5267
vn -0.7266 -0.0017 -0.6871
vn -0.6270 -0.0015 -0.7791
vn -0.4275 -0.0015 -0.9040
vn -0.3315 -0.0015 -0.9434
vn -0.1783 -0.0016 -0.9840
vn -0.1232 -0.0016 -0.9924
vn 0.0480 -0.0016 -0.9988
vn 0.1654 -0.0016 -0.9862
vn 0.4132 -0.0016 -0.9106
vn 0.5420 -0.0015 -0.8404
vn 0.6994 -0.0015 -0.7148
vn 0.7396 -0.0016 -0.6731
vn 0.8589 -0.0018 -0.5121
vn 0.9243 -0.0019 -0.3817
vn 1.0000 -0.0020 -0.0000
vn 0.3901 -0.2188 0.8944
vn 0.7802 -0.4374 0.4472
vn 0.8722 -0.4891 -0.0000
vn 0.7323 -0.0000 0.6810
vn 0.5231 -0.0000 0.8523
vn 0.1663 -0.0000 0.9861
vn 0.0492 -0.0000 0.9988
vn -0.1226 -0.0000 0.9925
vn -0.1774 -0.0000 0.9841
vn -0.3306 -0.0000 0.9438
vn -0.4260 -0.0000 0.9047
vn -0.9437 -0.0000 0.3308
vn 0.0164 0.7858 0.6183
vn -0.0151 0.7740 0.6331
vn -0.0223 0.7697 0.6380
vn -0.0350 0.7613 0.6475
vn -0.0364 0.7612 0.6475
vn 0.1124 0.7806 0.6148
vn 0.0165 0.7859 0.6182
vn 0.2083 0.7682 0.6054
vn 0.3605 0.7326 0.5774
vn 0.4183 0.7135 0.5621
vn 0.4918 0.6841 0.5386
vn 0.5091 0.6766 0.5321
vn 0.5886 0.6357 0.4995
vn 0.5885 0.6359 0.4994
vn 0.6476 0.5993 0.4706
vn 0.6475 0.5993 0.4706
vn 0.6817 0.5754 0.4519
vn 0.7137 0.5503 0.4333
vn 0.7969 0.4619 0.3894
vn 0.8416 0.3955 0.3678
vn 0.9077 0.2548 0.3334
vn 0.9269 0.1820 0.3281
vn 0.9442 0.0529 0.3252
vn 0.9442 0.0538 0.3249
vn 0.9327 0.0318 0.3593
vn 0.9194 0.0628 0.3883
vn 0.8735 0.1804 0.4522
vn 0.8753 0.1776 0.4499
vn 0.8047 0.3291 0.4941
vn 0.7688 0.3942 0.5035
vn 0.7073 0.5032 0.4965
vn 0.6780 0.5485 0.4893
vn 0.6519 0.5896 0.4769
vn 0.6544 0.5851 0.4791
vn 0.6935 0.5556 0.4587
vn 0.7279 0.5262 0.4396
vn 0.8088 0.4507 0.3778
vn 0.8514 0.4064 0.3315
vn 0.8890 0.3604 0.2826
vn 0.8810 0.4055 0.2439
vn 0.8703 0.4452 0.2106
vn 0.8579 0.4826 0.1766
vn 0.8562 0.4852 0.1775
vn -0.5407 0.8412 -0.0000
vn -0.8027 0.5616 0.2006
vn -0.5386 0.8426 -0.0028
vn -0.9481 0.3179 -0.0000
vn -0.8027 0.5616 -0.2006
vn -0.5380 0.8429 0.0022
vn -0.5336 0.8457 -0.0021
vn -0.5728 0.6511 0.4979
vn -0.5330 0.8461 0.0022
vn -0.5729 0.6511 -0.4979
vn 0.8977 -0.0000 -0.4406
vn 0.9598 -0.0000 -0.2808
vn 0.9711 -0.0000 -0.2385
vn 0.8663 -0.0000 -0.4996
vn 0.7741 -0.0000 -0.6331
vn 0.7666 0.0011 -0.6421
vn 0.6552 -0.0000 -0.7555
vn 0.5755 -0.0001 -0.8178
vn 0.5173 -0.0001 -0.8558
vn 0.5174 -0.0001 -0.8558
vn 0.5167 -0.0003 -0.8562
vn 0.5163 -0.0005 -0.8564
vn 0.5160 -0.0006 -0.8566
vn 0.5161 -0.0005 -0.8566
vn 0.5169 0.0002 -0.8560
vn 0.5173 0.0002 -0.8558
vn -0.5221 -0.0000 0.8529
vn -0.4038 -0.0000 0.9148
vn -0.3815 0.4427 0.8114
vn -0.1992 0.7817 0.5910
vn -0.9972 0.0032 0.0745
vn -0.9740 0.2166 0.0664
vn -0.8312 0.5444 0.1131
vn -0.4114 0.9076 0.0833
vn 0.6576 0.5297 0.5357
vn 0.5608 0.5571 0.6125
vn 0.1773 -0.0000 0.9842
vn 0.4521 0.5788 0.6786
vn -0.0488 -0.0000 0.9988
vn 0.1709 0.4930 0.8531
vn 0.0166 0.7106 0.7034
vn 0.2281 0.8850 0.4059
vn 0.9667 -0.0007 0.2560
vn 0.4137 -0.6000 0.6847
vn 0.4138 -0.6005 0.6843
vn 0.4138 -0.6003 0.6844
vn -0.0792 -0.3368 0.9382
vn 0.5173 0.0002 0.8558
vn 0.5170 0.0002 0.8560
vn 0.5163 -0.0003 0.8564
vn 0.5160 -0.0006 0.8566
vn 0.5161 -0.0005 0.8566
vn 0.5167 -0.0003 0.8562
vn 0.5170 -0.0002 0.8560
vn 0.5173 -0.0001 0.8558
vn -0.3747 0.0043 0.9271
vn -0.3446 0.0575 0.9370
vn -0.2565 0.1752 0.9505
vn -0.1974 0.2390 0.9507
vn -0.0599 0.3601 0.9310
vn 0.0202 0.4467 0.8945
vn 0.2097 0.5498 0.8086
vn 0.3185 0.5919 0.7405
vn 0.4205 0.5984 0.6820
vn 0.4197 0.5975 0.6833
vn 0.8977 -0.0000 0.4406
vn 0.9547 -0.0000 0.2976
vn 0.8526 -0.0000 0.5226
vn 0.9711 -0.0000 0.2385
vn 0.9547 -0.0000 -0.2976
vn 0.8526 -0.0000 -0.5226
vn 0.7605 -0.0000 -0.6494
vn 0.7604 -0.0000 -0.6495
vn 0.6552 -0.0000 -0.7554
vn 0.5477 0.0001 -0.8367
vn 0.5176 0.0002 -0.8556
vn 0.5163 -0.0006 -0.8564
vn 0.5161 -0.0007 -0.8565
vn 0.5169 -0.0000 -0.8560
vn 0.5477 -0.0002 0.8367
vn 0.5165 -0.0004 0.8563
vn 0.5161 -0.0007 0.8565
vn 0.5163 -0.0006 0.8564
vn 0.5172 -0.0000 0.8559
vn 0.5176 0.0002 0.8556
vn 0.6552 -0.0000 0.7554
vn 0.7607 -0.0000 0.6491
vn 0.7604 -0.0000 0.6495
vn -0.3430 0.4691 0.8138
vn -0.1503 0.6178 0.7718
vn -0.4205 0.3858 0.8212
vn 0.0400 0.7270 0.6855
vn 0.2228 0.7103 0.6677
vn 0.3485 0.6829 0.6420
vn 0.4626 0.6450 0.6083
vn 0.4621 0.6501 0.6032
vn 0.5015 0.6332 0.5895
vn 0.5427 0.6101 0.5773
vn 0.6327 0.5280 0.5664
vn 0.6800 0.4451 0.5827
vn 0.7526 0.3031 0.5846
vn 0.7655 0.2037 0.6104
vn 0.7887 0.0901 0.6081
vn 0.7705 0.0382 0.6363
vn 0.7819 -0.0427 0.6220
vn 0.7442 -0.0004 0.6680
vn 0.7924 -0.0853 0.6040
vn 0.8298 -0.1696 0.5316
vn -0.2064 0.0006 0.9785
vn -0.2065 0.0006 0.9784
vn 0.9487 -0.0000 0.3161
vn 0.9491 -0.0000 0.3151
vn 0.9489 -0.0000 0.3155
vn 0.9493 -0.0001 0.3143
vn 0.1615 0.6703 0.7243
vn 0.2711 0.6671 0.6939
vn 0.2720 0.6454 0.7137
vn 0.0574 0.6567 0.7520
vn -0.1258 0.5740 0.8091
vn -0.1767 0.4890 0.8542
vn -0.2774 0.3624 0.8898
vn -0.2818 0.2781 0.9183
vn -0.3130 0.2159 0.9249
vn -0.2872 0.1983 0.9371
vn -0.0756 -0.3713 -0.9254
vn -0.0584 -0.4259 -0.9029
vn -0.0385 -0.5666 -0.8231
vn -0.0405 -0.6494 -0.7594
vn -0.1219 -0.7173 -0.6860
vn -0.1203 -0.7162 -0.6874
vn -0.2655 -0.6956 -0.6676
vn -0.3229 -0.6842 -0.6539
vn -0.4371 -0.6515 -0.6201
vn -0.4939 -0.6312 -0.5981
vn -0.6371 -0.5596 -0.5300
vn -0.6371 -0.5595 -0.5302
vn -0.7180 -0.5058 -0.4781
vn -0.7461 -0.5179 -0.4185
vn -0.7604 -0.4722 -0.4460
vn -0.8146 -0.5260 -0.2445
vn -0.7859 -0.5827 -0.2070
vn -0.8534 -0.5212 -0.0001
vn -0.8704 -0.4924 -0.0001
vn 0.2295 0.6036 -0.7635
vn 0.2914 0.6499 -0.7019
vn 0.3256 0.6303 -0.7048
vn 0.1383 0.5606 -0.8165
vn -0.0116 0.4018 -0.9156
vn -0.0195 0.3996 -0.9165
vn -0.1322 0.2358 -0.9628
vn -0.1692 0.1767 -0.9696
vn -0.2107 0.0560 -0.9759
vn -0.2108 0.0572 -0.9759
vn -0.2032 -0.0540 -0.9776
vn -0.1854 -0.1089 -0.9766
vn -0.1325 -0.2412 -0.9614
vn -0.1325 -0.2415 -0.9613
vn 0.3931 -0.6519 0.6485
vn 0.4599 -0.6301 0.6257
vn 0.3938 -0.6500 0.6499
vn 0.5246 -0.6052 0.5988
vn 0.6202 -0.5576 0.5517
vn 0.6003 -0.6432 0.4753
vn 0.6002 -0.7153 0.3580
vn 0.5939 -0.7543 0.2797
vn 0.6785 -0.7084 0.1944
vn 0.7045 -0.6772 0.2121
vn 0.7210 -0.6930 -0.0000
vn 0.6785 -0.7084 -0.1944
vn 0.7045 -0.6772 -0.2122
vn 0.5939 -0.7543 -0.2797
vn 0.6002 -0.7153 -0.3580
vn 0.6003 -0.6432 -0.4753
vn 0.6202 -0.5576 -0.5517
vn 0.5245 -0.6052 -0.5988
vn 0.4599 -0.6301 -0.6257
vn 0.3931 -0.6520 -0.6484
vn 0.3938 -0.6501 -0.6499
vn -0.6573 -0.4637 -0.5941
vn -0.8409 -0.4040 -0.3602
vn -0.7114 -0.5923 -0.3783
vn -0.6756 -0.4398 -0.5917
vn -0.6750 -0.6665 -0.3164
vn -0.7196 -0.3781 -0.5824
vn -0.6491 -0.7315 -0.2087
vn -0.7069 -0.6501 -0.2786
vn -0.8150 -0.3671 -0.4484
vn -0.7580 -0.6327 -0.1587
vn -0.9105 -0.3534 -0.2146
vn -0.9805 -0.0000 -0.1964
vn -0.9465 -0.1127 -0.3022
vn -0.8247 -0.0000 -0.5656
vn -0.8035 -0.1236 -0.5823
vn -0.7330 -0.3252 -0.5974
vn -0.6573 -0.4638 -0.5941
vn -0.6970 -0.4095 -0.5887
vn -0.7193 -0.3782 -0.5827
vn -0.7703 -0.3738 -0.5166
vn -0.8150 -0.3671 -0.4483
vn -0.8855 -0.3570 -0.2975
vn -0.9366 -0.3504 0.0056
vn -0.9367 -0.3502 0.0060
vn -0.9088 -0.3533 0.2219
vn -0.8842 -0.3571 0.3012
vn -0.8150 -0.3671 0.4483
vn -0.7703 -0.3738 0.5166
vn -0.7186 -0.3783 0.5835
vn -0.7195 -0.3782 0.5825
vn -0.6969 -0.4096 0.5887
vn -0.6758 -0.4396 0.5917
vn -0.6573 -0.4637 0.5941
vn -0.6573 -0.4638 0.5941
vn -0.7330 -0.3252 0.5974
vn -0.8035 -0.1236 0.5823
vn -0.8158 -0.0618 0.5751
vn -0.8247 -0.0000 0.5656
vn -0.8435 -0.5371 0.0042
vn -0.9366 -0.3504 0.0057
vn -0.9087 -0.3533 0.2223
vn -0.7575 -0.6327 0.1608
vn -0.8150 -0.3671 0.4484
vn -0.7070 -0.6500 0.2786
vn -0.7192 -0.3782 0.5828
vn -0.6491 -0.7315 0.2087
vn -0.6750 -0.6665 0.3164
vn -0.6757 -0.4396 0.5917
vn -0.7114 -0.5923 0.3782
vn -0.8409 -0.4040 0.3602
vn -0.9611 -0.0965 0.2588
vn -0.9551 -0.0000 0.2962
vn 0.3863 0.6639 0.6403
vn 0.4895 0.6240 0.6091
vn 0.3813 0.6735 0.6332
vn 0.4918 0.6190 0.6124
vn 0.6201 0.5577 0.5518
vn 0.6003 0.6432 0.4753
vn 0.6002 0.7153 0.3580
vn 0.5939 0.7543 0.2797
vn 0.6785 0.7084 0.1944
vn 0.7045 0.6772 0.2122
vn 0.7210 0.6930 -0.0000
vn 0.6786 0.7084 -0.1944
vn 0.7046 0.6772 -0.2121
vn 0.5939 0.7544 -0.2797
vn 0.6002 0.7153 -0.3580
vn 0.6003 0.6433 -0.4753
vn 0.6200 0.5577 -0.5518
vn 0.4895 0.6240 -0.6091
vn 0.4918 0.6190 -0.6124
vn 0.3863 0.6639 -0.6403
vn 0.3813 0.6735 -0.6332
vn 0.2720 0.6454 -0.7137
vn 0.2711 0.6671 -0.6939
vn 0.1616 0.6702 -0.7243
vn 0.0574 0.6567 -0.7519
vn -0.1258 0.5740 -0.8091
vn -0.1767 0.4890 -0.8542
vn -0.2774 0.3624 -0.8898
vn -0.2818 0.2781 -0.9183
vn -0.3130 0.2159 -0.9249
vn -0.2872 0.1983 -0.9371
vn -0.1662 -0.0000 -0.9861
vn 0.1224 -0.0000 -0.9925
vn -0.0488 -0.0000 -0.9988
vn -0.5228 -0.0000 -0.8524
vn -0.7152 -0.0000 -0.6989
vn -0.7911 -0.0000 -0.6116
vn -0.9104 -0.0000 -0.4137
vn -0.9531 -0.0000 -0.3027
vn -1.0000 -0.0000 -0.0001
vn -0.7545 -0.0000 -0.6563
vn -0.5728 0.6511 -0.4979
vn -0.0847 0.7343 -0.6735
vn -0.1547 0.5519 -0.8194
vn -0.4036 -0.0000 -0.9149
vn 0.2780 0.6292 -0.7258
vn -0.0492 -0.0000 -0.9988
vn 0.4519 0.5782 -0.6793
vn 0.5609 0.5570 -0.6125
vn 0.4268 -0.0000 -0.9044
vn 0.6554 0.6017 -0.4565
vn 0.7095 0.5226 -0.4728
vn 0.7261 -0.0000 -0.6876
vn 0.8108 0.4974 -0.3084
vn 0.8511 0.4893 -0.1902
vn 0.9669 -0.0000 -0.2553
vn 0.9473 0.3203 -0.0000
vn 0.8512 0.4893 0.1901
vn 0.8109 0.4974 0.3085
vn 0.7261 -0.0000 0.6876
vn 0.7095 0.5225 0.4729
vn 0.6553 0.6017 0.4566
vn 0.8845 -0.0000 0.4665
vn 0.9669 -0.0000 -0.2552
vn 0.6264 -0.0000 -0.7795
vn 0.4266 -0.0000 -0.9045
vn 0.3301 -0.0000 -0.9440
vn 0.1780 -0.0000 -0.9840
vn -0.0846 0.7343 0.6735
vn -0.0847 0.7343 0.6735
vn -0.7546 -0.0000 0.6562
vn -0.5727 0.6512 0.4979
vn -0.9531 -0.0000 0.3027
vn -1.0000 -0.0000 0.0001
vn -0.9104 -0.0000 0.4137
vn -0.7911 -0.0000 0.6116
vn -0.7152 -0.0000 0.6989
vn -0.5231 -0.0000 0.8523
vn -0.1660 -0.0000 0.9861
vn 0.1223 -0.0000 0.9925
vn 0.1770 -0.0000 0.9842
vn 0.3301 -0.0000 0.9440
vn 0.4264 -0.0000 0.9045
vn 0.6264 -0.0000 0.7795
vn 0.4260 -0.0000 0.9047
vn 0.5609 0.5570 0.6125
vn 0.1775 -0.0000 0.9841
vn 0.4519 0.5782 0.6793
vn -0.0489 -0.0000 0.9988
vn 0.2780 0.6292 0.7258
vn -0.1547 0.5520 0.8194
vn -0.7072 -0.0006 0.7070
vn -0.7070 -0.0007 0.7072
vn -1.0000 -0.0009 -0.0000
vn 0.4473 -0.0011 0.8944
vn 0.8944 -0.0021 0.4472
vn 1.0000 -0.0023 -0.0000
vn 0.0007 -0.0003 -1.0000
vn 0.0003 0.0003 -1.0000
vn -0.1682 -0.0000 -0.9858
vn -0.3389 0.0001 -0.9408
vn -0.5384 0.0001 -0.8427
vn -0.5833 0.0004 -0.8123
vn -0.6274 0.0001 -0.7787
vn -0.6291 -0.0000 -0.7773
vn -0.7910 -0.0000 -0.6118
vn -0.9113 -0.0000 -0.4118
vn -0.9545 -0.0000 -0.2982
vn -1.0000 -0.0000 0.0070
vn -1.0000 -0.0000 0.0079
vn -0.9515 -0.0000 0.3077
vn -0.9093 -0.0000 0.4162
vn -0.7910 -0.0000 0.6118
vn -0.0000 -0.8944 -0.4473
vn -0.0000 -0.4472 -0.8944
vn 0.3900 -0.2187 -0.8945
vn 0.7801 -0.4374 -0.4473
vn 0.8944 -0.0021 -0.4473
vn 0.4472 -0.0010 -0.8944
vn -0.4661 -0.0000 -0.8848
vn -0.5383 -0.0828 -0.8387
vn -0.3238 -0.1441 -0.9351
vn -0.8158 -0.0618 -0.5751
vn -0.4521 -0.2548 -0.8548
vn -0.3357 0.0001 -0.9420
vn -1.0000 -0.0000 0.0068
vn -0.9929 -0.1191 0.0068
vn -0.9301 -0.1811 -0.3194
vn -0.7859 -0.1891 -0.5887
vn -0.6275 0.0001 -0.7786
vn -0.6962 -0.2213 -0.6829
vn -0.5817 0.0004 -0.8134
vn -0.6285 -0.2281 -0.7436
vn -0.6285 -0.2281 0.7436
vn -0.6972 -0.4091 0.5886
vn -0.6962 -0.2213 0.6829
vn -0.7188 -0.3783 0.5833
vn -0.7859 -0.1891 0.5887
vn -0.8843 -0.3571 0.3008
vn -0.9281 -0.1810 0.3253
vn -0.9367 -0.3502 0.0059
vn -0.7194 -0.3782 -0.5826
vn -0.6970 -0.4096 -0.5886
vn -0.5383 -0.0828 0.8387
vn -0.3238 -0.1441 0.9351
vn -0.4521 -0.2548 0.8548
vn -0.4661 -0.0000 0.8847
vn 0.0009 0.0002 1.0000
vn -0.3358 0.0001 0.9419
vn -0.5817 0.0005 0.8134
vn -0.6274 0.0001 0.7787
vn 0.4472 -0.0010 0.8944
vn 0.8944 -0.0021 0.4473
vn -0.6291 -0.0000 0.7773
vn -0.5833 0.0003 0.8122
vn -0.5389 -0.0002 0.8423
vn -0.3389 0.0001 0.9408
vn -0.1682 -0.0000 0.9858
vn 0.0004 0.0002 1.0000
vn 0.3901 -0.2187 0.8944
vn 0.7801 -0.4375 0.4473
vn 0.0001 -0.4472 0.8944
vn -0.0000 -0.8944 0.4473
vn 0.4473 -0.0011 -0.8944
vn 0.8944 -0.0021 -0.4472
vn 0.9997 -0.0000 -0.0247
vn 0.9149 -0.0000 0.4038
vn 0.8223 -0.0000 -0.5690
vn 0.9096 -0.0000 0.4155
vn 0.9069 -0.0000 0.4213
vn 0.8509 -0.0000 0.5254
vn 0.7942 -0.0000 0.6076
vn 0.6346 0.3427 0.6927
vn 0.6410 0.6850 0.3463
vn 0.4270 -0.0000 0.9042
vn 0.3303 -0.0000 0.9439
vn 0.1772 -0.0000 0.9842
vn 0.1219 -0.0000 0.9925
vn 0.9623 0.1747 -0.2084
vn 0.9508 -0.0000 -0.3099
vn 0.8468 0.4449 0.2917
vn 0.8365 0.4905 0.2442
vn 0.7876 0.5041 0.3545
vn 0.6649 -0.0000 0.7469
vn 0.6882 0.5251 0.5007
vn -0.7459 0.0021 -0.6660
vn -0.9972 0.0032 0.0747
vn -0.6749 0.2164 -0.7055
vn -0.9740 0.2166 0.0666
vn -0.7491 0.0021 -0.6625
vn -0.6959 0.1852 -0.6938
vn -0.4720 0.5444 -0.6934
vn -0.4175 0.6042 -0.6787
vn -0.8312 0.5443 0.1133
vn -0.7596 0.0021 -0.6503
vn -0.7130 0.1442 -0.6862
vn -0.3600 0.6601 -0.6593
vn -0.4719 0.5446 -0.6934
vn -0.7529 0.0019 -0.6582
vn -0.9653 0.0013 -0.2610
vn -0.9576 0.0009 0.2882
vn -0.9670 -0.2449 0.0707
vn -0.7714 -0.5011 -0.3922
vn -0.7387 -0.5968 -0.3134
vn -0.7714 -0.5009 -0.3925
vn 0.9667 -0.0007 -0.2560
vn 0.4138 -0.6005 -0.6843
vn 0.4138 -0.6005 -0.6842
vn 0.4138 -0.6003 -0.6844
vn 0.4137 -0.6001 -0.6847
vn -0.0792 -0.3368 -0.9382
vn 0.8999 -0.0006 0.4362
vn 0.8953 -0.0003 0.4454
vn 0.8954 -0.0003 0.4453
vn 0.8907 -0.0000 0.4545
vn -0.5919 0.0004 0.8060
vn -0.5962 0.0006 0.8028
vn -0.5962 0.0005 0.8028
vn -0.6004 0.0006 0.7997
vn 0.8931 -0.2062 0.3999
vn 0.9127 -0.1642 0.3742
vn 0.9150 -0.1709 0.3655
vn 0.8715 -0.2546 0.4192
vn 0.7828 -0.3911 0.4840
vn 0.7877 -0.4014 0.4674
vn 0.6383 -0.5339 0.5545
vn 0.5542 -0.5730 0.6037
vn 0.4756 -0.6187 0.6253
vn 0.4650 -0.5987 0.6522
vn -0.7150 -0.5428 0.4406
vn -0.6397 -0.5965 0.4847
vn -0.7150 -0.5427 0.4408
vn -0.6405 -0.5958 0.4846
vn -0.5110 -0.6669 0.5424
vn -0.4614 -0.6884 0.5596
vn -0.3753 -0.7194 0.5845
vn -0.3396 -0.7303 0.5927
vn -0.2337 -0.7552 0.6124
vn -0.1625 -0.7666 0.6212
vn -0.0872 -0.7731 0.6282
vn -0.0894 -0.7738 0.6270
vn -0.0816 -0.7139 0.6955
vn -0.0702 -0.6486 0.7579
vn -0.0721 -0.4928 0.8671
vn -0.0683 -0.4026 0.9128
vn -0.1036 -0.2089 0.9724
vn -0.0987 -0.2133 0.9720
vn -0.1499 -0.0750 0.9859
vn -0.7147 -0.5428 0.4411
vn -0.7055 -0.5979 0.3805
vn -0.7095 -0.5834 0.3953
vn -0.6990 -0.6239 0.3495
vn -0.6966 -0.6260 0.3505
vn 0.4197 0.5975 -0.6832
vn 0.4209 0.5989 -0.6813
vn 0.3185 0.5919 -0.7405
vn 0.2097 0.5498 -0.8086
vn 0.0202 0.4467 -0.8945
vn -0.0599 0.3602 -0.9310
vn -0.1972 0.2392 -0.9507
vn -0.2564 0.1753 -0.9505
vn -0.3446 0.0575 -0.9370
vn -0.3747 0.0043 -0.9271
vn 0.3901 -0.2188 -0.8944
vn 0.7802 -0.4374 -0.4472
vn -0.7068 -0.0006 -0.7074
vn -0.7070 -0.0007 -0.7072
vn 0.3382 -0.8250 0.4527
vn 0.4357 -0.8622 0.2585
vn 0.1638 -0.7710 0.6154
vn -0.1932 -0.7696 0.6086
vn 0.3302 -0.0000 0.9439
vn -0.2744 -0.6283 0.7280
vn 0.0936 -0.0087 0.9956
vn -0.3818 -0.4399 0.8128
vn -0.0569 0.0997 0.9934
vn -0.2173 0.3306 0.9184
vn -0.6586 -0.3362 0.6732
vn -0.3903 0.5542 0.7352
vn -0.7855 -0.2177 0.5793
vn -0.4807 0.6908 0.5402
vn -0.9295 -0.0892 0.3578
vn -0.5494 0.8356 0.0002
vn -0.9993 -0.0373 -0.0000
vn 0.4259 -0.0000 0.9048
vn 0.1667 -0.0000 0.9860
vn 0.0981 -0.0140 0.9951
vn -0.0570 0.0997 0.9934
vn -0.0502 0.0974 0.9940
vn -0.2882 0.4384 0.8513
vn -0.3988 0.5582 0.7276
vn -0.4206 0.5915 0.6879
vn -0.4888 0.6943 0.5282
vn -0.5033 0.7655 0.4009
vn 0.8512 0.4892 0.1901
vn 0.8109 0.4973 0.3084
vn 0.7095 0.5224 0.4729
vn 0.4261 -0.0000 0.9047
vn 0.5758 0.6304 0.5207
vn 0.1731 -0.0000 0.9849
vn 0.4466 0.5730 0.6872
vn 0.3372 0.6458 0.6850
vn 0.2802 0.8160 0.5056
vn -0.2882 0.4385 0.8513
vn 0.0843 0.8863 0.4554
vn -0.4285 0.5999 0.6756
vn 0.0296 0.9496 0.3121
vn -0.5059 0.7694 0.3899
vn -0.2095 0.9778 -0.0000
vn -0.5494 0.8356 0.0001
vn 0.0843 0.8864 -0.4553
vn -0.2882 0.4384 -0.8513
vn -0.4285 0.5999 -0.6756
vn 0.2802 0.8160 -0.5056
vn -0.0502 0.0974 -0.9940
vn 0.3373 0.6459 -0.6849
vn 0.4466 0.5730 -0.6872
vn 0.1730 -0.0000 -0.9849
vn 0.5757 0.6304 -0.5207
vn 0.4268 -0.0000 -0.9043
vn 0.7095 0.5225 -0.4729
vn 0.8109 0.4973 -0.3085
vn 0.9474 0.3202 -0.0000
vn -0.3988 0.5582 -0.7276
vn -0.4206 0.5915 -0.6879
vn -0.2173 0.3306 -0.9184
vn -0.0570 0.0997 -0.9934
vn 0.0981 -0.0140 -0.9951
vn 0.1666 -0.0000 -0.9860
vn 0.3305 -0.0000 -0.9438
vn 0.4263 -0.0000 -0.9046
vn 0.8497 -0.0000 -0.5272
vn 0.8846 -0.0000 -0.4664
vn -0.3903 0.5542 -0.7352
vn -0.6587 -0.3362 -0.6732
vn -0.7855 -0.2178 -0.5793
vn -0.3819 -0.4400 -0.8128
vn -0.0569 0.0997 -0.9934
vn 0.0935 -0.0087 -0.9956
vn -0.2744 -0.6283 -0.7280
vn 0.3302 -0.0000 -0.9439
vn -0.1934 -0.7695 -0.6086
vn 0.1637 -0.7709 -0.6156
vn 0.3382 -0.8250 -0.4528
vn 0.4357 -0.8622 -0.2585
vn 1.0000 -0.0001 -0.0000
vn 0.4701 -0.8826 -0.0002
vn -0.5059 0.7694 -0.3899
vn -0.5494 0.8356 -0.0001
vn 0.0296 0.9496 -0.3121
vn -0.5494 0.8356 -0.0002
vn -0.5033 0.7655 -0.4009
vn -0.4888 0.6943 -0.5282
vn -0.9296 -0.0892 -0.3576
vn -0.4807 0.6907 -0.5402
vn -0.5213 -0.8534 -0.0000
vn -0.5332 -0.8460 -0.0000
vn -0.5177 -0.8556 -0.0000
vn -0.5173 -0.8558 -0.0000
vn -0.5198 -0.8543 -0.0000
vn -0.5239 -0.8518 -0.0000
vn -0.5930 -0.8052 -0.0000
vn -0.6557 -0.7530 0.0549
vn -0.7870 -0.6067 0.1117
vn -0.8486 -0.5171 0.1116
vn -0.9338 -0.3533 0.0560
vn -0.9576 -0.2882 -0.0000
vn -0.9916 -0.1292 -0.0000
vn -0.9974 -0.0719 -0.0000
vn -0.2450 -0.4335 0.8672
vn -0.7541 -0.0005 0.6568
vn -0.8711 -0.4911 -0.0001
vn -1.0000 -0.0005 -0.0000
vn -0.8709 -0.4914 -0.0001
vn -0.6781 -0.1210 0.7249
vn -1.0000 -0.0004 -0.0000
vn -0.8709 -0.4915 -0.0000
vn -0.9942 -0.1078 -0.0000
vn -0.9552 -0.2959 -0.0000
vn -0.4322 -0.3385 0.8358
vn -0.8398 -0.5410 -0.0440
vn -0.0963 -0.4707 0.8770
vn -0.9632 -0.2686 -0.0000
vn -0.8716 -0.4902 -0.0000
vn -0.6585 -0.7526 -0.0000
vn -0.6406 -0.7676 -0.0218
vn -0.3351 -0.4681 0.8177
vn -0.2588 -0.6329 0.7297
vn -0.6022 -0.5469 0.5816
vn -0.5339 -0.8455 -0.0000
vn -0.7133 -0.5159 0.4744
vn -0.0749 -0.6897 0.7202
vn -0.5365 -0.8439 -0.0014
vn -0.7035 -0.5870 0.4006
vn -0.0729 -0.6742 0.7350
vn -0.1719 -0.8184 0.5483
vn -0.5338 -0.8456 -0.0000
vn -0.5369 -0.8436 -0.0011
vn -0.5374 -0.8433 -0.0073
vn -0.7714 -0.5011 -0.3923
vn -0.9670 -0.2447 0.0707
vn -0.5376 -0.8432 -0.0030
vn -0.5379 -0.8430 -0.0074
vn -0.5371 -0.8435 -0.0093
vn -0.7715 -0.5008 -0.3925
vn -0.7388 -0.5966 -0.3135
vn 0.5334 0.8459 0.0002
vn 0.5304 0.8478 0.0001
vn 0.5334 0.8459 0.0001
vn 0.5334 0.8459 -0.0001
vn 0.5311 0.8473 -0.0001
vn 0.5395 0.8420 0.0014
vn 0.5382 0.8428 0.0011
vn 0.5344 0.8452 0.0012
vn 0.5314 0.8471 0.0008
vn 0.5296 0.8483 0.0001
vn 0.8109 0.4973 0.3085
vn 0.8511 0.4893 0.1901
vn 0.2779 0.6291 0.7260
vn 0.4519 0.5781 0.6794
vn 0.5609 0.5568 0.6127
vn 0.6554 0.6017 -0.4566
vn 0.5296 0.8483 -0.0001
vn 0.5317 0.8469 -0.0008
vn 0.5344 0.8452 -0.0012
vn 0.5396 0.8419 -0.0015
vn 0.5382 0.8428 -0.0011
vn -0.0846 0.7343 -0.6735
vn 0.5609 0.5569 -0.6126
vn 0.4518 0.5781 -0.6795
vn 0.2779 0.6291 -0.7260
vn -0.1547 0.5520 -0.8194
vn 0.9509 0.0001 -0.3095
vn 0.4458 -0.0000 -0.8951
vn 0.9624 0.1747 -0.2081
vn 0.6392 0.5573 -0.5298
vn 0.3292 -0.0000 -0.9443
vn 0.5468 0.7568 -0.3580
vn 0.3882 -0.0000 -0.9216
vn 0.8223 -0.0000 -0.5691
vn 0.4457 -0.0000 -0.8952
vn 0.8224 -0.0000 -0.5689
vn 0.9997 0.0001 -0.0247
vn 0.3736 -0.0000 -0.9276
vn 0.6686 -0.5284 -0.5233
vn 0.1216 -0.4099 -0.9040
vn 0.1802 -0.2988 -0.9371
vn 0.4353 -0.0001 -0.9003
vn 0.1953 -0.0000 -0.9808
vn 0.5995 0.6229 -0.5026
vn 0.2375 -0.0000 -0.9714
vn -0.5231 -0.0000 -0.8523
vn -0.6678 -0.0000 -0.7443
vn -0.7031 -0.0000 -0.7111
vn -0.8398 -0.0000 -0.5429
vn -0.9210 -0.0000 -0.3896
vn -1.0000 -0.0000 -0.0002
vn 0.5544 0.8128 -0.1790
vn 0.5261 0.8504 0.0084
vn 0.5257 0.8507 0.0030
vn 0.3950 0.3681 -0.8417
vn 0.0672 -0.0000 -0.9977
vn 0.4212 -0.0000 -0.9070
vn 0.5173 0.0001 -0.8558
vn 0.3732 -0.0000 -0.9277
vn 0.4076 0.0651 -0.9108
vn 0.2704 0.0641 -0.9606
vn 0.3497 0.2072 -0.9137
vn 0.4876 0.2353 -0.8408
vn 0.4903 0.5188 -0.7003
vn 0.6073 0.5729 -0.5505
vn 0.5692 0.8098 -0.1421
vn 0.5314 0.8471 -0.0019
vn 0.6911 0.5184 -0.5036
vn 0.5172 -0.0001 -0.8559
vn 0.5172 -0.0000 -0.8559
vn 0.5172 -0.0000 -0.8558
vn 0.7508 0.1668 -0.6392
vn 0.7602 0.4216 -0.4943
vn 0.6598 0.5356 -0.5270
vn 0.5961 0.7850 -0.1684
vn 0.7995 0.0034 -0.6006
vn 0.8349 0.0119 -0.5503
vn 0.5788 0.1611 -0.7994
vn 0.7566 0.0542 -0.6516
vn 0.9212 -0.0002 -0.3891
vn 0.9547 -0.0000 -0.2977
vn 0.9347 -0.0000 -0.3555
vn 0.7707 0.0136 -0.6371
vn 0.6835 -0.0000 -0.7300
vn 0.5262 0.0424 -0.8493
vn 0.5064 -0.0000 -0.8623
vn -0.6249 0.6457 0.4388
vn -0.6989 0.6659 0.2611
vn -0.9645 0.2642 0.0005
vn -0.9644 0.2643 0.0003
vn -0.3938 0.8748 0.2823
vn -0.9643 0.2647 0.0002
vn -0.9642 0.2651 0.0005
vn -0.9646 0.2637 0.0009
vn -0.9640 0.2661 0.0002
vn -0.9637 0.2668 -0.0001
vn -0.8620 0.2387 0.4472
vn -0.6814 0.1880 0.7074
vn -0.5402 0.3400 0.7698
vn -0.4321 0.1185 -0.8940
vn -0.8624 0.2379 -0.4469
vn -0.7880 0.5993 0.1412
vn -0.8627 0.2365 -0.4470
vn -0.3588 0.7964 -0.4868
vn -0.2000 0.8847 -0.4211
vn -0.2063 0.9299 0.3045
vn 0.3804 0.5957 -0.7074
vn 0.5440 0.8391 0.0001
vn -0.6957 -0.3794 -0.6100
vn -0.7160 -0.2840 -0.6377
vn -0.7132 -0.2564 -0.6524
vn -0.6784 -0.4689 -0.5656
vn -0.5837 -0.5198 -0.6237
vn -0.5032 -0.5547 -0.6627
vn -0.4115 -0.5845 -0.6993
vn -0.4015 -0.5795 -0.7092
vn -0.4249 -0.5524 -0.7172
vn -0.4543 -0.5289 -0.7169
vn -0.5426 -0.4743 -0.6933
vn -0.5913 -0.4128 -0.6928
vn -0.6582 -0.3054 -0.6881
vn -0.6599 -0.2182 -0.7189
vn -0.6837 -0.1142 -0.7208
vn -0.6738 -0.0472 -0.7374
vn -0.6758 -0.0005 -0.7371
vn -0.7028 -0.0659 -0.7084
vn -0.7203 -0.0988 -0.6866
vn -0.7645 -0.1959 -0.6142
vn -0.4163 -0.5834 0.6974
vn -0.4185 -0.5821 0.6971
vn -0.5018 -0.5554 0.6631
vn -0.5790 -0.5227 0.6257
vn -0.6733 -0.4723 0.5689
vn -0.6932 -0.3810 0.6118
vn -0.7160 -0.2840 0.6377
vn -0.7132 -0.2564 0.6524
vn -0.7739 -0.3115 0.5514
vn -0.8149 -0.3602 0.4541
vn -0.8851 -0.3523 0.3040
vn -0.9123 -0.3417 0.2259
vn -0.9409 -0.3387 0.0054
vn -0.9431 -0.3325 0.0052
vn -0.9140 -0.3416 -0.2187
vn -0.8863 -0.3524 -0.3006
vn -0.8150 -0.3602 -0.4540
vn -0.7739 -0.3115 -0.5514
vn -0.7645 -0.1959 0.6142
vn -0.7203 -0.0988 0.6866
vn -0.7026 -0.0657 0.7085
vn -0.6761 -0.0005 0.7368
vn -0.6776 -0.0436 0.7341
vn -0.6972 -0.1124 0.7081
vn -0.6811 -0.2349 0.6935
vn -0.6766 -0.3239 0.6613
vn -0.6074 -0.4285 0.6689
vn -0.5609 -0.4747 0.6783
vn -0.4793 -0.5373 0.6939
vn -0.4467 -0.5591 0.6984
vn -0.0019 0.0009 1.0000
vn -0.0028 0.0014 1.0000
vn 0.1055 -0.0519 0.9931
vn 0.2160 -0.1064 0.9706
vn 0.4767 -0.2348 0.8471
vn 0.6190 -0.3049 0.7238
vn 0.7647 -0.3767 0.5228
vn 0.7939 -0.3911 0.4655
vn 0.8195 -0.4037 0.4068
vn 0.8196 -0.4037 0.4065
vn -0.5300 -0.8480 -0.0011
vn -0.5334 -0.8458 -0.0027
vn -0.5278 -0.8493 -0.0008
vn -0.5289 -0.8487 -0.0011
vn -0.5800 -0.8142 0.0250
vn -0.6266 -0.7777 0.0501
vn -0.7779 -0.6122 0.1417
vn -0.7779 -0.6122 0.1418
vn -0.8979 -0.3692 0.2397
vn -0.9247 -0.2656 0.2726
vn -0.9430 -0.1070 0.3150
vn -0.9434 -0.0535 0.3272
vn -0.9410 -0.0000 0.3383
vn -0.3343 -0.0000 0.9425
vn -0.3353 -0.0423 0.9412
vn -0.9410 -0.0000 0.3384
vn -0.1512 -0.1799 0.9720
vn -0.3562 -0.5697 0.7406
vn -0.6267 -0.7777 0.0501
vn -0.0490 -0.6758 0.7355
vn -0.2322 -0.7944 0.5613
vn -0.2277 -0.6415 0.7326
vn 0.5438 0.8392 0.0001
vn 0.5939 0.8045 -0.0000
vn 0.6422 0.7666 -0.0000
vn 0.7655 0.6434 -0.0000
vn 0.8342 0.5514 -0.0000
vn 0.9340 0.3573 -0.0000
vn 0.9666 0.2562 -0.0000
vn 0.9970 0.0769 -0.0000
vn 0.5439 0.8391 -0.0001
vn 0.1255 0.9737 -0.1903
vn -0.1856 0.9191 -0.3476
vn 0.5439 0.8392 -0.0001
vn -0.1057 0.8740 -0.4742
vn -0.0255 0.6674 -0.7443
vn 0.3282 0.5025 -0.7999
vn 0.7967 0.0614 -0.6012
vn 0.4473 -0.0000 -0.8944
vn 0.6567 0.2512 -0.7111
vn 0.6343 0.5332 -0.5598
vn 0.6421 0.7666 -0.0001
vn 0.4192 0.5677 -0.7085
vn -0.2000 0.8847 0.4212
vn 0.3804 0.5957 0.7074
vn -0.2062 0.9299 -0.3046
vn -0.6032 -0.5460 -0.5814
vn -0.3366 -0.4671 -0.8176
vn -0.2276 -0.6415 -0.7326
vn -0.5330 -0.8461 0.0001
vn -0.2322 -0.7944 -0.5613
vn -0.5282 -0.8491 0.0011
vn -0.0490 -0.6757 -0.7356
vn -0.6266 -0.7777 -0.0501
vn -0.3564 -0.5696 -0.7406
vn -0.7779 -0.6122 -0.1418
vn -0.8979 -0.3692 -0.2396
vn -0.1513 -0.1798 -0.9720
vn -0.9430 -0.1070 -0.3150
vn -0.3353 -0.0423 -0.9412
vn -0.9410 -0.0000 -0.3384
vn -0.3344 -0.0000 -0.9424
vn -0.7176 -0.5110 -0.4732
vn -0.5385 -0.8426 -0.0000
vn -0.5457 -0.8380 -0.0000
vn -0.5300 -0.8480 0.0012
vn -0.5287 -0.8488 0.0011
vn -0.5800 -0.8143 -0.0250
vn -0.6266 -0.7777 -0.0500
vn -0.7778 -0.6123 -0.1417
vn -0.8979 -0.3692 -0.2397
vn -0.9247 -0.2656 -0.2726
vn -0.9434 -0.0535 -0.3272
vn -0.9410 -0.0000 -0.3383
vn -0.5402 -0.8415 -0.0000
vn -0.5499 -0.8352 0.0015
vn -0.5520 -0.8338 0.0026
vn -0.5511 -0.8344 -0.0005
vn -0.5491 -0.8358 -0.0006
vn -0.5480 -0.8365 -0.0000
vn -0.5491 -0.8358 0.0005
vn -0.5412 -0.8409 -0.0000
vn -0.5501 -0.8351 -0.0012
vn -0.5520 -0.8338 -0.0025
vn -0.5509 -0.8346 0.0003
vn -0.8759 -0.4825 -0.0000
vn -0.8108 -0.4949 -0.3124
vn -0.7360 -0.5060 -0.4497
vn -0.8108 -0.4950 0.3123
vn -0.7360 -0.5060 0.4497
vn -0.7176 -0.5110 0.4732
vn -0.6032 -0.5460 0.5814
vn -0.3366 -0.4671 0.8176
vn 0.8298 -0.1696 -0.5316
vn 0.7925 -0.0854 -0.6039
vn 0.7819 -0.0427 -0.6220
vn 0.7442 -0.0004 -0.6680
vn 0.7675 0.0382 -0.6399
vn 0.7858 0.0953 -0.6111
vn 0.7623 0.2110 -0.6118
vn 0.7478 0.2921 -0.5961
vn 0.6650 0.4205 -0.6173
vn 0.6061 0.4988 -0.6196
vn 0.5090 0.5910 -0.6259
vn 0.4764 0.6250 -0.6184
vn 0.4490 0.6468 -0.6165
vn 0.4559 0.6477 -0.6104
vn 0.3519 0.6816 -0.6415
vn 0.2346 0.7074 -0.6667
vn 0.0533 0.7260 -0.6857
vn -0.1435 0.6182 -0.7728
vn -0.3431 0.4690 -0.8138
vn -0.4206 0.3858 -0.8212
vn -0.4674 0.4795 -0.7427
vn -0.5192 0.5452 -0.6582
vn -0.6844 0.5579 -0.4694
vn -0.7694 0.5363 -0.3471
vn -0.8379 0.5457 0.0088
vn -0.8473 0.5311 0.0077
vn -0.7648 0.5355 0.3581
vn -0.6818 0.5569 0.4744
vn -0.5193 0.5451 0.6582
vn -0.4675 0.4795 0.7427
vn 0.6568 0.2514 0.7109
vn 0.7968 0.0616 0.6011
vn 0.4472 -0.0000 0.8944
vn -0.0004 -0.0000 1.0000
vn 0.4192 0.5680 0.7083
vn 0.3282 0.5025 0.7998
vn 0.0001 -0.0000 1.0000
vn 0.6344 0.5332 0.5597
vn -0.2048 0.0998 0.9737
vn -0.0254 0.6674 0.7443
vn -0.6416 0.3128 0.7004
vn -0.1055 0.8741 0.4742
vn -0.7661 0.3737 0.5229
vn -0.1853 0.9192 0.3475
vn -0.8175 0.4023 0.4122
vn 0.1253 0.9737 0.1904
vn -0.2060 0.9300 0.3045
vn -0.7541 0.3715 -0.5416
vn -0.2002 0.8846 -0.4211
vn -0.7232 0.4343 -0.5370
vn -0.7290 0.5264 0.4375
vn -0.6273 0.7070 -0.3264
vn -0.5944 0.6696 0.4454
vn -0.4261 0.7934 0.4347
vn -0.3246 0.7762 -0.5405
vn -0.1818 0.9015 0.3927
vn -0.0809 0.8206 -0.5657
vn -0.0000 0.9385 0.3453
vn -0.0001 0.4943 -0.8693
vn -0.3211 0.6238 0.7126
vn -0.5520 0.6179 0.5599
vn -0.3720 0.7678 0.5216
vn -0.4776 0.5069 0.7176
vn -0.2075 0.2525 0.9451
vn -0.1150 0.2335 0.9655
vn 0.0018 -0.0029 1.0000
vn 0.0041 -0.0028 1.0000
vn -0.2717 0.1950 0.9424
vn -0.6048 0.3994 0.6890
vn -0.7144 0.4706 0.5178
vn -0.5943 0.6696 0.4454
vn -0.3495 0.8352 0.4246
vn -0.7765 0.4649 0.4254
vn -0.1325 0.8661 0.4819
vn -0.1145 0.7281 0.6759
vn -0.0690 0.3316 0.9409
vn -0.0015 0.0003 1.0000
vn -0.4129 0.2013 0.8883
vn -0.6877 0.3355 0.6438
vn -0.7928 0.3881 0.4699
vn 0.0006 0.9099 0.4148
vn 0.0018 0.7887 0.6147
vn 0.0020 0.3582 0.9337
vn -0.0005 0.0037 1.0000
vn 0.0001 0.0018 1.0000
vn -0.6816 0.1880 0.7071
vn -0.8620 0.2386 0.4473
vn -0.5403 0.3400 0.7697
vn 0.0030 0.4797 0.8774
vn -0.6250 0.6457 0.4387
vn -0.6990 0.6658 0.2609
vn -0.0909 0.9243 0.3706
vn -0.7879 0.5994 0.1413
vn -0.3588 0.7964 -0.4869
vn -0.0000 0.8202 -0.5721
vn -0.5240 -0.8516 -0.0164
vn -0.5231 -0.8521 -0.0135
vn -0.5217 -0.8531 -0.0109
vn -0.5186 -0.8550 -0.0035
vn -0.5170 -0.8560 -0.0005
vn -0.1226 -0.7951 0.5940
vn -0.2451 -0.4335 0.8672
vn -0.5189 -0.8548 -0.0028
vn -0.1742 -0.8247 0.5381
vn -0.5235 -0.8519 -0.0131
vn -0.1684 -0.8529 -0.4941
vn -0.1678 -0.8530 -0.4942
vn -0.1699 -0.8536 -0.4925
vn 0.4114 -0.7674 0.4917
vn 0.7013 -0.6606 -0.2679
vn 0.2434 -0.5528 -0.7970
vn 0.7920 -0.6099 0.0268
vn 0.1585 -0.6175 -0.7704
vn 0.7383 -0.6695 -0.0821
vn -0.0365 -0.7294 -0.6831
vn 0.6752 -0.7212 -0.1549
vn -0.1839 -0.7796 -0.5986
vn 0.6461 -0.7454 -0.1640
vn -0.2446 -0.7415 -0.6248
vn 0.6685 -0.5283 -0.5234
vn -0.2000 -0.7605 -0.6178
vn 0.2453 -0.5503 -0.7981
vn 0.2446 -0.5484 -0.7997
vn 0.2480 -0.5493 -0.7980
vn 0.1671 -0.6093 -0.7751
vn 0.1421 -0.6190 -0.7724
vn 0.0268 -0.6991 -0.7146
vn -0.0614 -0.7284 -0.6824
vn -0.1475 -0.7709 -0.6196
vn -0.1852 -0.7670 -0.6144
vn -0.1999 -0.7604 -0.6179
vn -0.2182 -0.7644 -0.6067
vn -0.1975 -0.7719 -0.6043
vn -0.0720 -0.7363 -0.6728
vn -0.5228 -0.0000 0.8525
vn -0.4039 -0.0000 0.9148
vn 0.1225 -0.0000 0.9925
vn -0.9670 -0.2448 0.0706
vn -0.7035 -0.5871 0.4005
vn -0.7133 -0.5161 0.4742
vn -0.5230 -0.0000 0.8523
vn -0.6022 -0.5471 0.5814
vn -0.2589 -0.6330 0.7296
vn 0.3301 -0.0000 0.9439
vn -0.0750 -0.6898 0.7201
vn -0.1718 -0.8184 0.5483
vn -0.0964 -0.4707 0.8770
vn -0.4322 -0.3384 0.8359
vn 0.4266 -0.0000 0.9044
vn -0.6781 -0.1210 0.7250
vn -0.7541 -0.0005 0.6567
vn -0.1226 -0.7952 0.5939
vn -0.1742 -0.8246 0.5382
vn 0.4114 -0.7674 0.4918
vn 0.7011 -0.6607 -0.2682
vn 0.6297 -0.0000 0.7768
vn 0.7383 -0.6694 -0.0820
vn 0.8515 -0.0000 0.5244
vn 0.9045 -0.0007 0.4265
vn 0.6686 -0.5283 -0.5233
vn 0.9095 -0.0001 0.4157
vn 0.8510 -0.0001 0.5251
vn 0.7945 -0.0000 0.6072
vn 0.6649 -0.0000 0.7470
vn 0.3805 0.5958 -0.7073
vn -0.7540 0.3715 -0.5417
vn -0.1999 0.8847 -0.4212
vn -0.0061 0.0030 -1.0000
vn -0.7232 0.4342 -0.5371
vn -0.0022 0.0020 -1.0000
vn -0.0003 0.0015 -1.0000
vn -0.0011 0.0021 -1.0000
vn -0.0025 0.0023 -1.0000
vn -0.0055 0.0032 -1.0000
vn -0.6274 0.7070 -0.3265
vn -0.3247 0.7762 -0.5405
vn -0.0809 0.8207 -0.5656
vn -0.0006 0.0006 -1.0000
vn -0.0008 0.0003 -1.0000
vn -0.4320 0.1183 -0.8941
vn -0.8623 0.2379 -0.4470
vn -0.8627 0.2364 -0.4471
vn -0.3588 0.7963 -0.4869
vn -0.0007 0.0007 -1.0000
vn -0.3172 -0.4787 -0.8187
vn -0.6107 -0.5390 -0.5802
vn -0.1967 -0.6670 -0.7186
vn -0.2342 -0.9722 -0.0000
vn 0.1007 -0.8261 -0.5544
vn 0.1661 -0.9861 -0.0000
vn 0.4345 -0.6108 -0.6619
vn 0.5180 -0.8554 -0.0000
vn 0.6084 -0.5135 -0.6051
vn 0.6082 -0.7938 -0.0000
vn 0.6910 -0.4929 -0.5288
vn 0.5512 -0.8344 -0.0000
vn 0.6455 -0.4209 -0.6373
vn 0.5496 -0.6152 -0.5653
vn 0.1864 -0.9825 -0.0000
vn 0.3737 -0.6031 -0.7047
vn -0.2198 -0.9755 -0.0000
vn -0.0449 -0.8114 -0.5828
vn -0.4101 -0.9120 -0.0000
vn 0.1702 -0.7713 0.6133
vn -0.0448 -0.8114 0.5827
vn -0.5259 -0.8506 0.0003
vn -0.5251 -0.8511 -0.0000
vn 0.3444 -0.8248 0.4484
vn -0.5245 -0.8514 -0.0007
vn 0.4406 -0.8602 0.2567
vn -0.5249 -0.8512 -0.0000
vn 0.4746 -0.8802 -0.0000
vn 0.4406 -0.8602 -0.2567
vn -0.5255 -0.8508 0.0009
vn -0.5231 -0.8523 -0.0001
vn -0.5257 -0.8507 -0.0003
vn -0.4686 -0.8834 -0.0000
vn 0.5181 -0.8553 -0.0000
vn 0.4136 -0.9105 -0.0000
vn 0.6062 -0.7953 -0.0000
vn 0.4975 -0.8675 -0.0000
vn 0.3182 -0.9480 -0.0000
vn 0.1863 -0.9825 -0.0000
vn -0.0827 -0.9966 -0.0000
vn -0.2197 -0.9756 -0.0000
vn 0.1702 -0.7713 -0.6132
vn 0.3445 -0.8248 -0.4483
vn 0.3737 -0.6031 0.7047
vn 0.5495 -0.6152 0.5653
vn 0.6455 -0.4209 0.6373
vn 0.6910 -0.4929 0.5288
vn 0.6083 -0.5135 0.6053
vn 0.4345 -0.6108 0.6619
vn 0.1007 -0.8261 0.5544
vn -0.1967 -0.6670 0.7186
vn -0.5007 -0.8656 -0.0000
vn -0.3172 -0.4787 0.8187
vn -0.6108 -0.5390 0.5801
vn -0.5457 -0.8379 -0.0079
vn -0.7224 -0.4031 0.5618
vn -0.7189 -0.5152 0.4665
vn -0.5383 -0.8425 -0.0222
vn -0.7531 -0.5149 0.4094
vn -0.5316 -0.8469 -0.0121
vn -0.8344 -0.4983 0.2355
vn -0.5268 -0.8500 -0.0000
vn -0.9462 -0.3235 -0.0000
vn -0.8344 -0.4983 -0.2355
vn -0.5316 -0.8469 0.0122
vn -0.7531 -0.5149 -0.4095
vn -0.5382 -0.8425 0.0222
vn -0.7189 -0.5152 -0.4666
vn -0.5457 -0.8379 0.0078
vn -0.7224 -0.4031 -0.5618
vn -0.3452 -0.9385 -0.0000
vn 0.0210 -0.9998 -0.0000
vn -0.5670 0.5151 0.6429
vn -0.6114 0.4861 0.6244
vn -0.6827 0.4341 0.5878
vn -0.6816 0.4380 0.5861
vn -0.6864 0.4088 0.6014
vn -0.6866 0.4038 0.6046
vn -0.6292 0.4253 0.6506
vn -0.5936 0.4380 0.6752
vn -0.5089 0.4706 0.7208
vn -0.4581 0.4886 0.7425
vn -0.3697 0.5191 0.7706
vn -0.3249 0.5397 0.7767
vn -0.2792 0.5591 0.7807
vn -0.2711 0.5679 0.7771
vn -0.4191 0.5368 0.7323
vn -0.4213 0.6511 0.6313
vn -0.4972 0.7532 0.4307
vn -0.4494 0.8441 0.2925
vn -0.5504 0.8349 0.0002
vn -0.6077 0.7942 0.0001
vn 0.8196 -0.4037 -0.4065
vn 0.8195 -0.4037 -0.4068
vn 0.7940 -0.3911 -0.4655
vn 0.7647 -0.3767 -0.5228
vn 0.6190 -0.3049 -0.7238
vn 0.4767 -0.2348 -0.8471
vn 0.2160 -0.1064 -0.9706
vn 0.1055 -0.0520 -0.9931
vn -0.0019 0.0009 -1.0000
vn -0.0028 0.0014 -1.0000
vn -0.2000 0.8846 0.4213
vn -0.7540 0.3715 0.5417
vn 0.3805 0.5958 0.7073
vn -0.0061 0.0030 1.0000
vn -0.7232 0.4343 0.5371
vn -0.0023 0.0020 1.0000
vn -0.0011 0.0021 1.0000
vn -0.0003 0.0013 1.0000
vn -0.0025 0.0023 1.0000
vn -0.0055 0.0032 1.0000
vn -0.0008 0.0003 1.0000
vn -0.4320 0.1184 0.8941
vn -0.8627 0.2363 0.4471
vn -0.0006 0.0006 1.0000
vn -0.0001 0.4944 0.8693
vn -0.0809 0.8207 0.5656
vn -0.3245 0.7762 0.5405
vn -0.6272 0.7071 0.3264
vn -0.0001 0.8203 0.5720
vn -0.3590 0.7963 0.4869
vn -0.0002 0.0010 1.0000
vn -0.2065 0.0006 -0.9784
vn -0.2064 0.0005 -0.9785
vn -0.6077 0.7942 -0.0001
vn -0.4494 0.8441 -0.2925
vn -0.5503 0.8349 -0.0001
vn -0.4973 0.7531 -0.4307
vn -0.4214 0.6511 -0.6313
vn -0.4191 0.5368 -0.7323
vn -0.2710 0.5680 -0.7771
vn -0.2793 0.5591 -0.7807
vn -0.3249 0.5397 -0.7767
vn -0.3697 0.5191 -0.7706
vn -0.4588 0.4883 -0.7424
vn -0.5090 0.4705 -0.7208
vn -0.5935 0.4380 -0.6752
vn -0.6291 0.4254 -0.6506
vn -0.6864 0.4089 -0.6014
vn -0.6866 0.4039 -0.6046
vn -0.6827 0.4341 -0.5878
vn -0.6816 0.4380 -0.5861
vn -0.6114 0.4861 -0.6244
vn -0.5670 0.5150 -0.6429
vn -0.4623 0.5557 -0.6910
vn -0.4037 0.5749 -0.7117
vn -0.3115 0.5881 -0.7464
vn -0.2865 0.5811 -0.7617
vn -0.1296 0.5875 -0.7988
vn -0.0009 0.5827 -0.8127
vn 0.2169 0.5668 -0.7948
vn 0.2998 0.5528 -0.7775
vn 0.4103 0.5297 -0.7424
vn 0.4396 0.5245 -0.7291
vn 0.5300 0.4970 -0.6871
vn 0.5895 0.4752 -0.6532
vn 0.6455 0.4494 -0.6176
vn 0.6455 0.4494 -0.6175
vn 0.7448 0.3954 -0.5375
vn 0.7448 0.3936 -0.5388
vn 0.8587 0.3071 -0.4103
vn 0.8603 0.4041 -0.3109
vn 0.8544 0.4847 -0.1874
vn 0.8144 0.5707 -0.1054
vn 0.8294 0.5587 -0.0000
vn 0.8417 0.5400 -0.0000
vn 0.8144 0.5707 0.1054
vn 0.8544 0.4847 0.1874
vn 0.8602 0.4041 0.3109
vn 0.8587 0.3072 0.4102
vn 0.7447 0.3955 0.5376
vn 0.7448 0.3936 0.5389
vn 0.6456 0.4499 0.6171
vn 0.6455 0.4494 0.6176
vn 0.5896 0.4752 0.6531
vn 0.5300 0.4970 0.6871
vn 0.4396 0.5245 0.7291
vn 0.4103 0.5297 0.7424
vn 0.2994 0.5533 0.7773
vn 0.2167 0.5669 0.7948
vn -0.0009 0.5827 0.8127
vn -0.1296 0.5876 0.7987
vn -0.2865 0.5811 0.7618
vn -0.3114 0.5882 0.7464
vn -0.4036 0.5750 0.7116
vn -0.4623 0.5557 0.6910
vn 0.5331 0.8460 -0.0000
vn 0.5226 0.8524 0.0187
vn 0.6881 0.5250 0.5008
vn 0.5311 0.8473 -0.0007
vn 0.5232 0.8520 0.0189
vn 0.5284 0.8490 0.0058
vn 0.5399 0.8415 -0.0197
vn 0.5398 0.8416 -0.0204
vn 0.5332 0.8460 -0.0001
vn 0.5949 0.7041 -0.3878
vn 0.5801 0.5474 -0.6032
vn 0.5029 0.8628 0.0506
vn 0.5470 0.7568 -0.3579
vn 0.6392 0.5572 -0.5301
vn 0.9623 0.1746 -0.2084
vn 0.8467 0.4449 0.2917
vn 0.5285 0.8489 0.0057
vn 0.5293 0.8484 -0.0000
vn 0.5423 0.8402 -0.0001
vn 0.6576 0.5296 0.5358
vn 0.5608 0.5569 0.6126
vn 0.5254 0.8508 -0.0000
vn 0.5380 0.8429 -0.0000
vn 0.5325 0.8464 0.0010
vn 0.5325 0.8464 0.0008
vn 0.4217 0.8987 -0.1203
vn 0.2946 0.9247 -0.2412
vn 0.0289 0.8921 -0.4509
vn -0.1100 0.8351 -0.5390
vn -0.3598 0.6602 -0.6593
vn -0.4718 0.5447 -0.6933
vn 0.5324 0.8465 0.0009
vn 0.1709 0.4929 0.8531
vn 0.4520 0.5786 0.6789
vn -0.4719 0.5446 -0.6933
vn -0.4173 0.6045 -0.6786
vn -0.1101 0.8351 -0.5390
vn -0.0408 0.8669 -0.4969
vn 0.2946 0.9247 -0.2413
vn 0.3592 0.9155 -0.1813
vn -0.8312 0.5443 0.1131
vn -0.4116 0.9076 0.0832
vn -0.1992 0.7817 0.5909
vn -0.3816 0.4427 0.8114
vn 0.5940 0.8045 -0.0000
vn 0.6421 0.7666 -0.0000
vn 0.7967 0.0614 0.6012
vn 0.4473 -0.0000 0.8944
vn 0.6567 0.2512 0.7111
vn 0.4192 0.5677 0.7085
vn 0.3282 0.5024 0.7999
vn 0.5439 0.8392 0.0001
vn 0.5439 0.8391 0.0001
vn 0.1255 0.9737 0.1903
vn -0.1855 0.9191 0.3476
vn -0.1057 0.8740 0.4743
vn -0.0255 0.6674 0.7443
vn -0.0000 -0.8944 0.4472
vn -0.0000 -1.0000 -0.0000
vn -0.0000 -0.4473 0.8944
vn 0.9493 -0.0001 -0.3142
vn 0.9490 -0.0000 -0.3153
vn 0.9490 -0.0000 -0.3152
vn 0.9487 -0.0000 -0.3161
vn -0.0007 -0.0000 -1.0000
vn -0.0013 0.0001 -1.0000
vn -0.0275 0.7180 -0.6955
vn 0.1740 0.6652 -0.7261
vn -0.5405 0.0001 -0.8414
vn -0.1722 -0.0000 -0.9851
vn 0.3877 0.5909 -0.7075
vn 0.4867 0.5092 -0.7099
vn 0.6006 0.3688 -0.7095
vn 0.6716 0.2142 -0.7093
vn 0.7031 0.0537 -0.7091
vn 0.4472 -0.0000 -0.8944
vn -0.7072 -0.0006 -0.7070
vn -0.7070 -0.0006 -0.7072
vn -0.0000 -0.8944 -0.4472
vn -0.0000 -0.4473 -0.8944
vn 0.9934 0.1147 -0.0000
vn 0.7070 -0.0000 0.7072
vn 0.5485 0.0634 0.8337
vn 0.6714 0.2142 0.7094
vn 0.9256 0.3786 -0.0000
vn 0.6003 0.3688 0.7097
vn 0.8051 0.5932 -0.0000
vn 0.4864 0.5092 0.7100
vn 0.6227 0.7824 -0.0003
vn 0.3877 0.5907 0.7077
vn 0.5500 0.8351 -0.0002
vn 0.1739 0.6651 0.7262
vn 0.5498 0.8353 -0.0001
vn -0.0275 0.7180 0.6955
vn 0.7029 0.0539 -0.7093
vn 0.9883 0.1528 -0.0000
vn 0.6714 0.2143 -0.7094
vn 0.9255 0.3786 -0.0000
vn 0.6004 0.3688 -0.7096
vn 0.4864 0.5092 -0.7100
vn 0.6227 0.7824 0.0001
vn 0.3877 0.5908 -0.7076
vn 0.5500 0.8352 0.0003
vn 0.1739 0.6651 -0.7262
vn 0.5505 0.8348 0.0004
vn 0.5494 0.8356 0.0023
vn 0.5505 0.8348 -0.0013
vn 0.0771 0.8177 -0.5704
vn 0.5502 0.8350 0.0004
vn 0.5498 0.8353 0.0002
vn 0.6907 0.7231 -0.0000
vn 0.8521 0.5234 -0.0000
vn 0.9527 0.3040 -0.0000
vn 0.0771 0.8177 0.5705
vn 0.5535 0.8328 -0.0091
vn 0.5577 0.8299 -0.0134
vn 0.5577 0.8300 -0.0133
vn 0.5492 0.8357 0.0002
vn -0.2193 0.7926 0.5689
vn -0.4017 0.8619 0.3095
vn -0.4596 0.8881 0.0076
vn -0.4045 0.8638 -0.3003
vn 0.5492 0.8357 0.0050
vn -0.2193 0.7926 -0.5689
vn -0.6274 -0.0000 0.7787
vn -0.5834 0.0003 0.8122
vn -0.5401 -0.0000 0.8416
vn -0.3410 0.0001 0.9401
vn -0.1716 -0.0000 0.9852
vn -0.0013 0.0001 1.0000
vn -0.0007 -0.0000 1.0000
vn -0.0000 -0.4472 0.8944
vn -0.7074 -0.0006 0.7068
vn 0.7072 -0.0000 0.7070
vn 0.6716 0.2143 0.7093
vn 0.6005 0.3688 0.7095
vn 0.4865 0.5093 0.7099
vn 0.3877 0.5909 0.7075
vn -0.1723 -0.0000 0.9850
vn 0.1740 0.6652 0.7261
vn -0.5403 -0.0000 0.8415
vn 0.0772 0.8177 0.5704
vn -1.0000 -0.0000 0.0067
vn -0.4597 0.8880 0.0075
vn -0.4046 0.8638 -0.3003
vn 0.0772 0.8177 -0.5704
vn -0.6274 -0.0000 -0.7787
vn -0.1717 -0.0000 -0.9851
vn -0.3411 0.0001 -0.9400
vn -0.5398 -0.0000 -0.8418
vn -0.5839 0.0002 -0.8119
vn -0.6271 0.0003 -0.7789
vn -0.9113 -0.0000 -0.4117
vn -1.0000 -0.0000 0.0069
vn 0.5237 -0.0001 0.8519
vn -0.3355 -0.0423 0.9411
vn -0.3345 0.0001 0.9424
vn 0.5169 0.0001 0.8561
vn -0.1513 -0.1798 0.9720
vn 0.5252 -0.0001 0.8510
vn 0.5233 -0.0001 0.8521
vn 0.5174 0.0002 0.8558
vn 0.5331 -0.0005 0.8460
vn 0.5156 -0.0008 0.8568
vn 0.5157 -0.0008 0.8568
vn 0.5158 -0.0008 0.8567
vn 0.5158 -0.0007 0.8567
vn 0.5164 -0.0002 0.8563
vn 0.5180 -0.0001 0.8554
vn 0.5182 0.0001 0.8553
vn 0.5170 -0.0003 0.8560
vn 0.5170 -0.0009 0.8560
vn 0.5203 0.0025 0.8540
vn -0.3563 -0.5697 0.7406
vn 0.5194 0.0035 0.8545
vn 0.5168 -0.0007 0.8561
vn 0.4538 -0.0001 0.8911
vn 0.3882 -0.0000 0.9216
vn 0.2378 -0.0000 0.9713
vn -0.0492 -0.0000 0.9988
vn -0.5228 -0.0000 0.8524
vn -0.6678 -0.0000 0.7443
vn -0.7032 -0.0000 0.7110
vn -0.8398 -0.0000 0.5429
vn -0.9210 -0.0000 0.3896
vn -0.8109 -0.4950 0.3123
vn -0.7031 -0.0000 0.7111
vn -0.7360 -0.5061 0.4497
vn -0.7176 -0.5111 0.4731
vn -0.6033 -0.5461 0.5812
vn -0.1663 -0.0000 0.9861
vn 0.1526 -0.0000 0.9883
vn -0.2277 -0.6416 0.7324
vn 0.4218 0.0011 0.9067
vn -0.2321 -0.7944 0.5613
vn -0.0491 -0.6758 0.7355
vn 0.4355 0.0002 -0.9002
vn -0.0490 -0.6758 -0.7355
vn -0.2321 -0.7944 -0.5614
vn -0.2278 -0.6416 -0.7324
vn 0.1953 -0.0000 -0.9807
vn -0.3366 -0.4672 -0.8176
vn -0.6032 -0.5462 -0.5813
vn -0.5229 -0.0000 -0.8524
vn -0.7176 -0.5111 -0.4731
vn -0.7360 -0.5061 -0.4497
vn -0.8109 -0.4949 -0.3124
vn -0.6680 -0.0000 -0.7442
vn 0.1526 -0.0000 -0.9883
vn 0.3880 -0.0000 -0.9216
vn 0.5168 -0.0007 -0.8561
vn 0.5194 0.0036 -0.8545
vn -0.3564 -0.5697 -0.7405
vn 0.5202 0.0024 -0.8540
vn -0.1512 -0.1799 -0.9720
vn 0.5170 -0.0009 -0.8560
vn 0.5170 -0.0003 -0.8560
vn 0.5169 0.0001 -0.8561
vn 0.5177 -0.0000 -0.8556
vn 0.5174 0.0002 -0.8558
vn 0.5189 -0.0000 -0.8548
vn 0.5177 -0.0001 -0.8555
vn 0.5164 -0.0002 -0.8563
vn 0.5158 -0.0007 -0.8567
vn 0.5158 -0.0008 -0.8567
vn 0.5156 -0.0008 -0.8568
vn 0.5157 -0.0008 -0.8568
vn 0.5155 -0.0007 -0.8569
vn 0.5153 -0.0005 -0.8570
vn 0.5237 -0.0001 -0.8519
vn 0.5233 -0.0001 -0.8521
vn -0.3355 -0.0424 -0.9411
vn -0.3345 -0.0000 -0.9424
vn 0.6098 0.5718 -0.5488
vn 0.6101 0.5728 -0.5474
vn 0.7011 0.5143 -0.4938
vn 0.7468 0.4837 -0.4565
vn 0.8185 0.4014 -0.4111
vn 0.8480 0.3547 -0.3939
vn 0.9017 0.2308 -0.3656
vn 0.9018 0.2306 -0.3655
vn 0.9380 0.1036 -0.3307
vn 0.9470 0.0511 -0.3172
vn 0.9485 -0.0576 -0.3115
vn 0.9486 -0.0590 -0.3109
vn 0.9213 -0.1818 -0.3437
vn 0.8961 -0.2418 -0.3721
vn 0.7883 -0.4177 -0.4518
vn 0.7930 -0.4152 -0.4459
vn 0.6017 -0.5969 -0.5307
vn 0.4915 -0.6492 -0.5805
vn 0.3858 -0.7022 -0.5984
vn 0.3761 -0.6806 -0.6288
vn -0.0929 0.7896 0.6065
vn -0.1348 0.8857 0.4443
vn -0.1506 0.7130 0.6849
vn -0.1810 0.9378 0.2964
vn -0.3164 0.9486 -0.0000
vn -0.4159 0.9094 -0.0000
vn -0.1807 0.9377 -0.2967
vn -0.1311 0.8871 -0.4427
vn -0.0864 0.7931 -0.6029
vn -0.1418 0.7195 -0.6798
vn -0.0853 0.7240 -0.6845
vn 0.0254 0.7259 -0.6873
vn 0.1376 0.7189 -0.6813
vn 0.3172 0.6884 -0.6523
vn 0.3859 0.6683 -0.6359
vn 0.4897 0.6303 -0.6024
vn 0.5264 0.6134 -0.5888
vn 0.9380 0.1036 0.3307
vn 0.9018 0.2306 0.3655
vn 0.9470 0.0511 0.3172
vn 0.8480 0.3547 0.3939
vn 0.8185 0.4014 0.4111
vn 0.7468 0.4837 0.4565
vn 0.7011 0.5146 0.4936
vn 0.6100 0.5728 0.5475
vn 0.6098 0.5718 0.5488
vn 0.5264 0.6134 0.5888
vn 0.4897 0.6303 0.6024
vn 0.3860 0.6682 0.6360
vn 0.3172 0.6884 0.6523
vn 0.1376 0.7189 0.6813
vn 0.0226 0.7240 0.6894
vn -0.0914 0.7194 0.6885
vn -0.0932 0.7182 0.6896
vn 0.3761 -0.6806 0.6288
vn 0.3858 -0.7023 0.5983
vn 0.4915 -0.6492 0.5805
vn 0.6017 -0.5969 0.5307
vn 0.7883 -0.4178 0.4518
vn 0.7930 -0.4152 0.4459
vn 0.8961 -0.2418 0.3721
vn 0.9213 -0.1817 0.3437
vn 0.9485 -0.0575 0.3114
vn 0.9486 -0.0591 0.3109
vn 0.7968 0.0614 -0.6011
vn 0.6568 0.2512 -0.7110
vn 0.4472 -0.0001 -0.8944
vn -0.0003 0.0001 -1.0000
vn 0.1253 0.9737 -0.1904
vn -0.1853 0.9192 -0.3475
vn -0.8197 0.4029 -0.4071
vn -0.7661 0.3738 -0.5229
vn -0.1054 0.8741 -0.4742
vn -0.6416 0.3128 -0.7004
vn -0.2048 0.0998 -0.9737
vn 0.3283 0.5026 -0.7998
vn 0.6343 0.5332 -0.5597
vn 0.4194 0.5678 -0.7083
vn -0.5335 -0.8458 -0.0000
vn -0.5356 -0.8444 -0.0017
vn -0.5382 -0.8428 -0.0015
vn -0.5350 -0.8449 -0.0012
vn -0.5315 -0.8471 -0.0010
vn -0.5297 -0.8482 -0.0005
vn -0.5298 -0.8481 -0.0004
vn -0.5334 -0.8458 -0.0001
vn -0.5334 -0.8458 -0.0000
vn -0.6586 -0.3361 0.6733
vn -0.3817 -0.4398 0.8129
vn -0.2744 -0.6281 0.7281
vn -0.1933 -0.7696 0.6086
vn 0.1637 -0.7710 0.6154
vn 0.3382 -0.8250 0.4528
vn 0.4356 -0.8622 0.2585
vn 0.4700 -0.8827 -0.0000
vn 0.3383 -0.8250 -0.4527
vn 0.1638 -0.7710 -0.6154
vn -0.5334 -0.8458 0.0001
vn -0.1932 -0.7696 -0.6086
vn -0.9993 -0.0373 0.0001
vn -0.9296 -0.0892 -0.3577
vn -0.9296 -0.0891 0.3577
vn -0.7855 -0.2176 0.5793
vn -0.5297 -0.8482 0.0004
vn -0.5350 -0.8448 0.0011
vn -0.2743 -0.6282 -0.7281
vn -0.5356 -0.8444 0.0017
vn -0.3817 -0.4398 -0.8129
vn -0.6586 -0.3361 -0.6733
vn -0.7855 -0.2177 -0.5794
vn -0.5380 -0.8429 0.0017
vn -0.5316 -0.8470 0.0010
vn -0.5298 -0.8481 0.0004
vn 0.0669 -0.4457 -0.8927
vn -0.2486 -0.7631 -0.5965
vn 0.0668 -0.4457 -0.8927
vn 0.5382 0.8428 0.0007
vn 0.2802 0.8159 0.5057
vn 0.0842 0.8862 0.4556
vn 0.0296 0.9496 0.3122
vn 0.4465 0.5729 -0.6874
vn 0.5344 0.8452 -0.0011
vn 0.5757 0.6303 -0.5208
vn 0.5382 0.8428 -0.0007
vn 0.3371 0.6458 -0.6851
vn 0.2802 0.8159 -0.5057
vn -0.2096 0.9778 -0.0000
vn 0.0842 0.8863 -0.4555
vn 0.5319 0.8468 -0.0010
vn 0.5297 0.8482 -0.0004
vn 0.5335 0.8458 -0.0001
vn 0.7095 0.5224 -0.4730
vn 0.3371 0.6458 0.6851
vn 0.5335 0.8458 0.0001
vn 0.5297 0.8482 0.0005
vn 0.5303 0.8478 0.0004
vn 0.5344 0.8452 0.0011
vn 0.4465 0.5729 0.6874
vn 0.5758 0.6303 0.5208
vn 0.7095 0.5224 0.4730
vn 0.8512 0.4892 0.1902
vn -1.0000 -0.0000 0.0002
vn -0.6679 -0.0000 0.7442
vn -0.4037 -0.0000 0.9149
vn 0.3950 0.3681 0.8417
vn 0.5995 0.6229 0.5026
vn 0.5255 0.8508 -0.0043
vn 0.5261 0.8504 -0.0085
vn 0.5544 0.8128 0.1790
vn 0.5692 0.8098 0.1420
vn 0.5314 0.8471 0.0019
vn 0.4876 0.2353 0.8408
vn 0.4076 0.0651 0.9108
vn 0.3497 0.2072 0.9136
vn 0.4903 0.5188 0.7003
vn 0.6073 0.5729 0.5504
vn 0.5960 0.7850 0.1687
vn 0.6911 0.5184 0.5036
vn 0.4352 -0.0001 0.9003
vn 0.2375 -0.0000 0.9714
vn 0.0672 -0.0000 0.9977
vn 0.2374 -0.0000 0.9714
vn 0.4212 -0.0000 0.9069
vn 0.5171 -0.0004 0.8559
vn 0.5755 -0.0001 0.8178
vn 0.7602 0.4217 0.4943
vn 0.6598 0.5356 0.5270
vn 0.5788 0.1611 0.7994
vn 0.5262 0.0424 0.8493
vn 0.5064 -0.0000 0.8623
vn 0.3732 -0.0000 0.9277
vn 0.2704 0.0641 0.9606
vn 0.5172 -0.0001 0.8559
vn 0.5172 -0.0000 0.8558
vn 0.5174 -0.0001 0.8558
vn 0.9598 -0.0000 0.2808
vn 0.9212 -0.0002 0.3891
vn 0.8663 -0.0000 0.4996
vn 0.8349 0.0118 0.5503
vn 0.7995 0.0034 0.6006
vn 0.7741 -0.0000 0.6331
vn 0.7665 0.0011 0.6422
vn 0.7507 0.1668 0.6392
vn 0.7566 0.0543 0.6516
vn 0.6552 -0.0000 0.7555
vn 0.7707 0.0136 0.6371
vn 0.9347 -0.0000 0.3555
vn 0.6835 -0.0000 0.7300
vn -0.8616 0.2400 -0.4473
vn -0.6813 0.1880 -0.7074
vn -0.0000 0.0018 -1.0000
vn -0.5403 0.3400 -0.7697
vn 0.0030 0.4797 -0.8774
vn -0.6250 0.6456 -0.4387
vn 0.0018 0.7887 -0.6147
vn -0.6990 0.6657 -0.2611
vn 0.0006 0.9099 -0.4148
vn -0.3938 0.8748 -0.2823
vn -0.0000 0.9385 -0.3453
vn -0.0909 0.9243 -0.3706
vn -0.1325 0.8660 -0.4822
vn -0.3495 0.8352 -0.4246
vn -0.3720 0.7678 -0.5216
vn 0.0020 0.3582 -0.9337
vn -0.0005 0.0037 -1.0000
vn -0.0015 0.0003 -1.0000
vn -0.0690 0.3316 -0.9409
vn -0.1145 0.7281 -0.6758
vn -0.5520 0.6179 -0.5599
vn -0.3211 0.6238 -0.7126
vn -0.4776 0.5069 -0.7176
vn -0.2075 0.2525 -0.9451
vn -0.1150 0.2335 -0.9655
vn 0.0018 -0.0029 -1.0000
vn 0.0039 -0.0026 -1.0000
vn -0.2717 0.1950 -0.9424
vn -0.6048 0.3995 -0.6889
vn -0.4129 0.2013 -0.8883
vn -0.6877 0.3355 -0.6438
vn -0.7144 0.4706 -0.5179
vn -0.5947 0.6693 -0.4454
vn -0.7928 0.3881 -0.4699
vn -0.7765 0.4649 -0.4254
vn -0.8194 0.4035 -0.4070
vn -0.7880 0.5993 -0.1412
vn -0.3588 0.7964 0.4869
vn -0.0000 0.8202 0.5721
vn -0.0001 0.4943 0.8693
vn -0.0809 0.8206 0.5657
vn -0.1818 0.9015 -0.3927
vn -0.3247 0.7762 0.5405
vn -0.4261 0.7934 -0.4347
vn -0.6274 0.7070 0.3264
vn -0.5948 0.6692 -0.4454
vn -0.7290 0.5265 -0.4375
vn -0.7232 0.4343 0.5370
vn -0.8198 0.4029 -0.4070
vn -0.2061 0.9300 -0.3045
vn -0.2000 0.8847 0.4211
vn 0.5999 0.0009 -0.8000
vn 0.5159 0.0005 -0.8566
vn 0.3737 -0.6032 -0.7046
vn 0.5164 -0.0001 -0.8564
vn 0.5495 -0.6154 -0.5650
vn 0.5197 0.0001 -0.8543
vn 0.6455 -0.4210 -0.6373
vn 0.5166 -0.0000 -0.8562
vn 0.6909 -0.4930 -0.5287
vn 0.4270 -0.0000 -0.9042
vn 0.6084 -0.5136 -0.6050
vn 0.2317 -0.0000 -0.9728
vn 0.4345 -0.6110 -0.6617
vn -0.5235 -0.0000 -0.8520
vn -0.4038 -0.0000 -0.9149
vn -0.1078 -0.0000 -0.9942
vn -0.1079 -0.0000 -0.9942
vn 0.0671 -0.0000 -0.9977
vn 0.1493 0.0001 -0.9888
vn 0.1487 -0.0000 -0.9889
vn 0.3794 0.0001 -0.9252
vn 0.3800 -0.0000 -0.9250
vn -0.1969 -0.6671 -0.7185
vn -0.6108 -0.5392 -0.5799
vn -0.5230 -0.0000 -0.8524
vn -0.7189 -0.5153 -0.4665
vn -0.6310 -0.0001 -0.7758
vn -0.9530 -0.0000 -0.3028
vn -0.9462 -0.3235 -0.0001
vn -0.9531 -0.0000 -0.3028
vn -0.9103 -0.0001 -0.4139
vn -0.7911 -0.0001 -0.6117
vn -0.7153 -0.0002 -0.6989
vn -0.6311 -0.0002 -0.7757
vn -0.6989 0.6659 -0.2611
vn -0.9644 0.2643 -0.0003
vn -0.9643 0.2647 -0.0002
vn -0.9643 0.2648 -0.0001
vn -0.9643 0.2648 -0.0003
vn -0.9646 0.2637 -0.0009
vn -0.9639 0.2664 -0.0001
vn -0.9637 0.2668 0.0001
vn -0.8616 0.2401 -0.4472
vn -0.6812 0.1880 -0.7076
vn -0.5402 0.3400 -0.7698
vn -0.6249 0.6457 -0.4388
vn -0.8628 0.2363 0.4469
vn -0.4321 0.1185 0.8940
vn -0.9644 0.2645 -0.0001
vn -0.8627 0.2365 0.4470
vn 0.8907 -0.0000 -0.4545
vn 0.8953 -0.0003 -0.4454
vn 0.8999 -0.0006 -0.4362
vn -0.6004 0.0006 -0.7997
vn -0.5962 0.0005 -0.8028
vn -0.5963 0.0005 -0.8028
vn -0.5920 0.0004 -0.8060
vn -0.0450 -0.8114 0.5828
vn 0.5173 0.0004 0.8558
vn 0.3737 -0.6032 0.7047
vn 0.1702 -0.7714 0.6132
vn 0.8498 -0.0000 0.5271
vn 0.3445 -0.8248 0.4483
vn 0.4407 -0.8602 0.2566
vn 0.4747 -0.8801 -0.0002
vn 0.3445 -0.8248 -0.4484
vn 0.1702 -0.7713 -0.6133
vn -0.0448 -0.8115 -0.5826
vn 0.6084 -0.5136 0.6051
vn 0.6909 -0.4930 0.5287
vn 0.5166 -0.0000 0.8562
vn 0.6455 -0.4210 0.6373
vn 0.5197 0.0001 0.8544
vn 0.5495 -0.6154 0.5650
vn 0.5161 -0.0001 0.8565
vn 0.5159 0.0003 0.8567
vn 0.5999 0.0009 0.8000
vn 0.8497 -0.0000 0.5272
vn -0.9462 -0.3235 0.0001
vn -0.9530 -0.0000 0.3028
vn -0.8344 -0.4983 0.2354
vn -0.7532 -0.5149 0.4094
vn -0.6310 -0.0001 0.7758
vn -0.7189 -0.5154 0.4664
vn -0.7225 -0.4031 0.5618
vn -0.5235 -0.0000 0.8520
vn -0.6108 -0.5391 0.5799
vn 0.0671 -0.0000 0.9977
vn -0.1969 -0.6671 0.7185
vn 0.1487 -0.0000 0.9889
vn 0.1007 -0.8262 0.5544
vn 0.4345 -0.6110 0.6618
vn 0.2324 0.0001 0.9726
vn -0.5229 -0.0000 0.8524
vn -0.1078 -0.0000 0.9942
vn -0.1079 -0.0000 0.9942
vn 0.1492 0.0001 0.9888
vn 0.3795 0.0001 0.9252
vn 0.3800 -0.0000 0.9250
vn 0.5173 0.0001 0.8558
vn -0.9103 -0.0001 0.4139
vn -0.7911 -0.0001 0.6117
vn -0.7153 -0.0002 0.6989
vn -0.6311 -0.0002 0.7757
vn -0.9971 -0.0765 -0.0000
vn -0.9379 -0.3470 -0.0001
vn -0.9466 -0.1127 -0.3020
vn -0.8409 -0.4040 -0.3600
vn -0.7045 -0.7097 -0.0000
vn -0.7114 -0.5924 -0.3780
vn -0.6749 -0.6667 -0.3163
vn -0.5569 -0.8306 -0.0022
vn -0.6490 -0.7316 -0.2086
vn -0.5493 -0.8356 -0.0006
vn -0.7579 -0.6328 -0.1587
vn -0.5478 -0.8366 -0.0002
vn -0.8434 -0.5373 0.0041
vn -0.5467 -0.8373 -0.0036
vn -0.7069 -0.6502 -0.2784
vn -0.5482 -0.8364 -0.0023
vn -0.5520 -0.8338 0.0012
vn -0.6592 -0.7520 -0.0000
vn -0.7472 -0.6646 -0.0000
vn -0.8868 -0.4622 -0.0000
vn -0.9882 -0.1530 -0.0000
vn -0.9806 -0.0000 -0.1962
vn -0.5571 -0.8303 0.0143
vn -0.5569 -0.8305 0.0140
vn -0.5523 -0.8336 0.0094
vn -0.6490 -0.7316 0.2086
vn -0.7069 -0.6502 0.2784
vn -0.7573 -0.6329 0.1608
vn -0.6750 -0.6666 0.3162
vn -0.7114 -0.5924 0.3781
vn -0.8409 -0.4040 0.3600
vn -0.9379 -0.3470 -0.0000
vn -0.9612 -0.0965 0.2585
vn -0.9934 -0.1148 -0.0000
vn -0.9552 -0.0000 0.2960
vn 0.3630 -0.0000 -0.9318
vn 0.5801 0.5476 -0.6030
vt 0.954102 -0.633789
vt 0.941406 -0.607910
vt 0.939453 -0.633789
vt 0.921875 -0.621094
vt 0.925293 -0.642090
vt 0.907715 -0.645508
vt 0.916504 -0.659668
vt 0.901367 -0.683105
vt 0.910645 -0.684570
vt 0.909668 -0.890625
vt 0.900879 -0.908691
vt 0.934082 -0.926758
vt 0.928223 -0.947754
vt 0.954102 -0.926758
vt 0.962891 -0.947754
vt 0.962891 -0.607910
vt 1.235352 -0.017731
vt 1.010742 -0.017731
vt 1.235352 -0.013016
vt 1.010742 -0.020630
vt 1.238281 -0.020630
vt 1.238281 -0.010178
vt 1.010742 -0.010178
vt 1.010742 -0.013016
vt 0.554688 0.043121
vt 0.571289 0.043091
vt 0.554688 -0.088806
vt 0.571289 -0.091492
vt 0.571289 -0.091675
vt 0.554688 -0.089233
vt 0.571289 -0.094727
vt 0.554688 -0.092346
vt 0.554688 -0.097717
vt 0.571289 -0.099854
vt 0.554688 -0.106689
vt 0.571289 -0.108093
vt 0.571289 -0.181885
vt 0.554688 -0.182129
vt 0.571289 -0.195068
vt 0.554688 -0.195068
vt 0.554688 -0.203491
vt 0.571289 -0.203735
vt 0.554688 -0.215332
vt 0.571289 -0.215820
vt 0.554688 -0.261963
vt 0.571289 -0.260254
vt 0.571289 -0.275391
vt 0.554688 -0.276855
vt 0.571289 -0.285400
vt 0.554688 -0.286621
vt 0.571289 -0.297119
vt 0.554688 -0.297852
vt 0.571289 -0.397705
vt 0.554688 -0.398438
vt 0.571289 -0.431152
vt 0.554688 -0.431885
vt 0.571289 -0.455078
vt 0.554688 -0.455322
vt 0.571289 -0.475830
vt 0.554688 -0.475830
vt 0.554688 -0.497070
vt 0.571289 -0.497559
vt 0.554688 -0.523438
vt 0.571289 -0.523926
vt 1.235352 -0.142822
vt 1.010742 -0.145752
vt 1.010742 -0.142822
vt 1.235352 -0.138184
vt 1.010742 -0.138184
vt 1.010742 -0.135376
vt 1.238281 -0.135376
vt 1.238281 -0.145752
vt 0.571289 -0.799316
vt 0.554688 -0.785156
vt 0.571289 -0.784180
vt 0.554688 -0.799805
vt 0.571289 -0.809570
vt 0.554688 -0.810059
vt 0.554688 -0.825195
vt 0.571289 -0.825195
vt 0.554688 -0.912109
vt 0.571289 -0.910645
vt 0.571289 -0.919922
vt 0.554688 -0.922363
vt 0.571289 -0.925781
vt 0.554688 -0.928223
vt 0.554688 -0.931641
vt 0.571289 -0.928711
vt 0.571289 -0.929199
vt 0.571289 -1.063477
vt 0.554688 -1.063477
vt 0.554688 -0.562012
vt 0.571289 -0.562988
vt 0.554688 -0.680176
vt 0.571289 -0.681152
vt 0.554688 -0.693848
vt 0.571289 -0.695313
vt 0.554688 -0.706055
vt 0.571289 -0.708008
vt 0.554688 -0.725098
vt 0.571289 -0.727051
vt 1.235352 -0.111816
vt 1.010742 -0.114746
vt 1.010742 -0.111816
vt 1.235352 -0.107117
vt 1.010742 -0.107117
vt 1.010742 -0.104248
vt 1.238281 -0.104248
vt 1.238281 -0.114746
vt 0.010017 -0.274902
vt 0.005257 -0.288574
vt 0.023468 -0.268311
vt 0.004429 -0.304443
vt 0.039886 -0.268311
vt 0.004169 -0.448975
vt 0.366943 -0.267578
vt 0.006901 -0.458740
vt 0.014633 -0.463623
vt 0.025833 -0.466064
vt 0.343750 -0.466797
vt 0.377930 -0.270020
vt 0.385010 -0.275879
vt 0.388428 -0.286133
vt 0.358398 -0.462891
vt 0.370850 -0.456543
vt 0.379395 -0.443604
vt 0.383057 -0.433105
vt 0.385254 -0.419189
vt 0.384521 -0.403809
vt 1.235352 -0.080444
vt 1.010742 -0.083374
vt 1.010742 -0.080444
vt 1.235352 -0.075745
vt 1.010742 -0.075745
vt 1.010742 -0.072876
vt 1.238281 -0.072876
vt 1.238281 -0.083374
vt 1.235352 -0.049103
vt 1.010742 -0.049103
vt 1.235352 -0.044373
vt 1.010742 -0.044373
vt 1.010742 -0.041534
vt 1.238281 -0.041534
vt 1.238281 -0.052002
vt 1.010742 -0.052002
vt 0.555176 -0.273193
vt 0.570801 -0.273193
vt 0.555176 -0.341309
vt 0.570801 -0.341309
vt 0.555176 -0.419678
vt 0.570801 -0.419678
vt 0.570801 -0.430176
vt 0.570801 -0.501953
vt 0.555176 -0.430176
vt 0.555176 -0.501953
vt 0.555176 -0.258789
vt 0.570801 -0.258789
vt 0.570801 -0.429199
vt 0.555176 -0.429199
vt 0.570801 -0.418945
vt 0.555176 -0.418945
vt 0.570801 -0.272461
vt 0.570801 -0.340332
vt 0.555176 -0.272461
vt 0.555176 -0.340332
vt 0.555176 -0.500977
vt 0.570801 -0.500977
vt 0.570801 -0.258057
vt 0.555176 -0.258057
vt 0.597656 3.232422
vt 0.597656 3.087891
vt 0.593262 3.232422
vt 0.593262 3.087891
vt 0.466797 3.087891
vt 0.466797 3.232422
vt 0.502930 3.117188
vt 0.502930 3.203125
vt 0.518555 3.136719
vt 0.518555 3.183594
vt 0.524414 3.160156
vt 0.461914 3.232422
vt 0.461914 3.087891
vt 0.336670 3.232422
vt 0.336670 3.087891
vt 0.332031 3.232422
vt 0.332031 3.087891
vt 0.633789 3.117188
vt 0.633789 3.203125
vt 0.649414 3.136719
vt 0.649414 3.183594
vt 0.655273 3.160156
vt 0.725586 3.232422
vt 0.725586 3.087891
vt 0.720703 3.232422
vt 0.720703 3.087891
vt 0.057587 3.087891
vt 0.057617 3.230469
vt 0.098694 3.117188
vt 0.098755 3.201172
vt 0.116455 3.136719
vt 0.116516 3.181641
vt 0.123169 3.158203
vt 0.052795 3.230469
vt 0.052765 3.087891
vt 0.761719 3.117188
vt 0.761719 3.203125
vt 0.777344 3.136719
vt 0.777344 3.183594
vt 0.783203 3.160156
vt 0.205078 3.230469
vt 0.205078 3.087891
vt 0.200317 3.230469
vt 0.200317 3.087891
vt 2.236328 1.880859
vt 2.236328 1.826172
vt 2.232422 1.880859
vt 2.228516 1.874023
vt 2.234375 1.826172
vt 2.230469 1.828125
vt 2.230469 1.831055
vt 2.228516 1.835938
vt 0.899902 1.286133
vt 0.985840 1.333008
vt 0.899902 1.137695
vt 1.093750 1.137695
vt 1.756836 1.998047
vt 1.756836 1.970703
vt 1.747070 1.998047
vt 1.747070 1.970703
vt 0.241211 3.117188
vt 0.241211 3.201172
vt 0.256592 3.136719
vt 0.256592 3.181641
vt 0.262451 3.160156
vt 0.854004 3.232422
vt 0.854004 3.087891
vt 0.849609 3.232422
vt 0.849609 3.087891
vt 0.985352 3.087891
vt 0.985352 3.232422
vt 1.021484 3.117188
vt 1.021484 3.203125
vt 1.037109 3.136719
vt 1.037109 3.183594
vt 1.042969 3.160156
vt 0.890137 3.117188
vt 0.890137 3.203125
vt 0.905762 3.136719
vt 0.905762 3.183594
vt 0.911621 3.160156
vt 0.980469 3.232422
vt 0.980469 3.087891
vt 1.119141 3.232422
vt 1.119141 3.087891
vt 1.114258 3.232422
vt 1.114258 3.087891
vt 1.470703 0.898926
vt 1.483398 1.033203
vt 1.470703 1.039063
vt 1.483398 0.893066
vt 1.511719 1.024414
vt 1.511719 0.883789
vt 1.539063 1.018555
vt 1.539063 0.877930
vt 1.568359 1.015625
vt 1.568359 0.875000
vt 1.597656 0.877930
vt 1.597656 1.018555
vt 1.624023 0.883789
vt 1.624023 1.024414
vt 1.653320 0.893066
vt 1.653320 1.033203
vt 1.665039 0.898926
vt 1.665039 1.039063
vt 1.155273 3.117188
vt 1.155273 3.203125
vt 1.170898 3.136719
vt 1.170898 3.183594
vt 1.176758 3.160156
vt 1.253906 3.232422
vt 1.253906 3.087891
vt 1.249023 3.232422
vt 1.249023 3.087891
vt 0.855957 0.176025
vt 0.880371 0.199585
vt 0.848145 0.236816
vt 0.825195 0.229614
vt 0.826660 0.166870
vt 0.796387 0.174805
vt 0.801758 0.235840
vt 0.770996 0.197266
vt 0.781738 0.253418
vt 0.614746 0.406982
vt 0.659180 0.417969
vt 0.654297 0.434814
vt 0.608887 0.428467
vt 0.609863 0.447266
vt 0.655273 0.449707
vt 0.613281 0.467041
vt 0.658203 0.465088
vt 0.753906 0.655273
vt 0.735840 0.709473
vt 0.772461 0.671387
vt 0.759277 0.729980
vt 0.792480 0.682129
vt 0.784668 0.743164
vt 0.815430 0.687500
vt 0.814453 0.750000
vt 0.844238 0.744629
vt 0.838867 0.683105
vt 0.870117 0.731934
vt 0.859375 0.673340
vt 0.894531 0.712891
vt 0.878906 0.658203
vt 1.026367 0.475586
vt 0.982422 0.471924
vt 0.985840 0.456543
vt 1.031250 0.456055
vt 0.987305 0.441650
vt 1.032227 0.437256
vt 1.027344 0.415527
vt 0.983398 0.424805
vt 0.867676 0.255127
vt 0.513184 2.537109
vt 0.471924 2.519531
vt 0.479004 2.509766
vt 0.506348 2.546875
vt 0.496338 2.554688
vt 0.461426 2.527344
vt 0.354980 2.574219
vt 0.354492 2.619141
vt 0.334961 2.583984
vt 0.334473 2.626953
vt 0.310547 2.595703
vt 0.309570 2.638672
vt 0.287354 2.607422
vt 0.286621 2.652344
vt 0.259521 2.621094
vt 0.259033 2.666016
vt 0.240601 2.628906
vt 0.240479 2.673828
vt 0.103088 2.689453
vt 0.102783 2.734375
vt 0.738281 2.380859
vt 0.706543 2.343750
vt 0.739258 2.335938
vt 0.706543 2.392578
vt 0.686523 2.351563
vt 0.686035 2.398438
vt 0.665527 2.359375
vt 0.665527 2.404297
vt 0.637695 2.373047
vt 0.637207 2.416016
vt 0.501953 2.433594
vt 0.536621 2.460938
vt 0.526367 2.468750
vt 0.491943 2.439453
vt 0.484863 2.451172
vt 0.519531 2.480469
vt 0.482422 2.462891
vt 0.516602 2.492188
vt 0.481689 2.496094
vt 0.515625 2.525391
vt 1.290039 3.117188
vt 1.290039 3.203125
vt 1.305664 3.136719
vt 1.305664 3.183594
vt 1.311523 3.160156
vt 1.149414 2.349609
vt 1.130859 2.701172
vt 1.129883 2.341797
vt 0.866699 2.576172
vt 1.115234 2.333984
vt 1.103516 2.324219
vt 1.095703 2.312500
vt 1.090820 2.296875
vt 1.090820 2.195313
vt 0.870605 2.097656
vt 0.866211 2.093750
vt 0.861816 2.099609
vt 0.838867 2.121094
vt 0.838867 2.564453
vt 0.820313 2.136719
vt 0.820313 2.558594
vt 0.801758 2.150391
vt 0.802246 2.552734
vt 0.766113 2.169922
vt 0.766602 2.544922
vt 1.355469 2.800781
vt 1.345703 2.800781
vt 1.240234 2.757813
vt 1.363281 2.794922
vt 1.368164 2.787109
vt 1.368164 2.451172
vt 1.241211 2.396484
vt 1.222656 2.750000
vt 1.222656 2.388672
vt 1.196289 2.736328
vt 1.196289 2.375000
vt 1.173828 2.722656
vt 1.173828 2.361328
vt 1.150391 2.710938
vt 1.135742 1.142578
vt 1.109375 1.189453
vt 1.018555 1.351563
vt 1.388672 3.232422
vt 1.388672 3.087891
vt 1.383789 3.232422
vt 1.383789 3.087891
vt 1.295898 1.136719
vt 1.406250 1.338867
vt 1.495117 1.136719
vt 1.495117 1.291016
vt 1.720703 0.898438
vt 1.747070 0.758301
vt 1.747070 0.898926
vt 1.721680 0.758301
vt 1.715820 0.898438
vt 1.715820 0.758301
vt 1.709961 0.895996
vt 1.710938 0.755859
vt 1.665039 0.874023
vt 1.665039 0.734375
vt 1.631836 0.863770
vt 1.631836 0.723633
vt 1.600586 0.856445
vt 1.600586 0.716797
vt 1.567383 0.853516
vt 1.567383 0.713379
vt 1.534180 0.716797
vt 1.534180 0.856445
vt 1.502930 0.723633
vt 1.502930 0.863281
vt 1.469727 0.733887
vt 1.469727 0.874023
vt 1.424805 0.755371
vt 1.424805 0.895508
vt 1.418945 0.758301
vt 1.418945 0.898438
vt 1.414063 0.898438
vt 1.414063 0.758301
vt 1.386719 0.758301
vt 1.386719 0.898438
vt 1.863281 2.964844
vt 1.908203 2.964844
vt 1.863281 2.912109
vt 1.907227 2.933594
vt 1.894531 2.912109
vt 0.394287 3.160156
vt 0.388428 3.136719
vt 0.388428 3.183594
vt 0.372803 3.203125
vt 0.372803 3.117188
vt 1.424805 3.117188
vt 1.424805 3.203125
vt 1.440430 3.136719
vt 1.440430 3.183594
vt 1.446289 3.160156
vt 1.373047 1.357422
vt 1.280273 1.190430
vt 1.350586 1.370117
vt 1.236328 1.169922
vt 1.252930 1.143555
vt 0.700195 1.987305
vt 0.676758 1.964844
vt 0.699707 1.958984
vt 0.677246 1.993164
vt 0.652344 1.972656
vt 0.652832 2.000000
vt 0.451660 2.068359
vt 0.451660 2.097656
vt 0.437012 2.076172
vt 0.437256 2.105469
vt 0.423584 2.083984
vt 0.423828 2.113281
vt 0.407471 2.091797
vt 0.407471 2.121094
vt 0.209595 2.177734
vt 0.209839 2.207031
vt 0.183228 2.187500
vt 0.183472 2.216797
vt 0.157837 2.191406
vt 0.158081 2.218750
vt 1.682617 1.974609
vt 1.655273 1.998047
vt 1.682617 1.998047
vt 1.655273 2.089844
vt 1.790039 2.089844
vt 1.687500 1.998047
vt 1.698242 1.998047
vt 1.702148 1.998047
vt 1.711914 1.998047
vt 1.717773 1.998047
vt 1.727539 1.998047
vt 1.732422 1.998047
vt 1.743164 1.998047
vt 1.762695 1.998047
vt 1.790039 1.998047
vt 1.762695 1.974609
vt 1.698242 1.970703
vt 1.687500 1.970703
vt 1.711914 1.962891
vt 1.702148 1.962891
vt 1.727539 1.958984
vt 1.717773 1.958984
vt 1.304688 2.214844
vt 1.278320 2.212891
vt 1.303711 2.187500
vt 1.278320 2.183594
vt 1.251953 2.203125
vt 1.251953 2.173828
vt 1.049805 2.119141
vt 1.049805 2.089844
vt 1.033203 2.111328
vt 1.033203 2.082031
vt 1.019531 2.103516
vt 1.019531 2.074219
vt 1.004883 2.095703
vt 1.004883 2.066406
vt 0.798828 2.000000
vt 0.798828 1.971680
vt 0.773926 1.992188
vt 0.773438 1.963867
vt 0.750488 1.987305
vt 0.750000 1.958984
vt 0.725098 1.985352
vt 0.724609 1.956055
vt 2.871094 1.875977
vt 2.875000 1.875977
vt 2.871094 1.820313
vt 2.878906 1.869141
vt 2.873047 1.820313
vt 2.876953 1.822266
vt 2.876953 1.825195
vt 2.878906 1.830078
vt 0.295898 3.203125
vt 0.295898 3.117188
vt 0.280273 3.136719
vt 0.280273 3.183594
vt 0.274414 3.160156
vt 0.425781 3.203125
vt 0.425781 3.117188
vt 0.410400 3.136719
vt 0.410400 3.183594
vt 0.404541 3.160156
vt 0.557129 3.203125
vt 0.557129 3.117188
vt 0.541504 3.136719
vt 0.541504 3.183594
vt 0.535645 3.160156
vt 0.684570 3.203125
vt 0.684570 3.117188
vt 0.668945 3.136719
vt 0.668945 3.183594
vt 0.663086 3.160156
vt 0.164185 3.201172
vt 0.164185 3.117188
vt 0.148560 3.136719
vt 0.148560 3.181641
vt 0.142700 3.160156
vt 0.813477 3.203125
vt 0.813477 3.117188
vt 0.797852 3.136719
vt 0.797852 3.183594
vt 0.791992 3.160156
vt 0.944336 3.203125
vt 0.944336 3.117188
vt 0.928711 3.136719
vt 0.928711 3.183594
vt 0.922852 3.160156
vt 1.079102 3.203125
vt 1.079102 3.117188
vt 1.063477 3.136719
vt 1.063477 3.183594
vt 1.057617 3.160156
vt 1.212891 3.203125
vt 1.212891 3.117188
vt 1.197266 3.136719
vt 1.197266 3.183594
vt 1.191406 3.160156
vt 1.348633 3.203125
vt 1.348633 3.117188
vt 1.333008 3.136719
vt 1.333008 3.183594
vt 1.327148 3.160156
vt 2.062500 2.929688
vt 2.017578 2.929688
vt 2.062500 2.962891
vt 2.048828 2.982422
vt 2.019531 2.982422
vt 1.040039 1.363281
vt 1.152344 1.168945
vt 0.794434 0.959961
vt 0.747070 0.959961
vt 0.794434 1.208008
vt 0.793457 1.212891
vt 0.791016 1.216797
vt 0.786621 1.219727
vt 0.747559 1.238281
vt 0.733398 0.959961
vt 0.733887 1.245117
vt 0.720703 0.959961
vt 0.720703 1.252930
vt 0.705566 0.959961
vt 0.705566 1.260742
vt 0.566406 1.211914
vt 0.566406 1.321289
vt 0.520020 1.232422
vt 0.520020 1.341797
vt 0.495361 1.241211
vt 0.495605 1.351563
vt 0.471680 1.244141
vt 0.471924 1.354492
vt 0.448242 1.351563
vt 0.447998 1.241211
vt 0.423584 1.342773
vt 0.423340 1.232422
vt 0.377197 1.322266
vt 0.376953 1.211914
vt 0.238037 1.261719
vt 0.236694 0.961426
vt 0.222778 1.252930
vt 0.221558 0.961426
vt 0.209961 1.246094
vt 0.208862 0.961426
vt 0.196289 1.239258
vt 0.195068 0.961426
vt 0.156860 1.220703
vt 0.152832 1.217773
vt 0.150146 1.213867
vt 0.149170 1.208984
vt 0.148193 0.961426
vt 0.471680 1.219727
vt 0.471680 1.214844
vt 0.448242 1.216797
vt 0.448242 1.211914
vt 0.423340 1.208008
vt 0.423340 1.203125
vt 0.376953 1.187500
vt 0.376953 1.182617
vt 0.376953 1.192383
vt 0.376953 1.197266
vt 0.423340 1.212891
vt 0.423584 1.217773
vt 0.448242 1.221680
vt 0.448242 1.226563
vt 0.471924 1.224609
vt 0.471924 1.229492
vt 0.495361 1.226563
vt 0.495361 1.221680
vt 0.520020 1.217773
vt 0.520020 1.212891
vt 0.566406 1.197266
vt 0.566406 1.192383
vt 0.566406 1.202148
vt 0.566406 1.207031
vt 0.520020 1.222656
vt 0.520020 1.227539
vt 0.495605 1.231445
vt 0.495605 1.236328
vt 0.471924 1.234375
vt 0.471924 1.239258
vt 0.448242 1.236328
vt 0.448242 1.231445
vt 0.423584 1.227539
vt 0.423584 1.222656
vt 0.376953 1.207031
vt 0.376953 1.202148
vt 0.447998 1.207031
vt 0.447998 1.202148
vt 0.423340 1.198242
vt 0.471680 1.205078
vt 0.471680 1.209961
vt 0.495361 1.207031
vt 0.495361 1.202148
vt 0.520020 1.198242
vt 0.520020 1.193359
vt 0.566406 1.177734
vt 0.566406 1.172852
vt 0.566406 1.182617
vt 0.566406 1.187500
vt 0.520020 1.203125
vt 0.520020 1.208008
vt 0.495361 1.211914
vt 0.495361 1.216797
vt 0.566406 1.163086
vt 0.520020 1.183594
vt 0.566406 1.167969
vt 0.520020 1.188477
vt 0.495361 1.192383
vt 0.495361 1.197266
vt 0.471680 1.195313
vt 0.471680 1.200195
vt 0.447998 1.197266
vt 0.447998 1.192383
vt 0.423340 1.188477
vt 0.423340 1.183594
vt 0.376709 1.168945
vt 0.376709 1.164063
vt 0.376709 1.173828
vt 0.376953 1.178711
vt 0.423340 1.193359
vt 0.376709 1.149414
vt 0.376709 1.144531
vt 0.376709 1.154297
vt 0.376709 1.159180
vt 0.423340 1.173828
vt 0.423340 1.178711
vt 0.447998 1.182617
vt 0.447998 1.187500
vt 0.471680 1.185547
vt 0.471680 1.190430
vt 0.495361 1.187500
vt 0.495361 1.182617
vt 0.520020 1.178711
vt 0.520020 1.173828
vt 0.566406 1.158203
vt 0.566406 1.154297
vt 0.447998 1.148438
vt 0.447998 1.143555
vt 0.423096 1.140625
vt 0.471436 1.147461
vt 0.471436 1.152344
vt 0.495117 1.148438
vt 0.495117 1.143555
vt 0.519531 1.139648
vt 0.519531 1.134766
vt 0.566406 1.120117
vt 0.565918 1.115234
vt 0.566406 1.125000
vt 0.566406 1.129883
vt 0.519531 1.144531
vt 0.519531 1.149414
vt 0.495117 1.153320
vt 0.495117 1.158203
vt 0.471680 1.157227
vt 0.471680 1.162109
vt 0.565918 0.959961
vt 0.565918 1.110352
vt 0.566406 1.134766
vt 0.566406 1.149414
vt 0.519531 1.154297
vt 0.495117 1.163086
vt 0.520020 1.159180
vt 0.566406 1.139648
vt 0.566406 1.144531
vt 0.520020 1.164063
vt 0.520020 1.168945
vt 0.495361 1.172852
vt 0.495361 1.177734
vt 0.471680 1.175781
vt 0.471680 1.180664
vt 0.447998 1.177734
vt 0.447998 1.172852
vt 0.423340 1.168945
vt 0.423340 1.164063
vt 0.447998 1.158203
vt 0.447998 1.153320
vt 0.423096 1.149414
vt 0.423096 1.145508
vt 0.376709 1.129883
vt 0.376709 1.125000
vt 0.376709 1.134766
vt 0.376709 1.139648
vt 0.423096 1.154297
vt 0.423340 1.159180
vt 0.447998 1.163086
vt 0.447998 1.167969
vt 0.471680 1.166016
vt 0.471680 1.170898
vt 0.495117 1.167969
vt 0.376709 1.111328
vt 0.375977 0.960938
vt 0.376709 1.116211
vt 0.376709 1.120117
vt 0.423096 1.135742
vt 2.382813 2.285156
vt 2.416016 2.474609
vt 2.412109 2.285156
vt 2.376953 2.285156
vt 2.376953 2.509766
vt 2.382813 2.509766
vt 2.412109 2.529297
vt 2.419922 2.476563
vt 2.416016 2.531250
vt 2.423828 2.476563
vt 2.421875 2.531250
vt 2.425781 2.529297
vt 2.427734 2.474609
vt 2.458984 2.513672
vt 2.468750 2.283203
vt 2.501953 2.480469
vt 2.505859 2.285156
vt 2.462891 2.283203
vt 2.433594 2.283203
vt 2.462891 2.513672
vt 2.500000 2.535156
vt 2.505859 2.482422
vt 2.503906 2.537109
vt 2.511719 2.482422
vt 2.509766 2.537109
vt 2.513672 2.535156
vt 2.515625 2.480469
vt 2.552734 2.515625
vt 2.560547 2.285156
vt 2.601563 2.484375
vt 2.601563 2.285156
vt 2.554688 2.285156
vt 2.517578 2.285156
vt 2.558594 2.515625
vt 2.601563 2.539063
vt 2.605469 2.484375
vt 2.605469 2.541016
vt 2.611328 2.484375
vt 2.611328 2.541016
vt 2.615234 2.539063
vt 2.615234 2.484375
vt 2.658203 2.515625
vt 2.662109 2.285156
vt 2.703125 2.480469
vt 2.699219 2.285156
vt 2.656250 2.285156
vt 2.615234 2.285156
vt 2.664063 2.515625
vt 2.703125 2.535156
vt 2.705078 2.482422
vt 2.707031 2.537109
vt 2.710938 2.482422
vt 2.712891 2.537109
vt 2.714844 2.480469
vt 2.748047 2.283203
vt 2.710938 2.285156
vt 2.800781 2.474609
vt 2.833984 2.285156
vt 2.804688 2.285156
vt 2.716797 2.535156
vt 2.753906 2.511719
vt 2.753906 2.283203
vt 2.759766 2.511719
vt 2.789063 2.474609
vt 2.791016 2.529297
vt 2.792969 2.476563
vt 2.794922 2.529297
vt 2.796875 2.476563
vt 2.800781 2.529297
vt 2.802734 2.527344
vt 2.833984 2.509766
vt 2.839844 2.285156
vt 2.839844 2.509766
vt 2.783203 2.283203
vt 1.743164 1.963867
vt 1.732422 1.963867
vt 0.773438 1.889648
vt 0.803711 1.896484
vt 0.773438 1.920898
vt 0.803223 1.927734
vt 0.835449 1.907227
vt 0.834961 1.938477
vt 1.096680 2.031250
vt 1.095703 2.062500
vt 1.115234 2.041016
vt 1.115234 2.072266
vt 1.132813 2.050781
vt 1.132813 2.082031
vt 1.153320 2.062500
vt 1.153320 2.093750
vt 1.409180 2.171875
vt 1.409180 2.203125
vt 1.443359 2.185547
vt 1.443359 2.216797
vt 1.476563 2.189453
vt 1.476563 2.220703
vt 0.524414 2.490234
vt 0.526855 2.480469
vt 0.532715 2.470703
vt 0.541016 2.464844
vt 0.635254 2.423828
vt 0.662109 2.412109
vt 0.682129 2.404297
vt 0.701660 2.398438
vt 0.731445 2.390625
vt 0.739258 2.388672
vt 0.675781 1.418945
vt 0.644531 1.425781
vt 0.677246 1.415039
vt 0.643555 1.428711
vt 0.396484 1.537109
vt 0.395752 1.541016
vt 0.380615 1.544922
vt 0.380127 1.547852
vt 0.361084 1.553711
vt 0.360840 1.557617
vt 0.343018 1.563477
vt 0.343262 1.566406
vt 0.321289 1.574219
vt 0.322266 1.578125
vt 0.306885 1.580078
vt 0.307129 1.583984
vt 0.301758 1.582031
vt 0.302490 1.585938
vt 0.297363 1.585938
vt 0.296387 1.582031
vt 0.292480 1.583984
vt 0.291016 1.581055
vt 0.189697 1.542969
vt 0.189087 1.540039
vt 0.184937 1.541992
vt 0.183838 1.539063
vt 0.180054 1.541992
vt 0.178467 1.539063
vt 0.175293 1.543945
vt 0.173340 1.541016
vt 0.080505 1.580078
vt 0.080505 1.583984
vt 0.062683 1.587891
vt 0.064392 1.590820
vt 0.031647 1.595703
vt 0.032928 1.600586
vt 0.000734 1.603516
vt 0.001124 1.599609
vt 0.948242 2.929688
vt 0.958008 2.939453
vt 0.952148 2.927734
vt 0.962891 2.939453
vt 1.024414 2.974609
vt 1.024414 2.970703
vt 1.042969 2.982422
vt 1.042969 2.986328
vt 1.054688 2.990234
vt 1.053711 2.994141
vt 1.069336 2.996094
vt 1.068359 3.000000
vt 1.200195 3.027344
vt 1.201172 3.023438
vt 1.244141 3.035156
vt 1.245117 3.031250
vt 1.277344 3.029297
vt 1.277344 3.035156
vt 1.305664 3.025391
vt 1.303711 3.021484
vt 0.968262 2.804688
vt 0.964355 2.800781
vt 0.960449 2.806641
vt 0.956543 2.802734
vt 0.953125 2.810547
vt 0.949707 2.808594
vt 0.944336 2.816406
vt 0.948242 2.818359
vt 0.941895 2.826172
vt 0.945801 2.826172
vt 0.944336 2.906250
vt 0.940430 2.908203
vt 0.947754 2.919922
vt 0.943359 2.921875
vt 1.477539 1.599609
vt 1.478516 1.603516
vt 1.447266 1.595703
vt 1.446289 1.600586
vt 1.414063 1.590820
vt 1.416016 1.587891
vt 1.398438 1.583984
vt 1.398438 1.580078
vt 1.302734 1.543945
vt 1.304688 1.541016
vt 1.299805 1.539063
vt 1.297852 1.541992
vt 1.293945 1.539063
vt 1.292969 1.541992
vt 1.289063 1.540039
vt 1.288086 1.542969
vt 1.186523 1.581055
vt 1.184570 1.584961
vt 1.180664 1.582031
vt 1.179688 1.585938
vt 1.175781 1.582031
vt 1.174805 1.585938
vt 1.169922 1.584961
vt 1.170898 1.581055
vt 1.155273 1.578125
vt 1.156250 1.574219
vt 1.133789 1.567383
vt 1.133789 1.563477
vt 1.116211 1.557617
vt 1.116211 1.553711
vt 1.096680 1.547852
vt 1.096680 1.544922
vt 1.081055 1.541016
vt 1.081055 1.538086
vt 0.832520 1.428711
vt 0.831543 1.425781
vt 0.800293 1.417969
vt 0.798828 1.415039
vt 0.770020 1.412109
vt 0.768555 1.408203
vt 0.737793 1.409180
vt 0.737793 1.405273
vt 0.707031 1.409180
vt 0.705566 1.412109
vt 1.546875 0.574707
vt 1.546875 0.599609
vt 1.518555 0.584473
vt 1.518555 0.609375
vt 1.315430 0.667480
vt 1.315430 0.692383
vt 1.297852 0.676758
vt 1.297852 0.701660
vt 1.283203 0.684570
vt 1.283203 0.709473
vt 1.267578 0.692871
vt 1.267578 0.717773
vt 1.050781 0.793457
vt 1.049805 0.818359
vt 1.024414 0.801758
vt 1.023438 0.826660
vt 0.999512 0.807129
vt 0.999512 0.832031
vt 0.972656 0.809570
vt 0.972656 0.834473
vt 0.571289 2.812500
vt 0.573242 2.810547
vt 0.567871 2.804688
vt 0.570313 2.802734
vt 0.562988 2.798828
vt 0.565918 2.796875
vt 0.559570 2.792969
vt 0.556641 2.794922
vt 0.552246 2.791016
vt 0.548340 2.792969
vt 2.169922 0.840332
vt 2.142578 0.837402
vt 2.169922 0.814941
vt 2.142578 0.812012
vt 2.119141 0.831543
vt 2.119141 0.806641
vt 2.091797 0.822754
vt 2.091797 0.797852
vt 1.876953 0.719727
vt 1.876953 0.694824
vt 1.861328 0.711426
vt 1.861328 0.686523
vt 1.846680 0.703125
vt 1.847656 0.678223
vt 1.830078 0.693848
vt 1.830078 0.669434
vt 1.627930 0.609375
vt 1.627930 0.584961
vt 1.600586 0.599609
vt 1.600586 0.575195
vt 1.573242 0.596191
vt 1.573242 0.571289
vt 1.888672 2.792969
vt 1.919922 2.792969
vt 1.888672 2.787109
vt 1.919922 2.787109
vt 1.888672 2.775391
vt 1.919922 2.775391
vt 0.068970 2.193359
vt 0.069275 2.162109
vt 0.326172 2.087891
vt 0.326416 2.056641
vt 0.347168 2.076172
vt 0.347412 2.044922
vt 0.364746 2.066406
vt 0.364990 2.035156
vt 0.383789 2.056641
vt 0.384033 2.025391
vt 0.646973 1.936523
vt 0.646973 1.905273
vt 0.678711 1.926758
vt 0.679199 1.895508
vt 0.708984 1.920898
vt 0.708984 1.888672
vt 0.741211 1.917969
vt 0.741211 1.886719
vt 0.002317 2.177734
vt 0.034790 2.205078
vt 0.002031 2.208984
vt 0.035065 2.173828
vt 0.968750 -0.133545
vt 0.968750 -0.239746
vt 0.956543 -0.133789
vt 0.899902 -0.165649
vt 0.908691 -0.239624
vt 0.899902 -0.230957
vt 0.243164 2.623047
vt 0.106506 2.681641
vt 0.101563 2.683594
vt 0.260742 2.615234
vt 0.286621 2.599609
vt 0.308350 2.587891
vt 0.331787 2.576172
vt 0.351074 2.568359
vt 0.457764 2.521484
vt 0.466309 2.515625
vt 0.471924 2.507813
vt 0.474121 2.496094
vt 0.474609 2.457031
vt 0.476563 2.445313
vt 0.482666 2.437500
vt 0.491211 2.431641
vt 0.633789 2.367188
vt 0.661133 2.353516
vt 0.681152 2.345703
vt 0.701172 2.339844
vt 0.730957 2.332031
vt 0.738770 2.328125
vt 0.305664 0.116272
vt 0.341797 0.120239
vt 0.340088 0.124023
vt 0.305664 0.111694
vt 0.269287 0.119385
vt 0.270996 0.123230
vt 0.364746 0.141846
vt 0.372559 0.141968
vt 0.244873 0.140381
vt 0.238037 0.140381
vt 0.704590 2.816406
vt 0.729004 2.878906
vt 0.729980 2.816406
vt 0.703125 2.882813
vt 0.677734 2.814453
vt 0.675293 2.886719
vt 0.646973 2.814453
vt 0.644531 2.894531
vt 0.566895 2.822266
vt 0.563965 2.810547
vt 0.559570 2.804688
vt 0.552734 2.798828
vt 0.544922 2.796875
vt 0.546387 2.664063
vt 0.549316 2.664063
vt 0.261719 2.751953
vt 0.262451 2.671875
vt 0.288086 2.738281
vt 0.244873 2.679688
vt 0.244629 2.759766
vt 0.108154 2.738281
vt 0.125000 2.810547
vt 0.244629 2.765625
vt 0.124634 2.816406
vt 0.117981 2.810547
vt 0.111633 2.804688
vt 0.108215 2.796875
vt 0.103210 2.740234
vt 0.103271 2.800781
vt 0.107727 2.810547
vt 0.115234 2.814453
vt 0.353027 2.712891
vt 0.333740 2.714844
vt 0.352783 2.707031
vt 0.333496 2.720703
vt 0.309814 2.726563
vt 0.309814 2.732422
vt 0.287842 2.744141
vt 0.261719 2.757813
vt 2.830078 1.819336
vt 2.830078 1.887695
vt 2.833984 1.822266
vt 2.833984 1.884766
vt 2.839844 1.819336
vt 2.837891 1.823242
vt 2.845703 1.827148
vt 2.841797 1.830078
vt 0.962402 2.667969
vt 0.960938 2.796875
vt 0.965820 2.667969
vt 0.952637 2.798828
vt 0.945801 2.802734
vt 0.941406 2.808594
vt 0.937500 2.818359
vt 2.845703 1.873047
vt 2.841797 1.871094
vt 2.839844 1.877930
vt 2.843750 1.880859
vt 2.837891 1.881836
vt 2.841797 1.884766
vt 2.835938 1.884766
vt 2.835938 1.887695
vt 0.805664 2.667969
vt 0.778809 2.810547
vt 0.804199 2.810547
vt 0.780273 2.667969
vt 0.754395 2.810547
vt 0.756348 2.666016
vt 0.731934 2.666016
vt 0.730469 2.810547
vt 0.706543 2.666016
vt 0.705078 2.808594
vt 0.679688 2.666016
vt 0.677734 2.808594
vt 0.646973 2.808594
vt 0.648926 2.666016
vt 0.574707 2.808594
vt 0.572754 2.800781
vt 0.567383 2.794922
vt 0.560059 2.789063
vt 0.554199 2.789063
vt 0.555664 2.664063
vt 0.956055 2.667969
vt 0.863281 2.667969
vt 0.955078 2.792969
vt 0.949219 2.792969
vt 0.941895 2.798828
vt 0.936523 2.804688
vt 0.934082 2.812500
vt 0.861816 2.810547
vt 0.832520 2.667969
vt 0.831055 2.810547
vt 1.855469 3.205078
vt 1.661133 3.119141
vt 1.855469 3.207031
vt 1.660156 3.115234
vt 1.641602 3.109375
vt 1.641602 3.105469
vt 1.628906 3.101563
vt 1.629883 3.097656
vt 1.593750 3.078125
vt 1.595703 3.076172
vt 1.588867 3.074219
vt 1.591797 3.072266
vt 1.586914 3.070313
vt 1.589844 3.068359
vt 1.584961 3.064453
vt 1.588867 3.064453
vt 1.584961 2.845703
vt 1.587891 2.845703
vt 1.587891 2.841797
vt 1.583984 2.841797
vt 0.970215 2.667969
vt 2.830078 1.893555
vt 2.830078 2.025391
vt 2.833984 1.895508
vt 2.833984 2.025391
vt 0.957031 2.794922
vt 0.949707 2.796875
vt 0.943359 2.800781
vt 0.938477 2.806641
vt 0.935547 2.814453
vt 0.557617 2.925781
vt 0.554199 2.923828
vt 0.547852 2.935547
vt 0.542969 2.933594
vt 0.479980 2.970703
vt 0.480713 2.964844
vt 0.461426 2.976563
vt 0.461670 2.980469
vt 0.448975 2.984375
vt 0.449707 2.988281
vt 0.433838 2.988281
vt 0.435303 2.992188
vt 0.297119 3.017578
vt 0.295898 3.013672
vt 0.251465 3.025391
vt 0.250000 3.021484
vt 0.217407 3.023438
vt 0.217407 3.027344
vt 0.188354 3.021484
vt 0.190430 3.015625
vt 0.548828 2.802734
vt 0.540527 2.798828
vt 0.555664 2.806641
vt 0.560547 2.812500
vt 0.562500 2.822266
vt 0.562012 2.902344
vt 0.566406 2.904297
vt 0.558594 2.916016
vt 0.562500 2.917969
vt 0.861816 2.816406
vt 0.860352 2.814453
vt 0.831055 2.816406
vt 0.829102 2.814453
vt 0.804199 2.818359
vt 0.803223 2.814453
vt 0.778809 2.816406
vt 0.779297 2.814453
vt 0.754395 2.814453
vt 0.754395 2.816406
vt 0.729492 2.812500
vt 0.706055 2.812500
vt 0.679688 2.812500
vt 0.648438 2.812500
vt 2.201172 3.023438
vt 2.208984 3.007813
vt 2.199219 3.021484
vt 2.183594 3.033203
vt 2.181641 3.031250
vt 2.005859 3.113281
vt 1.991211 3.119141
vt 1.991211 3.121094
vt 1.961914 3.128906
vt 1.961914 3.130859
vt 2.210938 2.789063
vt 2.210938 2.996094
vt 2.212891 2.789063
vt 2.212891 2.996094
vt 2.208984 3.009766
vt 2.220703 3.031250
vt 2.201172 3.041016
vt 2.007813 3.130859
vt 1.992188 3.138672
vt 1.962891 3.146484
vt 1.930664 3.132813
vt 1.930664 3.150391
vt 1.902344 3.146484
vt 1.902344 3.130859
vt 1.872070 3.138672
vt 1.873047 3.121094
vt 1.856445 3.130859
vt 1.857422 3.113281
vt 1.680664 3.033203
vt 1.662109 3.041016
vt 1.662109 3.023438
vt 1.644531 3.031250
vt 1.654297 3.009766
vt 1.633789 3.015625
vt 1.629883 3.001953
vt 1.651367 2.996094
vt 1.628906 2.789063
vt 1.649414 2.789063
vt 1.931641 3.130859
vt 1.902344 3.128906
vt 1.873047 3.119141
vt 1.681641 3.031250
vt 1.664063 3.021484
vt 1.656250 3.007813
vt 1.653320 2.996094
vt 1.652344 2.789063
vt 1.133789 1.924805
vt 1.116211 1.915039
vt 1.155273 1.936523
vt 1.168945 1.942383
vt 1.397461 2.039063
vt 1.415039 2.044922
vt 1.447266 2.037109
vt 1.479492 2.033203
vt 1.479492 2.037109
vt 1.447266 2.041016
vt 1.415039 2.050781
vt 1.397461 2.042969
vt 1.168945 1.947266
vt 1.155273 1.940430
vt 1.133789 1.929688
vt 1.116211 1.919922
vt 1.097656 1.910156
vt 1.097656 1.905273
vt 1.082031 1.902344
vt 1.082031 1.897461
vt 0.832520 1.785156
vt 0.832520 1.780273
vt 0.800293 1.775391
vt 0.800293 1.770508
vt 0.770508 1.768555
vt 0.770508 1.763672
vt 0.737793 1.764648
vt 0.737793 1.759766
vt 0.705078 1.762695
vt 0.705078 1.767578
vt 0.675293 1.769531
vt 0.675293 1.773438
vt 0.643066 1.779297
vt 0.643066 1.784180
vt 0.395020 1.895508
vt 0.395020 1.900391
vt 0.307861 1.939453
vt 0.307861 1.944336
vt 0.081299 2.035156
vt 0.081299 2.041016
vt 0.063904 2.042969
vt 0.063904 2.046875
vt 0.032410 2.039063
vt 0.032440 2.033203
vt 0.000216 2.035156
vt 0.000217 2.029297
vt 0.321777 1.933594
vt 0.342773 1.922852
vt 0.360596 1.913086
vt 0.379639 1.903320
vt 0.379639 1.907227
vt 0.360596 1.917969
vt 0.342773 1.927734
vt 0.321777 1.938477
vt 1.783203 2.792969
vt 1.849609 2.792969
vt 1.783203 2.787109
vt 1.849609 2.787109
vt 1.783203 2.775391
vt 1.849609 2.775391
vt 1.959961 2.792969
vt 1.959961 2.787109
vt 1.959961 2.775391
vt 0.969727 -0.252930
vt 0.969727 -0.358887
vt 0.909668 -0.252930
vt 0.957520 -0.358887
vt 0.900879 -0.261719
vt 0.900879 -0.326904
vt 2.273438 3.072266
vt 2.273438 3.068359
vt 2.234375 3.019531
vt 2.267578 3.076172
vt 2.234375 3.097656
vt 2.222656 3.037109
vt 2.222656 3.105469
vt 2.203125 3.046875
vt 2.205078 3.115234
vt 2.007813 3.136719
vt 2.009766 3.205078
vt 1.993164 3.144531
vt 1.993164 3.210938
vt 1.962891 3.154297
vt 1.962891 3.220703
vt 1.930664 3.156250
vt 1.930664 3.224609
vt 1.901367 3.220703
vt 1.901367 3.154297
vt 1.871094 3.210938
vt 2.275391 2.841797
vt 2.263672 2.841797
vt 2.275391 2.845703
vt 2.259766 2.845703
vt 2.275391 3.064453
vt 2.240234 3.001953
vt 2.246094 2.822266
vt 2.250000 2.822266
vt 2.250000 2.789063
vt 2.246094 2.789063
vt 2.240234 2.789063
vt 2.236328 2.789063
vt 2.236328 3.001953
vt 2.232422 3.017578
vt 2.234375 2.789063
vt 2.234375 3.000000
vt 2.230469 3.015625
vt 2.222656 3.031250
vt 1.930664 3.152344
vt 1.962891 3.148438
vt 1.993164 3.140625
vt 2.203125 3.041016
vt 1.660156 3.041016
vt 1.855469 3.130859
vt 1.901367 3.148438
vt 1.627930 3.001953
vt 1.631836 3.017578
vt 1.642578 3.031250
vt 1.626953 2.789063
vt 1.624023 3.001953
vt 1.628906 3.019531
vt 1.642578 3.037109
vt 1.660156 3.046875
vt 1.855469 3.136719
vt 1.872070 3.144531
vt 1.614258 2.822266
vt 1.617188 2.789063
vt 1.613281 2.789063
vt 1.618164 2.822266
vt 1.623047 2.789063
vt 1.602539 2.845703
vt 1.600586 2.841797
vt 1.918945 2.806641
vt 1.918945 2.810547
vt 1.958984 2.806641
vt 1.958984 2.810547
vt 1.918945 2.822266
vt 1.958984 2.822266
vt 0.739258 2.539063
vt 0.731445 2.541016
vt 0.701660 2.546875
vt 0.682129 2.554688
vt 0.662109 2.560547
vt 0.634766 2.572266
vt 0.634766 2.578125
vt 0.522949 2.531250
vt 0.520508 2.541016
vt 0.514160 2.550781
vt 0.505859 2.556641
vt 0.352783 2.625000
vt 0.333740 2.634766
vt 0.310303 2.646484
vt 0.288574 2.658203
vt 0.739258 2.544922
vt 0.731445 2.546875
vt 0.701660 2.552734
vt 0.682129 2.560547
vt 0.662109 2.566406
vt -0.051697 2.677734
vt -0.045532 2.683594
vt -0.051453 2.753906
vt -0.045319 2.757813
vt -0.051880 2.625000
vt -0.062378 2.750000
vt -0.062927 2.761719
vt -0.052032 2.765625
vt -0.045898 2.767578
vt -0.069153 2.351563
vt -0.063599 2.361328
vt -0.067932 2.748047
vt -0.068481 2.759766
vt -0.052673 2.365234
vt -0.045746 2.621094
vt -0.046570 2.367188
vt -0.046539 2.359375
vt -0.052704 2.355469
vt -0.063599 2.353516
vt 2.271484 1.823242
vt 2.267578 1.826172
vt 2.271484 1.890625
vt 2.267578 1.887695
vt 2.263672 1.826172
vt 2.261719 1.823242
vt 2.259766 1.833008
vt 2.255859 1.830078
vt 0.958496 2.667969
vt 2.265625 1.889648
vt 2.265625 1.886719
vt 2.259766 1.886719
vt 2.263672 1.883789
vt 2.257813 1.881836
vt 2.261719 1.878906
vt 2.255859 1.874023
vt 2.259766 1.872070
vt 1.887695 2.806641
vt 1.887695 2.810547
vt 1.887695 2.822266
vt 1.783203 2.806641
vt 1.783203 2.810547
vt 1.849609 2.806641
vt 1.849609 2.810547
vt 1.783203 2.822266
vt 1.849609 2.822266
vt 1.541016 0.633301
vt 1.513672 0.635742
vt 1.541016 0.628906
vt 1.513672 0.639648
vt 1.485352 0.645020
vt 1.485352 0.648926
vt 1.265625 0.748047
vt 1.265625 0.751465
vt 1.250000 0.755859
vt 1.250000 0.759766
vt 1.217773 0.772949
vt 1.221680 0.774902
vt 1.204102 0.783691
vt 1.201172 0.781738
vt 1.024414 0.901855
vt 1.022461 0.898926
vt 1.001953 0.918457
vt 0.999023 0.916504
vt 0.984375 0.938477
vt 0.980957 0.936523
vt 1.541016 0.646973
vt 1.513672 0.652832
vt 1.485352 0.661133
vt 1.265625 0.764160
vt 1.250000 0.771973
vt 1.231445 0.781250
vt 1.214844 0.790527
vt 1.030273 0.911133
vt 1.011719 0.925293
vt 0.994629 0.945313
vt 1.541016 0.651855
vt 1.513672 0.657227
vt 1.485352 0.665039
vt 1.265625 0.768066
vt 1.250000 0.775879
vt 1.235352 0.783691
vt 1.217773 0.792480
vt 1.032227 0.914063
vt 1.015625 0.927246
vt 0.998047 0.947754
vt 2.121094 0.915039
vt 1.920898 0.793457
vt 2.123047 0.912109
vt 1.917969 0.795898
vt 1.902344 0.784180
vt 1.899414 0.786621
vt 1.883789 0.778809
vt 1.883789 0.774902
vt 1.868164 0.770020
vt 1.868164 0.766602
vt 1.654297 0.664551
vt 1.654297 0.661133
vt 1.627930 0.656250
vt 1.627930 0.652344
vt 1.601563 0.650391
vt 1.601563 0.646484
vt 1.572266 0.648438
vt 1.572266 0.644043
vt 1.931641 0.785645
vt 2.128906 0.901367
vt 1.913086 0.777344
vt 1.883789 0.762207
vt 1.868164 0.754395
vt 1.654297 0.648926
vt 1.627930 0.639648
vt 1.601563 0.633301
vt 1.572266 0.630371
vt 1.934570 0.783203
vt 2.130859 0.898438
vt 1.916992 0.774902
vt 1.883789 0.758789
vt 1.868164 0.750488
vt 1.654297 0.645020
vt 1.627930 0.635742
vt 1.601563 0.629395
vt 1.572266 0.625977
vt 2.160156 0.948730
vt 2.142578 0.925781
vt 2.162109 0.946289
vt 2.138672 0.928223
vt 2.154297 0.917969
vt 2.173828 0.938477
vt 2.156250 0.915527
vt 2.175781 0.936035
vt -0.131836 2.779297
vt -0.143433 2.755859
vt -0.126709 2.775391
vt -0.110840 2.796875
vt -0.105713 2.794922
vt -0.090271 2.806641
vt -0.085205 2.804688
vt -0.074585 2.814453
vt -0.069519 2.810547
vt -0.060028 2.822266
vt -0.055420 2.820313
vt -0.048584 2.832031
vt -0.043549 2.828125
vt -0.037018 2.843750
vt -0.031952 2.839844
vt 0.010384 2.939453
vt 0.006744 2.935547
vt 0.015945 2.935547
vt 0.012268 2.929688
vt 0.025818 2.927734
vt -0.052460 2.855469
vt 0.022095 2.923828
vt 0.030869 2.923828
vt -0.046906 2.851563
vt -0.058472 2.839844
vt -0.064026 2.843750
vt -0.069824 2.830078
vt -0.075867 2.833984
vt -0.084534 2.822266
vt -0.100281 2.814453
vt -0.120850 2.804688
vt -0.164063 2.769531
vt -0.158447 2.765625
vt -0.147339 2.791016
vt -0.175415 2.740234
vt -0.169800 2.736328
vt -0.175415 2.720703
vt -0.141724 2.787109
vt -0.126465 2.808594
vt -0.148438 2.757813
vt -0.159912 2.730469
vt -0.169922 2.716797
vt -0.175903 2.564453
vt -0.090149 2.826172
vt -0.106018 2.818359
vt -0.154907 2.726563
vt -0.159912 2.708984
vt -0.170288 2.566406
vt -0.170288 2.560547
vt -0.175903 2.558594
vt -0.154907 2.705078
vt -0.160400 2.566406
vt -0.155396 2.562500
vt -0.160400 2.562500
vt 0.540527 0.493896
vt 0.384033 0.718262
vt 0.511719 0.477783
vt 0.398438 0.761230
vt 0.359619 0.737793
vt 0.369873 0.784668
vt 0.333740 0.750977
vt 0.339355 0.800293
vt 0.303711 0.757324
vt 0.303955 0.808105
vt 0.268311 0.800781
vt 0.273438 0.751465
vt 0.237549 0.785645
vt 0.247314 0.738281
vt 0.208252 0.762207
vt 0.222534 0.718262
vt 0.061951 0.491455
vt 0.090942 0.474854
vt 0.517578 0.439697
vt 0.512207 0.417969
vt 0.556152 0.432861
vt 0.554199 0.455078
vt 0.516113 0.458252
vt 0.548828 0.477295
vt 0.545898 0.494141
vt 0.400635 0.767578
vt 0.371338 0.791992
vt 0.340332 0.807617
vt 0.303955 0.815430
vt 0.267578 0.808105
vt 0.236084 0.792969
vt 0.555664 0.405273
vt 0.550293 0.406982
vt 0.546387 0.391113
vt 0.562012 0.431885
vt 0.560059 0.454590
vt 0.554688 0.477295
vt 0.385010 0.159668
vt 0.540527 0.393066
vt 0.360352 0.200195
vt 0.335205 0.176636
vt 0.304932 0.167480
vt 0.274658 0.175903
vt 0.248901 0.199097
vt 0.063416 0.388428
vt 0.091431 0.414063
vt 0.206055 0.768555
vt 0.056458 0.491943
vt 0.052856 0.474609
vt 0.086731 0.455078
vt 0.047852 0.450928
vt 0.085632 0.436035
vt 0.046600 0.427979
vt 0.053467 0.402100
vt 0.057983 0.386230
vt 0.225220 0.157837
vt 0.047089 0.474609
vt 0.041992 0.450195
vt 0.040710 0.427002
vt 0.047729 0.400391
vt -0.111572 2.746094
vt -0.105103 2.748047
vt -0.111572 2.750000
vt -0.105103 2.753906
vt -0.093567 2.755859
vt -0.093567 2.761719
vt -0.105103 2.576172
vt -0.111572 2.580078
vt -0.105103 2.359375
vt -0.111572 2.519531
vt -0.111572 2.355469
vt -0.105103 2.525391
vt -0.093567 2.365234
vt -0.111572 2.347656
vt -0.105103 2.351563
vt -0.093567 2.359375
vt 0.480225 2.976563
vt 0.461914 2.988281
vt 0.480225 2.980469
vt 0.448975 2.998047
vt 0.432861 3.003906
vt 0.294678 3.027344
vt 0.248901 3.035156
vt 0.214355 3.037109
vt 0.184692 3.029297
vt 0.468994 2.998047
vt 0.481934 2.984375
vt 0.464844 2.994141
vt 0.462158 2.992188
vt 0.492676 3.041016
vt 0.491943 3.015625
vt 0.478516 3.025391
vt 0.477539 3.015625
vt 0.490967 3.005859
vt 0.474609 3.003906
vt 0.488770 2.994141
vt 0.484619 2.988281
vt 0.645020 2.900391
vt 0.644531 2.898438
vt 0.693848 2.890625
vt 0.675293 2.890625
vt 0.690430 2.892578
vt 0.671387 2.892578
vt 0.694824 2.886719
vt 0.703125 2.896484
vt 0.697266 2.900391
vt 0.700195 2.898438
vt 0.706055 2.910156
vt 0.753418 2.929688
vt 0.728516 2.931641
vt 0.706543 2.935547
vt 0.702637 2.910156
vt 0.703613 2.935547
vt 0.700195 2.912109
vt 0.700684 2.937500
vt 1.901367 1.457031
vt 1.908203 1.460938
vt 1.905273 1.454102
vt 1.963867 1.474609
vt 1.963867 1.478516
vt 1.911133 1.457031
vt 1.963867 1.430664
vt 1.899414 1.449219
vt 1.899414 1.441406
vt 1.899414 1.430664
vt 1.895508 1.430664
vt 1.895508 1.442383
vt 1.895508 1.451172
vt 1.968750 1.475586
vt 1.968750 1.430664
vt 1.968750 1.480469
vt 2.054688 1.814453
vt 2.048828 1.815430
vt 2.054688 1.816406
vt 2.048828 1.818359
vt 2.205078 3.121094
vt 2.007813 3.207031
vt 2.009766 3.208984
vt 2.203125 3.119141
vt 2.224609 3.113281
vt 2.222656 3.109375
vt 2.236328 3.105469
vt 2.234375 3.101563
vt 2.273438 3.082031
vt 2.269531 3.078125
vt 2.277344 3.078125
vt 2.275391 3.074219
vt 2.281250 3.072266
vt 2.277344 3.070313
vt 2.283203 3.066406
vt 2.279297 3.064453
vt 2.283203 2.845703
vt 2.279297 2.845703
vt 2.283203 2.841797
vt 2.279297 2.841797
vt 1.628906 3.105469
vt 1.640625 3.113281
vt 1.659180 3.121094
vt 1.854492 3.208984
vt 1.871094 3.212891
vt 1.871094 3.216797
vt 1.901367 3.222656
vt 1.901367 3.224609
vt 1.930664 3.226563
vt 1.930664 3.228516
vt 1.962891 3.226563
vt 1.962891 3.222656
vt 1.993164 3.216797
vt 1.993164 3.212891
vt 1.580078 2.841797
vt 1.580078 2.845703
vt 1.581055 3.066406
vt 1.583008 3.072266
vt 1.586914 3.078125
vt 1.590820 3.082031
vt 2.220703 1.511719
vt 1.985352 1.511719
vt 1.985352 1.686523
vt 1.986328 1.694336
vt 1.991211 1.702148
vt 1.997070 1.707031
vt 2.080078 1.765625
vt 2.087891 1.770508
vt 2.228516 1.511719
vt 2.091797 1.774414
vt 2.236328 1.511719
vt 2.099609 1.779297
vt 2.244141 1.511719
vt 2.142578 1.808594
vt 2.291016 1.511719
vt 2.757813 1.898438
vt 2.769531 1.895508
vt 2.753906 1.885742
vt 2.769531 1.914063
vt 2.757813 1.913086
vt 2.759766 1.952148
vt 2.750000 1.951172
vt 2.759766 1.956055
vt 2.748047 1.955078
vt 2.748047 1.958984
vt 2.759766 1.960938
vt 2.748047 1.963867
vt 2.759766 1.964844
vt 2.763672 2.173828
vt 2.773438 2.175781
vt 2.775391 2.175781
vt 2.761719 1.964844
vt 2.761719 1.960938
vt 2.761719 1.957031
vt 2.763672 1.952148
vt 2.771484 1.915039
vt 2.773438 1.894531
vt 1.961914 1.855469
vt 1.944336 1.855469
vt 1.944336 1.861328
vt 1.961914 1.948242
vt 1.944336 1.948242
vt 1.961914 1.953125
vt 1.944336 1.953125
vt 1.961914 1.959961
vt 1.944336 1.959961
vt 1.961914 1.968750
vt 1.944336 1.968750
vt 1.944336 2.142578
vt 1.961914 2.142578
vt 1.896484 1.818359
vt 1.950195 1.838867
vt 1.896484 1.815430
vt 1.953125 1.836914
vt 1.956055 1.842773
vt 1.958984 1.840820
vt 1.961914 1.847656
vt 1.965820 1.846680
vt 1.965820 1.853516
vt 1.965820 1.968750
vt 1.965820 2.142578
vt 1.965820 1.959961
vt 1.965820 1.953125
vt 1.965820 1.948242
vt 1.942383 1.850586
vt 1.935547 1.846680
vt 1.892578 1.830078
vt 1.892578 1.816406
vt 1.892578 1.814453
vt 2.343750 1.870117
vt 2.347656 1.855469
vt 2.339844 1.869141
vt 2.337891 1.881836
vt 2.339844 1.881836
vt 2.335938 1.900391
vt 2.339844 1.900391
vt 2.341797 1.939453
vt 2.345703 1.939453
vt 2.343750 1.943359
vt 2.345703 1.943359
vt 2.345703 1.948242
vt 2.341797 1.948242
vt 2.345703 1.953125
vt 2.341797 1.953125
vt 2.312500 2.177734
vt 2.310547 2.177734
vt 2.455078 1.769531
vt 2.351563 1.856445
vt 2.458984 1.770508
vt 2.355469 1.873047
vt 2.351563 1.886719
vt 2.349609 1.900391
vt 2.355469 1.938477
vt 2.355469 1.943359
vt 2.355469 1.947266
vt 2.355469 1.952148
vt 2.324219 2.175781
vt 2.363281 1.860352
vt 2.470703 1.773438
vt 2.494141 1.741211
vt 2.505859 1.743164
vt 2.519531 1.721680
vt 2.527344 1.730469
vt 2.548828 1.715820
vt 2.548828 1.725586
vt 2.572266 1.730469
vt 2.767578 1.882813
vt 2.759766 1.868164
vt 2.746094 1.871094
vt 2.646484 1.773438
vt 2.632813 1.777344
vt 2.607422 1.741211
vt 2.593750 1.745117
vt 2.578125 1.721680
vt 2.548828 1.713867
vt 2.519531 1.719727
vt 2.490234 1.740234
vt 2.580078 1.719727
vt 2.611328 1.740234
vt 2.648438 1.772461
vt 2.761719 1.867188
vt 2.769531 1.881836
vt 1.991211 1.357422
vt 1.996094 1.355469
vt 1.989258 1.348633
vt 1.995117 1.346680
vt 1.989258 1.157227
vt 1.995117 1.157227
vt 2.105469 1.421875
vt 2.001953 1.372070
vt 2.103516 1.426758
vt 2.007813 1.368164
vt 2.000000 1.362305
vt 1.996094 1.366211
vt 2.113281 1.425781
vt 2.109375 1.430664
vt 2.121094 1.430664
vt 2.119141 1.434570
vt 2.128906 1.434570
vt 2.125000 1.439453
vt 2.181641 1.465820
vt 2.179688 1.469727
vt 2.185547 1.468750
vt 2.183594 1.472656
vt 2.306641 1.263672
vt 2.302734 1.260742
vt 2.310547 1.254883
vt 2.308594 1.252930
vt 2.314453 1.249023
vt 2.314453 1.251953
vt 2.322266 1.247070
vt 2.324219 1.250977
vt 2.365234 1.246094
vt 2.365234 1.250000
vt 2.271484 1.194336
vt 2.267578 1.208008
vt 2.277344 1.202148
vt 2.261719 1.201172
vt 2.253906 1.192383
vt 2.267578 1.184570
vt 2.250000 1.184570
vt 2.234375 1.199219
vt 2.242188 1.205078
vt 2.248047 1.211914
vt 2.255859 1.217773
vt 2.291016 1.197266
vt 2.287109 1.189453
vt 2.283203 1.179688
vt 2.263672 1.175781
vt 2.367188 1.193359
vt 2.369141 1.186523
vt 2.373047 1.178711
vt 2.281250 1.169922
vt 2.375000 1.169922
vt 2.380859 1.157227
vt 2.380859 1.170898
vt 2.386719 1.157227
vt 2.376953 1.178711
vt 2.375000 1.187500
vt 2.373047 1.193359
vt 2.369141 1.246094
vt 2.369141 1.250000
vt 0.060089 2.794922
vt 0.054565 2.791016
vt 0.060089 2.789063
vt 0.054626 2.556641
vt 0.060150 2.552734
vt 0.043793 2.542969
vt 0.037689 2.546875
vt 0.037689 2.539063
vt 0.043793 2.550781
vt 0.054626 2.550781
vt 0.037628 2.798828
vt 0.043732 2.796875
vt 0.054565 2.796875
vt 0.043732 2.800781
vt 0.037628 2.802734
vt 0.037628 2.808594
vt 0.043732 2.804688
vt 0.037628 2.833984
vt 0.043732 2.830078
vt 0.046143 2.853516
vt 0.052032 2.849609
vt 0.054535 2.873047
vt 0.060181 2.869141
vt 0.073120 2.900391
vt 0.078613 2.894531
vt 0.077881 2.906250
vt 0.083374 2.902344
vt 0.088501 2.888672
vt 0.093201 2.894531
vt 0.054565 2.800781
vt 0.060089 2.798828
vt 0.054565 2.826172
vt 0.060089 2.824219
vt 0.062469 2.845703
vt 0.067749 2.841797
vt 0.070251 2.863281
vt 0.075378 2.859375
vt 0.098206 2.890625
vt 0.102478 2.472656
vt 0.107422 2.470703
vt 0.243286 2.412109
vt 0.261475 2.404297
vt 0.287598 2.390625
vt 0.309570 2.378906
vt 0.102478 2.466797
vt 0.107300 2.464844
vt 0.243286 2.406250
vt 0.261475 2.398438
vt 0.287598 2.384766
vt 0.309570 2.373047
vt 0.333252 2.367188
vt 0.333252 2.361328
vt 0.352783 2.357422
vt 0.352783 2.351563
vt 0.367676 2.345703
vt 0.374268 2.347656
vt 0.379150 2.335938
vt 0.385742 2.337891
vt 0.393066 2.326172
vt 0.386963 2.324219
vt 0.397217 2.312500
vt 0.391113 2.308594
vt 0.397461 2.212891
vt 0.391357 2.214844
vt 0.391357 2.208984
vt 0.397461 2.207031
vt 0.634277 2.105469
vt 0.629883 2.101563
vt 0.633789 2.101563
vt 0.636719 2.103516
vt 0.661621 2.126953
vt 0.661621 2.134766
vt 0.681641 2.140625
vt 0.681641 2.146484
vt 0.701172 2.152344
vt 0.701172 2.160156
vt 0.730957 2.167969
vt 0.730957 2.173828
vt 0.738770 2.169922
vt 0.738770 2.177734
vt 1.791016 1.813477
vt 1.786133 1.810547
vt 1.788086 1.815430
vt 1.789063 1.809570
vt 1.672852 1.585938
vt 1.658203 1.511719
vt 1.642578 1.558594
vt 1.654297 1.563477
vt 1.663086 1.568359
vt 1.675781 1.583984
vt 1.805664 1.805664
vt 1.663086 1.574219
vt 1.654297 1.567383
vt 1.641602 1.562500
vt 1.593750 1.560547
vt 1.592773 1.555664
vt 1.581055 1.511719
vt 1.587891 1.555664
vt 1.575195 1.511719
vt 1.588867 1.560547
vt 0.504395 0.436768
vt 0.499512 0.436768
vt 0.499512 0.416260
vt 0.503906 0.444580
vt 0.499268 0.444580
vt 0.503418 0.453125
vt 0.498535 0.453125
vt 0.501465 0.461914
vt 0.496826 0.461914
vt 0.499756 0.471436
vt 0.494873 0.471436
vt 0.492432 0.486572
vt 0.484375 0.492920
vt 0.489258 0.492920
vt 0.484619 0.500488
vt 0.480225 0.500488
vt 0.479980 0.508301
vt 0.475586 0.508301
vt 0.475586 0.516602
vt 0.471191 0.516602
vt 0.228394 0.698242
vt 0.131592 0.517090
vt 0.230347 0.694336
vt 0.252686 0.712402
vt 0.251465 0.716797
vt 0.276611 0.724609
vt 0.275879 0.729004
vt 0.303955 0.730469
vt 0.303955 0.734863
vt 0.332275 0.729004
vt 0.331543 0.724121
vt 0.355225 0.711914
vt 0.377686 0.693848
vt 0.135986 0.517090
vt 0.110229 0.462891
vt 0.108215 0.454102
vt 0.112122 0.472412
vt 0.122620 0.493652
vt 0.126953 0.501465
vt 0.131592 0.509277
vt 0.379639 0.697754
vt 0.356689 0.716309
vt 0.127075 0.509277
vt 0.122375 0.501465
vt 0.117920 0.493652
vt 0.114685 0.487305
vt 0.107178 0.472412
vt 0.105225 0.462891
vt 0.103210 0.454102
vt 0.107666 0.445557
vt 0.102600 0.445557
vt 0.107178 0.437744
vt 0.102112 0.437744
vt 0.107300 0.416992
vt 0.112244 0.416992
vt 0.115845 0.405029
vt 0.242065 0.225098
vt 0.253662 0.216553
vt 0.250977 0.212402
vt 0.276123 0.201172
vt 0.274658 0.195679
vt 0.302734 0.195068
vt 0.302734 0.189453
vt 0.330811 0.195557
vt 0.329346 0.201050
vt 0.354736 0.212158
vt 0.352051 0.216309
vt 0.363770 0.224854
vt 0.494385 0.416260
vt 0.490723 0.404053
vt 0.297607 1.579102
vt 0.292969 1.578125
vt 0.189941 1.537109
vt 0.184937 1.536133
vt 0.179932 1.536133
vt 0.175171 1.537109
vt 0.080200 1.578125
vt 0.064148 1.584961
vt 0.032501 1.592773
vt 0.000608 1.596680
vt 1.704102 1.511719
vt 1.848633 1.777344
vt 1.712891 1.511719
vt 1.856445 1.772461
vt 1.719727 1.511719
vt 1.861328 1.768555
vt 1.727539 1.511719
vt 1.868164 1.764648
vt 1.951172 1.706055
vt 1.958008 1.700195
vt 1.961914 1.693359
vt 1.963867 1.685547
vt 1.963867 1.511719
vt 2.160156 1.817383
vt 2.162109 1.813477
vt 2.158203 1.815430
vt 2.160156 1.811523
vt 2.275391 1.586914
vt 2.294922 1.563477
vt 2.306641 1.558594
vt 2.285156 1.568359
vt 2.273438 1.583984
vt 2.367188 1.511719
vt 2.361328 1.555664
vt 2.373047 1.511719
vt 2.355469 1.555664
vt 2.355469 1.560547
vt 2.306641 1.562500
vt 2.294922 1.568359
vt 2.285156 1.575195
vt 2.359375 1.560547
vt 0.541992 2.664063
vt 1.478516 1.596680
vt 1.446289 1.592773
vt 1.415039 1.584961
vt 1.398438 1.578125
vt 1.302734 1.537109
vt 1.297852 1.536133
vt 1.292969 1.536133
vt 1.288086 1.537109
vt 1.184570 1.579102
vt 1.179688 1.580078
vt 1.174805 1.580078
vt 1.169922 1.578125
vt 1.155273 1.571289
vt 1.133789 1.560547
vt 1.116211 1.550781
vt 1.097656 1.541992
vt 1.082031 1.535156
vt 0.833008 1.422852
vt 0.800293 1.413086
vt 0.770508 1.405273
vt 0.737793 1.402344
vt 0.705566 1.405273
vt 0.675293 1.413086
vt 0.643066 1.422852
vt 0.395264 1.534180
vt 0.379639 1.541992
vt 0.360352 1.550781
vt 0.342773 1.559570
vt 0.321777 1.571289
vt 0.307129 1.578125
vt 0.302490 1.579102
vt 0.018295 2.707031
vt 0.012672 2.705078
vt 0.017303 2.406250
vt 0.011696 2.410156
vt 0.012726 2.734375
vt 0.018326 2.736328
vt 0.005108 2.751953
vt 0.010506 2.755859
vt 0.002684 2.699219
vt 0.001735 2.414063
vt 0.002756 2.728516
vt -0.004494 2.746094
vt -0.011635 2.763672
vt -0.002396 2.769531
vt 0.002802 2.775391
vt -0.016357 2.759766
vt -0.028412 2.785156
vt -0.037323 2.787109
vt -0.032745 2.791016
vt -0.019363 2.794922
vt -0.023727 2.800781
vt -0.018661 2.804688
vt -0.014267 2.798828
vt -0.009399 2.742188
vt -0.002335 2.724609
vt -0.002419 2.697266
vt -0.003347 2.417969
vt -0.003656 2.396484
vt 0.001442 2.394531
vt -0.011780 2.371094
vt -0.023376 2.349609
vt -0.006615 2.369141
vt 0.011528 2.388672
vt 0.017258 2.384766
vt 0.003592 2.363281
vt -0.018143 2.345703
vt -0.040009 2.324219
vt -0.045349 2.328125
vt -0.058441 2.316406
vt -0.063904 2.320313
vt -0.175049 2.267578
vt -0.176392 2.273438
vt -0.184937 2.265625
vt -0.186279 2.271484
vt -0.194702 2.263672
vt -0.196045 2.269531
vt -0.041718 2.306641
vt -0.029510 2.318359
vt -0.047760 2.310547
vt -0.023575 2.314453
vt -0.007805 2.339844
vt -0.001948 2.335938
vt 0.009377 2.359375
vt -0.192261 2.253906
vt -0.182495 2.255859
vt -0.172485 2.257813
vt -0.190796 2.248047
vt -0.181030 2.250000
vt -0.171143 2.251953
vt 2.001953 1.855469
vt 1.984375 1.855469
vt 2.001953 1.861328
vt 1.984375 1.948242
vt 2.001953 1.948242
vt 1.984375 1.953125
vt 2.001953 1.953125
vt 1.984375 1.959961
vt 2.001953 1.959961
vt 1.984375 1.968750
vt 2.001953 1.968750
vt 2.001953 2.142578
vt 1.984375 2.142578
vt 1.981445 1.968750
vt 1.981445 2.142578
vt 1.981445 1.959961
vt 1.981445 1.953125
vt 1.981445 1.948242
vt 1.981445 1.853516
vt 1.984375 1.847656
vt 1.990234 1.842773
vt 2.003906 1.850586
vt 1.997070 1.838867
vt 2.009766 1.846680
vt 2.054688 1.830078
vt 1.994141 1.836914
vt 1.987305 1.840820
vt 1.981445 1.846680
vt 1.865234 2.792969
vt 1.870117 2.787109
vt 1.873047 2.792969
vt 2.267578 2.025391
vt 2.271484 2.025391
vt 2.267578 1.897461
vt 2.271484 1.895508
vt 2.294922 2.841797
vt 2.298828 2.845703
vt 2.302734 3.048828
vt 2.298828 3.064453
vt 2.294922 3.074219
vt 2.283203 3.085938
vt 2.234375 3.115234
vt 2.205078 3.136719
vt 2.222656 3.126953
vt 2.205078 3.130859
vt 2.224609 3.123047
vt 2.234375 3.121094
vt 2.287109 3.089844
vt 2.296875 3.078125
vt 2.302734 3.068359
vt 2.306641 3.052734
vt 2.306641 2.789063
vt 2.302734 2.789063
vt 2.298828 2.789063
vt 2.294922 2.789063
vt 1.872070 2.806641
vt 1.869141 2.810547
vt 1.865234 2.806641
vt 2.283203 2.251953
vt 2.283203 2.480469
vt 2.287109 2.251953
vt 2.287109 2.480469
vt 2.287109 2.494141
vt 2.283203 2.494141
vt 2.287109 2.503906
vt 2.283203 2.503906
vt 2.287109 2.517578
vt 2.283203 2.517578
vt 2.287109 2.570313
vt 2.283203 2.572266
vt 2.287109 2.582031
vt 2.283203 2.583984
vt 2.279297 2.599609
vt 1.929688 2.251953
vt 1.929688 2.480469
vt 1.934570 2.251953
vt 1.934570 2.480469
vt 1.929688 2.494141
vt 1.934570 2.494141
vt 1.929688 2.503906
vt 1.934570 2.503906
vt 1.929688 2.517578
vt 1.934570 2.517578
vt 1.929688 2.570313
vt 1.934570 2.572266
vt 1.929688 2.582031
vt 2.048828 2.753906
vt 2.058594 2.767578
vt 2.275391 2.599609
vt 2.046875 2.755859
vt 1.943359 2.599609
vt 1.938477 2.599609
vt 1.934570 2.583984
vt 2.169922 2.755859
vt 2.136719 2.783203
vt 2.158203 2.767578
vt 2.167969 2.753906
vt 2.109375 2.789063
vt 2.160156 2.769531
vt 2.136719 2.787109
vt 2.109375 2.792969
vt 2.080078 2.787109
vt 2.082031 2.783203
vt 2.056641 2.769531
vt 1.659180 3.130859
vt 1.854492 3.218750
vt 1.640625 3.123047
vt 1.628906 3.115234
vt 1.580078 3.085938
vt 1.570313 3.074219
vt 1.564453 3.064453
vt 1.560547 3.048828
vt 1.563477 2.845703
vt 1.567383 2.841797
vt 1.567383 2.789063
vt 1.563477 2.789063
vt 1.560547 2.789063
vt 1.555664 2.789063
vt 1.556641 3.052734
vt 1.560547 3.068359
vt 1.566406 3.078125
vt 1.577148 3.089844
vt 1.628906 3.121094
vt 1.640625 3.126953
vt 1.659180 3.134766
vt 1.854492 3.222656
vt 1.871094 3.226563
vt 1.871094 3.230469
vt 1.901367 3.234375
vt 1.901367 3.238281
vt 1.930664 3.238281
vt 1.930664 3.242188
vt 1.962891 3.238281
vt 1.962891 3.234375
vt 1.993164 3.230469
vt 1.993164 3.226563
vt 2.009766 3.222656
vt 2.009766 3.218750
vt 2.822266 2.025391
vt 2.820313 1.785156
vt 2.818359 2.025391
vt 2.822266 1.783203
vt 2.818359 1.780273
vt 2.837891 1.892578
vt 2.843750 1.889648
vt 2.847656 1.884766
vt 2.849609 1.876953
vt 2.849609 1.803711
vt 2.845703 1.791016
vt 2.841797 1.783203
vt 2.822266 1.778320
vt 2.820313 1.774414
vt 2.816406 1.775391
vt 2.816406 1.771484
vt 2.832031 1.775391
vt 2.777344 1.750000
vt 2.777344 1.747070
vt 2.759766 1.741211
vt 2.759766 1.738281
vt 2.748047 1.736328
vt 2.748047 1.733398
vt 2.736328 1.731445
vt 2.736328 1.729492
vt 2.628906 1.702148
vt 2.628906 1.699219
vt 2.593750 1.693359
vt 2.593750 1.691406
vt 2.570313 1.688477
vt 2.568359 1.686523
vt 2.548828 1.686523
vt 2.548828 1.684570
vt 2.529297 1.687500
vt 2.529297 1.689453
vt 2.503906 1.692383
vt 2.548828 1.689453
vt 2.570313 1.691406
vt 2.593750 1.696289
vt 2.628906 1.705078
vt 2.736328 1.734375
vt 2.748047 1.738281
vt 2.759766 1.744141
vt 2.775391 1.753906
vt 2.812500 1.772461
vt 2.324219 1.753906
vt 2.289063 1.776367
vt 2.324219 1.757813
vt 2.341797 1.748047
vt 2.341797 1.745117
vt 2.351563 1.742188
vt 2.351563 1.739258
vt 2.363281 1.737305
vt 2.363281 1.734375
vt 2.468750 1.706055
vt 2.468750 1.703125
vt 2.503906 1.697266
vt 2.503906 1.694336
vt 2.529297 1.691406
vt 2.470703 1.701172
vt 2.363281 1.732422
vt 2.351563 1.736328
vt 2.341797 1.741211
vt 2.324219 1.750977
vt 2.269531 1.779297
vt 2.285156 1.775391
vt 2.285156 1.779297
vt 2.281250 1.778320
vt 2.283203 1.784180
vt 2.279297 1.782227
vt 2.259766 1.788086
vt 2.279297 1.787109
vt 2.255859 1.795898
vt 2.251953 1.807617
vt 2.253906 1.877930
vt 2.253906 1.885742
vt 2.257813 1.890625
vt 2.263672 1.893555
vt 2.277344 2.025391
vt 2.281250 1.789063
vt 2.281250 2.025391
vt 2.322266 1.747070
vt 2.267578 1.776367
vt 2.255859 1.786133
vt 2.251953 1.793945
vt 2.248047 1.806641
vt 2.250000 1.878906
vt 2.250000 1.886719
vt 2.253906 1.892578
vt 2.259766 1.896484
vt 2.591797 1.688477
vt 2.568359 1.684570
vt 2.548828 1.682617
vt 2.529297 1.684570
vt 2.505859 1.689453
vt 2.470703 1.698242
vt 2.365234 1.729492
vt 2.351563 1.733398
vt 2.339844 1.738281
vt 2.853516 1.802734
vt 2.849609 1.790039
vt 2.845703 1.781250
vt 2.833984 1.771484
vt 2.779297 1.743164
vt 2.759766 1.734375
vt 2.748047 1.729492
vt 2.734375 1.726563
vt 2.626953 1.696289
vt 2.839844 1.895508
vt 2.847656 1.891602
vt 2.851563 1.886719
vt 2.853516 1.877930
vt 1.961914 1.348633
vt 1.955078 1.355469
vt 1.960938 1.358398
vt 1.957031 1.346680
vt 1.961914 1.157227
vt 1.957031 1.157227
vt 1.845703 1.421875
vt 1.771484 1.469727
vt 1.825195 1.439453
vt 1.768555 1.465820
vt 1.823242 1.434570
vt 1.833008 1.434570
vt 1.830078 1.430664
vt 1.840820 1.430664
vt 1.838867 1.425781
vt 1.848633 1.426758
vt 1.944336 1.368164
vt 1.951172 1.363281
vt 1.956055 1.366211
vt 1.949219 1.372070
vt 1.278320 0.004139
vt 1.307617 0.067871
vt 1.283203 0.074768
vt 1.252930 0.027359
vt 1.262695 0.093384
vt 1.096680 0.223145
vt 1.137695 0.254639
vt 1.090820 0.245117
vt 1.133789 0.272217
vt 1.091797 0.285889
vt 1.133789 0.287598
vt 1.095703 0.305908
vt 1.137695 0.303711
vt 1.239258 0.499512
vt 1.223633 0.550293
vt 1.258789 0.515625
vt 1.247070 0.570313
vt 1.280273 0.526367
vt 1.273438 0.583496
vt 1.303711 0.531738
vt 1.093750 0.220703
vt 1.087891 0.242920
vt 1.088867 0.285889
vt 1.092773 0.306152
vt 1.221680 0.554199
vt 1.246094 0.574707
vt 1.272461 0.588379
vt 1.303711 0.590332
vt 1.333984 0.584473
vt 1.328125 0.526855
vt 1.359375 0.571289
vt 1.303711 0.594727
vt 1.333984 0.588867
vt 1.360352 0.575684
vt 1.385742 0.555664
vt 1.384766 0.551758
vt 1.519531 0.309570
vt 1.308594 -0.010201
vt 1.338867 -0.001032
vt 1.308594 -0.004414
vt 1.277344 -0.001507
vt 1.251953 0.022079
vt 1.349609 0.516602
vt 1.369141 0.500488
vt 1.516602 0.309326
vt 1.520508 0.289307
vt 1.524414 0.289307
vt 1.522461 0.248535
vt 1.525391 0.246460
vt 1.516602 0.226563
vt 1.520508 0.224121
vt 1.364258 0.028229
vt 1.365234 0.022964
vt 1.338867 0.004608
vt 1.332031 0.075134
vt 1.352539 0.094055
vt 1.474609 0.257324
vt 1.479492 0.274902
vt 1.478516 0.290283
vt 1.474609 0.306396
vt 1.626953 0.219238
vt 1.586914 0.190430
vt 1.630859 0.200562
vt 1.763672 0.027756
vt 1.757813 -0.026642
vt 1.785156 0.007687
vt 1.778320 -0.044128
vt 1.811523 -0.000097
vt 1.810547 -0.053802
vt 1.842773 -0.044983
vt 1.836914 0.006981
vt 1.864258 -0.028046
vt 1.859375 0.026443
vt 2.039063 0.184326
vt 1.996094 0.195557
vt 2.000000 0.213989
vt 2.046875 0.207642
vt 2.042969 0.183350
vt 1.864258 -0.032684
vt 1.842773 -0.049377
vt 1.579102 0.234497
vt 1.582031 0.234497
vt 1.583008 0.256104
vt 1.581055 0.213989
vt 1.577148 0.213501
vt 1.583008 0.189575
vt 1.810547 -0.058380
vt 1.777344 -0.048523
vt 1.756836 -0.031281
vt 1.627930 0.235474
vt 1.586914 0.255859
vt 1.730469 0.514160
vt 1.729492 0.519043
vt 1.757813 0.535645
vt 1.756836 0.541016
vt 1.818359 0.492432
vt 1.786133 0.549805
vt 1.791016 0.487549
vt 1.768555 0.476807
vt 1.747070 0.459717
vt 1.631836 0.252441
vt 2.050781 0.207153
vt 1.785156 0.555176
vt 1.819336 0.556152
vt 1.851563 0.548340
vt 1.844727 0.486572
vt 1.879883 0.533691
vt 1.867188 0.475098
vt 1.905273 0.511230
vt 1.887695 0.457520
vt 2.041016 0.249634
vt 1.997070 0.247314
vt 2.000000 0.230347
vt 2.044922 0.228149
vt 2.048828 0.228027
vt 2.044922 0.249878
vt 1.907227 0.516113
vt 1.880859 0.538574
vt 1.852539 0.553711
vt 1.819336 0.561523
vt 1.310547 3.033203
vt 1.282227 3.044922
vt 1.247070 3.044922
vt 1.202148 3.037109
vt 1.070313 3.009766
vt 1.054688 3.003906
vt 1.041992 2.994141
vt 1.041992 2.998047
vt 1.024414 2.986328
vt 1.039063 3.000000
vt 1.022461 2.988281
vt 1.035156 3.003906
vt 1.019531 2.992188
vt 0.862305 2.902344
vt 1.012695 3.009766
vt 1.011719 3.021484
vt 1.026367 3.019531
vt 1.029297 3.009766
vt 1.015625 2.998047
vt 0.835938 2.894531
vt 0.862793 2.900391
vt 1.024414 2.982422
vt 0.862793 2.896484
vt 0.832031 2.892578
vt 0.816895 2.894531
vt 0.810059 2.900391
vt 0.807129 2.912109
vt 0.805664 2.937500
vt 1.010742 3.044922
vt 1.024414 3.029297
vt 0.778320 2.878906
vt 0.801270 2.910156
vt 0.804199 2.884766
vt 0.804199 2.896484
vt 0.812500 2.886719
vt 0.753906 2.878906
vt 0.832031 2.888672
vt 0.813477 2.890625
vt 0.807129 2.898438
vt 0.804199 2.910156
vt 0.800293 2.935547
vt 0.777832 2.931641
vt 0.803223 2.937500
vt 1.565430 1.157227
vt 1.569336 1.170898
vt 1.571289 1.157227
vt 1.575195 1.169922
vt 1.573242 1.179688
vt 1.579102 1.178711
vt 1.577148 1.187500
vt 1.581055 1.186523
vt 1.578125 1.193359
vt 1.583008 1.193359
vt 1.582031 1.246094
vt 1.586914 1.246094
vt 1.628906 1.247070
vt 1.659180 1.197266
vt 1.637695 1.250000
vt 1.673828 1.203125
vt 1.669922 1.170898
vt 1.688477 1.175781
vt 1.666992 1.179688
vt 1.663086 1.189453
vt 1.684570 1.208008
vt 1.678711 1.194336
vt 1.690430 1.201172
vt 1.696289 1.192383
vt 1.684570 1.184570
vt 1.702148 1.184570
vt 1.715820 1.199219
vt 1.709961 1.205078
vt 1.702148 1.211914
vt 1.696289 1.218750
vt 1.642578 1.252930
vt 1.648438 1.260742
vt 1.582031 1.250000
vt 1.586914 1.250000
vt 1.626953 1.250977
vt 1.635742 1.251953
vt 1.640625 1.254883
vt 1.644531 1.263672
vt 1.764648 1.468750
vt 1.766602 1.472656
vt 0.770508 1.344727
vt 0.800781 1.351563
vt 0.833008 1.361328
vt 1.043945 1.458984
vt 1.053711 1.460938
vt 1.053711 1.456055
vt 1.063477 1.460938
vt 1.063477 1.456055
vt 1.073242 1.457031
vt 1.073242 1.452148
vt 1.081055 1.453125
vt 1.081055 1.448242
vt 1.096680 1.444336
vt 1.096680 1.439453
vt 1.106445 1.437500
vt 1.106445 1.432617
vt 1.169922 1.458008
vt 1.155273 1.451172
vt 1.133789 1.439453
vt 1.125977 1.436523
vt 1.116211 1.435547
vt 1.116211 1.429688
vt 1.125977 1.430664
vt 1.133789 1.434570
vt 1.155273 1.446289
vt 1.169922 1.453125
vt 1.398438 1.553711
vt 1.398438 1.559570
vt 1.414063 1.561523
vt 1.414063 1.566406
vt 1.446289 1.569336
vt 1.446289 1.574219
vt 1.478516 1.572266
vt 1.478516 1.578125
vt 1.988281 1.478516
vt 2.042969 1.459961
vt 1.988281 1.474609
vt 2.041016 1.457031
vt 2.046875 1.454102
vt 1.988281 1.430664
vt 2.052734 1.448242
vt 2.052734 1.441406
vt 2.052734 1.430664
vt 2.056641 1.430664
vt 2.056641 1.442383
vt 2.056641 1.451172
vt 2.050781 1.457031
vt 1.983398 1.430664
vt 1.983398 1.474609
vt 1.983398 1.479492
vt 0.553711 2.664063
vt 0.433105 1.453125
vt 0.432861 1.458984
vt 0.423096 1.456055
vt 0.643066 1.362305
vt 0.643066 1.357422
vt 0.675293 1.351563
vt 0.675293 1.346680
vt 0.705566 1.344727
vt 0.705566 1.339844
vt 0.737793 1.341797
vt 0.737793 1.336914
vt 0.770508 1.339844
vt 0.800781 1.346680
vt 0.833008 1.356445
vt 1.043945 1.453125
vt 0.379883 1.439453
vt 0.396240 1.448242
vt 0.379883 1.444336
vt 0.396240 1.453125
vt 0.403076 1.452148
vt 0.403076 1.457031
vt 0.412842 1.456055
vt 0.412842 1.460938
vt 0.423096 1.460938
vt 0.000474 1.572266
vt 0.032776 1.574219
vt 0.000487 1.578125
vt 0.032867 1.569336
vt 0.064392 1.566406
vt 0.064453 1.561523
vt 0.080200 1.559570
vt 0.080200 1.553711
vt 0.306885 1.458008
vt 0.306885 1.453125
vt 0.322266 1.451172
vt 0.322266 1.446289
vt 0.343262 1.440430
vt 0.343262 1.434570
vt 0.351318 1.436523
vt 0.351318 1.431641
vt 0.360840 1.435547
vt 0.360840 1.430664
vt 0.370605 1.433594
vt 0.370605 1.438477
vt 1.882813 2.429688
vt 1.882813 2.441406
vt 1.885742 2.429688
vt 1.885742 2.441406
vt 1.882813 2.455078
vt 1.885742 2.455078
vt 1.878906 2.470703
vt 1.875977 2.470703
vt 1.784180 2.607422
vt 1.782227 2.605469
vt 1.754883 2.632813
vt 1.729492 2.636719
vt 1.729492 2.638672
vt 1.753906 2.630859
vt 1.775391 2.619141
vt 1.774414 2.617188
vt 1.585938 2.470703
vt 1.578125 2.457031
vt 1.578125 2.441406
vt 1.578125 2.429688
vt 1.578125 2.255859
vt 1.882813 2.255859
vt 1.885742 2.255859
vt 1.679688 2.605469
vt 1.687500 2.617188
vt 1.708008 2.630859
vt 1.677734 2.607422
vt 1.686523 2.619141
vt 1.707031 2.632813
vt 1.583008 2.470703
vt 1.575195 2.457031
vt 1.575195 2.441406
vt 1.575195 2.429688
vt 1.575195 2.255859
vt -0.087708 2.361328
vt -0.087708 2.763672
s 1
usemtl building_glow.003
f 3735/1/1 3736/2/2 3750/3/3
f 3736/2/2 3749/4/4 3750/3/3
f 3750/3/3 3749/4/4 3748/5/5
f 3749/4/4 3747/6/6 3748/5/5
f 3748/5/5 3747/6/6 3746/7/7
f 3747/6/6 3744/8/8 3746/7/7
f 3746/7/7 3744/8/8 3745/9/9
f 3744/8/8 3743/10/10 3745/9/9
f 3742/11/11 3743/10/10 3744/8/8
f 3742/11/11 3741/12/12 3743/10/10
f 3740/13/13 3741/12/12 3742/11/11
f 3740/13/13 3739/14/14 3741/12/12
f 3738/15/15 3739/14/14 3740/13/13
f 3738/15/15 3735/1/1 3739/14/14
f 3737/16/16 3735/1/1 3738/15/15
f 3737/16/16 3736/2/2 3735/1/1
f 3732/17/17 3728/18/18 3729/19/19
f 3732/17/17 3734/20/20 3728/18/18
f 3733/21/21 3734/20/20 3732/17/17
f 3733/21/21 3732/17/17 3731/22/22
f 3731/22/22 3732/17/17 3729/19/19
f 3731/22/22 3729/19/19 3730/23/23
f 3730/23/23 3729/19/19 3727/24/24
f 3729/19/19 3728/18/18 3727/24/24
f 3726/25/25 3725/26/26 3723/27/27
f 3723/27/27 3725/26/26 3724/28/28
f 3722/29/29 3723/27/27 3724/28/28
f 3721/30/30 3723/27/27 3722/29/29
f 3719/31/31 3721/30/30 3722/29/29
f 3720/32/32 3721/30/30 3719/31/31
f 3719/31/31 3718/33/33 3720/32/32
f 3717/34/34 3718/33/33 3719/31/31
f 3717/34/34 3715/35/35 3718/33/33
f 3716/36/35 3715/35/35 3717/34/34
f 3716/36/35 3714/37/36 3715/35/35
f 3715/35/35 3714/37/36 3713/38/37
f 3714/37/36 3711/39/38 3713/38/37
f 3713/38/37 3711/39/38 3712/40/39
f 3711/39/38 3710/41/40 3712/40/39
f 3709/42/40 3710/41/40 3711/39/38
f 3710/41/40 3709/42/40 3708/43/41
f 3708/43/41 3709/42/40 3707/44/42
f 3707/44/42 3705/45/43 3708/43/41
f 3706/46/44 3705/45/43 3707/44/42
f 3706/46/44 3704/47/45 3705/45/43
f 3705/45/43 3704/47/45 3703/48/46
f 3704/47/45 3702/49/47 3703/48/46
f 3703/48/46 3702/49/47 3701/50/48
f 3702/49/47 3700/51/49 3701/50/48
f 3701/50/48 3700/51/49 3699/52/50
f 3700/51/49 3698/53/51 3699/52/50
f 3699/52/50 3698/53/51 3697/54/51
f 3698/53/51 3696/55/52 3697/54/51
f 3697/54/51 3696/55/52 3695/56/53
f 3696/55/52 3694/57/54 3695/56/53
f 3695/56/53 3694/57/54 3693/58/55
f 3694/57/54 3691/59/56 3693/58/55
f 3693/58/55 3691/59/56 3692/60/56
f 3692/60/56 3691/59/56 3690/61/57
f 3690/61/57 3691/59/56 3688/62/58
f 3690/61/57 3688/62/58 3689/63/59
f 3689/63/59 3688/62/58 3687/64/59
f 3679/65/60 3680/66/61 3686/67/62
f 3679/65/60 3686/67/62 3682/68/63
f 3682/68/63 3686/67/62 3685/69/64
f 3684/70/65 3682/68/63 3685/69/64
f 3683/71/66 3682/68/63 3684/70/65
f 3681/72/67 3682/68/63 3683/71/66
f 3679/65/60 3682/68/63 3681/72/67
f 3681/72/67 3680/66/61 3679/65/60
f 3678/73/68 3647/74/69 3648/75/69
f 3677/76/68 3647/74/69 3678/73/68
f 3678/73/68 3675/77/70 3677/76/68
f 3677/76/68 3675/77/70 3676/78/8
f 3676/78/8 3675/77/70 3674/79/71
f 3674/79/71 3675/77/70 3673/80/72
f 3674/79/71 3673/80/72 3671/81/73
f 3671/81/73 3673/80/72 3672/82/73
f 3672/82/73 3670/83/74 3671/81/73
f 3671/81/73 3670/83/74 3669/84/75
f 3670/83/74 3667/85/76 3669/84/75
f 3669/84/75 3667/85/76 3668/86/77
f 3667/85/76 3666/87/78 3668/86/77
f 3665/88/79 3666/87/78 3667/85/76
f 3665/88/79 3663/87/80 3666/87/78
f 3664/89/81 3663/87/80 3665/88/79
f 3664/89/81 3662/90/82 3663/87/80
f 3663/87/80 3662/90/82 3661/91/83
f 3660/63/84 3659/64/84 3658/92/85
f 3658/92/85 3659/64/84 3657/93/85
f 3658/92/85 3657/93/85 3656/94/86
f 3656/94/86 3657/93/85 3655/95/87
f 3656/94/86 3655/95/87 3654/96/88
f 3654/96/88 3655/95/87 3653/97/89
f 3654/96/88 3653/97/89 3652/98/90
f 3652/98/90 3653/97/89 3651/99/91
f 3652/98/90 3651/99/91 3649/100/92
f 3649/100/92 3651/99/91 3650/101/93
f 3650/101/93 3648/75/69 3649/100/92
f 3649/100/92 3648/75/69 3647/74/69
f 3639/102/94 3640/103/95 3646/104/96
f 3639/102/94 3646/104/96 3643/105/97
f 3643/105/97 3646/104/96 3645/106/98
f 3644/107/99 3643/105/97 3645/106/98
f 3642/108/100 3643/105/97 3644/107/99
f 3642/108/100 3639/102/94 3643/105/97
f 3641/109/101 3639/102/94 3642/108/100
f 3641/109/101 3640/103/95 3639/102/94
f 3638/110/102 3637/111/103 3636/112/103
f 3637/111/103 3635/113/103 3636/112/103
f 3636/112/103 3635/113/103 3634/114/103
f 3635/113/103 3633/115/103 3634/114/103
f 3634/114/103 3633/115/103 3629/116/103
f 3633/115/103 3632/117/104 3629/116/103
f 3632/117/104 3631/118/105 3629/116/103
f 3631/118/105 3630/119/106 3629/116/103
f 3630/119/106 3626/120/107 3629/116/103
f 3629/116/103 3626/120/107 3628/121/108
f 3628/121/108 3626/120/107 3627/122/109
f 3627/122/109 3626/120/107 3619/123/110
f 3626/120/107 3625/124/107 3619/123/110
f 3625/124/107 3624/125/107 3619/123/110
f 3624/125/107 3623/126/107 3619/123/110
f 3623/126/107 3622/127/111 3619/123/110
f 3622/127/111 3621/128/112 3619/123/110
f 3621/128/112 3620/129/113 3619/123/110
f 3604/14/114 3617/1/115 3603/15/116
f 3603/15/116 3617/1/115 3618/16/117
f 3618/16/117 3617/1/115 3616/2/118
f 3616/2/118 3617/1/115 3615/3/119
f 3616/2/118 3615/3/119 3614/4/120
f 3614/4/120 3615/3/119 3613/5/121
f 3614/4/120 3613/5/121 3612/6/122
f 3612/6/122 3613/5/121 3611/7/123
f 3612/6/122 3611/7/123 3609/8/39
f 3609/8/39 3611/7/123 3610/9/124
f 3610/9/124 3608/10/115 3609/8/39
f 3609/8/39 3608/10/115 3607/11/125
f 3608/10/115 3606/12/126 3607/11/125
f 3607/11/125 3606/12/126 3605/13/127
f 3606/12/126 3604/14/114 3605/13/127
f 3605/13/127 3604/14/114 3603/15/116
f 3595/130/128 3596/131/129 3602/132/130
f 3595/130/128 3602/132/130 3598/133/131
f 3598/133/131 3602/132/130 3601/134/132
f 3600/135/133 3598/133/131 3601/134/132
f 3599/136/134 3598/133/131 3600/135/133
f 3597/137/135 3598/133/131 3599/136/134
f 3595/130/128 3598/133/131 3597/137/135
f 3597/137/135 3596/131/129 3595/130/128
f 3589/138/136 3587/139/137 3592/140/138
f 3592/140/138 3587/139/137 3594/141/139
f 3593/142/140 3592/140/138 3594/141/139
f 3591/143/141 3592/140/138 3593/142/140
f 3591/143/141 3589/138/136 3592/140/138
f 3590/144/142 3589/138/136 3591/143/141
f 3590/144/142 3588/145/143 3589/138/136
f 3589/138/136 3588/145/143 3587/139/137
f 3586/146/144 3584/147/145 3585/148/146
f 3585/148/146 3584/147/145 3583/149/147
f 3582/148/148 3580/149/148 3581/150/148
f 3581/150/148 3580/149/148 3579/151/148
f 3578/152/149 3576/153/150 3577/154/149
f 3577/154/149 3576/153/150 3575/155/150
f 3574/156/151 3572/157/151 3573/146/151
f 3573/146/151 3572/157/151 3571/147/151
f 3570/158/152 3568/159/153 3569/160/154
f 3569/160/154 3568/159/153 3567/161/155
f 3566/162/156 3564/163/157 3565/164/157
f 3565/164/157 3564/163/157 3563/165/158
f 3562/163/159 3560/160/160 3561/165/159
f 3561/165/159 3560/160/160 3559/161/160
f 3558/159/161 3556/158/161 3557/166/161
f 3557/166/161 3556/158/161 3555/167/161
f 3554/168/162 3552/162/162 3553/169/162
f 3553/169/162 3552/162/162 3551/164/162
f 3550/151/163 3548/152/164 3549/150/165
f 3549/150/165 3548/152/164 3547/154/166
usemtl metal.003
f 3546/170/56 3544/171/56 3545/172/56
f 3545/172/56 3544/171/56 3543/173/56
f 3542/174/167 3541/175/167 3540/176/168
f 3541/175/167 3539/177/169 3540/176/168
f 3540/176/168 3539/177/169 3537/178/170
f 3539/177/169 3536/179/167 3537/178/170
f 3538/180/171 3537/178/170 3536/179/167
f 3535/175/56 3533/174/56 3534/181/56
f 3534/181/56 3533/174/56 3532/182/56
f 3531/183/56 3529/184/56 3530/185/56
f 3530/185/56 3529/184/56 3528/186/56
f 3527/171/172 3526/170/172 3525/187/173
f 3526/170/172 3524/188/174 3525/187/173
f 3525/187/173 3524/188/174 3522/189/175
f 3524/188/174 3521/190/176 3522/189/175
f 3523/191/177 3522/189/175 3521/190/176
f 3520/192/56 3518/193/56 3519/194/56
f 3519/194/56 3518/193/56 3517/195/56
f 3516/196/178 3515/197/178 3514/198/179
f 3515/197/178 3513/199/179 3514/198/179
f 3514/198/179 3513/199/179 3511/200/180
f 3513/199/179 3510/201/178 3511/200/180
f 3512/202/181 3511/200/180 3510/201/178
f 3509/197/56 3507/196/56 3508/203/56
f 3508/203/56 3507/196/56 3506/204/56
f 3505/193/173 3504/192/173 3503/205/182
f 3504/192/173 3502/206/183 3503/205/182
f 3503/205/182 3502/206/183 3500/207/184
f 3502/206/183 3499/208/185 3500/207/184
f 3501/209/186 3500/207/184 3499/208/185
f 3498/210/56 3496/211/56 3497/212/56
f 3497/212/56 3496/211/56 3495/213/56
f 3494/214/187 3492/215/1 3493/216/188
f 3493/216/188 3492/215/1 3487/217/189
f 3492/215/1 3491/218/190 3487/217/189
f 3491/218/190 3490/219/191 3487/217/189
f 3490/219/191 3489/220/192 3487/217/189
f 3489/220/192 3488/221/193 3487/217/189
f 3486/222/194 3484/223/194 3485/224/194
f 3485/224/194 3484/223/194 3483/225/194
f 3482/226/195 3480/227/196 3481/228/197
f 3481/228/197 3480/227/196 3479/229/198
f 3478/211/199 3477/210/199 3476/230/200
f 3477/210/199 3475/231/201 3476/230/200
f 3476/230/200 3475/231/201 3473/232/202
f 3475/231/201 3472/233/203 3473/232/202
f 3474/234/204 3473/232/202 3472/233/203
f 3471/235/56 3469/236/56 3470/237/56
f 3470/237/56 3469/236/56 3468/238/56
f 3467/239/205 3466/240/205 3465/241/206
f 3466/240/205 3464/242/207 3465/241/206
f 3465/241/206 3464/242/207 3462/243/208
f 3464/242/207 3461/244/209 3462/243/208
f 3463/245/178 3462/243/208 3461/244/209
f 3460/236/182 3459/235/182 3458/246/210
f 3459/235/182 3457/247/211 3458/246/210
f 3458/246/210 3457/247/211 3455/248/212
f 3457/247/211 3454/249/213 3455/248/212
f 3456/250/214 3455/248/212 3454/249/213
f 3453/240/56 3451/239/56 3452/251/56
f 3452/251/56 3451/239/56 3450/252/56
f 3449/253/56 3447/254/56 3448/255/56
f 3448/255/56 3447/254/56 3446/256/56
f 3444/257/215 3443/258/216 3445/259/215
f 3442/260/217 3443/258/216 3444/257/215
f 3442/260/217 3441/261/218 3443/258/216
f 3440/262/219 3441/261/218 3442/260/217
f 3440/262/219 3439/263/220 3441/261/218
f 3438/264/221 3439/263/220 3440/262/219
f 3438/264/221 3436/265/56 3439/263/220
f 3437/266/56 3436/265/56 3438/264/221
f 3437/266/56 3435/267/222 3436/265/56
f 3436/265/56 3435/267/222 3434/268/223
f 3435/267/222 3433/269/224 3434/268/223
f 3434/268/223 3433/269/224 3432/270/225
f 3433/269/224 3431/271/226 3432/270/225
f 3432/270/225 3431/271/226 3430/272/227
f 3431/271/226 3429/273/228 3430/272/227
f 3430/272/227 3429/273/228 3428/274/228
f 3427/254/210 3426/253/210 3425/275/229
f 3426/253/210 3424/276/230 3425/275/229
f 3425/275/229 3424/276/230 3422/277/231
f 3424/276/230 3421/278/232 3422/277/231
f 3423/279/233 3422/277/231 3421/278/232
f 3420/280/56 3418/281/56 3419/282/56
f 3419/282/56 3418/281/56 3417/283/56
f 3416/284/103 3378/285/103 3379/286/103
f 3414/287/103 3416/284/103 3379/286/103
f 3415/288/103 3416/284/103 3414/287/103
f 3415/288/103 3414/287/103 3413/289/103
f 3413/289/103 3414/287/103 3412/290/103
f 3413/289/103 3412/290/103 3411/291/103
f 3411/291/103 3412/290/103 3410/292/103
f 3411/291/103 3410/292/103 3408/293/103
f 3408/293/103 3410/292/103 3409/294/103
f 3406/295/234 3408/293/103 3409/294/103
f 3407/296/235 3408/293/103 3406/295/234
f 3407/296/235 3406/295/234 3405/297/236
f 3405/297/236 3406/295/234 3404/298/237
f 3405/297/236 3404/298/237 3402/299/238
f 3402/299/238 3404/298/237 3403/300/239
f 3401/301/240 3402/299/238 3403/300/239
f 3400/302/103 3402/299/238 3401/301/240
f 3399/303/103 3400/302/103 3401/301/240
f 3398/304/103 3400/302/103 3399/303/103
f 3397/305/103 3398/304/103 3399/303/103
f 3396/306/103 3398/304/103 3397/305/103
f 3394/307/103 3396/306/103 3397/305/103
f 3395/308/103 3396/306/103 3394/307/103
f 3395/308/103 3394/307/103 3393/309/103
f 3393/309/103 3394/307/103 3392/310/103
f 3393/309/103 3392/310/103 3391/311/103
f 3391/311/103 3392/310/103 3390/312/103
f 3391/311/103 3390/312/103 3389/313/102
f 3389/313/102 3390/312/103 3388/314/241
f 3389/313/102 3388/314/241 3386/315/242
f 3386/315/242 3388/314/241 3387/316/243
f 3385/317/244 3386/315/242 3387/316/243
f 3384/318/245 3386/315/242 3385/317/244
f 3382/319/246 3384/318/245 3385/317/244
f 3383/320/247 3384/318/245 3382/319/246
f 3383/320/247 3382/319/246 3380/321/103
f 3380/321/103 3382/319/246 3381/322/103
f 3377/323/103 3380/321/103 3381/322/103
f 3378/285/103 3380/321/103 3377/323/103
f 3379/286/103 3378/285/103 3377/323/103
f 3339/324/248 3375/325/248 3338/326/248
f 3376/327/248 3375/325/248 3339/324/248
f 3376/327/248 3373/328/248 3375/325/248
f 3375/325/248 3373/328/248 3374/329/248
f 3374/329/248 3373/328/248 3372/330/248
f 3372/330/248 3373/328/248 3371/331/248
f 3371/331/248 3370/332/249 3372/330/248
f 3369/333/250 3370/332/249 3371/331/248
f 3369/333/250 3368/334/251 3370/332/249
f 3367/335/252 3368/334/251 3369/333/250
f 3367/335/252 3366/336/89 3368/334/251
f 3365/337/88 3366/336/89 3367/335/252
f 3365/337/88 3364/338/253 3366/336/89
f 3363/339/254 3364/338/253 3365/337/88
f 3364/338/253 3363/339/254 3362/340/255
f 3362/340/255 3363/339/254 3360/341/256
f 3362/340/255 3360/341/256 3361/342/257
f 3361/342/257 3360/341/256 3359/343/257
f 3357/344/258 3356/345/259 3358/346/258
f 3355/347/260 3356/345/259 3357/344/258
f 3355/347/260 3354/348/261 3356/345/259
f 3353/349/262 3354/348/261 3355/347/260
f 3354/348/261 3353/349/262 3352/350/263
f 3352/350/263 3353/349/262 3351/351/264
f 3352/350/263 3351/351/264 3350/352/248
f 3350/352/248 3351/351/264 3349/353/248
f 3349/353/248 3347/354/248 3350/352/248
f 3348/355/248 3347/354/248 3349/353/248
f 3348/355/248 3345/356/248 3347/354/248
f 3347/354/248 3345/356/248 3346/357/248
f 3345/356/248 3344/358/248 3346/357/248
f 3343/359/248 3344/358/248 3345/356/248
f 3343/359/248 3342/360/248 3344/358/248
f 3341/361/248 3342/360/248 3343/359/248
f 3341/361/248 3340/362/248 3342/360/248
f 3337/363/248 3340/362/248 3341/361/248
f 3337/363/248 3338/326/248 3340/362/248
f 3339/324/248 3338/326/248 3337/363/248
f 3336/281/265 3335/280/265 3334/364/266
f 3335/280/265 3333/365/267 3334/364/266
f 3334/364/266 3333/365/267 3331/366/268
f 3333/365/267 3330/367/269 3331/366/268
f 3332/368/270 3331/366/268 3330/367/269
f 3296/369/271 3297/370/272 3329/371/272
f 3297/370/272 3320/372/272 3329/371/272
f 3329/371/272 3320/372/272 3328/373/272
f 3320/372/272 3327/374/272 3328/373/272
f 3326/375/272 3327/374/272 3320/372/272
f 3325/376/272 3326/375/272 3320/372/272
f 3324/377/272 3325/376/272 3320/372/272
f 3323/378/272 3324/377/272 3320/372/272
f 3322/379/272 3323/378/272 3320/372/272
f 3322/379/272 3320/372/272 3321/380/272
f 3321/380/272 3320/372/272 3319/381/273
f 3320/372/272 3318/382/274 3319/381/273
f 3319/381/273 3318/382/274 3317/383/275
f 3317/383/275 3318/382/274 3316/384/276
f 3317/383/275 3316/384/276 3315/385/277
f 3315/385/277 3316/384/276 3312/386/278
f 3312/386/278 3313/387/279 3315/385/277
f 3314/388/280 3313/387/279 3312/386/278
f 3310/389/281 3311/390/281 3306/391/281
f 3309/392/281 3310/389/281 3306/391/281
f 3308/393/281 3309/392/281 3306/391/281
f 3307/394/281 3308/393/281 3306/391/281
f 3305/395/281 3307/394/281 3306/391/281
f 3306/391/281 3304/396/282 3305/395/281
f 3305/395/281 3304/396/282 3303/397/283
f 3304/396/282 3302/398/284 3303/397/283
f 3303/397/283 3302/398/284 3301/399/285
f 3302/398/284 3300/400/286 3301/399/285
f 3301/399/285 3300/400/286 3299/401/287
f 3300/400/286 3298/402/288 3299/401/287
f 3299/401/287 3298/402/288 3296/369/271
f 3298/402/288 3297/370/272 3296/369/271
f 3295/403/289 3294/225/290 3291/404/291
f 3294/225/290 3293/223/292 3291/404/291
f 3293/223/292 3292/405/293 3291/404/291
f 3290/406/56 3288/407/56 3289/408/56
f 3289/408/56 3288/407/56 3287/409/56
f 3286/410/294 3284/411/294 3285/412/294
f 3285/412/294 3284/411/294 3283/413/294
f 3280/414/295 3281/415/296 3282/416/296
f 3279/417/297 3281/415/296 3280/414/295
f 3278/418/298 3279/417/297 3280/414/295
f 3277/419/299 3279/417/297 3278/418/298
f 3278/418/298 3276/420/300 3277/419/299
f 3277/419/299 3276/420/300 3275/421/300
f 3274/422/301 3275/421/300 3276/420/300
f 3273/423/302 3275/421/300 3274/422/301
f 3272/424/303 3273/423/302 3274/422/301
f 3271/425/304 3273/423/302 3272/424/303
f 3270/426/305 3271/425/304 3272/424/303
f 3269/427/306 3271/425/304 3270/426/305
f 3267/428/307 3269/427/306 3270/426/305
f 3268/429/307 3269/427/306 3267/428/307
f 3268/429/307 3267/428/307 3266/430/308
f 3266/430/308 3267/428/307 3265/431/309
f 3266/430/308 3265/431/309 3264/432/310
f 3264/432/310 3265/431/309 3263/433/311
f 3264/432/310 3263/433/311 3262/434/312
f 3262/434/312 3263/433/311 3261/435/313
f 3261/435/313 3260/436/314 3262/434/312
f 3259/437/314 3260/436/314 3261/435/313
f 3259/437/314 3257/438/315 3260/436/314
f 3258/439/316 3257/438/315 3259/437/314
f 3254/440/317 3257/438/315 3258/439/316
f 3256/441/317 3257/438/315 3254/440/317
f 3256/441/317 3254/440/317 3255/442/318
f 3255/442/318 3254/440/317 3253/443/318
f 3252/444/294 3251/445/294 3248/446/294
f 3251/445/294 3250/447/294 3248/446/294
f 3250/447/294 3249/448/294 3248/446/294
f 3247/449/319 3245/450/320 3246/451/321
f 3244/452/322 3246/451/321 3245/450/320
f 3241/453/167 3244/452/322 3245/450/320
f 3242/183/323 3244/452/322 3241/453/167
f 3243/184/323 3242/183/323 3241/453/167
f 3240/407/324 3239/406/325 3238/454/326
f 3239/406/325 3237/455/327 3238/454/326
f 3238/454/326 3237/455/327 3235/456/230
f 3237/455/327 3234/457/328 3235/456/230
f 3236/458/329 3235/456/230 3234/457/328
f 3233/459/194 3231/460/194 3232/461/194
f 3232/461/194 3231/460/194 3229/462/194
f 3231/460/194 3230/463/194 3229/462/194
f 3159/464/220 3228/465/330 3158/466/221
f 3227/467/331 3228/465/330 3159/464/220
f 3227/467/331 3226/468/332 3228/465/330
f 3225/469/333 3226/468/332 3227/467/331
f 3225/469/333 3224/470/334 3226/468/332
f 3223/471/335 3224/470/334 3225/469/333
f 3223/471/335 3222/472/336 3224/470/334
f 3221/473/337 3222/472/336 3223/471/335
f 3221/473/337 3220/474/338 3222/472/336
f 3219/475/339 3220/474/338 3221/473/337
f 3219/475/339 3218/476/340 3220/474/338
f 3217/477/341 3218/476/340 3219/475/339
f 3217/477/341 3216/478/342 3218/476/340
f 3215/479/343 3216/478/342 3217/477/341
f 3215/479/343 3214/480/344 3216/478/342
f 3211/481/345 3214/480/344 3215/479/343
f 3211/481/345 3212/482/346 3214/480/344
f 3213/483/346 3212/482/346 3211/481/345
f 3210/484/347 3209/485/348 3207/486/349
f 3209/485/348 3208/487/350 3207/486/349
f 3208/487/350 3196/488/351 3207/486/349
f 3207/486/349 3196/488/351 3206/489/352
f 3206/489/352 3196/488/351 3205/490/353
f 3205/490/353 3196/488/351 3204/491/354
f 3204/491/354 3196/488/351 3203/492/355
f 3203/492/355 3196/488/351 3202/493/356
f 3202/493/356 3196/488/351 3201/494/357
f 3201/494/357 3196/488/351 3200/495/358
f 3200/495/358 3196/488/351 3199/496/359
f 3199/496/359 3196/488/351 3198/228/360
f 3198/228/360 3196/488/351 3197/226/361
f 3197/226/361 3196/488/351 3195/497/362
f 3196/488/351 3194/498/363 3195/497/362
f 3195/497/362 3194/498/363 3193/499/364
f 3192/490/365 3190/500/366 3191/489/367
f 3191/489/367 3190/500/366 3189/501/368
f 3188/492/369 3186/502/370 3187/491/371
f 3187/491/371 3186/502/370 3185/503/372
f 3184/504/135 3182/505/373 3183/494/374
f 3183/494/374 3182/505/373 3181/493/375
f 3180/506/376 3178/507/377 3179/508/376
f 3179/508/376 3178/507/377 3177/509/378
f 3178/507/377 3176/510/379 3177/509/378
f 3177/509/378 3176/510/379 3175/511/380
f 3176/510/379 3174/512/381 3175/511/380
f 3175/511/380 3174/512/381 3173/513/382
f 3174/512/381 3172/514/284 3173/513/382
f 3173/513/382 3172/514/284 3171/515/383
f 3172/514/284 3170/516/384 3171/515/383
f 3171/515/383 3170/516/384 3169/517/385
f 3170/516/384 3168/518/386 3169/517/385
f 3169/517/385 3168/518/386 3167/519/387
f 3168/518/386 3166/520/388 3167/519/387
f 3167/519/387 3166/520/388 3165/521/389
f 3166/520/388 3164/522/390 3165/521/389
f 3165/521/389 3164/522/390 3163/523/391
f 3164/522/390 3162/524/223 3163/523/391
f 3163/523/391 3162/524/223 3161/525/222
f 3162/524/223 3157/526/56 3161/525/222
f 3161/525/222 3157/526/56 3160/527/56
f 3157/526/56 3158/466/221 3160/527/56
f 3159/464/220 3158/466/221 3157/526/56
f 3156/528/114 3155/529/392 3154/530/115
f 3155/529/392 3151/531/393 3154/530/115
f 3154/530/115 3151/531/393 3153/532/394
f 3153/532/394 3151/531/393 3152/533/395
f 3152/533/395 3151/531/393 3149/534/396
f 3151/531/393 3150/535/397 3149/534/396
f 3148/185/398 3147/186/398 3145/536/399
f 3147/186/398 3146/537/400 3145/536/399
f 3146/537/400 3144/538/401 3145/536/399
f 3145/536/399 3144/538/401 3142/539/402
f 3144/538/401 3143/540/403 3142/539/402
f 3141/181/103 3140/182/103 3138/541/404
f 3140/182/103 3139/542/405 3138/541/404
f 3139/542/405 3137/543/406 3138/541/404
f 3138/541/404 3137/543/406 3135/544/407
f 3137/543/406 3136/545/408 3135/544/407
f 3134/172/409 3133/173/409 3131/546/410
f 3133/173/409 3132/547/411 3131/546/410
f 3132/547/411 3130/548/412 3131/546/410
f 3131/546/410 3130/548/412 3128/549/413
f 3130/548/412 3129/550/414 3128/549/413
f 3127/194/415 3126/195/415 3124/551/416
f 3126/195/415 3125/552/417 3124/551/416
f 3125/552/417 3123/553/418 3124/551/416
f 3124/551/416 3123/553/418 3121/554/412
f 3123/553/418 3122/555/419 3121/554/412
f 3120/212/420 3119/213/420 3117/556/421
f 3119/213/420 3118/557/422 3117/556/421
f 3118/557/422 3116/558/423 3117/556/421
f 3117/556/421 3116/558/423 3114/559/424
f 3116/558/423 3115/560/425 3114/559/424
f 3113/237/426 3112/238/426 3110/561/427
f 3112/238/426 3111/562/428 3110/561/427
f 3111/562/428 3109/563/429 3110/561/427
f 3110/561/427 3109/563/429 3107/564/430
f 3109/563/429 3108/565/431 3107/564/430
f 3106/251/432 3105/252/432 3103/566/433
f 3105/252/432 3104/567/433 3103/566/433
f 3104/567/433 3102/568/434 3103/566/433
f 3103/566/433 3102/568/434 3100/569/435
f 3102/568/434 3101/570/436 3100/569/435
f 3099/255/437 3098/256/437 3096/571/438
f 3098/256/437 3097/572/439 3096/571/438
f 3097/572/439 3095/573/440 3096/571/438
f 3096/571/438 3095/573/440 3093/574/441
f 3095/573/440 3094/575/442 3093/574/441
f 3092/282/427 3091/283/427 3089/576/443
f 3091/283/427 3090/577/444 3089/576/443
f 3090/577/444 3088/578/438 3089/576/443
f 3089/576/443 3088/578/438 3086/579/445
f 3088/578/438 3087/580/446 3086/579/445
f 3085/463/447 3083/460/448 3084/410/449
f 3084/410/449 3083/460/448 3081/411/450
f 3083/460/448 3082/459/451 3081/411/450
f 3080/408/452 3079/409/452 3077/581/453
f 3079/409/452 3078/582/454 3077/581/453
f 3078/582/454 3076/583/455 3077/581/453
f 3077/581/453 3076/583/455 3074/584/456
f 3076/583/455 3075/585/457 3074/584/456
f 3073/586/194 3069/587/194 3072/588/194
f 3072/588/194 3069/587/194 3070/589/194
f 3071/590/194 3070/589/194 3069/587/194
f 3067/591/294 3064/404/294 3068/405/294
f 3066/592/294 3064/404/294 3067/591/294
f 3066/592/294 3065/403/294 3064/404/294
f 3063/593/42 3058/594/458 3062/595/42
f 3061/596/42 3062/595/42 3058/594/458
f 3060/597/42 3061/596/42 3058/594/458
f 3059/598/42 3060/597/42 3058/594/458
f 3057/599/459 3059/598/42 3058/594/458
f 3058/594/458 3056/600/460 3057/599/459
f 3057/599/459 3056/600/460 3055/601/461
f 3056/600/460 3054/602/462 3055/601/461
f 3055/601/461 3054/602/462 3053/603/48
f 3054/602/462 2929/604/463 3053/603/48
f 3053/603/48 2929/604/463 3052/605/464
f 3052/605/464 2929/604/463 2939/606/465
f 3051/607/465 3052/605/464 2939/606/465
f 2939/606/465 3050/608/466 3051/607/465
f 3051/607/465 3050/608/466 3049/609/467
f 3050/608/466 3048/610/468 3049/609/467
f 3049/609/467 3048/610/468 3047/611/469
f 3048/610/468 3045/612/56 3047/611/469
f 3047/611/469 3045/612/56 3046/613/56
f 3046/613/56 3045/612/56 3044/614/470
f 3044/614/470 3045/612/56 3043/615/471
f 3044/614/470 3043/615/471 3042/616/472
f 3042/616/472 3043/615/471 3041/617/473
f 3042/616/472 3041/617/473 3040/618/85
f 3040/618/85 3041/617/473 2892/619/85
f 3040/618/85 2892/619/85 3039/620/86
f 3039/620/86 2892/619/85 2880/621/474
f 3039/620/86 2880/621/474 3038/622/475
f 3038/622/475 2880/621/474 3037/623/89
f 3038/622/475 3037/623/89 3036/624/476
f 3036/624/476 3037/623/89 3035/625/477
f 3035/625/477 3034/626/250 3036/624/476
f 3028/627/478 3034/626/250 3035/625/477
f 3034/626/250 3028/627/478 3033/628/248
f 3033/628/248 3028/627/478 3032/629/248
f 3032/629/248 3028/627/478 3031/630/248
f 3031/630/248 3028/627/478 3029/631/248
f 3030/632/248 3029/631/248 3028/627/478
f 2985/633/56 2986/634/56 3027/635/470
f 3027/635/470 2986/634/56 3026/636/471
f 3027/635/470 3026/636/471 3025/637/479
f 3025/637/479 3026/636/471 3024/638/473
f 3025/637/479 3024/638/473 3023/639/480
f 3023/639/480 3024/638/473 2896/640/85
f 3023/639/480 2896/640/85 2880/621/474
f 3022/641/85 3023/639/480 2880/621/474
f 2889/642/85 3022/641/85 2880/621/474
f 2889/642/85 3021/643/473 3022/641/85
f 3020/644/481 3021/643/473 2889/642/85
f 3020/644/481 3019/645/471 3021/643/473
f 3018/646/470 3019/645/471 3020/644/481
f 3018/646/470 3016/647/56 3019/645/471
f 3017/648/56 3016/647/56 3018/646/470
f 3015/649/469 3016/647/56 3017/648/56
f 3014/650/468 3016/647/56 3015/649/469
f 3013/651/482 3014/650/468 3015/649/469
f 3012/652/466 3014/650/468 3013/651/482
f 3011/653/465 3012/652/466 3013/651/482
f 2943/654/51 3012/652/466 3011/653/465
f 3011/653/465 2929/604/463 2943/654/51
f 3010/655/465 2929/604/463 3011/653/465
f 2938/656/465 2929/604/463 3010/655/465
f 3010/655/465 3009/657/483 2938/656/465
f 2938/656/465 3009/657/483 3008/658/467
f 3009/657/483 3007/659/468 3008/658/467
f 3008/658/467 3007/659/468 3006/660/469
f 3007/659/468 3004/661/56 3006/660/469
f 3006/660/469 3004/661/56 3005/662/56
f 3005/662/56 3004/661/56 3003/663/470
f 3003/663/470 3004/661/56 3002/664/471
f 3003/663/470 3002/664/471 3001/665/472
f 3001/665/472 3002/664/471 3000/666/484
f 3001/665/472 3000/666/484 2891/667/85
f 2891/667/85 3000/666/484 2890/668/85
f 2999/669/470 2971/670/471 2972/671/479
f 2999/669/470 2997/672/56 2971/670/471
f 2998/673/56 2997/672/56 2999/669/470
f 2996/674/469 2997/672/56 2998/673/56
f 2995/675/468 2997/672/56 2996/674/469
f 2994/676/467 2995/675/468 2996/674/469
f 2993/677/485 2995/675/468 2994/676/467
f 2992/678/465 2993/677/485 2994/676/467
f 2941/679/465 2993/677/485 2992/678/465
f 2992/678/465 2929/604/463 2941/679/465
f 2991/680/465 2929/604/463 2992/678/465
f 2942/681/465 2929/604/463 2991/680/465
f 2991/680/465 2990/682/466 2942/681/465
f 2942/681/465 2990/682/466 2989/683/467
f 2990/682/466 2988/684/468 2989/683/467
f 2989/683/467 2988/684/468 2987/685/469
f 2988/684/468 2986/634/56 2987/685/469
f 2987/685/469 2986/634/56 2985/633/56
f 2957/686/465 2984/687/485 2940/688/465
f 2940/688/465 2984/687/485 2983/689/467
f 2984/687/485 2982/690/468 2983/689/467
f 2983/689/467 2982/690/468 2981/691/469
f 2982/690/468 2979/692/56 2981/691/469
f 2981/691/469 2979/692/56 2980/693/56
f 2980/693/56 2979/692/56 2978/694/470
f 2978/694/470 2979/692/56 2977/695/471
f 2978/694/470 2977/695/471 2976/696/472
f 2976/696/472 2977/695/471 2975/697/484
f 2976/696/472 2975/697/484 2974/698/85
f 2974/698/85 2975/697/484 2898/699/85
f 2974/698/85 2898/699/85 2880/621/474
f 2973/700/85 2974/698/85 2880/621/474
f 2895/701/85 2973/700/85 2880/621/474
f 2895/701/85 2970/702/484 2973/700/85
f 2972/671/479 2970/702/484 2895/701/85
f 2972/671/479 2971/670/471 2970/702/484
f 2917/703/85 2894/704/85 2880/621/474
f 2969/705/85 2917/703/85 2880/621/474
f 2897/706/85 2969/705/85 2880/621/474
f 2897/706/85 2968/707/484 2969/705/85
f 2967/708/472 2968/707/484 2897/706/85
f 2967/708/472 2966/709/471 2968/707/484
f 2965/710/470 2966/709/471 2967/708/472
f 2965/710/470 2963/711/56 2966/709/471
f 2964/712/56 2963/711/56 2965/710/470
f 2962/713/469 2963/711/56 2964/712/56
f 2961/714/468 2963/711/56 2962/713/469
f 2960/715/486 2961/714/468 2962/713/469
f 2959/716/485 2961/714/468 2960/715/486
f 2958/717/465 2959/716/485 2960/715/486
f 2933/718/465 2959/716/485 2958/717/465
f 2958/717/465 2929/604/463 2933/718/465
f 2957/686/465 2929/604/463 2958/717/465
f 2940/688/465 2929/604/463 2957/686/465
f 2956/719/470 2884/720/471 2885/721/472
f 2956/719/470 2954/722/56 2884/720/471
f 2955/723/56 2954/722/56 2956/719/470
f 2953/724/469 2954/722/56 2955/723/56
f 2952/725/468 2954/722/56 2953/724/469
f 2951/726/467 2952/725/468 2953/724/469
f 2950/727/466 2952/725/468 2951/726/467
f 2949/728/465 2950/727/466 2951/726/467
f 2936/729/465 2950/727/466 2949/728/465
f 2949/728/465 2929/604/463 2936/729/465
f 2948/730/465 2929/604/463 2949/728/465
f 2934/731/465 2929/604/463 2948/730/465
f 2948/730/465 2947/732/485 2934/731/465
f 2934/731/465 2947/732/485 2946/733/487
f 2947/732/485 2945/734/468 2946/733/487
f 2946/733/487 2945/734/468 2944/735/469
f 2945/734/468 2914/736/56 2944/735/469
f 2944/735/469 2914/736/56 2915/737/56
f 2943/654/51 2929/604/463 2942/681/465
f 2941/679/465 2929/604/463 2940/688/465
f 2939/606/465 2929/604/463 2938/656/465
f 2929/604/463 2937/738/465 2935/739/465
f 2936/729/465 2929/604/463 2935/739/465
f 2931/740/465 2929/604/463 2934/731/465
f 2933/718/465 2929/604/463 2927/741/465
f 2932/742/466 2900/743/468 2901/744/467
f 2930/745/465 2932/742/466 2901/744/467
f 2931/740/465 2932/742/466 2930/745/465
f 2930/745/465 2929/604/463 2931/740/465
f 2928/746/465 2929/604/463 2930/745/465
f 2927/741/465 2929/604/463 2928/746/465
f 2928/746/465 2926/747/485 2927/741/465
f 2927/741/465 2926/747/485 2925/748/467
f 2926/747/485 2924/749/468 2925/748/467
f 2925/748/467 2924/749/468 2923/750/469
f 2924/749/468 2921/751/56 2923/750/469
f 2923/750/469 2921/751/56 2922/752/56
f 2922/752/56 2921/751/56 2920/753/470
f 2920/753/470 2921/751/56 2919/754/471
f 2920/753/470 2919/754/471 2918/755/479
f 2918/755/479 2919/754/471 2916/756/473
f 2918/755/479 2916/756/473 2917/703/85
f 2917/703/85 2916/756/473 2894/704/85
f 2915/737/56 2914/736/56 2913/757/470
f 2913/757/470 2914/736/56 2912/758/471
f 2913/757/470 2912/758/471 2911/759/479
f 2911/759/479 2912/758/471 2910/760/484
f 2911/759/479 2910/760/484 2909/761/85
f 2909/761/85 2910/760/484 2882/762/85
f 2909/761/85 2882/762/85 2880/621/474
f 2908/763/85 2909/761/85 2880/621/474
f 2893/764/85 2908/763/85 2880/621/474
f 2893/764/85 2907/765/473 2908/763/85
f 2906/766/488 2907/765/473 2893/764/85
f 2906/766/488 2905/767/471 2907/765/473
f 2904/768/470 2905/767/471 2906/766/488
f 2904/768/470 2902/769/56 2905/767/471
f 2903/770/56 2902/769/56 2904/768/470
f 2899/771/469 2902/769/56 2903/770/56
f 2900/743/468 2902/769/56 2899/771/469
f 2901/744/467 2900/743/468 2899/771/469
f 2898/699/85 2897/706/85 2880/621/474
f 2896/640/85 2895/701/85 2880/621/474
f 2894/704/85 2893/764/85 2880/621/474
f 2892/619/85 2891/667/85 2880/621/474
f 2891/667/85 2890/668/85 2880/621/474
f 2890/668/85 2889/642/85 2880/621/474
f 2887/772/85 2888/773/85 2880/621/474
f 2886/774/85 2887/772/85 2880/621/474
f 2881/775/85 2886/774/85 2880/621/474
f 2881/775/85 2883/776/484 2886/774/85
f 2885/721/472 2883/776/484 2881/775/85
f 2885/721/472 2884/720/471 2883/776/484
f 2882/762/85 2881/775/85 2880/621/474
f 2876/777/489 2874/778/490 2879/779/21
f 2878/780/491 2877/781/492 2876/777/489
f 2876/777/489 2877/781/492 2875/782/493
f 2875/782/493 2874/778/490 2876/777/489
f 2875/782/493 2873/783/494 2874/778/490
f 2874/778/490 2873/783/494 2872/784/495
f 2872/784/495 2873/783/494 2871/785/496
f 2872/784/495 2871/785/496 2869/786/497
f 2869/786/497 2871/785/496 2870/787/498
f 2868/788/499 2869/786/497 2870/787/498
f 2865/789/500 2869/786/497 2868/788/499
f 2868/788/499 2863/790/501 2865/789/500
f 2862/791/502 2860/792/503 2867/793/504
f 2865/789/500 2864/794/505 2866/795/506
f 2863/790/501 2864/794/505 2865/789/500
f 2864/794/505 2863/790/501 2862/791/502
f 2862/791/502 2863/790/501 2861/796/507
f 2861/796/507 2860/792/503 2862/791/502
f 2861/796/507 2859/797/508 2860/792/503
f 2860/792/503 2859/797/508 2858/798/137
f 2858/798/137 2859/797/508 2857/799/509
f 2858/798/137 2857/799/509 2855/800/510
f 2855/800/510 2857/799/509 2856/801/511
f 2854/802/512 2855/800/510 2856/801/511
f 2851/803/513 2855/800/510 2854/802/512
f 2854/802/512 2849/804/514 2851/803/513
f 2848/805/374 2846/806/515 2853/807/516
f 2851/803/513 2850/808/517 2852/809/518
f 2849/804/514 2850/808/517 2851/803/513
f 2850/808/517 2849/804/514 2848/805/374
f 2848/805/374 2849/804/514 2847/810/507
f 2847/810/507 2846/806/515 2848/805/374
f 2847/810/507 2845/811/519 2846/806/515
f 2846/806/515 2845/811/519 2844/812/130
f 2844/812/130 2845/811/519 2843/813/520
f 2844/812/130 2843/813/520 2841/814/521
f 2841/814/521 2843/813/520 2842/815/522
f 2840/816/523 2841/814/521 2842/815/522
f 2837/817/524 2841/814/521 2840/816/523
f 2840/816/523 2835/818/525 2837/817/524
f 2834/819/526 2832/820/527 2839/821/528
f 2837/817/524 2836/822/529 2838/823/530
f 2835/818/525 2836/822/529 2837/817/524
f 2836/822/529 2835/818/525 2834/819/526
f 2834/819/526 2835/818/525 2833/824/531
f 2833/824/531 2832/820/527 2834/819/526
f 2833/824/531 2831/825/532 2832/820/527
f 2832/820/527 2831/825/532 2830/826/533
f 2830/826/533 2831/825/532 2829/827/534
f 2830/826/533 2829/827/534 2825/828/535
f 2825/828/535 2829/827/534 2826/829/536
f 2823/830/537 2822/831/538 2828/832/372
f 2813/833/539 2812/834/540 2827/835/541
f 2824/836/542 2825/828/535 2826/829/536
f 2823/830/537 2825/828/535 2824/836/542
f 2824/836/542 2821/837/543 2823/830/537
f 2821/837/543 2822/831/538 2823/830/537
f 2822/831/538 2821/837/543 2808/838/544
f 2808/838/544 2821/837/543 2820/839/545
f 2820/839/545 2807/840/546 2808/838/544
f 2820/839/545 2819/841/547 2807/840/546
f 2807/840/546 2819/841/547 2818/842/548
f 2818/842/548 2819/841/547 2817/843/549
f 2818/842/548 2817/843/549 2815/844/550
f 2815/844/550 2817/843/549 2816/845/551
f 2814/846/552 2815/844/550 2816/845/551
f 2813/833/539 2815/844/550 2814/846/552
f 2814/846/552 2810/847/553 2813/833/539
f 2810/847/553 2812/834/540 2813/833/539
f 2812/834/540 2810/847/553 2811/848/554
f 2811/848/554 2810/847/553 2809/849/555
f 2808/838/544 2807/840/546 2806/850/556
f 2805/496/557 2803/851/558 2804/495/559
f 2804/495/559 2803/851/558 2802/852/560
usemtl metal_light.001
f 2575/853/222 2801/854/224 2574/855/561
f 2574/855/561 2801/854/224 2800/856/562
f 2801/854/224 2799/857/389 2800/856/562
f 2800/856/562 2799/857/389 2798/858/388
f 2799/857/389 2797/859/387 2798/858/388
f 2798/858/388 2797/859/387 2796/860/563
f 2797/859/387 2795/861/287 2796/860/563
f 2796/860/563 2795/861/287 2794/862/564
f 2795/861/287 2793/863/383 2794/862/564
f 2794/862/564 2793/863/383 2792/864/565
f 2793/863/383 2791/865/566 2792/864/565
f 2792/864/565 2791/865/566 2790/866/567
f 2791/865/566 2789/867/568 2790/866/567
f 2790/866/567 2789/867/568 2788/868/379
f 2789/867/568 2787/869/378 2788/868/379
f 2788/868/379 2787/869/378 2786/870/377
f 2787/869/378 2785/871/376 2786/870/377
f 2786/870/377 2785/871/376 2784/872/376
f 1890/873/569 1891/363/570 2783/361/571
f 2782/359/572 1890/873/569 2783/361/571
f 2781/874/573 1890/873/569 2782/359/572
f 2780/356/574 2781/874/573 2782/359/572
f 2779/875/575 2781/874/573 2780/356/574
f 2777/355/576 2779/875/575 2780/356/574
f 2778/876/577 2779/875/575 2777/355/576
f 2778/876/577 2777/355/576 2776/877/578
f 2776/877/578 2777/355/576 2775/353/579
f 2775/353/579 2774/878/580 2776/877/578
f 2773/351/581 2774/878/580 2775/353/579
f 2773/351/581 2772/879/582 2774/878/580
f 2771/349/583 2772/879/582 2773/351/581
f 2772/879/582 2771/349/583 2770/880/584
f 2770/880/584 2771/349/583 2769/347/585
f 2770/880/584 2769/347/585 2768/881/586
f 2768/881/586 2769/347/585 2767/344/587
f 2768/881/586 2767/344/587 2766/882/588
f 2652/883/589 2765/884/590 2651/885/591
f 2764/886/592 2765/884/590 2652/883/589
f 2765/884/590 2764/886/592 2763/887/593
f 2763/887/593 2764/886/592 2762/888/594
f 2763/887/593 2762/888/594 2761/889/595
f 2761/889/595 2762/888/594 2760/890/596
f 2761/889/595 2760/890/596 2759/891/597
f 2759/891/597 2760/890/596 2758/892/598
f 2759/891/597 2758/892/598 2757/893/599
f 2757/893/599 2758/892/598 2756/894/600
f 2757/893/599 2756/894/600 2755/895/601
f 2755/895/601 2756/894/600 2754/896/602
f 2754/896/602 2753/897/603 2755/895/601
f 2752/898/604 2753/897/603 2754/896/602
f 2753/897/603 2752/898/604 2750/899/605
f 2750/899/605 2752/898/604 2751/900/606
f 2751/900/606 2749/901/607 2750/899/605
f 2750/899/605 2749/901/607 2748/902/608
f 2749/901/607 2747/903/609 2748/902/608
f 2748/902/608 2747/903/609 2746/904/610
f 2745/905/611 2746/904/610 2747/903/609
f 2744/906/612 2746/904/610 2745/905/611
f 2745/905/611 2743/907/613 2744/906/612
f 2744/906/612 2743/907/613 2742/908/614
f 2743/907/613 2741/909/615 2742/908/614
f 2742/908/614 2741/909/615 2740/910/616
f 2741/909/615 2738/911/617 2740/910/616
f 2740/910/616 2738/911/617 2739/912/618
f 2739/912/618 2738/911/617 2737/913/619
f 2737/913/619 2738/911/617 2736/914/619
f 2737/913/619 2736/914/619 2735/915/620
f 2735/915/620 2736/914/619 2734/916/621
f 2735/915/620 2734/916/621 2731/917/622
f 2731/917/622 2734/916/621 2733/918/623
f 2730/919/624 2731/917/622 2733/918/623
f 2732/920/625 2731/917/622 2730/919/624
f 2696/921/626 2729/922/627 2698/923/628
f 2698/923/628 2729/922/627 2728/924/629
f 2726/925/630 2728/924/629 2729/922/627
f 2727/926/631 2728/924/629 2726/925/630
f 2726/925/630 2725/927/632 2727/926/631
f 2724/928/633 2725/927/632 2726/925/630
f 2724/928/633 2723/929/634 2725/927/632
f 2722/930/635 2723/929/634 2724/928/633
f 2722/930/635 2720/931/636 2723/929/634
f 2721/932/637 2720/931/636 2722/930/635
f 2721/932/637 2719/933/638 2720/931/636
f 2720/931/636 2719/933/638 2718/934/638
f 2719/933/638 2716/935/639 2718/934/638
f 2718/934/638 2716/935/639 2717/936/640
f 2716/935/639 2714/937/641 2717/936/640
f 2715/938/642 2714/937/641 2716/935/639
f 2715/938/642 2713/939/643 2714/937/641
f 2714/937/641 2713/939/643 2712/940/644
f 2711/941/645 2710/942/646 2709/943/647
f 2709/943/647 2710/942/646 2708/944/648
f 2709/943/647 2708/944/648 2706/945/649
f 2706/945/649 2708/944/648 2707/946/650
f 2705/947/651 2706/945/649 2707/946/650
f 2704/948/652 2706/945/649 2705/947/651
f 2702/949/653 2704/948/652 2705/947/651
f 2703/950/654 2704/948/652 2702/949/653
f 2702/949/653 2701/951/655 2703/950/654
f 2700/952/656 2701/951/655 2702/949/653
f 2700/952/656 2697/953/657 2701/951/655
f 2699/954/658 2697/953/657 2700/952/656
f 2696/921/626 2697/953/657 2699/954/658
f 2698/923/628 2697/953/657 2696/921/626
f 2695/955/659 2694/956/660 2692/957/661
f 2692/957/661 2694/956/660 2693/958/662
f 2693/958/662 2691/959/663 2692/957/661
f 2692/957/661 2691/959/663 2690/960/664
f 2691/959/663 2689/961/665 2690/960/664
f 2690/960/664 2689/961/665 2688/962/666
f 2689/961/665 2686/963/667 2688/962/666
f 2688/962/666 2686/963/667 2687/964/668
f 2687/964/668 2686/963/667 2685/965/669
f 2685/965/669 2686/963/667 2684/966/670
f 2685/965/669 2684/966/670 2683/967/671
f 2683/967/671 2684/966/670 2682/968/672
f 2683/967/671 2682/968/672 2681/969/673
f 2681/969/673 2682/968/672 2680/970/674
f 2681/969/673 2680/970/674 2679/971/675
f 2679/971/675 2680/970/674 2678/972/676
f 2679/971/675 2678/972/676 2677/973/677
f 2677/973/677 2678/972/676 2676/974/678
f 2677/973/677 2676/974/678 2674/975/679
f 2674/975/679 2676/974/678 2675/976/680
f 2673/977/681 2674/975/679 2675/976/680
f 2672/978/682 2674/975/679 2673/977/681
f 2671/979/683 2672/978/682 2673/977/681
f 2670/980/684 2672/978/682 2671/979/683
f 2671/979/683 2669/981/685 2670/980/684
f 2670/980/684 2669/981/685 2668/982/686
f 2669/981/685 2667/983/687 2668/982/686
f 2668/982/686 2667/983/687 2666/984/688
f 2667/983/687 2665/985/689 2666/984/688
f 2666/984/688 2665/985/689 2664/986/690
f 2665/985/689 2663/987/691 2664/986/690
f 2664/986/690 2663/987/691 2662/988/691
f 2663/987/691 2661/989/692 2662/988/691
f 2662/988/691 2661/989/692 2660/990/693
f 2659/991/694 2660/990/693 2661/989/692
f 2658/992/695 2660/990/693 2659/991/694
f 2657/993/696 2658/992/695 2659/991/694
f 2656/994/697 2658/992/695 2657/993/696
f 2654/995/698 2656/994/697 2657/993/696
f 2655/996/699 2656/994/697 2654/995/698
f 2654/995/698 2653/997/700 2655/996/699
f 2650/998/701 2653/997/700 2654/995/698
f 2650/998/701 2651/885/591 2653/997/700
f 2652/883/589 2651/885/591 2650/998/701
f 2600/999/702 2598/1000/703 2649/1001/704
f 2649/1001/704 2598/1000/703 2648/1002/705
f 2649/1001/704 2648/1002/705 2647/1003/706
f 2647/1003/706 2648/1002/705 2646/1004/707
f 2647/1003/706 2646/1004/707 2645/1005/708
f 2645/1005/708 2646/1004/707 2644/1006/709
f 2645/1005/708 2644/1006/709 2643/1007/710
f 2643/1007/710 2644/1006/709 2642/1008/711
f 2643/1007/710 2642/1008/711 2641/1009/712
f 2641/1009/712 2642/1008/711 2640/1010/713
f 2641/1009/712 2640/1010/713 2639/1011/714
f 2639/1011/714 2640/1010/713 2638/1012/715
f 2639/1011/714 2638/1012/715 2637/1013/716
f 2637/1013/716 2638/1012/715 2636/1014/717
f 2637/1013/716 2636/1014/717 2635/1015/718
f 2635/1015/718 2636/1014/717 2633/1016/719
f 2635/1015/718 2633/1016/719 2634/1017/720
f 2634/1017/720 2633/1016/719 2632/1018/720
f 2631/1019/721 2630/1020/722 2629/1021/723
f 2629/1021/723 2630/1020/722 2628/1022/724
f 2628/1022/724 2626/1023/725 2629/1021/723
f 2627/1024/726 2626/1023/725 2628/1022/724
f 2625/1025/727 2626/1023/725 2627/1024/726
f 2624/1026/728 2626/1023/725 2625/1025/727
f 2625/1025/727 2623/1027/729 2624/1026/728
f 2624/1026/728 2623/1027/729 2622/1028/730
f 2621/1029/731 2619/1030/732 2620/1031/731
f 2620/1031/731 2619/1030/732 2618/1032/733
f 2619/1030/732 2617/1033/734 2618/1032/733
f 2618/1032/733 2617/1033/734 2616/1034/735
f 2617/1033/734 2615/1035/736 2616/1034/735
f 2616/1034/735 2615/1035/736 2614/1036/737
f 2615/1035/736 2613/1037/738 2614/1036/737
f 2614/1036/737 2613/1037/738 2612/1038/739
f 2613/1037/738 2611/1039/740 2612/1038/739
f 2612/1038/739 2611/1039/740 2610/1040/741
f 2611/1039/740 2609/1041/742 2610/1040/741
f 2610/1040/741 2609/1041/742 2608/1042/743
f 2609/1041/742 2607/1043/744 2608/1042/743
f 2608/1042/743 2607/1043/744 2606/1044/745
f 2607/1043/744 2605/1045/746 2606/1044/745
f 2606/1044/745 2605/1045/746 2604/1046/747
f 2605/1045/746 2603/1047/748 2604/1046/747
f 2604/1046/747 2603/1047/748 2602/1048/749
f 2603/1047/748 2599/1049/750 2602/1048/749
f 2602/1048/749 2599/1049/750 2601/1050/750
f 2601/1050/750 2599/1049/750 2600/999/702
f 2600/999/702 2599/1049/750 2598/1000/703
f 2597/1051/751 2596/1052/752 2595/1053/753
f 2595/1053/753 2596/1052/752 2593/1054/753
f 2595/1053/753 2593/1054/753 2594/1055/753
f 2594/1055/753 2593/1054/753 2592/1056/753
f 2570/1057/754 2568/1058/342 2591/1059/755
f 2591/1059/755 2568/1058/342 2590/1060/340
f 2591/1059/755 2590/1060/340 2589/1061/756
f 2589/1061/756 2590/1060/340 2588/1062/757
f 2589/1061/756 2588/1062/757 2587/1063/758
f 2587/1063/758 2588/1062/757 2586/1064/759
f 2587/1063/758 2586/1064/759 2585/1065/760
f 2585/1065/760 2586/1064/759 2584/1066/761
f 2585/1065/760 2584/1066/761 2583/1067/333
f 2583/1067/333 2584/1066/761 2582/1068/332
f 2583/1067/333 2582/1068/332 2581/1069/331
f 2581/1069/331 2582/1068/332 2580/1070/219
f 2581/1069/331 2580/1070/219 2579/1071/762
f 2579/1071/762 2580/1070/219 2578/1072/221
f 2579/1071/762 2578/1072/221 2576/1073/56
f 2576/1073/56 2578/1072/221 2577/1074/56
f 2577/1074/56 2575/853/222 2576/1073/56
f 2576/1073/56 2575/853/222 2574/855/561
f 2572/1075/346 2571/1076/345 2573/1077/346
f 2569/1078/344 2571/1076/345 2572/1075/346
f 2571/1076/345 2569/1078/344 2570/1057/754
f 2570/1057/754 2569/1078/344 2568/1058/342
f 2567/1079/194 2565/1080/194 2566/1081/194
f 2566/1081/194 2565/1080/194 2562/1082/194
f 2565/1080/194 2564/1083/194 2562/1082/194
f 2564/1083/194 2563/1084/194 2562/1082/194
f 2556/1085/763 2561/340/764 2560/1086/765
f 2560/1086/765 2561/340/764 2559/342/766
f 2560/1086/765 2559/342/766 2558/1087/767
f 2556/1085/763 2555/338/768 2557/340/769
f 2554/1088/770 2555/338/768 2556/1085/763
f 2555/338/768 2554/1088/770 2553/336/771
f 2553/336/771 2554/1088/770 2552/1089/772
f 2553/336/771 2552/1089/772 2551/334/773
f 2551/334/773 2552/1089/772 2550/1090/774
f 2551/334/773 2550/1090/774 2548/332/775
f 2548/332/775 2550/1090/774 2549/1091/776
f 2547/1092/777 2548/332/775 2549/1091/776
f 2546/330/778 2548/332/775 2547/1092/777
f 2547/1092/777 2545/1093/779 2546/330/778
f 2546/330/778 2545/1093/779 2544/329/780
f 2543/1094/781 2544/329/780 2545/1093/779
f 2542/325/782 2544/329/780 2543/1094/781
f 2541/1095/783 2542/325/782 2543/1094/781
f 2540/326/784 2542/325/782 2541/1095/783
f 2538/1096/785 2540/326/784 2541/1095/783
f 2539/362/786 2540/326/784 2538/1096/785
f 2539/362/786 2538/1096/785 2537/360/787
f 2537/360/787 2538/1096/785 2536/1097/788
f 2537/360/787 2536/1097/788 2534/358/789
f 2534/358/789 2536/1097/788 2535/1098/790
f 2533/1099/791 2534/358/789 2535/1098/790
f 2532/357/792 2534/358/789 2533/1099/791
f 2531/1100/793 2532/357/792 2533/1099/791
f 2530/354/794 2532/357/792 2531/1100/793
f 2531/1100/793 2529/1101/795 2530/354/794
f 2530/354/794 2529/1101/795 2528/352/796
f 2529/1101/795 2527/1102/797 2528/352/796
f 2528/352/796 2527/1102/797 2526/350/798
f 2527/1102/797 2525/1103/799 2526/350/798
f 2526/350/798 2525/1103/799 2524/348/800
f 2525/1103/799 2523/1104/801 2524/348/800
f 2524/348/800 2523/1104/801 2522/345/802
f 2523/1104/801 2520/1105/803 2522/345/802
f 2522/345/802 2520/1105/803 2521/346/804
f 2521/346/804 2520/1105/803 2519/1106/805
f 2517/1107/806 2515/1108/807 2516/1109/808
f 2518/1110/809 2515/1108/807 2517/1107/806
f 2518/1110/809 2517/1107/806 2514/1111/810
f 2514/1111/810 2517/1107/806 2512/1112/811
f 2517/1107/806 2516/1109/808 2512/1112/811
f 2511/1113/812 2512/1112/811 2516/1109/808
f 2516/1109/808 2515/1108/807 2511/1113/812
f 2511/1113/812 2515/1108/807 1658/1114/813
f 2514/1111/810 2513/1115/814 1632/1116/815
f 2512/1112/811 2513/1115/814 2514/1111/810
f 2513/1115/814 2512/1112/811 2511/1113/812
f 2510/1117/816 269/1118/817 267/1119/818
f 1561/1120/819 269/1118/817 2510/1117/816
f 2510/1117/816 2509/1121/820 1561/1120/819
f 1561/1120/819 2509/1121/820 1571/1122/821
f 2508/1123/822 1571/1122/821 2509/1121/820
f 1570/1124/823 1571/1122/821 2508/1123/822
f 2508/1123/822 2507/1019/824 1570/1124/823
f 2507/1019/824 1574/1125/825 1570/1124/823
f 1574/1125/825 2507/1019/824 2506/1126/126
f 2506/1126/126 2507/1019/824 2505/1021/826
f 2506/1126/126 2505/1021/826 2504/1127/827
f 2504/1127/827 2505/1021/826 2503/1023/827
f 2504/1127/827 2503/1023/827 2501/1128/828
f 2501/1128/828 2503/1023/827 2502/1026/829
f 2502/1026/829 2497/1028/25 2501/1128/828
f 2501/1128/828 2497/1028/25 2500/1129/830
f 2497/1028/25 2498/1130/831 2500/1129/830
f 2499/1131/831 2498/1130/831 2497/1028/25
f 2496/1132/832 1974/1133/833 1975/1134/475
f 1974/1133/833 2496/1132/832 2495/1135/480
f 2495/1135/480 2496/1132/832 2475/1136/480
f 2495/1135/480 2475/1136/480 2492/1137/480
f 2475/1136/480 2493/1138/85 2492/1137/480
f 2475/1136/480 2494/1139/834 2493/1138/85
f 2493/1138/85 2494/1139/834 2484/1140/835
f 2484/1140/835 2485/1141/85 2493/1138/85
f 2493/1138/85 2485/1141/85 2492/1137/480
f 2485/1141/85 2488/1142/85 2492/1137/480
f 2492/1137/480 2488/1142/85 2490/1143/85
f 2490/1143/85 2491/1144/836 2492/1137/480
f 2489/1145/837 2491/1144/836 2490/1143/85
f 2488/1142/85 2489/1145/837 2490/1143/85
f 2487/1146/838 2489/1145/837 2488/1142/85
f 2485/1141/85 2487/1146/838 2488/1142/85
f 2486/1147/839 2487/1146/838 2485/1141/85
f 2486/1147/839 2485/1141/85 2484/1140/835
f 2483/1148/840 2482/1149/249 1980/1150/248
f 2481/1151/841 2482/1149/249 2483/1148/840
f 2481/1151/841 2480/1152/842 2482/1149/249
f 2479/1153/843 2480/1152/842 2481/1151/841
f 2479/1153/843 2478/1134/844 2480/1152/842
f 2477/1154/845 2478/1134/844 2479/1153/843
f 2477/1154/845 2476/1132/833 2478/1134/844
f 2474/1155/846 2476/1132/833 2477/1154/845
f 2476/1132/833 2474/1155/846 2475/1136/85
f 2475/1136/85 2474/1155/846 2473/1139/847
f 2472/1156/848 2470/1157/848 2471/1158/848
f 2471/1158/848 2470/1157/848 2469/1159/848
f 2468/1156/849 2466/1158/850 2467/1160/851
f 2467/1160/851 2466/1158/850 2465/1161/850
f 2464/1160/852 2462/1161/852 2463/1162/852
f 2463/1162/852 2462/1161/852 2461/1163/852
f 2460/1164/853 2457/1165/73 2459/1166/854
f 2459/1166/854 2457/1165/73 2458/942/855
f 2458/942/855 2457/1165/73 2455/944/856
f 2455/944/856 2457/1165/73 2456/1167/857
f 2454/1168/7 2455/944/856 2456/1167/857
f 2453/946/7 2455/944/856 2454/1168/7
f 2452/1169/858 2453/946/7 2454/1168/7
f 283/947/859 2453/946/7 2452/1169/858
f 2452/1169/858 281/1170/860 283/947/859
f 2451/1162/861 2450/1163/861 2448/1171/862
f 2448/1171/862 2450/1163/861 2449/1172/862
f 2447/1173/863 2448/1171/862 2449/1172/862
f 2446/1174/864 2448/1171/862 2447/1173/863
f 2445/1175/865 2446/1174/864 2447/1173/863
f 2444/1176/866 2446/1174/864 2445/1175/865
f 2443/1177/867 2444/1176/866 2445/1175/865
f 2441/1178/868 2444/1176/866 2443/1177/867
f 2440/1159/869 2441/1178/868 2443/1177/867
f 2442/1157/870 2441/1178/868 2440/1159/869
f 2410/1179/871 2439/1180/872 2412/1181/873
f 2438/1182/874 2439/1180/872 2410/1179/871
f 2438/1182/874 2436/1183/307 2439/1180/872
f 2437/1184/307 2436/1183/307 2438/1182/874
f 2437/1184/307 2435/1185/818 2436/1183/307
f 2436/1183/307 2435/1185/818 2434/1186/875
f 2435/1185/818 2433/1187/816 2434/1186/875
f 2434/1186/875 2433/1187/816 2432/1188/876
f 2433/1187/816 2430/1189/877 2432/1188/876
f 2432/1188/876 2430/1189/877 2431/1190/878
f 2430/1189/877 2429/1191/879 2431/1190/878
f 2422/1192/880 2429/1191/879 2430/1189/877
f 2429/1191/879 2422/1192/880 2428/1193/881
f 2428/1193/881 2422/1192/880 2427/1194/881
f 2427/1194/881 2422/1192/880 2426/1195/882
f 2426/1195/882 2422/1192/880 2425/1196/883
f 2422/1192/880 2423/1197/884 2425/1196/883
f 2424/1198/831 2423/1197/884 2422/1192/880
f 2421/1199/853 2415/1200/885 2420/1201/886
f 2419/1202/887 2420/1201/886 2415/1200/885
f 2418/1203/888 2419/1202/887 2415/1200/885
f 2417/1204/889 2418/1203/888 2415/1200/885
f 2416/1205/890 2417/1204/889 2415/1200/885
f 2414/1206/891 2416/1205/890 2415/1200/885
f 2415/1200/885 2411/1207/892 2414/1206/891
f 2414/1206/891 2411/1207/892 2413/1208/893
f 2413/1208/893 2411/1207/892 2412/1181/873
f 2412/1181/873 2411/1207/892 2410/1179/871
f 1314/1209/894 2409/1210/895 1313/1211/896
f 2408/1212/897 2409/1210/895 1314/1209/894
f 2408/1212/897 2407/1213/898 2409/1210/895
f 2406/1214/899 2407/1213/898 2408/1212/897
f 2406/1214/899 2405/1215/900 2407/1213/898
f 2404/1216/901 2405/1215/900 2406/1214/899
f 2404/1216/901 2403/1217/902 2405/1215/900
f 2402/1218/903 2403/1217/902 2404/1216/901
f 2403/1217/902 2402/1218/903 2401/1219/904
f 2401/1219/904 2402/1218/903 2400/1220/905
f 2401/1219/904 2400/1220/905 2399/1221/906
f 2399/1221/906 2400/1220/905 2398/1222/907
f 2399/1221/906 2398/1222/907 2397/1223/908
f 2397/1223/908 2398/1222/907 2396/1224/909
f 2397/1223/908 2396/1224/909 2394/1225/910
f 2394/1225/910 2396/1224/909 2395/1226/911
f 2395/1226/911 2393/1227/912 2394/1225/910
f 2394/1225/910 2393/1227/912 2392/1228/913
f 2391/941/914 2389/1229/915 2390/942/914
f 2390/942/914 2389/1229/915 2388/1166/915
f 2387/1230/916 2385/1231/917 2386/1232/918
f 2386/1232/918 2385/1231/917 2384/1233/919
f 2381/1202/920 2382/1234/921 2383/1201/922
f 2380/1235/923 2382/1234/921 2381/1202/920
f 2381/1202/920 2379/1203/924 2380/1235/923
f 2380/1235/923 2379/1203/924 2378/1236/925
f 2377/1204/926 2378/1236/925 2379/1203/924
f 2376/1237/927 2378/1236/925 2377/1204/926
f 2377/1204/926 2375/1205/928 2376/1237/927
f 2376/1237/927 2375/1205/928 2374/1238/929
f 2341/1239/930 2342/1240/931 2373/1241/932
f 2373/1241/932 2342/1240/931 2372/1242/933
f 2372/1242/933 2370/1243/934 2373/1241/932
f 2371/1244/935 2370/1243/934 2372/1242/933
f 2371/1244/935 2369/1245/936 2370/1243/934
f 2370/1243/934 2369/1245/936 2368/1246/937
f 2369/1245/936 2367/1247/938 2368/1246/937
f 2368/1246/937 2367/1247/938 2366/1248/939
f 2367/1247/938 2364/1249/940 2366/1248/939
f 2366/1248/939 2364/1249/940 2365/1250/941
f 2365/1250/941 2364/1249/940 2363/1251/942
f 2363/1251/942 2364/1249/940 2362/1252/942
f 2363/1251/942 2362/1252/942 2360/1253/943
f 2360/1253/943 2362/1252/942 2361/1254/944
f 2361/1254/944 2357/1255/945 2360/1253/943
f 2360/1253/943 2357/1255/945 2359/1256/946
f 2359/1256/946 2357/1255/945 2358/1257/947
f 2358/1257/947 2357/1255/945 2356/1258/948
f 2353/1259/949 2354/1129/950 2355/1260/951
f 2352/1128/952 2354/1129/950 2353/1259/949
f 2350/1261/953 2352/1128/952 2353/1259/949
f 2351/1127/954 2352/1128/952 2350/1261/953
f 2350/1261/953 2349/1126/955 2351/1127/954
f 2348/1262/956 2349/1126/955 2350/1261/953
f 2348/1262/956 2346/1125/957 2349/1126/955
f 2347/1263/958 2346/1125/957 2348/1262/956
f 2347/1263/958 2345/1264/959 2346/1125/957
f 2346/1125/957 2345/1264/959 2344/1265/960
f 2345/1264/959 2340/1266/961 2344/1265/960
f 2344/1265/960 2340/1266/961 2343/1267/962
f 2340/1266/961 2341/1239/930 2343/1267/962
f 2342/1240/931 2341/1239/930 2340/1266/961
f 2338/1238/963 2337/1268/964 2339/1170/965
f 2336/1269/966 2337/1268/964 2338/1238/963
f 2337/1268/964 2336/1269/966 2335/1270/967
f 2335/1270/967 2336/1269/966 2334/1271/968
f 2335/1270/967 2334/1271/968 2333/1272/969
f 2333/1272/969 2334/1271/968 2332/1273/970
f 2333/1272/969 2332/1273/970 2330/1274/971
f 2330/1274/971 2332/1273/970 2331/1275/972
f 2331/1275/972 2328/1276/973 2330/1274/971
f 2330/1274/971 2328/1276/973 2329/1277/973
f 2329/1277/973 2328/1276/973 2326/1119/974
f 2326/1119/974 2328/1276/973 2327/1278/975
f 2325/1279/976 2326/1119/974 2327/1278/975
f 2324/1117/977 2326/1119/974 2325/1279/976
f 2323/1280/978 2324/1117/977 2325/1279/976
f 2322/1121/979 2324/1117/977 2323/1280/978
f 2321/1281/980 2322/1121/979 2323/1280/978
f 2320/1123/981 2322/1121/979 2321/1281/980
f 2321/1281/980 2319/1020/982 2320/1123/981
f 2320/1123/981 2319/1020/982 2318/1019/983
f 2307/1282/984 2308/1283/985 2317/1284/986
f 2307/1282/984 2317/1284/986 2316/1285/987
f 2316/1285/987 2317/1284/986 2315/1286/988
f 2315/1286/988 2304/1287/989 2316/1285/987
f 2314/1287/990 2304/1287/989 2315/1286/988
f 2314/1287/990 2313/1288/991 2304/1287/989
f 2304/1287/989 2313/1288/991 2312/1289/992
f 2313/1288/991 2291/1290/993 2312/1289/992
f 2312/1289/992 2291/1290/993 2290/1291/994
f 2311/1292/995 2310/1293/996 2067/1294/997
f 2067/1294/997 2310/1293/996 2309/1295/998
f 2310/1293/996 2308/1283/985 2309/1295/998
f 2309/1295/998 2308/1283/985 2069/1296/999
f 2069/1296/999 2308/1283/985 2307/1282/984
f 2307/1282/984 2052/1297/1000 2069/1296/999
f 2307/1282/984 2306/1298/987 2052/1297/1000
f 2305/1285/1001 2306/1298/987 2307/1282/984
f 2305/1285/1001 2055/1299/1002 2306/1298/987
f 2304/1287/989 2055/1299/1002 2305/1285/1001
f 2304/1287/989 2303/1289/1003 2055/1299/1002
f 2055/1299/1002 2303/1289/1003 2302/1300/1004
f 2303/1289/1003 2301/1291/1005 2302/1300/1004
f 2302/1300/1004 2301/1291/1005 2300/1301/994
f 2301/1291/1005 2289/1302/1006 2300/1301/994
f 2300/1301/994 2289/1302/1006 2060/1303/1007
f 2289/1302/1006 2299/1304/1008 2060/1303/1007
f 2298/1305/1009 2299/1304/1008 2289/1302/1006
f 2298/1305/1009 2297/1306/1010 2299/1304/1008
f 2296/1307/1011 2297/1306/1010 2298/1305/1009
f 2296/1307/1011 2063/1308/1012 2297/1306/1010
f 2282/1309/1013 2063/1308/1012 2296/1307/1011
f 2295/1310/1014 2063/1308/1012 2282/1309/1013
f 2294/1311/1015 2063/1308/1012 2295/1310/1014
f 2278/1312/1016 2294/1311/1015 2295/1310/1014
f 2049/1313/1017 2294/1311/1015 2278/1312/1016
f 2277/1314/1018 2049/1313/1017 2278/1312/1016
f 2050/1315/1018 2049/1313/1017 2277/1314/1018
f 2277/1314/1018 2293/1316/1019 2050/1315/1018
f 2292/1317/1020 2293/1316/1019 2277/1314/1018
f 2293/1316/1019 2292/1317/1020 2048/1318/1021
f 2048/1318/1021 2292/1317/1020 2274/1319/1021
f 2291/1290/993 2288/1320/1022 2290/1291/994
f 2290/1291/994 2288/1320/1022 2289/1302/1023
f 2289/1302/1023 2288/1320/1022 2287/1305/1024
f 2287/1305/1024 2288/1320/1022 2286/1321/1025
f 2287/1305/1024 2286/1321/1025 2285/1307/1026
f 2285/1307/1026 2286/1321/1025 2284/1322/1027
f 2285/1307/1026 2284/1322/1027 2282/1309/1028
f 2282/1309/1028 2284/1322/1027 2283/1309/1029
f 2281/1323/1030 2282/1309/1028 2283/1309/1029
f 2280/1310/1031 2282/1309/1028 2281/1323/1030
f 2279/1324/1032 2280/1310/1031 2281/1323/1030
f 2278/1312/1016 2280/1310/1031 2279/1324/1032
f 2276/1325/1033 2278/1312/1016 2279/1324/1032
f 2277/1314/1018 2278/1312/1016 2276/1325/1033
f 2277/1314/1018 2276/1325/1033 2275/1317/1019
f 2275/1317/1019 2276/1325/1033 2273/1326/1034
f 2275/1317/1019 2273/1326/1034 2274/1319/1021
f 2274/1319/1021 2273/1326/1034 2272/1327/1035
f 2270/1205/1036 2268/1269/1037 2271/1238/1038
f 2269/1206/1039 2268/1269/1037 2270/1205/1036
f 2269/1206/1039 2267/1208/1040 2268/1269/1037
f 2268/1269/1037 2267/1208/1040 2266/1271/1041
f 2267/1208/1040 2265/1181/1042 2266/1271/1041
f 2266/1271/1041 2265/1181/1042 2264/1273/1043
f 2265/1181/1042 2262/1180/1044 2264/1273/1043
f 2264/1273/1043 2262/1180/1044 2263/1275/1045
f 2263/1275/1045 2262/1180/1044 2260/1276/1046
f 2260/1276/1046 2262/1180/1044 2261/1183/1046
f 2258/1186/1047 2260/1276/1046 2261/1183/1046
f 2259/1278/1048 2260/1276/1046 2258/1186/1047
f 2259/1278/1048 2258/1186/1047 2257/1279/1049
f 2257/1279/1049 2258/1186/1047 2256/1188/1050
f 2257/1279/1049 2256/1188/1050 2255/1280/1051
f 2255/1280/1051 2256/1188/1050 2254/1190/1052
f 2255/1280/1051 2254/1190/1052 2252/1281/1053
f 2252/1281/1053 2254/1190/1052 2253/1191/1054
f 2253/1191/1054 2251/1193/1055 2252/1281/1053
f 2252/1281/1053 2251/1193/1055 2250/1020/1056
f 2249/1197/1057 2248/1027/1058 2247/1196/1059
f 2247/1196/1059 2248/1027/1058 2246/1025/1060
f 2246/1025/1060 2245/1195/1061 2247/1196/1059
f 2244/1024/1062 2245/1195/1061 2246/1025/1060
f 2245/1195/1061 2244/1024/1062 2243/1194/1063
f 2243/1194/1063 2244/1024/1062 2240/1022/1064
f 2240/1022/1064 2241/1193/1065 2243/1194/1063
f 2242/1020/1066 2241/1193/1065 2240/1022/1064
f 2239/1328/1067 2175/1329/1068 2176/981/1069
f 2176/981/1069 2238/979/49 2239/1328/1067
f 2239/1328/1067 2238/979/49 2237/1330/1070
f 2236/977/51 2237/1330/1070 2238/979/49
f 2214/1331/51 2237/1330/1070 2236/977/51
f 2236/977/51 2235/976/51 2214/1331/51
f 2235/976/51 2234/974/51 2214/1331/51
f 2234/974/51 2233/972/51 2214/1331/51
f 2214/1331/51 2233/972/51 2232/970/51
f 2231/968/51 2214/1331/51 2232/970/51
f 2230/966/51 2214/1331/51 2231/968/51
f 2229/963/51 2214/1331/51 2230/966/51
f 2228/961/51 2214/1331/51 2229/963/51
f 2216/1332/51 2214/1331/51 2228/961/51
f 2228/961/51 2227/959/1071 2216/1332/51
f 2216/1332/51 2227/959/1071 2226/1333/1072
f 2225/958/1073 2226/1333/1072 2227/959/1071
f 2221/1334/1074 2226/1333/1072 2225/958/1073
f 2225/958/1073 2224/956/1075 2221/1334/1074
f 2221/1334/1074 2224/956/1075 2223/1335/1075
f 2223/1335/1075 2222/1336/809 2221/1334/1074
f 2221/1334/1074 2222/1336/809 2220/1337/810
f 2220/1337/810 2218/1333/1076 2221/1334/1074
f 2219/1338/1077 2218/1333/1076 2220/1337/810
f 2217/1339/1078 2218/1333/1076 2219/1338/1077
f 2216/1332/51 2218/1333/1076 2217/1339/1078
f 2215/1340/1078 2216/1332/51 2217/1339/1078
f 2214/1331/51 2216/1332/51 2215/1340/1078
f 2215/1340/1078 2213/1341/1079 2214/1331/51
f 2214/1331/51 2213/1341/1079 2212/1330/1080
f 2211/1342/1081 2212/1330/1080 2213/1341/1079
f 2210/1328/1082 2212/1330/1080 2211/1342/1081
f 2209/1343/1083 2210/1328/1082 2211/1342/1081
f 2208/1329/460 2210/1328/1082 2209/1343/1083
f 2209/1343/1083 2207/1344/1084 2208/1329/460
f 2208/1329/460 2207/1344/1084 2206/1345/1085
f 2205/1346/1086 2206/1345/1085 2207/1344/1084
f 2179/1347/42 2206/1345/1085 2205/1346/1086
f 2204/1348/1087 2179/1347/42 2205/1346/1086
f 2203/1349/1088 2179/1347/42 2204/1348/1087
f 2202/1350/1089 2203/1349/1088 2204/1348/1087
f 2201/1351/304 2203/1349/1088 2202/1350/1089
f 2202/1350/1089 2200/1352/1090 2201/1351/304
f 2201/1351/304 2200/1352/1090 2199/1353/1091
f 2198/1354/1092 2199/1353/1091 2200/1352/1090
f 2187/1355/307 2199/1353/1091 2198/1354/1092
f 2187/1355/307 2198/1354/1092 2197/1356/308
f 2197/1356/308 2198/1354/1092 2196/1357/1093
f 2196/1357/1093 2195/1358/310 2197/1356/308
f 2194/1359/1094 2195/1358/310 2196/1357/1093
f 2194/1359/1094 2193/1360/1095 2195/1358/310
f 2192/1361/1096 2193/1360/1095 2194/1359/1094
f 2193/1360/1095 2192/1361/1096 2140/1362/248
f 2140/1362/248 2192/1361/1096 2139/1363/1097
f 2141/1358/311 2142/886/1095 2191/883/1098
f 2141/1358/311 2191/883/1098 2190/1356/309
f 2190/1356/309 2191/883/1098 2189/998/308
f 2189/998/308 2187/1355/307 2190/1356/309
f 2188/995/307 2187/1355/307 2189/998/308
f 2188/995/307 2186/993/1099 2187/1355/307
f 2187/1355/307 2186/993/1099 2185/1353/305
f 2184/991/304 2185/1353/305 2186/993/1099
f 2183/1351/303 2185/1353/305 2184/991/304
f 2182/989/1088 2183/1351/303 2184/991/304
f 2181/1349/1100 2183/1351/303 2182/989/1088
f 2182/989/1088 2180/987/42 2181/1349/1100
f 2181/1349/1100 2180/987/42 2179/1347/42
f 2180/987/42 2178/985/1101 2179/1347/42
f 2179/1347/42 2178/985/1101 2177/1345/1102
f 2174/983/1103 2177/1345/1102 2178/985/1101
f 2175/1329/1068 2177/1345/1102 2174/983/1103
f 2176/981/1069 2175/1329/1068 2174/983/1103
f 2131/1364/480 2129/1365/1104 2162/1366/480
f 2162/1366/480 2129/1365/1104 2173/1367/1105
f 2162/1366/480 2173/1367/1105 2171/1368/1106
f 2171/1368/1106 2173/1367/1105 2172/1369/1107
f 2172/1369/1107 2170/1370/807 2171/1368/1106
f 2171/1368/1106 2170/1370/807 2166/1371/1108
f 2170/1370/807 2169/1372/809 2166/1371/1108
f 2166/1371/1108 2169/1372/809 2168/1373/1109
f 2167/919/1109 2166/1371/1108 2168/1373/1109
f 2165/918/1110 2166/1371/1108 2167/919/1109
f 2166/1371/1108 2165/918/1110 2164/1368/1111
f 2164/1368/1111 2165/918/1110 2163/916/1112
f 2163/916/1112 2162/1366/480 2164/1368/1111
f 2161/914/480 2162/1366/480 2163/916/1112
f 2162/1366/480 2161/914/480 2131/1364/480
f 2161/914/480 2160/911/480 2131/1364/480
f 2160/911/480 2159/909/480 2131/1364/480
f 2159/909/480 2158/907/480 2131/1364/480
f 2158/907/480 2157/905/480 2131/1364/480
f 2157/905/480 2156/903/480 2131/1364/480
f 2155/901/480 2131/1364/480 2156/903/480
f 2154/900/480 2131/1364/480 2155/901/480
f 2153/898/480 2131/1364/480 2154/900/480
f 2153/898/480 2152/1374/1113 2131/1364/480
f 2151/896/87 2152/1374/1113 2153/898/480
f 2151/896/87 2150/1375/1114 2152/1374/1113
f 2149/894/89 2150/1375/1114 2151/896/87
f 2150/1375/1114 2149/894/89 2148/1376/1115
f 2148/1376/1115 2149/894/89 2147/892/1116
f 2148/1376/1115 2147/892/1116 2146/1377/1117
f 2146/1377/1117 2147/892/1116 2145/890/1118
f 2145/890/1118 2140/1362/248 2146/1377/1117
f 2144/888/248 2140/1362/248 2145/890/1118
f 2144/888/248 2143/1360/1119 2140/1362/248
f 2142/886/1095 2143/1360/1119 2144/888/248
f 2143/1360/1119 2142/886/1095 2141/1358/311
f 2140/1362/248 2139/1363/1097 2138/1377/1120
f 2138/1377/1120 2139/1363/1097 2137/1378/1121
f 2137/1378/1121 2136/1376/1122 2138/1377/1120
f 2135/1379/1123 2136/1376/1122 2137/1378/1121
f 2135/1379/1123 2134/1375/1124 2136/1376/1122
f 2133/1380/1125 2134/1375/1124 2135/1379/1123
f 2134/1375/1124 2133/1380/1125 2132/1374/833
f 2132/1374/833 2133/1380/1125 2130/1381/1126
f 2132/1374/833 2130/1381/1126 2131/1364/480
f 2131/1364/480 2130/1381/1126 2129/1365/1104
f 2128/1382/1127 2127/1383/1128 2126/1384/1129
f 2126/1384/1129 2127/1383/1128 2124/1385/1129
f 2126/1384/1129 2124/1385/1129 2125/1386/1129
f 2125/1386/1129 2124/1385/1129 2123/1387/1129
f 2122/1052/1130 2121/1388/1131 2120/1054/1132
f 2120/1054/1132 2121/1388/1131 2118/1389/1132
f 2120/1054/1132 2118/1389/1132 2119/1056/1132
f 2119/1056/1132 2118/1389/1132 2117/1390/1132
f 2116/1391/294 2115/1392/294 2114/1393/294
f 2115/1392/294 2113/1394/294 2114/1393/294
f 2114/1393/294 2113/1394/294 2111/1395/294
f 2113/1394/294 2112/1396/294 2111/1395/294
f 2110/1397/294 2084/1398/294 2078/1399/1133
f 2109/1400/294 2110/1397/294 2078/1399/1133
f 2108/1401/1134 2109/1400/294 2078/1399/1133
f 2107/1402/1135 2108/1401/1134 2078/1399/1133
f 2106/1403/1136 2108/1401/1134 2107/1402/1135
f 2107/1402/1135 2105/1404/1137 2106/1403/1136
f 2106/1403/1136 2105/1404/1137 2104/1405/1138
f 2105/1404/1137 2074/1406/1139 2104/1405/1138
f 2104/1405/1138 2074/1406/1139 2103/1407/1140
f 2074/1406/1139 2102/1408/1071 2103/1407/1140
f 2103/1407/1140 2102/1408/1071 2101/1409/1141
f 2102/1408/1071 2100/1410/1142 2101/1409/1141
f 2101/1409/1141 2100/1410/1142 2099/1411/1143
f 2100/1410/1142 2077/1412/1144 2099/1411/1143
f 2099/1411/1143 2077/1412/1144 2098/1413/1145
f 2098/1413/1145 2077/1412/1144 2097/1414/1146
f 2097/1414/1146 2077/1412/1144 2029/1415/1147
f 2097/1414/1146 2029/1415/1147 2028/1416/1148
f 2096/1417/1149 2095/1418/1150 2094/1419/294
f 2094/1419/294 2095/1418/1150 2093/1420/294
f 2094/1419/294 2093/1420/294 2083/1421/294
f 2093/1420/294 2085/1422/294 2083/1421/294
f 2087/1423/294 2085/1422/294 2093/1420/294
f 2093/1420/294 2092/1418/1151 2087/1423/294
f 2087/1423/294 2092/1418/1151 2091/1424/1152
f 2090/1425/1153 2088/1426/294 2089/1424/1154
f 2089/1424/1154 2088/1426/294 2087/1423/294
f 2088/1426/294 2086/1427/294 2087/1423/294
f 2086/1427/294 2085/1422/294 2087/1423/294
f 2082/1428/1155 2085/1422/294 2086/1427/294
f 2080/1429/1156 2085/1422/294 2082/1428/1155
f 2080/1429/1156 2079/1430/1157 2085/1422/294
f 2085/1422/294 2079/1430/1157 2078/1399/1133
f 2085/1422/294 2078/1399/1133 2083/1421/294
f 2084/1398/294 2083/1421/294 2078/1399/1133
f 2065/1431/997 2081/1432/1158 2082/1428/1155
f 2082/1428/1155 2081/1432/1158 2080/1429/1156
f 2081/1432/1158 2070/1433/999 2080/1429/1156
f 2080/1429/1156 2070/1433/999 2079/1430/1157
f 2079/1430/1157 2070/1433/999 2071/1434/1159
f 2071/1434/1159 2078/1399/1133 2079/1430/1157
f 2072/1402/1160 2078/1399/1133 2071/1434/1159
f 2077/1412/1161 2036/1435/1162 2037/1415/1146
f 2076/1410/1143 2036/1435/1162 2077/1412/1161
f 2059/1436/1163 2036/1435/1162 2076/1410/1143
f 2075/1408/1141 2059/1436/1163 2076/1410/1143
f 2057/1437/1164 2059/1436/1163 2075/1408/1141
f 2074/1406/1165 2057/1437/1164 2075/1408/1141
f 2054/1299/1166 2057/1437/1164 2074/1406/1165
f 2073/1404/1167 2054/1299/1166 2074/1406/1165
f 2053/1438/1168 2054/1299/1166 2073/1404/1167
f 2072/1402/1160 2053/1438/1168 2073/1404/1167
f 2071/1434/1159 2053/1438/1168 2072/1402/1160
f 2071/1434/1159 2052/1297/1000 2053/1438/1168
f 2071/1434/1159 2070/1433/999 2052/1297/1000
f 2069/1296/999 2052/1297/1000 2070/1433/999
f 2068/1432/998 2069/1296/999 2070/1433/999
f 2066/1295/1158 2069/1296/999 2068/1432/998
f 2065/1431/997 2066/1295/1158 2068/1432/998
f 2067/1294/997 2066/1295/1158 2065/1431/997
f 2049/1313/1017 2042/1439/1169 2064/1311/1170
f 2040/1440/1171 2064/1311/1170 2042/1439/1169
f 2063/1308/1172 2064/1311/1170 2040/1440/1171
f 2040/1440/1171 2062/1306/1011 2063/1308/1172
f 2039/1306/1173 2062/1306/1011 2040/1440/1171
f 2039/1306/1173 2061/1304/1174 2062/1306/1011
f 2035/1441/1175 2061/1304/1174 2039/1306/1173
f 2035/1441/1175 2060/1303/1176 2061/1304/1174
f 2036/1435/1162 2060/1303/1176 2035/1441/1175
f 2059/1436/1163 2060/1303/1176 2036/1435/1162
f 2058/1301/1005 2060/1303/1176 2059/1436/1163
f 2057/1437/1164 2058/1301/1005 2059/1436/1163
f 2056/1300/1003 2058/1301/1005 2057/1437/1164
f 2054/1299/1166 2056/1300/1003 2057/1437/1164
f 2055/1299/1177 2056/1300/1003 2054/1299/1166
f 2055/1299/1177 2054/1299/1166 2051/1298/1178
f 2051/1298/1178 2054/1299/1166 2053/1438/1168
f 2053/1438/1168 2052/1297/1000 2051/1298/1178
f 2046/1442/1179 2050/1315/1018 2047/1316/1020
f 2045/1443/1180 2050/1315/1018 2046/1442/1179
f 2045/1443/1180 2044/1444/1181 2050/1315/1018
f 2050/1315/1018 2044/1444/1181 2049/1313/1017
f 2044/1444/1181 2042/1439/1169 2049/1313/1017
f 2030/1445/1182 2047/1316/1020 2048/1318/1021
f 2046/1442/1179 2047/1316/1020 2030/1445/1182
f 2030/1445/1182 2015/1446/194 2046/1442/1179
f 2046/1442/1179 2015/1446/194 2045/1443/1180
f 2045/1443/1180 2015/1446/194 2016/1447/1183
f 2045/1443/1180 2016/1447/1183 2044/1444/1181
f 2044/1444/1181 2016/1447/1183 2043/1448/1184
f 2044/1444/1181 2043/1448/1184 2042/1439/1169
f 2042/1439/1169 2043/1448/1184 2041/1449/1185
f 2042/1439/1169 2041/1449/1185 2040/1440/1171
f 2040/1440/1171 2041/1449/1185 2025/1450/1186
f 2025/1450/1186 2039/1306/1173 2040/1440/1171
f 2038/1451/1148 2039/1306/1173 2025/1450/1186
f 2038/1451/1148 2035/1441/1175 2039/1306/1173
f 2037/1415/1146 2035/1441/1175 2038/1451/1148
f 2037/1415/1146 2036/1435/1162 2035/1441/1175
f 2033/1452/1187 2032/1453/194 2034/1454/1188
f 2013/1455/194 2032/1453/194 2033/1452/1187
f 2032/1453/194 2013/1455/194 2031/1456/194
f 2031/1456/194 2013/1455/194 2015/1446/194
f 2031/1456/194 2015/1446/194 2030/1445/1182
f 2028/1416/1148 2029/1415/1147 2027/1451/1112
f 2028/1416/1148 2027/1451/1112 2026/1209/1189
f 2026/1209/1189 2027/1451/1112 2025/1450/1186
f 2025/1450/1186 2024/1212/1190 2026/1209/1189
f 2023/1449/1191 2024/1212/1190 2025/1450/1186
f 2023/1449/1191 2022/1214/1192 2024/1212/1190
f 2021/1448/1193 2022/1214/1192 2023/1449/1191
f 2021/1448/1193 2020/1216/1194 2022/1214/1192
f 2016/1447/1183 2020/1216/1194 2021/1448/1193
f 2020/1216/1194 2016/1447/1183 2019/1218/194
f 2019/1218/194 2016/1447/1183 2018/1220/194
f 2018/1220/194 2016/1447/1183 2017/1222/194
f 2017/1222/194 2016/1447/1183 2008/1224/194
f 2008/1224/194 2016/1447/1183 2015/1446/194
f 2007/1457/194 2008/1224/194 2015/1446/194
f 2013/1455/194 2007/1457/194 2015/1446/194
f 2007/1457/194 2013/1455/194 2014/1458/1195
f 2014/1458/1195 2013/1455/194 2012/1452/1196
f 2009/1226/194 2010/1458/1197 2011/1227/1198
f 2007/1457/194 2010/1458/1197 2009/1226/194
f 2009/1226/194 2008/1224/194 2007/1457/194
f 2006/1459/1199 2004/1460/1132 2005/1461/1200
f 2005/1461/1200 2004/1460/1132 2003/1462/1132
f 2004/1460/1132 2002/1463/1132 2003/1462/1132
f 2003/1462/1132 2002/1463/1132 2001/1464/1132
f 1999/1465/1201 1998/881/1202 2000/882/1203
f 1970/1466/1202 1998/881/1202 1999/1465/1201
f 1998/881/1202 1970/1466/1202 1997/880/1204
f 1997/880/1204 1970/1466/1202 1968/1467/1205
f 1968/1467/1205 1996/879/1206 1997/880/1204
f 1995/1468/1207 1996/879/1206 1968/1467/1205
f 1996/879/1206 1995/1468/1207 1994/878/263
f 1994/878/263 1995/1468/1207 1991/1469/264
f 1994/878/263 1991/1469/264 1990/877/248
f 1963/1470/248 1993/1471/1208 1980/1150/248
f 1980/1150/248 1993/1471/1208 1992/1148/1209
f 1990/877/248 1991/1469/264 1963/1470/248
f 1990/877/248 1963/1470/248 1989/876/248
f 1989/876/248 1963/1470/248 1988/875/248
f 1988/875/248 1963/1470/248 1987/874/248
f 1987/874/248 1963/1470/248 1986/873/248
f 1963/1470/248 1985/1472/248 1986/873/248
f 1984/1473/248 1985/1472/248 1963/1470/248
f 1983/1474/248 1984/1473/248 1963/1470/248
f 1982/1475/248 1983/1474/248 1963/1470/248
f 1981/1476/248 1982/1475/248 1963/1470/248
f 1980/1150/248 1981/1476/248 1963/1470/248
f 1980/1150/248 1979/1477/1210 1981/1476/248
f 1978/1149/1211 1979/1477/1210 1980/1150/248
f 1978/1149/1211 1977/1478/1212 1979/1477/1210
f 1976/1152/1213 1977/1478/1212 1978/1149/1211
f 1976/1152/1213 1973/1479/89 1977/1478/1212
f 1975/1134/475 1973/1479/89 1976/1152/1213
f 1975/1134/475 1974/1133/833 1973/1479/89
f 1971/1480/1214 1970/1466/1202 1972/1465/1215
f 1969/1481/1216 1970/1466/1202 1971/1480/1214
f 1970/1466/1202 1969/1481/1216 1968/1467/1205
f 1968/1467/1205 1969/1481/1216 1967/1482/1217
f 1967/1482/1217 1966/1468/1206 1968/1467/1205
f 1965/1483/1218 1966/1468/1206 1967/1482/1217
f 1966/1468/1206 1965/1483/1218 1964/1469/1219
f 1964/1469/1219 1965/1483/1218 1962/1484/1220
f 1964/1469/1219 1962/1484/1220 1963/1470/248
f 1963/1470/248 1962/1484/1220 1961/1471/1209
f 1959/1485/1221 1960/1486/1222 1957/1487/1223
f 1957/1487/1223 1960/1486/1222 1954/1488/1224
f 1948/1489/1225 1959/1485/1221 1949/1490/1226
f 1959/1485/1221 1957/1487/1223 1949/1490/1226
f 1957/1487/1223 1958/1491/1227 1949/1490/1226
f 1955/1492/1228 1958/1491/1227 1957/1487/1223
f 1954/1488/1224 1955/1492/1228 1957/1487/1223
f 1956/1493/1229 1955/1492/1228 1954/1488/1224
f 1953/1494/1230 1941/1495/1230 1950/1496/1231
f 1952/1491/1232 1951/1497/1233 1949/1490/1226
f 1949/1490/1226 1951/1497/1233 1950/1496/1231
f 1950/1496/1231 1941/1495/1230 1949/1490/1226
f 1941/1495/1230 1948/1489/1225 1949/1490/1226
f 1942/1498/1234 1948/1489/1225 1941/1495/1230
f 1942/1498/1234 1947/1499/1235 1948/1489/1225
f 1946/1500/1236 1947/1499/1235 1942/1498/1234
f 1946/1500/1236 1942/1498/1234 1945/1501/1237
f 1945/1501/1237 1942/1498/1234 1940/1502/1238
f 1943/1503/1239 1941/1495/1230 1944/1494/1240
f 1940/1502/1238 1941/1495/1230 1943/1503/1239
f 1942/1498/1234 1941/1495/1230 1940/1502/1238
f 1939/1504/1241 1937/1505/1241 1938/1506/1241
f 1938/1506/1241 1937/1505/1241 1936/1507/1241
f 1935/1508/1242 1933/1505/1243 1934/1509/1244
f 1934/1509/1244 1933/1505/1243 1932/1504/1245
f 1931/1510/1246 1929/1508/1246 1930/1511/1246
f 1930/1511/1246 1929/1508/1246 1928/1509/1246
f 1927/1165/1247 1925/1164/1248 1926/1234/1249
f 1926/1234/1249 1925/1164/1248 1924/1512/1250
f 1923/1234/1251 1921/1512/1252 1922/1201/1253
f 1922/1201/1253 1921/1512/1252 1920/1199/1254
f 1917/1169/1255 1918/1238/1256 1919/1170/1257
f 1916/1237/1258 1918/1238/1256 1917/1169/1255
f 1917/1169/1255 1914/1168/1259 1916/1237/1258
f 1916/1237/1258 1914/1168/1259 1915/1236/1260
f 1914/1168/1259 1913/1235/1261 1915/1236/1260
f 1911/1167/1262 1913/1235/1261 1914/1168/1259
f 1913/1235/1261 1911/1167/1262 1912/1234/1263
f 1912/1234/1263 1911/1167/1262 1910/1165/1264
f 1909/341/1265 1907/339/1266 1889/1135/1267
f 1889/1135/1267 1907/339/1266 1908/1133/1268
f 1908/1133/1268 1907/339/1266 1906/1479/1269
f 1906/1479/1269 1907/339/1266 1905/337/1270
f 1906/1479/1269 1905/337/1270 1904/1478/1271
f 1904/1478/1271 1905/337/1270 1903/335/1272
f 1904/1478/1271 1903/335/1272 1902/1477/1273
f 1902/1477/1273 1903/335/1272 1901/333/1274
f 1902/1477/1273 1901/333/1274 1899/1476/1275
f 1899/1476/1275 1901/333/1274 1900/331/1276
f 1900/331/1276 1898/328/1277 1899/1476/1275
f 1899/1476/1275 1898/328/1277 1897/1475/1278
f 1896/327/1279 1897/1475/1278 1898/328/1277
f 1895/1474/1280 1897/1475/1278 1896/327/1279
f 1893/324/1281 1895/1474/1280 1896/327/1279
f 1894/1473/1282 1895/1474/1280 1893/324/1281
f 1894/1473/1282 1893/324/1281 1892/1472/1283
f 1892/1472/1283 1893/324/1281 1891/363/570
f 1892/1472/1283 1891/363/570 1890/873/569
f 1889/1135/1284 1886/1137/1285 1888/341/1286
f 1888/341/1286 1886/1137/1285 1887/343/1287
f 1887/343/1287 1886/1137/1285 1885/1144/1288
f 1884/1506/1289 1883/1507/1290 1882/1513/1291
f 1882/1513/1291 1883/1507/1290 1881/1514/1292
f 1882/1513/1291 1881/1514/1292 1880/1515/1293
f 1880/1515/1293 1881/1514/1292 1879/1516/1294
f 1880/1515/1293 1879/1516/1294 1878/1517/1295
f 1878/1517/1295 1879/1516/1294 1877/1518/1296
f 1878/1517/1295 1877/1518/1296 1875/1519/1297
f 1875/1519/1297 1877/1518/1296 1876/1520/1297
f 1876/1520/1297 1874/1510/1298 1875/1519/1297
f 1875/1519/1297 1874/1510/1298 1873/1511/1298
f 1872/1521/1299 1870/1522/753 1871/1459/1300
f 1871/1459/1300 1870/1522/753 1869/1460/753
f 1870/1522/753 1868/1523/753 1869/1460/753
f 1869/1460/753 1868/1523/753 1867/1463/753
f 1866/1524/1301 1864/1525/1129 1865/1526/1302
f 1865/1526/1302 1864/1525/1129 1863/1527/1129
f 1864/1525/1129 1862/1528/1129 1863/1527/1129
f 1863/1527/1129 1862/1528/1129 1861/1529/1129
f 1763/1530/309 1860/1531/1303 1762/1532/1304
f 1859/1533/311 1860/1531/1303 1763/1530/309
f 1859/1533/311 1858/1534/1305 1860/1531/1303
f 1857/1535/1119 1858/1534/1305 1859/1533/311
f 1857/1535/1119 1856/1536/1306 1858/1534/1305
f 1855/1537/1307 1856/1536/1306 1857/1535/1119
f 1855/1537/1307 1854/1538/1308 1856/1536/1306
f 1853/1539/1309 1854/1538/1308 1855/1537/1307
f 1853/1539/1309 1852/1540/1310 1854/1538/1308
f 1836/1541/1311 1852/1540/1310 1853/1539/1309
f 1836/1541/1311 1851/1542/1312 1852/1540/1310
f 1852/1540/1310 1851/1542/1312 1850/1543/1313
f 1851/1542/1312 1849/1544/1314 1850/1543/1313
f 1850/1543/1313 1849/1544/1314 1848/1545/1315
f 1849/1544/1314 1847/1546/1316 1848/1545/1315
f 1848/1545/1315 1847/1546/1316 1846/1547/1317
f 1847/1546/1316 1829/1548/1318 1846/1547/1317
f 1846/1547/1317 1829/1548/1318 1845/1549/1319
f 1781/1550/309 1844/1533/310 1780/1530/308
f 1843/1551/311 1844/1533/310 1781/1550/309
f 1843/1551/311 1842/1535/1095 1844/1533/310
f 1841/1552/1119 1842/1535/1095 1843/1551/311
f 1841/1552/1119 1840/1537/1320 1842/1535/1095
f 1839/1553/250 1840/1537/1320 1841/1552/1119
f 1839/1553/250 1838/1539/1321 1840/1537/1320
f 1837/1554/1322 1838/1539/1321 1839/1553/250
f 1837/1554/1322 1836/1541/1323 1838/1539/1321
f 1819/1555/1324 1836/1541/1323 1837/1554/1322
f 1819/1555/1324 1835/1556/1312 1836/1541/1323
f 1836/1541/1323 1835/1556/1312 1834/1542/1325
f 1835/1556/1312 1833/1557/1326 1834/1542/1325
f 1834/1542/1325 1833/1557/1326 1832/1544/1327
f 1833/1557/1326 1831/1558/1328 1832/1544/1327
f 1832/1544/1327 1831/1558/1328 1830/1546/1329
f 1831/1558/1328 1813/1559/1318 1830/1546/1329
f 1830/1546/1329 1813/1559/1318 1829/1548/1318
f 1797/1560/1330 1828/1551/1098 1796/1550/308
f 1827/1561/1331 1828/1551/1098 1797/1560/1330
f 1827/1561/1331 1826/1552/1095 1828/1551/1098
f 1825/1562/1332 1826/1552/1095 1827/1561/1331
f 1825/1562/1332 1824/1553/1333 1826/1552/1095
f 1823/1563/1334 1824/1553/1333 1825/1562/1332
f 1823/1563/1334 1822/1554/1335 1824/1553/1333
f 1821/1564/1336 1822/1554/1335 1823/1563/1334
f 1821/1564/1336 1819/1555/1324 1822/1554/1335
f 1820/1565/1337 1819/1555/1324 1821/1564/1336
f 1818/1566/1338 1819/1555/1324 1820/1565/1337
f 1817/1556/1339 1819/1555/1324 1818/1566/1338
f 1816/1567/1340 1817/1556/1339 1818/1566/1338
f 1815/1557/1341 1817/1556/1339 1816/1567/1340
f 1814/1568/1342 1815/1557/1341 1816/1567/1340
f 1812/1558/1343 1815/1557/1341 1814/1568/1342
f 1811/1569/1344 1812/1558/1343 1814/1568/1342
f 1813/1559/1345 1812/1558/1343 1811/1569/1344
f 1758/1570/1346 1810/1571/1347 1757/1572/1348
f 1809/1573/1349 1810/1571/1347 1758/1570/1346
f 1809/1573/1349 1792/1574/1350 1810/1571/1347
f 1808/1575/1351 1792/1574/1350 1809/1573/1349
f 1808/1575/1351 1807/1576/1352 1792/1574/1350
f 1792/1574/1350 1807/1576/1352 1806/1577/1353
f 1807/1576/1352 1805/1578/1354 1806/1577/1353
f 1806/1577/1353 1805/1578/1354 1804/1579/1355
f 1805/1578/1354 1803/1580/1356 1804/1579/1355
f 1804/1579/1355 1803/1580/1356 1802/1581/1088
f 1803/1580/1356 1801/1582/1357 1802/1581/1088
f 1802/1581/1088 1801/1582/1357 1800/1583/304
f 1801/1582/1357 1799/1584/1090 1800/1583/304
f 1800/1583/304 1799/1584/1090 1798/1585/1099
f 1799/1584/1090 1795/1586/1358 1798/1585/1099
f 1798/1585/1099 1795/1586/1358 1779/1587/307
f 1795/1586/1358 1796/1550/308 1779/1587/307
f 1797/1560/1330 1796/1550/308 1795/1586/1358
f 1753/1572/1359 1794/1588/1347 1752/1589/1360
f 1793/1571/1361 1794/1588/1347 1753/1572/1359
f 1793/1571/1361 1776/1590/1362 1794/1588/1347
f 1792/1574/1350 1776/1590/1362 1793/1571/1361
f 1792/1574/1350 1791/1577/1363 1776/1590/1362
f 1776/1590/1362 1791/1577/1363 1790/1591/1364
f 1791/1577/1363 1789/1579/1365 1790/1591/1364
f 1790/1591/1364 1789/1579/1365 1788/1592/1366
f 1789/1579/1365 1787/1581/1100 1788/1592/1366
f 1788/1592/1366 1787/1581/1100 1786/1593/1088
f 1787/1581/1100 1785/1583/1367 1786/1593/1088
f 1786/1593/1088 1785/1583/1367 1784/1594/1368
f 1785/1583/1367 1783/1585/305 1784/1594/1368
f 1784/1594/1368 1783/1585/305 1782/1595/1099
f 1783/1585/305 1779/1587/307 1782/1595/1099
f 1782/1595/1099 1779/1587/307 1761/1596/307
f 1779/1587/307 1780/1530/308 1761/1596/307
f 1781/1550/309 1780/1530/308 1779/1587/307
f 1747/1589/1369 1778/1597/1370 1746/1598/1371
f 1777/1588/1361 1778/1597/1370 1747/1589/1369
f 1777/1588/1361 1775/1599/1372 1778/1597/1370
f 1776/1590/1373 1775/1599/1372 1777/1588/1361
f 1776/1590/1373 1774/1591/1374 1775/1599/1372
f 1775/1599/1372 1774/1591/1374 1773/1600/1375
f 1774/1591/1374 1772/1592/1376 1773/1600/1375
f 1773/1600/1375 1772/1592/1376 1771/1601/1377
f 1772/1592/1376 1770/1593/1100 1771/1601/1377
f 1771/1601/1377 1770/1593/1100 1769/1602/1378
f 1770/1593/1100 1768/1594/303 1769/1602/1378
f 1769/1602/1378 1768/1594/303 1767/1603/1379
f 1768/1594/303 1766/1595/305 1767/1603/1379
f 1767/1603/1379 1766/1595/305 1765/1604/1380
f 1766/1595/305 1761/1596/1381 1765/1604/1380
f 1765/1604/1380 1761/1596/1381 1764/1605/1382
f 1761/1596/1381 1762/1532/1304 1764/1605/1382
f 1763/1530/309 1762/1532/1304 1761/1596/1381
f 1760/1606/1344 1759/1607/1383 1755/1608/1384
f 1756/1609/1385 1759/1607/1383 1760/1606/1344
f 1756/1609/1385 1757/1572/1348 1759/1607/1383
f 1758/1570/1346 1757/1572/1348 1756/1609/1385
f 1755/1608/1386 1754/1610/1387 1749/1611/1384
f 1751/1607/1388 1754/1610/1387 1755/1608/1386
f 1751/1607/1388 1752/1589/1360 1754/1610/1387
f 1753/1572/1359 1752/1589/1360 1751/1607/1388
f 1749/1611/1384 1748/1612/1389 1750/1613/1319
f 1745/1610/1390 1748/1612/1389 1749/1611/1384
f 1745/1610/1390 1746/1598/1371 1748/1612/1389
f 1747/1589/1369 1746/1598/1371 1745/1610/1390
f 1701/1614/1391 1699/1615/1392 1744/1616/1393
f 1701/1614/1391 1744/1616/1393 1717/1617/1394
f 1717/1617/1394 1744/1616/1393 1743/1618/1395
f 1717/1617/1394 1743/1618/1395 1718/1619/1396
f 1718/1619/1396 1743/1618/1395 1742/1620/1396
f 1718/1619/1396 1742/1620/1396 1741/1621/1397
f 1741/1621/1397 1742/1620/1396 1740/1622/1398
f 1741/1621/1397 1740/1622/1398 1739/1623/1399
f 1739/1623/1399 1740/1622/1398 1738/1624/1400
f 1739/1623/1399 1738/1624/1400 1737/1625/1401
f 1737/1625/1401 1738/1624/1400 1736/1626/1402
f 1737/1625/1401 1736/1626/1402 1724/1627/1403
f 1724/1627/1403 1736/1626/1402 1726/1628/1404
f 1735/1629/1405 1733/1630/1406 1734/1631/1407
f 1734/1631/1407 1733/1630/1406 1730/1632/1408
f 1734/1631/1407 1730/1632/1408 1731/1633/1409
f 1733/1630/1406 1729/1634/1410 1730/1632/1408
f 1731/1633/1409 1725/1635/1411 1732/1636/1412
f 1731/1633/1409 1730/1632/1408 1725/1635/1411
f 1730/1632/1408 1723/1637/1413 1725/1635/1411
f 1730/1632/1408 1729/1634/1410 1723/1637/1413
f 1729/1634/1410 1721/1638/1414 1723/1637/1413
f 1728/1639/1415 1721/1638/1414 1729/1634/1410
f 1728/1639/1415 1710/1640/1416 1721/1638/1414
f 1709/1641/1417 1710/1640/1416 1728/1639/1415
f 1727/1636/1411 1725/1635/1411 1726/1628/1404
f 1726/1628/1404 1725/1635/1411 1724/1627/1403
f 1725/1635/1411 1723/1637/1413 1724/1627/1403
f 1723/1637/1413 1722/1625/1418 1724/1627/1403
f 1721/1638/1414 1722/1625/1418 1723/1637/1413
f 1721/1638/1414 1720/1623/1419 1722/1625/1418
f 1710/1640/1416 1720/1623/1419 1721/1638/1414
f 1710/1640/1416 1719/1621/1420 1720/1623/1419
f 1708/1642/1421 1719/1621/1420 1710/1640/1416
f 1708/1642/1421 1718/1619/1396 1719/1621/1420
f 1706/1643/1396 1718/1619/1396 1708/1642/1421
f 1706/1643/1396 1717/1617/1394 1718/1619/1396
f 1703/1644/1394 1717/1617/1394 1706/1643/1396
f 1703/1644/1394 1701/1614/1391 1717/1617/1394
f 1716/1645/1422 1713/1646/1392 1714/1647/1423
f 1716/1645/1422 1715/1648/1424 1713/1646/1392
f 1713/1646/1392 1715/1648/1424 1712/1649/1425
f 1715/1648/1424 1711/1650/1426 1712/1649/1425
f 1714/1647/1423 1702/1651/1391 1704/1652/1427
f 1714/1647/1423 1713/1646/1392 1702/1651/1391
f 1713/1646/1392 1700/1653/1392 1702/1651/1391
f 1713/1646/1392 1712/1649/1425 1700/1653/1392
f 1700/1653/1392 1712/1649/1425 1698/1654/1425
f 1712/1649/1425 1697/1655/1428 1698/1654/1425
f 1712/1649/1425 1711/1650/1426 1697/1655/1428
f 1711/1650/1426 1696/1656/1429 1697/1655/1428
f 1709/1641/1417 1708/1642/1421 1710/1640/1416
f 1707/1657/1430 1708/1642/1421 1709/1641/1417
f 1707/1657/1430 1706/1643/1396 1708/1642/1421
f 1705/1658/1431 1706/1643/1396 1707/1657/1430
f 1705/1658/1431 1703/1644/1394 1706/1643/1396
f 1704/1652/1427 1703/1644/1394 1705/1658/1431
f 1704/1652/1427 1702/1651/1391 1703/1644/1394
f 1702/1651/1391 1701/1614/1391 1703/1644/1394
f 1702/1651/1391 1700/1653/1392 1701/1614/1391
f 1700/1653/1392 1699/1615/1392 1701/1614/1391
f 1700/1653/1392 1698/1654/1425 1699/1615/1392
f 1699/1615/1392 1698/1654/1425 1691/1659/1432
f 1698/1654/1425 1690/1660/1433 1691/1659/1432
f 1698/1654/1425 1697/1655/1428 1690/1660/1433
f 1697/1655/1428 1687/1661/1434 1690/1660/1433
f 1697/1655/1428 1696/1656/1429 1687/1661/1434
f 1687/1661/1434 1696/1656/1429 1686/1662/1435
f 1686/1662/1435 1696/1656/1429 1695/1663/1436
f 1689/1664/1437 1692/1665/1438 1694/1666/1439
f 1693/1666/1440 1692/1665/1438 1688/1667/1441
f 1692/1665/1438 1687/1661/1434 1688/1667/1441
f 1690/1660/1433 1687/1661/1434 1692/1665/1438
f 1690/1660/1433 1692/1665/1438 1689/1664/1437
f 1691/1659/1432 1690/1660/1433 1689/1664/1437
f 1688/1667/1441 1687/1661/1434 1686/1662/1435
f 1675/1668/1442 1685/1669/241 1676/1670/1443
f 1674/1671/107 1685/1669/241 1675/1668/1442
f 1674/1671/107 1684/1672/103 1685/1669/241
f 1672/1673/102 1684/1672/103 1674/1671/107
f 1672/1673/102 1683/1674/103 1684/1672/103
f 1670/1675/103 1683/1674/103 1672/1673/102
f 1683/1674/103 1670/1675/103 1682/1676/103
f 1682/1676/103 1670/1675/103 1667/1677/103
f 1667/1677/103 1645/1678/102 1682/1676/103
f 1682/1676/103 1645/1678/102 1681/1679/103
f 1645/1678/102 1643/1680/1444 1681/1679/103
f 1681/1679/103 1643/1680/1444 1680/1681/103
f 1643/1680/1444 1641/1682/107 1680/1681/103
f 1680/1681/103 1641/1682/107 1679/1683/240
f 1641/1682/107 1640/1684/1445 1679/1683/240
f 1639/1685/1446 1679/1683/240 1640/1684/1445
f 1678/1686/1447 1653/1687/103 1655/1688/1448
f 1662/1689/1449 1678/1686/1447 1655/1688/1448
f 1677/1690/1450 1678/1686/1447 1662/1689/1449
f 1662/1689/1449 1659/1691/1451 1677/1690/1450
f 1677/1690/1450 1659/1691/1451 1676/1670/1443
f 1659/1691/1451 1675/1668/1442 1676/1670/1443
f 1659/1691/1451 1660/1692/1097 1675/1668/1442
f 1660/1692/1097 1674/1671/107 1675/1668/1442
f 1673/1693/1096 1674/1671/107 1660/1692/1097
f 1673/1693/1096 1672/1673/102 1674/1671/107
f 1671/1694/1452 1672/1673/102 1673/1693/1096
f 1671/1694/1452 1670/1675/103 1672/1673/102
f 1669/1695/1453 1670/1675/103 1671/1694/1452
f 1669/1695/1453 1667/1677/103 1670/1675/103
f 1668/1696/1092 1667/1677/103 1669/1695/1453
f 1668/1696/1092 1666/1697/1090 1667/1677/103
f 1667/1677/103 1666/1697/1090 1645/1678/102
f 1666/1697/1090 1644/1698/1089 1645/1678/102
f 1665/1699/1126 1654/1700/102 1656/1701/1104
f 1665/1699/1126 1664/1702/1454 1654/1700/102
f 1654/1700/102 1664/1702/1454 1655/1688/1448
f 1664/1702/1454 1663/1703/1455 1655/1688/1448
f 1655/1688/1448 1663/1703/1455 1662/1689/1449
f 1663/1703/1455 1661/1704/1456 1662/1689/1449
f 1662/1689/1449 1661/1704/1456 1659/1691/1451
f 1661/1704/1456 1660/1692/1097 1659/1691/1451
f 1657/1705/1105 1650/1113/103 1658/1114/813
f 1657/1705/1105 1652/1706/103 1650/1113/103
f 1656/1701/1104 1652/1706/103 1657/1705/1105
f 1656/1701/1104 1654/1700/102 1652/1706/103
f 1654/1700/102 1653/1687/103 1652/1706/103
f 1655/1688/1448 1653/1687/103 1654/1700/102
f 1653/1687/103 1651/1707/103 1652/1706/103
f 1652/1706/103 1651/1707/103 1650/1113/103
f 1651/1707/103 1649/1708/103 1650/1113/103
f 1650/1113/103 1649/1708/103 1634/1115/103
f 1649/1708/103 1648/1709/103 1634/1115/103
f 1648/1709/103 1647/1710/103 1634/1115/103
f 1647/1710/103 1646/1711/103 1634/1115/103
f 1646/1711/103 1635/1712/103 1634/1115/103
f 1636/1713/103 1635/1712/103 1646/1711/103
f 1645/1678/102 1644/1698/1089 1643/1680/1444
f 1644/1698/1089 1642/1714/1087 1643/1680/1444
f 1643/1680/1444 1642/1714/1087 1641/1682/107
f 1642/1714/1087 1631/1715/1457 1641/1682/107
f 1641/1682/107 1631/1715/1457 1640/1684/1445
f 1631/1715/1457 1630/1716/1458 1640/1684/1445
f 1630/1716/1458 1639/1685/1446 1640/1684/1445
f 1639/1685/1446 1630/1716/1458 1638/1717/1459
f 1638/1717/1459 1630/1716/1458 1628/1718/1460
f 1638/1717/1459 1628/1718/1460 1637/1719/1461
f 1637/1719/1461 1628/1718/1460 1626/1720/1462
f 1637/1719/1461 1626/1720/1462 1636/1713/103
f 1636/1713/103 1626/1720/1462 1622/1721/103
f 1622/1721/103 1635/1712/103 1636/1713/103
f 1622/1721/103 1623/1722/1463 1635/1712/103
f 1633/1723/1078 1635/1712/103 1623/1722/1463
f 1634/1115/103 1635/1712/103 1633/1723/1078
f 1634/1115/103 1633/1723/1078 1632/1116/1077
f 1629/1724/1464 1630/1716/1458 1631/1715/1457
f 1629/1724/1464 1628/1718/1460 1630/1716/1458
f 1627/1725/1465 1628/1718/1460 1629/1724/1464
f 1627/1725/1465 1626/1720/1462 1628/1718/1460
f 1625/1726/1466 1626/1720/1462 1627/1725/1465
f 1625/1726/1466 1622/1721/103 1626/1720/1462
f 1624/1727/1467 1622/1721/103 1625/1726/1466
f 1624/1727/1467 1623/1722/1463 1622/1721/103
f 1621/1728/1468 1615/1729/1469 1620/1730/1470
f 1620/1730/1470 1615/1729/1469 1618/1731/1471
f 1618/1731/1471 1610/1732/1472 1619/1733/1473
f 1615/1729/1469 1610/1732/1472 1618/1731/1471
f 1615/1729/1469 1609/1734/1474 1610/1732/1472
f 1615/1729/1469 1616/1735/1475 1609/1734/1474
f 1617/1728/1201 1616/1735/1475 1615/1729/1469
f 1612/1736/1476 1613/1737/1477 1614/1738/1478
f 1611/1739/1479 1613/1737/1477 1612/1736/1476
f 1612/1736/1476 1603/1740/1472 1611/1739/1479
f 1603/1740/1472 1610/1732/1472 1611/1739/1479
f 1611/1739/1479 1610/1732/1472 1609/1734/1474
f 1608/1741/1480 1606/1742/1481 1607/1738/1477
f 1607/1738/1477 1606/1742/1481 1605/1736/1474
f 1606/1742/1481 1604/1743/1482 1605/1736/1474
f 1605/1736/1474 1604/1743/1482 1603/1740/1472
f 1578/1744/1483 1588/1745/1484 1579/1746/1485
f 1578/1744/1483 1586/1246/1486 1588/1745/1484
f 1586/1246/1486 1602/1248/47 1588/1745/1484
f 1588/1745/1484 1602/1248/47 1601/1747/1067
f 1602/1248/47 1600/1250/49 1601/1747/1067
f 1601/1747/1067 1600/1250/49 1599/1748/1487
f 1600/1250/49 1598/1251/465 1599/1748/1487
f 1599/1748/1487 1598/1251/465 1597/1749/465
f 1598/1251/465 1596/1253/1488 1597/1749/465
f 1597/1749/465 1596/1253/1488 1595/1750/1489
f 1596/1253/1488 1594/1256/1490 1595/1750/1489
f 1595/1750/1489 1594/1256/1490 1593/1751/1491
f 1594/1256/1490 1592/1257/1492 1593/1751/1491
f 1593/1751/1491 1592/1257/1492 1591/1752/1492
f 1581/1753/1493 1580/1754/1494 1590/1755/1495
f 1580/1754/1494 1579/1746/1485 1590/1755/1495
f 1590/1755/1495 1579/1746/1485 1589/1756/1496
f 1579/1746/1485 1588/1745/1484 1589/1756/1496
f 1589/1756/1496 1588/1745/1484 1587/1747/1497
f 1585/1243/1498 1586/1246/1486 1578/1744/1483
f 1585/1243/1498 1578/1744/1483 1577/1241/1499
f 1557/1757/1500 1555/1758/1501 1584/1759/1502
f 1555/1758/1501 1583/1760/1503 1584/1759/1502
f 1553/1761/1504 1583/1760/1503 1555/1758/1501
f 1553/1761/1504 1582/1762/1505 1583/1760/1503
f 1554/1763/1506 1582/1762/1505 1553/1761/1504
f 1582/1762/1505 1554/1763/1506 1581/1753/1493
f 1581/1753/1493 1554/1763/1506 1566/1764/1507
f 1566/1764/1507 1580/1754/1494 1581/1753/1493
f 1580/1754/1494 1566/1764/1507 1567/1765/1508
f 1580/1754/1494 1567/1765/1508 1579/1746/1485
f 1579/1746/1485 1567/1765/1508 1568/1766/1509
f 1579/1746/1485 1568/1766/1509 1578/1744/1483
f 1578/1744/1483 1568/1766/1509 1570/1124/823
f 1578/1744/1483 1570/1124/823 1577/1241/1499
f 1577/1241/1499 1570/1124/823 1576/1239/1510
f 1575/1267/1511 1576/1239/1510 1570/1124/823
f 1573/1265/1512 1575/1267/1511 1570/1124/823
f 1574/1125/825 1573/1265/1512 1570/1124/823
f 1563/1767/1513 1569/1768/1514 1564/1769/1515
f 1564/1769/1515 1569/1768/1514 1565/1770/1516
f 1572/1771/1517 1561/1120/819 1571/1122/821
f 1572/1771/1517 1562/1772/1518 1561/1120/819
f 1563/1767/1513 1562/1772/1518 1572/1771/1517
f 1571/1122/821 1563/1767/1513 1572/1771/1517
f 1569/1768/1514 1563/1767/1513 1571/1122/821
f 1570/1124/823 1569/1768/1514 1571/1122/821
f 1568/1766/1509 1569/1768/1514 1570/1124/823
f 1568/1766/1509 1565/1770/1516 1569/1768/1514
f 1567/1765/1508 1565/1770/1516 1568/1766/1509
f 1567/1765/1508 1566/1764/1507 1565/1770/1516
f 1566/1764/1507 1554/1763/1506 1565/1770/1516
f 1565/1770/1516 1554/1763/1506 1564/1769/1515
f 1554/1763/1506 1551/1773/1519 1564/1769/1515
f 1551/1773/1519 1563/1767/1513 1564/1769/1515
f 1549/1774/1520 1563/1767/1513 1551/1773/1519
f 1549/1774/1520 1562/1772/1518 1563/1767/1513
f 1562/1772/1518 1549/1774/1520 1550/1775/1521
f 1561/1120/819 1562/1772/1518 1550/1775/1521
f 269/1118/817 1561/1120/819 1550/1775/1521
f 270/1776/307 269/1118/817 1560/1777/1522
f 1560/1777/1522 269/1118/817 1550/1775/1521
f 1559/1778/1523 1560/1777/1522 1550/1775/1521
f 1550/1775/1521 1548/1779/1524 1559/1778/1523
f 1559/1778/1523 1548/1779/1524 1558/1780/1525
f 1552/1781/1526 1558/1780/1525 1548/1779/1524
f 1556/1782/1527 1558/1780/1525 1552/1781/1526
f 1555/1758/1501 1556/1782/1527 1552/1781/1526
f 1557/1757/1500 1556/1782/1527 1555/1758/1501
f 1555/1758/1501 1552/1781/1526 1553/1761/1504
f 1553/1761/1504 1551/1773/1519 1554/1763/1506
f 1553/1761/1504 1552/1781/1526 1551/1773/1519
f 1552/1781/1526 1548/1779/1524 1551/1773/1519
f 1551/1773/1519 1548/1779/1524 1549/1774/1520
f 1550/1775/1521 1549/1774/1520 1548/1779/1524
f 1539/1783/1528 1546/1784/1529 1538/1785/1530
f 1533/1786/1531 1546/1784/1529 1547/1787/1532
f 1534/1788/1533 1546/1784/1529 1533/1786/1531
f 1538/1785/1530 1546/1784/1529 1534/1788/1533
f 1534/1788/1533 1535/1789/1534 1538/1785/1530
f 1540/1790/1535 1538/1785/1530 1535/1789/1534
f 1543/1791/1536 1540/1790/1535 1535/1789/1534
f 1545/1792/1537 1543/1791/1536 1535/1789/1534
f 1544/1793/1538 1543/1791/1536 1545/1792/1537
f 1542/1794/1539 1543/1791/1536 1544/1793/1538
f 1542/1794/1539 1540/1790/1535 1543/1791/1536
f 1541/1795/1540 1540/1790/1535 1542/1794/1539
f 1541/1795/1540 1539/1783/1528 1540/1790/1535
f 1540/1790/1535 1539/1783/1528 1538/1785/1530
f 1537/1796/1541 1536/1797/1542 1533/1786/1531
f 1533/1786/1531 1536/1797/1542 1535/1789/1534
f 1533/1786/1531 1535/1789/1534 1534/1788/1533
f 1533/1786/1531 1531/1787/1543 1532/1796/1544
f 1532/1796/1544 1531/1787/1543 1530/1798/1545
f 1529/1799/1546 1527/1800/1547 1528/1801/1548
f 1528/1801/1548 1527/1800/1547 815/1802/1549
f 1526/1803/1550 1493/1804/1551 1491/1805/1552
f 1525/1806/1553 1493/1804/1551 1526/1803/1550
f 1524/1807/1554 1525/1806/1553 1526/1803/1550
f 1523/1808/1555 1525/1806/1553 1524/1807/1554
f 1522/1809/1556 1523/1808/1555 1524/1807/1554
f 1521/1810/1557 1523/1808/1555 1522/1809/1556
f 1522/1809/1556 1520/1811/1558 1521/1810/1557
f 1521/1810/1557 1520/1811/1558 1519/1812/1559
f 1520/1811/1558 1518/1813/1560 1519/1812/1559
f 1519/1812/1559 1518/1813/1560 1517/1814/1561
f 1518/1813/1560 1516/1815/1562 1517/1814/1561
f 1517/1814/1561 1516/1815/1562 1515/1816/1563
f 1516/1815/1562 1514/1817/1564 1515/1816/1563
f 1515/1816/1563 1514/1817/1564 1513/1818/1565
f 1512/1819/1566 1513/1818/1565 1514/1817/1564
f 1511/1820/1567 1513/1818/1565 1512/1819/1566
f 1512/1819/1566 1510/1821/1568 1511/1820/1567
f 1511/1820/1567 1510/1821/1568 1509/1822/1569
f 1479/1215/1570 1477/1823/1571 1508/1213/1572
f 1508/1213/1572 1477/1823/1571 1507/1824/1573
f 1508/1213/1572 1507/1824/1573 1506/1210/1574
f 1506/1210/1574 1507/1824/1573 1505/1825/1575
f 1506/1210/1574 1505/1825/1575 1504/1211/1576
f 1504/1211/1576 1505/1825/1575 1503/1826/1577
f 1504/1211/1576 1503/1826/1577 1502/1827/1578
f 1502/1827/1578 1503/1826/1577 1501/1828/1579
f 1502/1827/1578 1501/1828/1579 1500/1829/1580
f 1500/1829/1580 1501/1828/1579 1499/1830/1581
f 1500/1829/1580 1499/1830/1581 1497/1831/1582
f 1497/1831/1582 1499/1830/1581 1498/1832/1583
f 1496/1833/1584 1497/1831/1582 1498/1832/1583
f 1495/1834/1585 1497/1831/1582 1496/1833/1584
f 1494/1835/1586 1495/1834/1585 1496/1833/1584
f 1492/1836/1587 1495/1834/1585 1494/1835/1586
f 1491/1805/1552 1492/1836/1587 1494/1835/1586
f 1493/1804/1551 1492/1836/1587 1491/1805/1552
f 1490/1228/1588 1489/1837/1589 1488/1225/1590
f 1488/1225/1590 1489/1837/1589 1487/1838/1591
f 1487/1838/1591 1486/1223/1592 1488/1225/1590
f 1485/1839/1593 1486/1223/1592 1487/1838/1591
f 1486/1223/1592 1485/1839/1593 1484/1221/1594
f 1484/1221/1594 1485/1839/1593 1483/1840/1595
f 1484/1221/1594 1483/1840/1595 1482/1219/1596
f 1482/1219/1596 1483/1840/1595 1481/1841/1597
f 1482/1219/1596 1481/1841/1597 1480/1217/1598
f 1480/1217/1598 1481/1841/1597 1478/1842/1599
f 1480/1217/1598 1478/1842/1599 1479/1215/1570
f 1479/1215/1570 1478/1842/1599 1477/1823/1571
f 1470/1843/1600 1476/1844/194 1475/1845/194
f 1474/1846/194 1470/1843/1600 1475/1845/194
f 1473/1847/194 1470/1843/1600 1474/1846/194
f 1472/1848/194 1470/1843/1600 1473/1847/194
f 1471/1849/1601 1470/1843/1600 1472/1848/194
f 1471/1849/1601 1469/1850/1602 1470/1843/1600
f 1470/1843/1600 1469/1850/1602 1468/1851/1603
f 1469/1850/1602 1467/1852/1604 1468/1851/1603
f 1468/1851/1603 1467/1852/1604 1466/1853/1605
f 1467/1852/1604 1465/1854/1606 1466/1853/1605
f 1466/1853/1605 1465/1854/1606 1464/1855/1607
f 1465/1854/1606 1463/1856/1608 1464/1855/1607
f 1464/1855/1607 1463/1856/1608 1462/1857/1609
f 1461/1858/1610 1368/1859/1611 1367/1860/170
f 1461/1858/1610 1441/1861/1612 1368/1859/1611
f 1460/1862/1613 1441/1861/1612 1461/1858/1610
f 1460/1862/1613 1459/1863/1614 1441/1861/1612
f 1458/1864/1615 1459/1863/1614 1460/1862/1613
f 1458/1864/1615 1445/1865/1616 1459/1863/1614
f 1457/1866/1617 1445/1865/1616 1458/1864/1615
f 1457/1866/1617 1456/1867/1618 1445/1865/1616
f 1445/1865/1616 1456/1867/1618 1455/1868/1619
f 1456/1867/1618 1454/1869/1620 1455/1868/1619
f 1455/1868/1619 1454/1869/1620 1453/1870/1621
f 1452/1871/1622 1453/1870/1621 1454/1869/1620
f 1450/1872/1622 1453/1870/1621 1452/1871/1622
f 1451/1873/1623 1449/1874/1624 1450/1872/1625
f 1450/1872/1625 1449/1874/1624 1448/1870/1620
f 1447/1875/1626 1448/1870/1620 1449/1874/1624
f 1446/1868/1618 1448/1870/1620 1447/1875/1626
f 1444/1876/1627 1446/1868/1618 1447/1875/1626
f 1445/1865/1616 1446/1868/1618 1444/1876/1627
f 1445/1865/1616 1444/1876/1627 1443/1863/1628
f 1443/1863/1628 1444/1876/1627 1442/1877/1629
f 1443/1863/1628 1442/1877/1629 1441/1861/1612
f 1441/1861/1612 1442/1877/1629 1440/1878/1630
f 1441/1861/1612 1440/1878/1630 1368/1859/1611
f 1368/1859/1611 1440/1878/1630 1345/1879/1631
f 1415/1880/1632 1413/1881/427 1439/1882/427
f 1415/1880/1632 1439/1882/427 1438/1883/1633
f 1438/1883/1633 1439/1882/427 1437/1884/1634
f 1438/1883/1633 1437/1884/1634 1436/1885/1635
f 1436/1885/1635 1437/1884/1634 1435/1886/1636
f 1436/1885/1635 1435/1886/1636 1434/1887/1637
f 1434/1887/1637 1435/1886/1636 1433/1888/1638
f 1434/1887/1637 1433/1888/1638 1424/1889/1639
f 1424/1889/1639 1433/1888/1638 1432/1890/1639
f 1432/1890/1639 1431/1891/307 1424/1889/1639
f 1424/1889/1639 1431/1891/307 1425/1892/307
f 1403/1893/1640 1410/1894/1640 1430/1895/1641
f 1430/1895/1641 1410/1894/1640 1429/1896/1642
f 1410/1894/1640 1412/1897/1643 1429/1896/1642
f 1429/1896/1642 1412/1897/1643 1428/1898/1644
f 1412/1897/1643 1414/1899/427 1428/1898/1644
f 1428/1898/1644 1414/1899/427 1427/1900/1645
f 1427/1900/1645 1414/1899/427 1416/1901/1646
f 1423/1902/1647 1425/1892/307 1426/1903/1648
f 1424/1889/1639 1425/1892/307 1423/1902/1647
f 1423/1902/1647 1422/1887/1638 1424/1889/1639
f 1421/1904/1649 1422/1887/1638 1423/1902/1647
f 1421/1904/1649 1420/1885/1636 1422/1887/1638
f 1419/1905/1650 1420/1885/1636 1421/1904/1649
f 1419/1905/1650 1418/1883/1651 1420/1885/1636
f 1417/1906/1652 1418/1883/1651 1419/1905/1650
f 1417/1906/1652 1415/1880/1632 1418/1883/1651
f 1416/1901/1646 1415/1880/1632 1417/1906/1652
f 1416/1901/1646 1414/1899/427 1415/1880/1632
f 1414/1899/427 1413/1881/427 1415/1880/1632
f 1412/1897/1643 1413/1881/427 1414/1899/427
f 1411/1907/427 1413/1881/427 1412/1897/1643
f 1410/1894/1640 1411/1907/427 1412/1897/1643
f 1409/1908/1640 1411/1907/427 1410/1894/1640
f 1403/1893/1640 1409/1908/1640 1410/1894/1640
f 1407/1909/1640 1409/1908/1640 1403/1893/1640
f 1408/1910/1640 1407/1909/1640 1403/1893/1640
f 1406/1911/1653 1404/1910/1654 1405/1895/1655
f 1405/1895/1655 1404/1910/1654 1403/1893/1640
f 1390/1912/176 1391/1913/1656 1402/1914/1657
f 1402/1914/1657 1401/1915/1658 1390/1912/176
f 1390/1912/176 1401/1915/1658 1389/1916/1659
f 1401/1915/1658 1400/1917/1660 1389/1916/1659
f 1389/1916/1659 1400/1917/1660 1387/1918/1661
f 1400/1917/1660 1399/1919/1662 1387/1918/1661
f 1387/1918/1661 1399/1919/1662 1398/1920/1663
f 1399/1919/1662 1397/1921/1664 1398/1920/1663
f 1398/1920/1663 1397/1921/1664 1382/1922/1665
f 1382/1922/1665 1397/1921/1664 1396/1923/1666
f 1396/1923/1666 1397/1921/1664 1395/1924/1667
f 1396/1923/1666 1395/1924/1667 1394/1925/1668
f 1394/1925/1668 1395/1924/1667 1392/1926/1669
f 1392/1926/1669 1378/1927/1670 1394/1925/1668
f 1393/1928/1671 1378/1927/1670 1392/1926/1669
f 1356/1929/1672 1374/1930/1673 1358/1931/1674
f 1391/1913/1656 1374/1930/1673 1356/1929/1672
f 1374/1930/1673 1391/1913/1656 1390/1912/176
f 1375/1932/170 1374/1930/1673 1390/1912/176
f 1390/1912/176 1389/1916/1659 1375/1932/170
f 1375/1932/170 1389/1916/1659 1388/1933/1675
f 1389/1916/1659 1387/1918/1661 1388/1933/1675
f 1388/1933/1675 1387/1918/1661 1386/1934/1676
f 1387/1918/1661 1385/1920/1677 1386/1934/1676
f 1386/1934/1676 1385/1920/1677 1384/1935/1678
f 1385/1920/1677 1382/1922/1665 1384/1935/1678
f 1384/1935/1678 1382/1922/1665 1383/1936/1679
f 1383/1936/1679 1382/1922/1665 1381/1937/1680
f 1381/1937/1680 1382/1922/1665 1380/1923/1681
f 1381/1937/1680 1380/1923/1681 1379/1938/1668
f 1379/1938/1668 1380/1923/1681 1376/1925/1682
f 1376/1925/1682 1377/1939/1683 1379/1938/1668
f 1378/1927/1683 1377/1939/1683 1376/1925/1682
f 1373/1940/1684 1374/1930/1673 1375/1932/170
f 1374/1930/1673 1373/1940/1684 1358/1931/1674
f 1358/1931/1674 1373/1940/1684 1372/1941/1674
f 1372/1941/1674 1359/1942/1685 1358/1931/1674
f 1371/1943/1686 1359/1942/1685 1372/1941/1674
f 1371/1943/1686 1361/1944/1687 1359/1942/1685
f 1370/1945/1688 1361/1944/1687 1371/1943/1686
f 1370/1945/1688 1362/1946/211 1361/1944/1687
f 1369/1947/1689 1362/1946/211 1370/1945/1688
f 1369/1947/1689 1363/1948/1690 1362/1946/211
f 1368/1859/1611 1345/1879/1631 1346/1949/176
f 1367/1860/170 1368/1859/1611 1346/1949/176
f 1348/1950/1673 1367/1860/170 1346/1949/176
f 1366/1951/1691 1367/1860/170 1348/1950/1673
f 1348/1950/1673 1350/1952/1674 1366/1951/1691
f 1366/1951/1691 1350/1952/1674 1365/1953/1674
f 1352/1954/1692 1365/1953/1674 1350/1952/1674
f 1364/1955/1693 1365/1953/1674 1352/1954/1692
f 1354/1956/1694 1364/1955/1693 1352/1954/1692
f 1363/1948/1690 1364/1955/1693 1354/1956/1694
f 1362/1946/211 1363/1948/1690 1354/1956/1694
f 1362/1946/211 1354/1956/1694 1355/1957/1695
f 1362/1946/211 1355/1957/1695 1361/1944/1687
f 1361/1944/1687 1355/1957/1695 1360/1958/1696
f 1361/1944/1687 1360/1958/1696 1359/1942/1685
f 1359/1942/1685 1360/1958/1696 1357/1959/1697
f 1359/1942/1685 1357/1959/1697 1358/1931/1674
f 1358/1931/1674 1357/1959/1697 1356/1929/1672
f 1355/1957/1695 1354/1956/1694 1353/1960/1698
f 1354/1956/1694 1352/1954/1692 1353/1960/1698
f 1353/1960/1698 1352/1954/1692 1351/1961/1699
f 1352/1954/1692 1350/1952/1674 1351/1961/1699
f 1351/1961/1699 1350/1952/1674 1349/1962/1700
f 1348/1950/1673 1349/1962/1700 1350/1952/1674
f 1347/1963/1701 1349/1962/1700 1348/1950/1673
f 1348/1950/1673 1346/1949/176 1347/1963/1701
f 1347/1963/1701 1346/1949/176 1344/1964/1702
f 1346/1949/176 1345/1879/1631 1344/1964/1702
f 1343/1822/1703 1342/1417/1704 1340/1820/1705
f 1340/1820/1705 1342/1417/1704 1341/1419/1706
f 1341/1419/1706 1339/1421/1707 1340/1820/1705
f 1340/1820/1705 1339/1421/1707 1338/1818/1708
f 1339/1421/1707 1337/1398/1709 1338/1818/1708
f 1338/1818/1708 1337/1398/1709 1336/1816/1710
f 1337/1398/1709 1335/1397/1711 1336/1816/1710
f 1336/1816/1710 1335/1397/1711 1334/1814/1712
f 1335/1397/1711 1333/1400/1713 1334/1814/1712
f 1334/1814/1712 1333/1400/1713 1332/1812/1714
f 1331/1401/1715 1332/1812/1714 1333/1400/1713
f 1330/1810/1716 1332/1812/1714 1331/1401/1715
f 1331/1401/1715 1329/1403/1717 1330/1810/1716
f 1330/1810/1716 1329/1403/1717 1328/1808/1718
f 1329/1403/1717 1327/1405/1719 1328/1808/1718
f 1328/1808/1718 1327/1405/1719 1326/1806/1720
f 1327/1405/1719 1325/1407/1721 1326/1806/1720
f 1326/1806/1720 1325/1407/1721 1324/1804/1722
f 1325/1407/1721 1323/1409/1723 1324/1804/1722
f 1324/1804/1722 1323/1409/1723 1322/1836/1724
f 1323/1409/1723 1321/1411/1725 1322/1836/1724
f 1322/1836/1724 1321/1411/1725 1320/1834/1726
f 1321/1411/1725 1318/1413/1727 1320/1834/1726
f 1320/1834/1726 1318/1413/1727 1319/1831/1728
f 1318/1413/1727 1317/1829/1729 1319/1831/1728
f 1316/1414/1730 1317/1829/1729 1318/1413/1727
f 1316/1414/1730 1315/1827/1731 1317/1829/1729
f 1312/1416/1732 1315/1827/1731 1316/1414/1730
f 1312/1416/1732 1313/1211/896 1315/1827/1731
f 1314/1209/894 1313/1211/896 1312/1416/1732
f 1306/1965/1733 1304/1966/194 1311/1967/1734
f 1311/1967/1734 1304/1966/194 1309/1968/194
f 1309/1968/194 1310/1969/1735 1311/1967/1734
f 1262/1970/194 1310/1969/1735 1309/1968/194
f 1262/1970/194 1309/1968/194 1274/1971/1736
f 1309/1968/194 1304/1966/194 1274/1971/1736
f 1308/1972/1737 1302/1973/1738 1303/1974/194
f 1305/1975/1739 1308/1972/1737 1303/1974/194
f 1307/1976/1740 1308/1972/1737 1305/1975/1739
f 1307/1976/1740 1305/1975/1739 1306/1965/1733
f 1306/1965/1733 1305/1975/1739 1304/1966/194
f 1304/1966/194 1305/1975/1739 1303/1974/194
f 1274/1971/1736 1304/1966/194 1303/1974/194
f 1303/1974/194 1302/1973/1738 1274/1971/1736
f 1302/1973/1738 1301/1977/1741 1274/1971/1736
f 1300/1978/1742 1301/1977/1741 1302/1973/1738
f 1300/1978/1742 1299/1979/1743 1301/1977/1741
f 1298/1980/1744 1299/1979/1743 1300/1978/1742
f 1298/1980/1744 1297/1981/1745 1299/1979/1743
f 1296/1982/1746 1297/1981/1745 1298/1980/1744
f 1297/1981/1745 1296/1982/1746 1266/1983/1747
f 1266/1983/1747 1296/1982/1746 1295/1984/1748
f 1266/1983/1747 1294/1984/1749 1292/1985/1750
f 1292/1985/1750 1294/1984/1749 1293/1986/1751
f 1291/1987/1752 1266/1983/1747 1292/1985/1750
f 1290/1988/1753 1266/1983/1747 1291/1987/1752
f 1291/1987/1752 1289/1989/1754 1290/1988/1753
f 1290/1988/1753 1289/1989/1754 1280/1990/1755
f 1280/1990/1755 1289/1989/1754 1288/1991/1756
f 1288/1991/1756 1289/1989/1754 1287/1992/1757
f 1287/1992/1757 1286/1993/1758 1288/1991/1756
f 1284/1994/1759 1286/1993/1758 1287/1992/1757
f 1284/1994/1759 1243/1995/1760 1286/1993/1758
f 1285/1996/1761 1243/1995/1760 1284/1994/1759
f 1278/1997/1762 1281/1998/1763 1279/1999/1764
f 1282/2000/1765 1281/1998/1763 1278/1997/1762
f 1282/2000/1765 1278/1997/1762 1283/2001/1766
f 1283/2001/1766 1278/1997/1762 1277/2002/1767
f 1283/2001/1766 1277/2002/1767 1276/2003/1768
f 1275/2004/1769 1283/2001/1766 1276/2003/1768
f 1273/2005/1770 1283/2001/1766 1275/2004/1769
f 1273/2005/1770 1282/2000/1765 1283/2001/1766
f 1271/2006/1771 1282/2000/1765 1273/2005/1770
f 1271/2006/1771 1281/1998/1763 1282/2000/1765
f 1269/2007/1772 1281/1998/1763 1271/2006/1771
f 1269/2007/1772 1280/1990/1773 1281/1998/1763
f 1281/1998/1763 1280/1990/1773 1279/1999/1764
f 1279/1999/1764 1280/1990/1773 1246/1991/1774
f 1268/1988/1775 1280/1990/1773 1269/2007/1772
f 1246/1991/1774 1247/2008/1776 1279/1999/1764
f 1265/2009/1777 1279/1999/1764 1247/2008/1776
f 1278/1997/1762 1279/1999/1764 1265/2009/1777
f 1264/2010/1778 1278/1997/1762 1265/2009/1777
f 1277/2002/1767 1278/1997/1762 1264/2010/1778
f 1277/2002/1767 1264/2010/1778 1263/2011/1779
f 1276/2003/1768 1277/2002/1767 1263/2011/1779
f 1263/2011/1779 1262/1970/194 1276/2003/1768
f 1276/2003/1768 1262/1970/194 1275/2004/1769
f 1275/2004/1769 1262/1970/194 1274/1971/1736
f 1274/1971/1736 1273/2005/1770 1275/2004/1769
f 1272/1977/1780 1273/2005/1770 1274/1971/1736
f 1272/1977/1780 1271/2006/1771 1273/2005/1770
f 1270/1979/1781 1271/2006/1771 1272/1977/1780
f 1270/1979/1781 1269/2007/1772 1271/2006/1771
f 1267/1981/1782 1269/2007/1772 1270/1979/1781
f 1269/2007/1772 1267/1981/1782 1268/1988/1775
f 1268/1988/1775 1267/1981/1782 1266/1983/1747
f 1249/2012/1783 1252/2013/1784 1247/2008/1776
f 1247/2008/1776 1252/2013/1784 1265/2009/1777
f 1252/2013/1784 1260/2014/1785 1265/2009/1777
f 1265/2009/1777 1260/2014/1785 1264/2010/1778
f 1260/2014/1785 1261/2015/1786 1264/2010/1778
f 1263/2011/1779 1264/2010/1778 1261/2015/1786
f 1261/2015/1786 1262/1970/194 1263/2011/1779
f 1256/2016/1787 1262/1970/194 1261/2015/1786
f 1258/2017/194 1262/1970/194 1256/2016/1787
f 1256/2016/1787 1261/2015/1786 1260/2014/1785
f 1258/2017/194 1257/2018/1788 1259/2019/1789
f 1256/2016/1787 1257/2018/1788 1258/2017/194
f 1257/2018/1788 1256/2016/1787 1255/2020/1790
f 1255/2020/1790 1256/2016/1787 1254/2014/1791
f 1255/2020/1790 1254/2014/1791 1253/2021/1792
f 1253/2021/1792 1254/2014/1791 1252/2013/1784
f 1253/2021/1792 1252/2013/1784 1251/2022/1793
f 1251/2022/1793 1252/2013/1784 1249/2012/1783
f 1251/2022/1793 1249/2012/1783 1250/2023/1532
f 1250/2023/1532 1249/2012/1783 1243/1995/1760
f 1243/1995/1760 1249/2012/1783 1248/1993/1794
f 1248/1993/1794 1249/2012/1783 1247/2008/1776
f 1248/1993/1794 1247/2008/1776 1246/1991/1774
f 1245/2023/1795 1243/1995/1760 1244/2024/1796
f 1244/2024/1796 1243/1995/1760 1242/1996/1797
f 1241/2025/1798 1231/2026/1799 1239/2027/1800
f 1233/2028/1801 1239/2027/1800 1231/2026/1799
f 1240/2029/1802 1239/2027/1800 1233/2028/1801
f 1237/2030/1407 1236/2031/1803 1238/2032/1804
f 1235/2033/1805 1236/2031/1803 1237/2030/1407
f 1232/2034/1409 1235/2033/1805 1237/2030/1407
f 1229/2035/1806 1236/2031/1803 1230/2036/1807
f 1230/2036/1807 1236/2031/1803 1235/2033/1805
f 1230/2036/1807 1235/2033/1805 1231/2026/1799
f 1231/2026/1799 1235/2033/1805 1233/2028/1801
f 1233/2028/1801 1235/2033/1805 1232/2034/1409
f 1234/2029/1412 1233/2028/1801 1232/2034/1409
f 1218/2037/1808 1231/2026/1799 1219/2025/1809
f 1218/2037/1808 1230/2036/1807 1231/2026/1799
f 1217/2038/1810 1230/2036/1807 1218/2037/1808
f 1217/2038/1810 1229/2035/1806 1230/2036/1807
f 1228/2039/1811 1229/2035/1806 1217/2038/1810
f 1217/2038/1810 1227/2040/1812 1228/2039/1811
f 1215/2041/1813 1227/2040/1812 1217/2038/1810
f 1227/2040/1812 1215/2041/1813 1226/2042/1814
f 1226/2042/1814 1215/2041/1813 1201/2043/1815
f 1226/2042/1814 1201/2043/1815 1225/2044/1816
f 1225/2044/1816 1201/2043/1815 1199/2045/1817
f 1225/2044/1816 1199/2045/1817 1224/2046/1818
f 1224/2046/1818 1199/2045/1817 1203/2047/1819
f 1224/2046/1818 1203/2047/1819 1223/2048/1820
f 1223/2048/1820 1203/2047/1819 1205/2049/1821
f 1223/2048/1820 1205/2049/1821 1222/2050/1822
f 1222/2050/1822 1205/2049/1821 1221/2051/1481
f 1205/2049/1821 1206/2052/1823 1221/2051/1481
f 1221/2051/1481 1206/2052/1823 1220/2053/1482
f 1219/2025/1809 1214/2054/1824 1218/2037/1808
f 1214/2054/1824 1215/2041/1813 1218/2037/1808
f 1218/2037/1808 1215/2041/1813 1217/2038/1810
f 1213/2055/1825 1214/2054/1824 1216/2025/1826
f 1215/2041/1813 1214/2054/1824 1201/2043/1815
f 1201/2043/1815 1214/2054/1824 1200/2056/1827
f 1214/2054/1824 1213/2055/1825 1200/2056/1827
f 1200/2056/1827 1213/2055/1825 1212/2057/1828
f 1200/2056/1827 1212/2057/1828 1211/2058/1829
f 1211/2058/1829 1212/2057/1828 1210/2059/1830
f 1211/2058/1829 1210/2059/1830 1209/2060/1831
f 1209/2060/1831 1210/2059/1830 1208/2061/1832
f 1209/2060/1831 1208/2061/1832 1206/2052/1833
f 1206/2052/1833 1208/2061/1832 1207/2062/1834
f 1205/2049/1821 1204/2060/1835 1206/2052/1823
f 1203/2047/1819 1204/2060/1835 1205/2049/1821
f 1203/2047/1819 1202/2058/1836 1204/2060/1835
f 1199/2045/1817 1202/2058/1836 1203/2047/1819
f 1199/2045/1817 1200/2056/1827 1202/2058/1836
f 1201/2043/1815 1200/2056/1827 1199/2045/1817
f 1198/1087/1235 1191/2063/1236 1197/1086/480
f 1197/1086/480 1191/2063/1236 1189/2064/480
f 1189/2064/480 1196/1085/480 1197/1086/480
f 1187/2065/480 1196/1085/480 1189/2064/480
f 1187/2065/480 1195/1088/1837 1196/1085/480
f 1194/2066/1838 1195/1088/1837 1187/2065/480
f 1195/1088/1837 1194/2066/1838 1193/1089/1114
f 1193/1089/1114 1194/2066/1838 1192/2067/1124
f 1193/1089/1114 1192/2067/1124 1174/1090/1839
f 1174/1090/1839 1192/2067/1124 1173/2068/1122
f 1191/2063/1236 1190/2069/1840 1189/2064/480
f 1189/2064/480 1190/2069/1840 1188/2070/1841
f 1189/2064/480 1188/2070/1841 1187/2065/480
f 1187/2065/480 1188/2070/1841 1186/2071/1842
f 1186/2071/1842 1185/2066/1843 1187/2065/480
f 1184/2072/1844 1185/2066/1843 1186/2071/1842
f 1185/2066/1843 1184/2072/1844 1183/2067/475
f 1183/2067/475 1184/2072/1844 1182/2073/1422
f 1183/2067/475 1182/2073/1422 1181/2068/1839
f 1181/2068/1839 1182/2073/1422 1180/2074/1845
f 1181/2068/1839 1180/2074/1845 1179/2075/1846
f 1179/2075/1846 1180/2074/1845 1178/2076/1847
f 1179/2075/1846 1178/2076/1847 1164/2077/248
f 1164/2077/248 1178/2076/1847 1177/2078/1848
f 1176/2079/1430 1164/2077/248 1177/2078/1848
f 1162/2080/248 1164/2077/248 1176/2079/1430
f 1176/2079/1430 1175/2081/1849 1162/2080/248
f 1162/2080/248 1175/2081/1849 1160/2082/248
f 1175/2081/1849 1159/2083/248 1160/2082/248
f 1158/2084/1850 1159/2083/248 1175/2081/1849
f 1174/1090/1839 1173/2068/1122 1172/1091/1211
f 1172/1091/1211 1173/2068/1122 1171/2075/1851
f 1172/1091/1211 1171/2075/1851 1170/1092/248
f 1170/1092/248 1171/2075/1851 1164/2077/248
f 1170/1092/248 1164/2077/248 1169/1093/248
f 1169/1093/248 1164/2077/248 1168/1094/248
f 1168/1094/248 1164/2077/248 1167/1095/248
f 1167/1095/248 1164/2077/248 1166/1096/248
f 1166/1096/248 1164/2077/248 1165/1097/248
f 1165/1097/248 1164/2077/248 1163/1098/248
f 1164/2077/248 1162/2080/248 1163/1098/248
f 1163/1098/248 1162/2080/248 1161/1099/248
f 1162/2080/248 1160/2082/248 1161/1099/248
f 1130/1100/248 1161/1099/248 1160/2082/248
f 1159/2083/248 1130/1100/248 1160/2082/248
f 1129/2085/248 1130/1100/248 1159/2083/248
f 1158/2084/1850 1129/2085/248 1159/2083/248
f 1157/2086/1852 1129/2085/248 1158/2084/1850
f 1157/2086/1852 1132/2087/248 1129/2085/248
f 1156/2088/1853 1132/2087/248 1157/2086/1852
f 1156/2088/1853 1155/2089/1804 1132/2087/248
f 1132/2087/248 1155/2089/1804 1154/2090/1854
f 1132/2087/248 1154/2090/1854 1133/2091/248
f 1133/2091/248 1154/2090/1854 1153/2092/1855
f 1133/2091/248 1153/2092/1855 1152/2093/1856
f 1152/2093/1856 1151/2094/1857 1133/2091/248
f 1151/2094/1857 1150/2095/1814 1133/2091/248
f 1133/2091/248 1150/2095/1814 1134/2096/1858
f 1150/2095/1814 1149/2097/1859 1134/2096/1858
f 1134/2096/1858 1149/2097/1859 1148/2098/1860
f 1149/2097/1859 1147/2099/1818 1148/2098/1860
f 1148/2098/1860 1147/2099/1818 1138/2100/1861
f 1147/2099/1818 1146/2101/1820 1138/2100/1861
f 1138/2100/1861 1146/2101/1820 1140/2102/1202
f 1146/2101/1820 1145/2103/1862 1140/2102/1202
f 1140/2102/1202 1145/2103/1862 1144/2104/1477
f 1143/1106/1477 1141/1105/1202 1142/2104/1201
f 1142/2104/1201 1141/1105/1202 1140/2102/1202
f 1139/1104/1863 1140/2102/1202 1141/1105/1202
f 1138/2100/1861 1140/2102/1202 1139/1104/1863
f 1137/1103/1864 1138/2100/1861 1139/1104/1863
f 1136/2098/1865 1138/2100/1861 1137/1103/1864
f 1135/1102/1866 1136/2098/1865 1137/1103/1864
f 1134/2096/1858 1136/2098/1865 1135/1102/1866
f 1131/1101/248 1134/2096/1858 1135/1102/1866
f 1133/2091/248 1134/2096/1858 1131/1101/248
f 1133/2091/248 1131/1101/248 1132/2087/248
f 1132/2087/248 1131/1101/248 1129/2085/248
f 1131/1101/248 1130/1100/248 1129/2085/248
f 1127/2105/1867 1126/2106/1868 1128/2107/1869
f 1123/2108/1870 1126/2106/1868 1127/2105/1867
f 1123/2108/1870 1122/2109/1871 1126/2106/1868
f 1113/2110/1872 1114/2111/1873 1117/2112/1874
f 1119/2113/1875 1113/2110/1872 1117/2112/1874
f 1119/2113/1875 1121/2114/1876 1113/2110/1872
f 1113/2110/1872 1121/2114/1876 1124/2115/1870
f 1124/2115/1870 1123/2108/1870 1125/2105/1870
f 1124/2115/1870 1121/2114/1876 1123/2108/1870
f 1121/2114/1876 1122/2109/1871 1123/2108/1870
f 1122/2109/1871 1121/2114/1876 1120/2116/1877
f 1120/2116/1877 1121/2114/1876 1119/2113/1875
f 1120/2116/1877 1119/2113/1875 1118/2117/1878
f 1118/2117/1878 1119/2113/1875 1117/2112/1874
f 1117/2112/1874 1116/2118/1879 1118/2117/1878
f 1114/2111/1873 1116/2118/1879 1117/2112/1874
f 1114/2111/1873 1115/2119/1761 1116/2118/1879
f 1108/2120/1880 1115/2119/1761 1114/2111/1873
f 1113/2110/1872 1108/2120/1880 1114/2111/1873
f 1110/2121/1881 1108/2120/1880 1113/2110/1872
f 1110/2121/1881 1111/2122/1882 1108/2120/1880
f 1112/2123/1883 1111/2122/1882 1110/2121/1881
f 1109/2122/1884 1107/2124/1885 1108/2120/1886
f 1108/2120/1886 1107/2124/1885 1106/2119/1797
f 1105/2125/1887 1037/2126/1394 1045/2127/1888
f 1105/2125/1887 1104/2128/1889 1037/2126/1394
f 1037/2126/1394 1104/2128/1889 1103/2129/1890
f 1104/2128/1889 1102/2130/1891 1103/2129/1890
f 1103/2129/1890 1102/2130/1891 1101/2131/1892
f 1102/2130/1891 1100/2132/1893 1101/2131/1892
f 1101/2131/1892 1100/2132/1893 1099/2133/1894
f 1100/2132/1893 1098/2134/1895 1099/2133/1894
f 1099/2133/1894 1098/2134/1895 1083/2135/1896
f 1098/2134/1895 1097/2136/1897 1083/2135/1896
f 1083/2135/1896 1097/2136/1897 1082/2137/1898
f 1097/2136/1897 1096/2138/1899 1082/2137/1898
f 1096/2138/1899 1095/2139/1900 1082/2137/1898
f 1082/2137/1898 1095/2139/1900 1094/2140/1901
f 1095/2139/1900 1093/2141/1902 1094/2140/1901
f 1094/2140/1901 1093/2141/1902 1092/2142/1903
f 1093/2141/1902 1078/2143/1904 1092/2142/1903
f 1092/2142/1903 1078/2143/1904 1079/2144/1905
f 1091/2145/1906 1070/2146/1907 1084/2147/1908
f 1085/2148/1909 1091/2145/1906 1084/2147/1908
f 1090/2149/1910 1091/2145/1906 1085/2148/1909
f 1086/2150/1911 1090/2149/1910 1085/2148/1909
f 1089/2151/1912 1090/2149/1910 1086/2150/1911
f 1087/2152/1913 1089/2151/1912 1086/2150/1911
f 1088/2153/1914 1089/2151/1912 1087/2152/1913
f 1088/2153/1914 1087/2152/1913 1074/2154/1915
f 1074/2154/1915 1087/2152/1913 1073/2155/1916
f 1087/2152/1913 1086/2150/1911 1073/2155/1916
f 1075/2156/1917 1073/2155/1916 1086/2150/1911
f 1085/2148/1909 1075/2156/1917 1086/2150/1911
f 1077/2157/1918 1075/2156/1917 1085/2148/1909
f 1084/2147/1908 1077/2157/1918 1085/2148/1909
f 1084/2147/1908 1071/2158/1919 1077/2157/1918
f 1084/2147/1908 1070/2146/1907 1071/2158/1919
f 1060/2159/1920 1032/2160/1892 1033/2133/1921
f 1083/2135/1896 1060/2159/1920 1033/2133/1921
f 1062/2161/1922 1060/2159/1920 1083/2135/1896
f 1082/2137/1898 1062/2161/1922 1083/2135/1896
f 1064/2162/1923 1062/2161/1922 1082/2137/1898
f 1081/2140/1924 1064/2162/1923 1082/2137/1898
f 1067/2163/1925 1064/2162/1923 1081/2140/1924
f 1080/2142/1926 1067/2163/1925 1081/2140/1924
f 1069/2164/1927 1067/2163/1925 1080/2142/1926
f 1079/2144/1905 1069/2164/1927 1080/2142/1926
f 1071/2158/1919 1069/2164/1927 1079/2144/1905
f 1077/2157/1918 1071/2158/1919 1079/2144/1905
f 1078/2143/1904 1077/2157/1918 1079/2144/1905
f 1076/2165/1928 1077/2157/1918 1078/2143/1904
f 1076/2165/1928 1075/2156/1917 1077/2157/1918
f 1072/2166/1929 1075/2156/1917 1076/2165/1928
f 1072/2166/1929 1073/2155/1916 1075/2156/1917
f 1074/2154/1915 1073/2155/1916 1072/2166/1929
f 1070/2146/1907 1069/2164/1927 1071/2158/1919
f 1068/2167/1930 1069/2164/1927 1070/2146/1907
f 1068/2167/1930 1067/2163/1925 1069/2164/1927
f 1066/2168/1931 1067/2163/1925 1068/2167/1930
f 1066/2168/1931 1064/2162/1923 1067/2163/1925
f 1065/2169/1932 1064/2162/1923 1066/2168/1931
f 1065/2169/1932 1063/2170/1933 1064/2162/1923
f 1064/2162/1923 1063/2170/1933 1062/2161/1922
f 1062/2161/1922 1063/2170/1933 1061/2171/1934
f 1061/2171/1934 1060/2159/1920 1062/2161/1922
f 1059/2172/1935 1060/2159/1920 1061/2171/1934
f 1059/2172/1935 1032/2160/1892 1060/2159/1920
f 1058/2173/1936 1032/2160/1892 1059/2172/1935
f 1058/2173/1936 1034/2174/1890 1032/2160/1892
f 1057/2175/1937 1034/2174/1890 1058/2173/1936
f 1057/2175/1937 1036/2176/1938 1034/2174/1890
f 1056/2177/1939 1036/2176/1938 1057/2175/1937
f 1056/2177/1939 1055/2178/1940 1036/2176/1938
f 1036/2176/1938 1055/2178/1940 1038/2179/1941
f 1055/2178/1940 1054/2180/1942 1038/2179/1941
f 1054/2180/1942 1053/2181/1943 1038/2179/1941
f 1038/2179/1941 1053/2181/1943 1040/2182/1944
f 1053/2181/1943 1052/2183/1945 1040/2182/1944
f 1052/2183/1945 1042/2184/1946 1040/2182/1944
f 1051/2185/1947 1042/2184/1946 1052/2183/1945
f 1051/2185/1947 1044/2186/1948 1042/2184/1946
f 1050/2187/1949 1044/2186/1948 1051/2185/1947
f 1050/2187/1949 1049/2188/1950 1044/2186/1948
f 1044/2186/1948 1049/2188/1950 1043/2189/1951
f 1049/2188/1950 1048/2190/1952 1043/2189/1951
f 1043/2189/1951 1048/2190/1952 1041/2191/1953
f 1048/2190/1952 1047/2192/1954 1041/2191/1953
f 1041/2191/1953 1047/2192/1954 1039/2193/1955
f 1039/2193/1955 1047/2192/1954 1046/2194/1956
f 1046/2194/1956 1045/2127/1888 1039/2193/1955
f 1045/2127/1888 1037/2126/1394 1039/2193/1955
f 1042/2184/1946 1044/2186/1948 1043/2189/1951
f 1041/2191/1953 1042/2184/1946 1043/2189/1951
f 1040/2182/1944 1042/2184/1946 1041/2191/1953
f 1039/2193/1955 1040/2182/1944 1041/2191/1953
f 1038/2179/1941 1040/2182/1944 1039/2193/1955
f 1037/2126/1394 1038/2179/1941 1039/2193/1955
f 1036/2176/1938 1038/2179/1941 1037/2126/1394
f 1035/2129/1957 1036/2176/1938 1037/2126/1394
f 1034/2174/1890 1036/2176/1938 1035/2129/1957
f 1031/2131/1958 1034/2174/1890 1035/2129/1957
f 1032/2160/1892 1034/2174/1890 1031/2131/1958
f 1033/2133/1921 1032/2160/1892 1031/2131/1958
f 909/2195/1959 907/902/1960 1029/2196/1961
f 1029/2196/1961 907/902/1960 1030/904/1962
f 1027/906/1963 1029/2196/1961 1030/904/1962
f 1028/2197/1964 1029/2196/1961 1027/906/1963
f 1028/2197/1964 1027/906/1963 1026/2198/1965
f 1026/2198/1965 1027/906/1963 1025/908/1966
f 1026/2198/1965 1025/908/1966 1024/2199/1967
f 1024/2199/1967 1025/908/1966 1023/910/1968
f 1024/2199/1967 1023/910/1968 1022/2200/1969
f 1022/2200/1969 1023/910/1968 1021/912/1970
f 1022/2200/1969 1021/912/1970 1020/2201/1971
f 1020/2201/1971 1021/912/1970 1019/913/1972
f 1020/2201/1971 1019/913/1972 1018/2202/1973
f 1018/2202/1973 1019/913/1972 1017/915/1974
f 1018/2202/1973 1017/915/1974 1016/2203/1975
f 1016/2203/1975 1017/915/1974 1014/917/1976
f 1016/2203/1975 1014/917/1976 1015/2204/1977
f 1015/2204/1977 1014/917/1976 1013/920/1978
f 1012/2110/1979 1011/2115/1980 1010/2205/1981
f 1010/2205/1981 1011/2115/1980 1009/2206/1982
f 1010/2205/1981 1009/2206/1982 1008/2207/1983
f 1008/2207/1983 1009/2206/1982 1007/2208/1984
f 1008/2207/1983 1007/2208/1984 1006/2209/1985
f 1006/2209/1985 1007/2208/1984 1005/2210/1986
f 1005/2210/1986 998/2211/1987 1006/2209/1985
f 1004/2212/1988 998/2211/1987 1005/2210/1986
f 1004/2212/1988 1003/2213/294 998/2211/1987
f 1003/2213/294 1002/2214/294 998/2211/1987
f 1002/2214/294 1001/2215/294 998/2211/1987
f 1001/2215/294 1000/2216/294 998/2211/1987
f 1000/2216/294 999/2217/294 998/2211/1987
f 997/2218/1989 995/2219/1990 996/2220/1991
f 996/2220/1991 995/2219/1990 979/2221/1992
f 995/2219/1990 983/2222/1993 979/2221/1992
f 991/1857/1994 987/2223/1995 989/2224/1996
f 985/2225/1997 987/2223/1995 991/1857/1994
f 985/2225/1997 991/1857/1994 982/2226/1998
f 991/1857/1994 981/1856/1992 982/2226/1998
f 992/2227/1999 993/2228/2000 994/2229/2001
f 977/2230/2002 993/2228/2000 992/2227/1999
f 991/1857/1994 977/2230/2002 992/2227/1999
f 989/2224/1996 977/2230/2002 991/1857/1994
f 989/2224/1996 990/2231/2003 977/2230/2002
f 988/2232/2004 990/2231/2003 989/2224/1996
f 987/2223/1995 988/2232/2004 989/2224/1996
f 986/2233/2005 988/2232/2004 987/2223/1995
f 985/2225/1997 986/2233/2005 987/2223/1995
f 984/2234/2006 986/2233/2005 985/2225/1997
f 982/2226/1998 984/2234/2006 985/2225/1997
f 983/2222/1993 984/2234/2006 982/2226/1998
f 979/2221/1992 983/2222/1993 982/2226/1998
f 982/2226/1998 981/1856/1992 979/2221/1992
f 981/1856/1992 980/2220/1992 979/2221/1992
f 978/2231/2007 976/2235/2008 977/2230/2009
f 977/2230/2009 976/2235/2008 975/2228/2001
f 974/1130/2010 972/2236/2010 973/1129/2011
f 973/1129/2011 972/2236/2010 971/1260/2011
f 970/955/2012 968/957/2013 969/2237/2014
f 969/2237/2014 968/957/2013 967/2238/2015
f 968/957/2013 966/960/2016 967/2238/2015
f 967/2238/2015 966/960/2016 965/2239/2017
f 966/960/2016 964/962/2018 965/2239/2017
f 965/2239/2017 964/962/2018 963/2240/2019
f 964/962/2018 962/964/2020 963/2240/2019
f 963/2240/2019 962/964/2020 961/2241/2021
f 960/965/2022 961/2241/2021 962/964/2020
f 959/2242/2023 961/2241/2021 960/965/2022
f 958/967/2024 959/2242/2023 960/965/2022
f 957/2243/2025 959/2242/2023 958/967/2024
f 955/969/2026 957/2243/2025 958/967/2024
f 956/2244/2027 957/2243/2025 955/969/2026
f 956/2244/2027 955/969/2026 953/2245/2028
f 953/2245/2028 955/969/2026 954/971/2029
f 952/973/2030 953/2245/2028 954/971/2029
f 951/2246/2031 953/2245/2028 952/973/2030
f 950/975/2032 951/2246/2031 952/973/2030
f 949/2247/2033 951/2246/2031 950/975/2032
f 948/978/2034 949/2247/2033 950/975/2032
f 947/2248/2035 949/2247/2033 948/978/2034
f 946/980/2036 947/2248/2035 948/978/2034
f 945/2249/2037 947/2248/2035 946/980/2036
f 946/980/2036 944/982/2038 945/2249/2037
f 945/2249/2037 944/982/2038 943/2250/2039
f 944/982/2038 942/984/2040 943/2250/2039
f 943/2250/2039 942/984/2040 941/2251/2041
f 942/984/2040 940/986/2042 941/2251/2041
f 941/2251/2041 940/986/2042 939/2252/2043
f 938/988/2044 939/2252/2043 940/986/2042
f 937/2253/2045 939/2252/2043 938/988/2044
f 938/988/2044 935/990/2046 937/2253/2045
f 937/2253/2045 935/990/2046 936/2254/2047
f 935/990/2046 934/2255/2048 936/2254/2047
f 933/992/2049 934/2255/2048 935/990/2046
f 933/992/2049 932/2256/2050 934/2255/2048
f 931/994/2051 932/2256/2050 933/992/2049
f 931/994/2051 929/2257/2052 932/2256/2050
f 930/996/2053 929/2257/2052 931/994/2051
f 930/996/2053 928/997/2054 929/2257/2052
f 929/2257/2052 928/997/2054 927/2258/2055
f 928/997/2054 926/885/2056 927/2258/2055
f 927/2258/2055 926/885/2056 925/2259/2057
f 926/885/2056 923/884/2058 925/2259/2057
f 925/2259/2057 923/884/2058 924/2260/2059
f 924/2260/2059 923/884/2058 922/2261/2060
f 922/2261/2060 923/884/2058 921/887/2061
f 922/2261/2060 921/887/2061 920/2262/2062
f 920/2262/2062 921/887/2061 919/889/2063
f 920/2262/2062 919/889/2063 918/2263/2064
f 918/2263/2064 919/889/2063 917/891/2065
f 918/2263/2064 917/891/2065 916/2264/2066
f 916/2264/2066 917/891/2065 915/893/2067
f 916/2264/2066 915/893/2067 914/2265/2068
f 914/2265/2068 915/893/2067 913/895/2069
f 913/895/2069 912/2266/2070 914/2265/2068
f 911/897/2071 912/2266/2070 913/895/2069
f 912/2266/2070 911/897/2071 910/2267/2072
f 910/2267/2072 911/897/2071 908/899/2073
f 910/2267/2072 908/899/2073 909/2195/1959
f 909/2195/1959 908/899/2073 907/902/1960
f 906/2268/1208 902/2269/2074 905/2270/1209
f 905/2270/1209 902/2269/2074 875/2271/2074
f 904/2268/1209 901/2272/2075 902/2269/2074
f 903/2273/2076 901/2272/2075 904/2268/1209
f 903/2273/2076 900/2274/2077 901/2272/2075
f 899/2275/1218 900/2274/2077 903/2273/2076
f 875/2271/2074 882/2276/2074 877/2277/2074
f 902/2269/2074 882/2276/2074 875/2271/2074
f 902/2269/2074 884/2278/2078 882/2276/2074
f 901/2272/2075 884/2278/2078 902/2269/2074
f 901/2272/2075 886/2279/2079 884/2278/2078
f 900/2274/2077 886/2279/2079 901/2272/2075
f 886/2279/2079 900/2274/2077 888/2280/2080
f 888/2280/2080 900/2274/2077 890/2281/2081
f 899/2275/1218 890/2281/2081 900/2274/2077
f 892/2282/1217 890/2281/2081 899/2275/1218
f 887/2283/2082 889/2284/2082 898/2285/2083
f 898/2285/2083 889/2284/2082 897/2286/2084
f 889/2284/2082 891/2287/2085 896/2286/2086
f 896/2286/2086 891/2287/2085 894/2288/2087
f 895/2289/2088 894/2288/2087 893/2290/2089
f 893/2290/2089 894/2288/2087 891/2287/2085
f 893/2290/2089 891/2287/2085 892/2282/1217
f 892/2282/1217 891/2287/2085 890/2281/2081
f 891/2287/2085 889/2284/2082 890/2281/2081
f 890/2281/2081 889/2284/2082 888/2280/2080
f 888/2280/2080 889/2284/2082 887/2283/2082
f 887/2283/2082 886/2279/2079 888/2280/2080
f 885/2291/2090 886/2279/2079 887/2283/2082
f 886/2279/2079 885/2291/2090 884/2278/2078
f 884/2278/2078 885/2291/2090 883/2292/2074
f 884/2278/2078 883/2292/2074 882/2276/2074
f 882/2276/2074 883/2292/2074 881/2293/2074
f 882/2276/2074 881/2293/2074 877/2277/2074
f 877/2277/2074 881/2293/2074 880/2294/2074
f 879/2295/407 877/2277/2074 880/2294/2074
f 876/2296/2091 877/2277/2074 879/2295/407
f 878/2297/429 876/2296/2091 879/2295/407
f 871/2298/2092 872/2299/429 878/2297/429
f 872/2299/429 876/2296/2091 878/2297/429
f 872/2299/429 873/2300/2091 876/2296/2091
f 876/2296/2091 875/2271/2074 877/2277/2074
f 873/2300/2091 875/2271/2074 876/2296/2091
f 873/2300/2091 874/2270/2093 875/2271/2074
f 850/2301/2094 874/2270/2093 873/2300/2091
f 849/2302/2095 850/2301/2094 873/2300/2091
f 849/2302/2095 873/2300/2091 872/2299/429
f 853/2303/2096 849/2302/2095 872/2299/429
f 853/2303/2096 872/2299/429 871/2298/2092
f 853/2303/2096 871/2298/2092 855/2304/103
f 855/2304/103 871/2298/2092 870/2305/103
f 855/2304/103 870/2305/103 856/2306/2097
f 856/2306/2097 870/2305/103 869/2307/2098
f 869/2307/2098 868/2308/2099 856/2306/2097
f 867/2309/2100 868/2308/2099 869/2307/2098
f 868/2308/2099 867/2309/2100 866/2310/2101
f 866/2310/2101 867/2309/2100 863/2311/2102
f 863/2311/2102 864/2312/2103 866/2310/2101
f 865/2313/2104 864/2312/2103 863/2311/2102
f 862/2314/847 854/2315/103 843/2316/2105
f 861/2317/846 854/2315/103 862/2314/847
f 861/2317/846 852/2318/2096 854/2315/103
f 860/2319/2106 852/2318/2096 861/2317/846
f 860/2319/2106 851/2320/2107 852/2318/2096
f 859/2312/2108 848/2321/2109 858/2310/2110
f 858/2310/2110 848/2321/2109 846/2322/2111
f 846/2322/2111 857/2308/2112 858/2310/2110
f 844/2323/2113 857/2308/2112 846/2322/2111
f 857/2308/2112 844/2323/2113 856/2306/2097
f 856/2306/2097 844/2323/2113 843/2316/2105
f 843/2316/2105 855/2304/103 856/2306/2097
f 854/2315/103 855/2304/103 843/2316/2105
f 854/2315/103 853/2303/2096 855/2304/103
f 852/2318/2096 853/2303/2096 854/2315/103
f 852/2318/2096 849/2302/2095 853/2303/2096
f 852/2318/2096 851/2320/2107 849/2302/2095
f 851/2320/2107 850/2301/2094 849/2302/2095
f 848/2321/2109 847/2324/2114 846/2322/2111
f 846/2322/2111 847/2324/2114 845/2325/2115
f 845/2325/2115 844/2323/2113 846/2322/2111
f 842/2326/2116 844/2323/2113 845/2325/2115
f 844/2323/2113 842/2326/2116 843/2316/2105
f 843/2316/2105 842/2326/2116 841/2314/2117
f 820/2327/427 821/2328/427 840/2329/427
f 821/2328/427 839/2330/2118 840/2329/427
f 840/2329/427 839/2330/2118 838/2331/2119
f 839/2330/2118 837/2332/1635 838/2331/2119
f 838/2331/2119 837/2332/1635 836/2333/1636
f 837/2332/1635 835/2334/1637 836/2333/1636
f 836/2333/1636 835/2334/1637 834/2335/1638
f 835/2334/1637 829/2336/1639 834/2335/1638
f 834/2335/1638 829/2336/1639 833/2337/1639
f 833/2337/1639 829/2336/1639 832/2338/307
f 832/2338/307 829/2336/1639 830/2339/307
f 830/2339/307 828/2340/2120 831/2341/2121
f 829/2336/1639 828/2340/2120 830/2339/307
f 827/2334/1638 828/2340/2120 829/2336/1639
f 826/2342/2122 828/2340/2120 827/2334/1638
f 825/2332/1636 826/2342/2122 827/2334/1638
f 824/2343/1740 826/2342/2122 825/2332/1636
f 823/2330/2119 824/2343/1740 825/2332/1636
f 822/2344/2123 824/2343/1740 823/2330/2119
f 821/2328/427 822/2344/2123 823/2330/2119
f 808/2345/2124 822/2344/2123 821/2328/427
f 807/2346/427 808/2345/2124 821/2328/427
f 807/2346/427 821/2328/427 820/2327/427
f 807/2346/427 820/2327/427 811/2347/2125
f 811/2347/2125 820/2327/427 819/2348/427
f 811/2347/2125 819/2348/427 813/2349/2126
f 813/2349/2126 819/2348/427 818/2350/2126
f 813/2349/2126 818/2350/2126 815/1802/2126
f 815/1802/2126 818/2350/2126 816/2351/2126
f 817/1801/2126 815/1802/2126 816/2351/2126
f 814/1800/2127 813/2349/2126 815/1802/2126
f 812/2352/2128 813/2349/2126 814/1800/2127
f 812/2352/2128 811/2347/2125 813/2349/2126
f 810/2353/2129 811/2347/2125 812/2352/2128
f 810/2353/2129 807/2346/427 811/2347/2125
f 809/2354/2130 807/2346/427 810/2353/2129
f 809/2354/2130 808/2345/2124 807/2346/427
f 805/2355/2131 804/1385/2132 806/1383/2133
f 801/2356/2132 804/1385/2132 805/2355/2131
f 801/2356/2132 803/1387/2132 804/1385/2132
f 802/1055/2132 803/1387/2132 801/2356/2132
f 800/1053/2132 802/1055/2132 801/2356/2132
f 801/2356/2132 799/2357/2131 800/1053/2132
f 800/1053/2132 799/2357/2131 798/1051/2133
f 797/2358/2134 795/2359/2135 796/2360/2136
f 796/2360/2136 795/2359/2135 794/2361/2137
f 791/1819/294 792/2362/1150 793/1821/1149
f 773/2363/294 792/2362/1150 791/1819/294
f 773/2363/294 791/1819/294 775/2364/294
f 778/2365/294 775/2364/294 791/1819/294
f 790/1817/294 778/2365/294 791/1819/294
f 780/2366/294 778/2365/294 790/1817/294
f 789/1815/294 780/2366/294 790/1817/294
f 788/1813/294 780/2366/294 789/1815/294
f 782/2367/294 780/2366/294 788/1813/294
f 787/1811/294 782/2367/294 788/1813/294
f 665/1809/2138 782/2367/294 787/1811/294
f 664/2368/2139 782/2367/294 665/1809/2138
f 667/2369/2140 786/2370/2141 666/2371/2142
f 666/2371/2142 786/2370/2141 785/2372/2143
f 786/2370/2141 784/2373/2144 785/2372/2143
f 785/2372/2143 784/2373/2144 664/2368/2139
f 783/2374/2145 664/2368/2139 784/2373/2144
f 782/2367/294 664/2368/2139 783/2374/2145
f 783/2374/2145 781/2375/2146 782/2367/294
f 782/2367/294 781/2375/2146 780/2366/294
f 781/2375/2146 779/2376/2147 780/2366/294
f 780/2366/294 779/2376/2147 778/2365/294
f 777/2377/2148 778/2365/294 779/2376/2147
f 775/2364/294 778/2365/294 777/2377/2148
f 776/2378/2149 775/2364/294 777/2377/2148
f 774/2379/294 775/2364/294 776/2378/2149
f 774/2379/294 773/2363/294 775/2364/294
f 771/2380/294 773/2363/294 774/2379/294
f 773/2363/294 771/2380/294 772/2362/2150
f 772/2362/2150 771/2380/294 770/2381/2151
f 768/2382/2152 767/1522/2132 769/1521/2153
f 764/2383/2132 767/1522/2132 768/2382/2152
f 764/2383/2132 766/1523/2132 767/1522/2132
f 765/1529/2132 766/1523/2132 764/2383/2132
f 763/1527/2132 765/1529/2132 764/2383/2132
f 764/2383/2132 762/2384/2152 763/1527/2132
f 763/1527/2132 762/2384/2152 761/1526/2153
f 731/2385/307 734/2386/2154 760/2387/2155
f 760/2387/2155 734/2386/2154 759/2388/2156
f 759/2388/2156 734/2386/2154 758/2389/2157
f 758/2389/2157 734/2386/2154 757/2390/2158
f 758/2389/2157 757/2390/2158 756/2391/2159
f 756/2391/2159 757/2390/2158 755/2392/2160
f 756/2391/2159 755/2392/2160 754/2393/2161
f 754/2393/2161 755/2392/2160 753/2394/2162
f 754/2393/2161 753/2394/2162 752/2395/2163
f 752/2395/2163 753/2394/2162 728/2396/2164
f 752/2395/2163 728/2396/2164 751/2397/2165
f 751/2397/2165 728/2396/2164 726/2398/2166
f 751/2397/2165 726/2398/2166 725/2399/2167
f 750/2400/1648 749/2401/2168 733/2402/307
f 733/2402/307 749/2401/2168 748/2403/2169
f 749/2401/2168 747/2404/2170 748/2403/2169
f 748/2403/2169 747/2404/2170 736/2405/2171
f 747/2404/2170 746/2406/2172 736/2405/2171
f 736/2405/2171 746/2406/2172 738/2407/2160
f 746/2406/2172 745/2408/2173 738/2407/2160
f 738/2407/2160 745/2408/2173 740/2409/2174
f 745/2408/2173 744/2410/2175 740/2409/2174
f 740/2409/2174 744/2410/2175 741/2411/2176
f 742/2412/2177 741/2411/2176 744/2410/2175
f 727/2413/2178 712/2414/2179 716/2415/2180
f 711/2416/2181 712/2414/2179 727/2413/2178
f 727/2413/2178 729/2417/2182 711/2416/2181
f 711/2416/2181 729/2417/2182 743/2418/2140
f 729/2417/2182 730/2419/2183 743/2418/2140
f 743/2418/2140 730/2419/2183 742/2412/2177
f 730/2419/2183 741/2411/2176 742/2412/2177
f 741/2411/2176 730/2419/2183 728/2396/2164
f 740/2409/2174 741/2411/2176 728/2396/2164
f 739/2394/2184 740/2409/2174 728/2396/2164
f 739/2394/2184 738/2407/2160 740/2409/2174
f 737/2392/2185 738/2407/2160 739/2394/2184
f 737/2392/2185 736/2405/2171 738/2407/2160
f 735/2390/2186 736/2405/2171 737/2392/2185
f 735/2390/2186 732/2403/2154 736/2405/2171
f 734/2386/2154 732/2403/2154 735/2390/2186
f 731/2385/307 732/2403/2154 734/2386/2154
f 733/2402/307 732/2403/2154 731/2385/307
f 730/2419/2183 729/2417/2182 728/2396/2164
f 729/2417/2182 727/2413/2178 728/2396/2164
f 728/2396/2164 727/2413/2178 726/2398/2166
f 726/2398/2166 727/2413/2178 716/2415/2180
f 725/2399/2167 726/2398/2166 716/2415/2180
f 725/2399/2167 716/2415/2180 723/2420/2187
f 720/2421/2188 722/2422/2189 724/2423/2190
f 717/2424/2191 720/2421/2188 716/2415/2180
f 716/2415/2180 720/2421/2188 724/2423/2190
f 723/2420/2187 716/2415/2180 724/2423/2190
f 722/2422/2189 723/2420/2187 724/2423/2190
f 721/2425/2192 723/2420/2187 722/2422/2189
f 720/2421/2188 721/2425/2192 722/2422/2189
f 719/2426/2193 721/2425/2192 720/2421/2188
f 717/2424/2191 719/2426/2193 720/2421/2188
f 718/2427/2194 719/2426/2193 717/2424/2191
f 718/2427/2194 717/2424/2191 715/2428/2195
f 715/2428/2195 717/2424/2191 714/2429/2196
f 714/2429/2196 717/2424/2191 716/2415/2180
f 712/2414/2179 714/2429/2196 716/2415/2180
f 715/2428/2195 714/2429/2196 713/2430/2197
f 713/2430/2197 714/2429/2196 712/2414/2179
f 713/2430/2197 712/2414/2179 711/2416/2181
f 646/1826/2198 710/2431/2199 648/2432/2198
f 709/1825/2200 710/2431/2199 646/1826/2198
f 709/1825/2200 708/2433/2201 710/2431/2199
f 707/1824/2202 708/2433/2201 709/1825/2200
f 707/1824/2202 684/2434/2203 708/2433/2201
f 706/1823/2204 684/2434/2203 707/1824/2202
f 684/2434/2203 706/1823/2204 686/2435/194
f 706/1823/2204 705/1842/194 686/2435/194
f 705/1842/194 704/1841/194 686/2435/194
f 686/2435/194 704/1841/194 688/2436/194
f 704/1841/194 703/1840/194 688/2436/194
f 703/1840/194 702/1839/194 688/2436/194
f 688/2436/194 702/1839/194 690/2437/194
f 702/1839/194 700/1838/194 690/2437/194
f 690/2437/194 700/1838/194 692/2438/194
f 692/2438/194 700/1838/194 695/2439/194
f 695/2439/194 700/1838/194 701/2440/2205
f 701/2440/2205 700/1838/194 699/1837/1198
f 698/2441/2206 696/2442/194 697/2440/1127
f 697/2440/1127 696/2442/194 695/2439/194
f 696/2442/194 694/2443/194 695/2439/194
f 694/2443/194 692/2438/194 695/2439/194
f 693/2444/2207 692/2438/194 694/2443/194
f 691/2445/2156 692/2438/194 693/2444/2207
f 691/2445/2156 690/2437/194 692/2438/194
f 689/2446/2208 690/2437/194 691/2445/2156
f 690/2437/194 689/2446/2208 688/2436/194
f 688/2436/194 689/2446/2208 687/2447/2209
f 688/2436/194 687/2447/2209 686/2435/194
f 686/2435/194 687/2447/2209 685/2448/2210
f 686/2435/194 685/2448/2210 684/2434/2203
f 684/2434/2203 685/2448/2210 683/2449/2211
f 684/2434/2203 683/2449/2211 682/2433/2212
f 682/2433/2212 683/2449/2211 681/2450/2213
f 682/2433/2212 681/2450/2213 680/2431/2214
f 680/2431/2214 681/2450/2213 679/2451/2167
f 680/2431/2214 679/2451/2167 648/2432/2198
f 648/2432/2198 679/2451/2167 678/2452/2215
f 678/2452/2215 677/2453/1112 648/2432/2198
f 676/2454/2192 677/2453/1112 678/2452/2215
f 676/2454/2192 675/2455/1147 677/2453/1112
f 674/2456/2193 675/2455/1147 676/2454/2192
f 674/2456/2193 653/2457/2216 675/2455/1147
f 673/2458/2217 653/2457/2216 674/2456/2193
f 672/2459/2218 653/2457/2216 673/2458/2217
f 671/2460/1142 653/2457/2216 672/2459/2218
f 670/2461/2197 671/2460/1142 672/2459/2218
f 669/2462/1071 671/2460/1142 670/2461/2197
f 668/2463/2219 669/2462/1071 670/2461/2197
f 658/2464/2220 669/2462/1071 668/2463/2219
f 668/2463/2219 667/2369/2140 658/2464/2220
f 658/2464/2220 667/2369/2140 666/2371/2142
f 663/1807/2221 664/2368/2139 665/1809/2138
f 662/2372/2222 664/2368/2139 663/1807/2221
f 661/1803/2223 662/2372/2222 663/1807/2221
f 660/2371/2224 662/2372/2222 661/1803/2223
f 659/1805/2225 660/2371/2224 661/1803/2223
f 658/2464/2220 660/2371/2224 659/1805/2225
f 659/1805/2225 657/1835/1071 658/2464/2220
f 658/2464/2220 657/1835/1071 656/2462/1141
f 657/1835/1071 655/1833/2226 656/2462/1141
f 656/2462/1141 655/1833/2226 654/2460/1143
f 655/1833/2226 652/1832/2227 654/2460/1143
f 654/2460/1143 652/1832/2227 653/2457/1161
f 653/2457/1161 652/1832/2227 651/2455/1146
f 651/2455/1146 652/1832/2227 650/1830/1147
f 651/2455/1146 650/1830/1147 649/2453/1148
f 649/2453/1148 650/1830/1147 647/1828/1112
f 649/2453/1148 647/1828/1112 648/2432/2198
f 648/2432/2198 647/1828/1112 646/1826/2198
f 641/2465/2228 644/2466/2229 645/2467/2230
f 626/2468/2231 644/2466/2229 641/2465/2228
f 644/2466/2229 626/2468/2231 625/2469/2232
f 641/2465/2228 643/1231/83 639/1230/2233
f 642/1156/2234 629/1160/2235 626/2468/2231
f 626/2468/2231 641/2465/2228 642/1156/2234
f 642/1156/2234 641/2465/2228 640/1157/2236
f 640/1157/2236 641/2465/2228 639/1230/2233
f 640/1157/2236 639/1230/2233 637/1178/2237
f 637/1178/2237 639/1230/2233 638/2470/2238
f 638/2470/2238 636/2471/2239 637/1178/2237
f 637/1178/2237 636/2471/2239 635/1176/2240
f 636/2471/2239 634/2472/856 635/1176/2240
f 635/1176/2240 634/2472/856 633/1174/75
f 634/2472/856 632/2473/2241 633/1174/75
f 633/1174/75 632/2473/2241 631/1171/2242
f 632/2473/2241 628/2474/853 631/1171/2242
f 631/1171/2242 628/2474/853 630/1162/2243
f 630/1162/2243 628/2474/853 629/1160/2235
f 629/1160/2235 628/2474/853 626/2468/2231
f 628/2474/853 627/2475/11 626/2468/2231
f 627/2475/11 623/2476/2244 626/2468/2231
f 626/2468/2231 623/2476/2244 622/2477/2245
f 625/2469/2232 626/2468/2231 622/2477/2245
f 624/2478/2246 625/2469/2232 622/2477/2245
f 589/2479/2247 625/2469/2232 624/2478/2246
f 588/2480/2248 589/2479/2247 624/2478/2246
f 588/2480/2248 624/2478/2246 621/2481/2249
f 620/2482/2250 588/2480/2248 621/2481/2249
f 624/2478/2246 622/2477/2245 621/2481/2249
f 623/2476/2244 621/2481/2249 622/2477/2245
f 619/2483/2251 620/2482/2250 621/2481/2249
f 619/2483/2251 618/2484/2252 620/2482/2250
f 617/2485/90 618/2484/2252 619/2483/2251
f 617/2485/90 616/2486/2253 618/2484/2252
f 615/2487/88 616/2486/2253 617/2485/90
f 615/2487/88 614/2488/1838 616/2486/2253
f 613/2489/2254 614/2488/1838 615/2487/88
f 613/2489/2254 600/2490/85 614/2488/1838
f 612/2491/85 600/2490/85 613/2489/2254
f 612/2491/85 611/2492/2255 600/2490/85
f 610/2493/2256 611/2492/2255 612/2491/85
f 610/2493/2256 609/2494/2257 611/2492/2255
f 608/2495/2258 609/2494/2257 610/2493/2256
f 608/2495/2258 605/2496/56 609/2494/2257
f 607/2497/56 605/2496/56 608/2495/2258
f 606/2498/1491 605/2496/56 607/2497/56
f 575/2499/1490 605/2496/56 606/2498/1491
f 574/2500/1489 575/2499/1490 606/2498/1491
f 576/2499/1491 577/2501/1695 605/2496/56
f 605/2496/56 577/2501/1695 604/2494/2258
f 604/2494/2258 577/2501/1695 603/2502/2259
f 604/2494/2258 603/2502/2259 602/2492/2260
f 602/2492/2260 603/2502/2259 601/2503/2261
f 602/2492/2260 601/2503/2261 600/2490/85
f 600/2490/85 601/2503/2261 599/2504/2262
f 600/2490/85 599/2504/2262 598/2488/86
f 598/2488/86 599/2504/2262 597/2505/2263
f 598/2488/86 597/2505/2263 596/2486/2264
f 596/2486/2264 597/2505/2263 595/2506/1702
f 596/2486/2264 595/2506/1702 594/2484/2265
f 594/2484/2265 595/2506/1702 593/2507/2266
f 594/2484/2265 593/2507/2266 591/2482/2267
f 591/2482/2267 593/2507/2266 592/2508/2268
f 590/2509/2269 591/2482/2267 592/2508/2268
f 588/2480/2248 591/2482/2267 590/2509/2269
f 590/2509/2269 589/2479/2247 588/2480/2248
f 563/2510/2270 562/2511/2271 587/2512/2272
f 587/2512/2272 586/2513/2273 563/2510/2270
f 563/2510/2270 586/2513/2273 565/2514/2274
f 586/2513/2273 585/2515/2275 565/2514/2274
f 565/2514/2274 585/2515/2275 584/2516/48
f 585/2515/2275 583/2517/2276 584/2516/48
f 584/2516/48 583/2517/2276 582/2518/2277
f 583/2517/2276 581/2519/2278 582/2518/2277
f 582/2518/2277 581/2519/2278 571/2520/465
f 581/2519/2278 580/2521/2279 571/2520/465
f 571/2520/465 580/2521/2279 579/2522/1489
f 580/2521/2279 578/2523/2280 579/2522/1489
f 579/2522/1489 578/2523/2280 576/2499/1491
f 578/2523/2280 577/2501/1695 576/2499/1491
f 573/2522/2281 575/2499/1490 574/2500/1489
f 572/2524/465 573/2522/2281 574/2500/1489
f 571/2520/465 573/2522/2281 572/2524/465
f 570/2525/50 571/2520/465 572/2524/465
f 569/2518/49 571/2520/465 570/2525/50
f 568/2526/48 569/2518/49 570/2525/50
f 567/2516/47 569/2518/49 568/2526/48
f 566/2527/2282 567/2516/47 568/2526/48
f 565/2514/2274 567/2516/47 566/2527/2282
f 564/2528/2283 565/2514/2274 566/2527/2282
f 563/2510/2270 565/2514/2274 564/2528/2283
f 564/2528/2283 558/2529/2284 563/2510/2270
f 563/2510/2270 558/2529/2284 560/2530/2285
f 560/2530/2285 562/2511/2271 563/2510/2270
f 562/2511/2271 560/2530/2285 561/2531/2286
f 561/2531/2286 560/2530/2285 559/2532/2287
f 561/2531/2286 559/2532/2287 540/2533/2288
f 540/2533/2288 559/2532/2287 557/2534/2289
f 560/2530/2285 558/2529/2284 559/2532/2287
f 559/2532/2287 558/2529/2284 557/2534/2289
f 557/2534/2289 558/2529/2284 556/2535/2290
f 557/2534/2289 536/2536/2291 540/2533/2288
f 536/2536/2291 557/2534/2289 556/2535/2290
f 555/2537/125 536/2536/2291 556/2535/2290
f 553/2538/2292 536/2536/2291 555/2537/125
f 535/1509/2293 536/2536/2291 553/2538/2292
f 554/1511/2294 535/1509/2293 553/2538/2292
f 552/1519/2295 554/1511/2294 553/2538/2292
f 551/2539/2296 552/1519/2295 553/2538/2292
f 551/2539/2296 550/1517/33 552/1519/2295
f 549/2540/828 550/1517/33 551/2539/2296
f 549/2540/828 548/1515/2297 550/1517/33
f 547/2541/2298 548/1515/2297 549/2540/828
f 547/2541/2298 545/1513/2299 548/1515/2297
f 546/2542/2300 545/1513/2299 547/2541/2298
f 546/2542/2300 543/2361/2301 545/1513/2299
f 545/1513/2299 543/2361/2301 544/1506/2302
f 544/1506/2302 543/2361/2301 538/2543/2303
f 537/1504/2304 544/1506/2302 538/2543/2303
f 543/2361/2301 542/2359/25 538/2543/2303
f 539/2544/2305 538/2543/2303 541/2545/2306
f 540/2533/2288 536/2536/2291 539/2544/2305
f 536/2536/2291 538/2543/2303 539/2544/2305
f 536/2536/2291 537/1504/2304 538/2543/2303
f 537/1504/2304 536/2536/2291 535/1509/2293
f 501/2528/2307 499/2546/2308 534/2529/2309
f 534/2529/2309 499/2546/2308 533/2547/2310
f 533/2547/2310 532/2535/2311 534/2529/2309
f 531/2548/2312 532/2535/2311 533/2547/2310
f 532/2535/2311 531/2548/2312 529/2537/2313
f 529/2537/2313 531/2548/2312 530/2549/2314
f 528/2550/2315 529/2537/2313 530/2549/2314
f 527/2538/2316 529/2537/2313 528/2550/2315
f 525/2551/2317 527/2538/2316 528/2550/2315
f 526/2539/2318 527/2538/2316 525/2551/2317
f 526/2539/2318 525/2551/2317 524/2540/2319
f 524/2540/2319 525/2551/2317 523/2552/2320
f 524/2540/2319 523/2552/2320 521/2541/2321
f 521/2541/2321 523/2552/2320 522/2553/2322
f 522/2553/2322 520/2554/2323 521/2541/2321
f 521/2541/2321 520/2554/2323 519/2542/2324
f 520/2554/2323 518/2360/2325 519/2542/2324
f 519/2542/2324 518/2360/2325 517/2361/2326
f 483/2555/2327 516/2495/2328 482/2493/2329
f 515/2556/2330 516/2495/2328 483/2555/2327
f 515/2556/2330 513/2497/2331 516/2495/2328
f 514/2557/2332 513/2497/2331 515/2556/2330
f 512/2558/2333 513/2497/2331 514/2557/2332
f 511/2498/2334 513/2497/2331 512/2558/2333
f 510/2559/2335 511/2498/2334 512/2558/2333
f 509/2500/2336 511/2498/2334 510/2559/2335
f 508/2560/2337 509/2500/2336 510/2559/2335
f 507/2524/2337 509/2500/2336 508/2560/2337
f 506/2561/2338 507/2524/2337 508/2560/2337
f 505/2525/2339 507/2524/2337 506/2561/2338
f 504/2562/2340 505/2525/2339 506/2561/2338
f 503/2526/2341 505/2525/2339 504/2562/2340
f 502/2563/2342 503/2526/2341 504/2562/2340
f 500/2527/2343 503/2526/2341 502/2563/2342
f 499/2546/2308 500/2527/2343 502/2563/2342
f 501/2528/2307 500/2527/2343 499/2546/2308
f 471/2564/2344 497/2475/2345 470/2474/2346
f 498/2565/2345 497/2475/2345 471/2564/2344
f 498/2565/2345 496/2566/2347 497/2475/2345
f 497/2475/2345 496/2566/2347 495/2476/2348
f 496/2566/2347 494/2567/2349 495/2476/2348
f 495/2476/2348 494/2567/2349 493/2481/2350
f 491/2568/2351 493/2481/2350 494/2567/2349
f 492/2483/2352 493/2481/2350 491/2568/2351
f 491/2568/2351 490/2485/2353 492/2483/2352
f 489/2569/2354 490/2485/2353 491/2568/2351
f 489/2569/2354 488/2487/2355 490/2485/2353
f 487/2570/2356 488/2487/2355 489/2569/2354
f 487/2570/2356 486/2489/2357 488/2487/2355
f 485/2571/2358 486/2489/2357 487/2570/2356
f 485/2571/2358 484/2491/2359 486/2489/2357
f 481/2572/2360 484/2491/2359 485/2571/2358
f 481/2572/2360 482/2493/2329 484/2491/2359
f 483/2555/2327 482/2493/2329 481/2572/2360
f 480/1230/2361 479/1232/2362 478/2470/2363
f 478/2470/2363 479/1232/2362 477/2573/2364
f 478/2470/2363 477/2573/2364 475/2471/2365
f 475/2471/2365 477/2573/2364 476/2574/2366
f 474/2575/2367 475/2471/2365 476/2574/2366
f 473/2472/2368 475/2471/2365 474/2575/2367
f 469/2576/2369 473/2472/2368 474/2575/2367
f 472/2473/2370 473/2472/2368 469/2576/2369
f 469/2576/2369 470/2474/2346 472/2473/2370
f 471/2564/2344 470/2474/2346 469/2576/2369
f 468/2577/2371 458/2578/294 457/2579/2372
f 466/2580/294 458/2578/294 468/2577/2371
f 468/2577/2371 467/2581/2373 466/2580/294
f 466/2580/294 467/2581/2373 237/2582/294
f 237/2582/294 235/2583/2374 466/2580/294
f 466/2580/294 235/2583/2374 458/2578/294
f 465/2584/2375 464/2585/2376 211/2586/2377
f 211/2586/2377 464/2585/2376 463/2587/2378
f 462/2588/2379 463/2587/2378 464/2585/2376
f 461/2589/2380 463/2587/2378 462/2588/2379
f 460/2590/1645 461/2589/2380 462/2588/2379
f 459/2591/2381 461/2589/2380 460/2590/1645
f 455/2592/2382 459/2591/2381 460/2590/1645
f 235/2583/2374 459/2591/2381 455/2592/2382
f 235/2583/2374 455/2592/2382 452/2593/294
f 235/2583/2374 452/2593/294 458/2578/294
f 452/2593/294 453/2594/294 458/2578/294
f 458/2578/294 453/2594/294 457/2579/2372
f 457/2579/2372 453/2594/294 456/2595/2383
f 456/2595/2383 453/2594/294 454/2596/2384
f 452/2593/294 455/2592/2382 454/2596/2384
f 454/2596/2384 453/2594/294 452/2593/294
f 406/2597/2385 405/2598/2385 451/2599/2385
f 406/2597/2385 451/2599/2385 419/2600/2385
f 419/2600/2385 451/2599/2385 450/2601/2385
f 419/2600/2385 450/2601/2385 442/2602/2385
f 442/2602/2385 450/2601/2385 449/2603/2385
f 442/2602/2385 449/2603/2385 440/2604/2386
f 440/2604/2386 449/2603/2385 448/2605/2387
f 440/2604/2386 448/2605/2387 438/2606/2388
f 438/2606/2388 448/2605/2387 447/2607/2389
f 438/2606/2388 447/2607/2389 437/2608/2390
f 437/2608/2390 447/2607/2389 446/2609/2391
f 445/2610/2392 437/2608/2390 446/2609/2391
f 435/2611/2392 437/2608/2390 445/2610/2392
f 444/2612/2385 435/2611/2392 445/2610/2392
f 433/2613/2393 435/2611/2392 444/2612/2385
f 443/2614/2385 433/2613/2393 444/2612/2385
f 431/2615/2385 433/2613/2393 443/2614/2385
f 430/2616/2385 431/2615/2385 443/2614/2385
f 418/2617/2394 419/2600/2385 442/2602/2385
f 418/2617/2394 442/2602/2385 441/2618/2395
f 441/2618/2395 442/2602/2385 440/2604/2386
f 441/2618/2395 440/2604/2386 439/2619/2396
f 439/2619/2396 440/2604/2386 438/2606/2388
f 439/2619/2396 438/2606/2388 436/2620/2397
f 436/2620/2397 438/2606/2388 437/2608/2390
f 437/2608/2390 435/2611/2392 436/2620/2397
f 436/2620/2397 435/2611/2392 434/2621/2398
f 435/2611/2392 433/2613/2393 434/2621/2398
f 434/2621/2398 433/2613/2393 432/2622/2399
f 433/2613/2393 431/2615/2385 432/2622/2399
f 432/2622/2399 431/2615/2385 429/2623/2400
f 431/2615/2385 427/2624/2385 429/2623/2400
f 427/2624/2385 431/2615/2385 430/2616/2385
f 427/2624/2385 430/2616/2385 425/2625/2385
f 425/2625/2385 430/2616/2385 417/2626/2385
f 425/2625/2385 417/2626/2385 416/2627/2393
f 429/2623/2400 427/2624/2385 428/2628/2401
f 428/2628/2401 427/2624/2385 426/2629/1380
f 426/2629/1380 427/2624/2385 425/2625/2385
f 426/2629/1380 425/2625/2385 424/2630/2402
f 424/2630/2402 425/2625/2385 416/2627/2393
f 424/2630/2402 416/2627/2393 423/2631/2403
f 423/2631/2403 416/2627/2393 414/2632/2404
f 423/2631/2403 414/2632/2404 413/2633/2405
f 422/2634/2406 408/2635/2407 407/2636/2393
f 422/2634/2406 407/2636/2393 421/2637/2408
f 421/2637/2408 407/2636/2393 406/2597/2385
f 421/2637/2408 406/2597/2385 420/2638/2409
f 420/2638/2409 406/2597/2385 419/2600/2385
f 420/2638/2409 419/2600/2385 418/2617/2394
f 416/2627/2393 417/2626/2385 415/2639/2385
f 416/2627/2393 415/2639/2385 414/2632/2404
f 414/2632/2404 415/2639/2385 393/2640/2404
f 414/2632/2404 393/2640/2404 394/2641/2410
f 413/2633/2405 414/2632/2404 394/2641/2410
f 396/2642/2411 413/2633/2405 394/2641/2410
f 412/2643/2412 413/2633/2405 396/2642/2411
f 398/2644/2413 412/2643/2412 396/2642/2411
f 411/2645/2414 412/2643/2412 398/2644/2413
f 400/2646/2385 411/2645/2414 398/2644/2413
f 410/2647/2415 411/2645/2414 400/2646/2385
f 402/2648/2393 410/2647/2415 400/2646/2385
f 409/2649/2416 410/2647/2415 402/2648/2393
f 404/2650/2385 409/2649/2416 402/2648/2393
f 408/2635/2407 409/2649/2416 404/2650/2385
f 407/2636/2393 408/2635/2407 404/2650/2385
f 407/2636/2393 404/2650/2385 405/2598/2385
f 407/2636/2393 405/2598/2385 406/2597/2385
f 405/2598/2385 404/2650/2385 403/2651/2385
f 404/2650/2385 402/2648/2393 403/2651/2385
f 403/2651/2385 402/2648/2393 401/2652/2385
f 402/2648/2393 400/2646/2385 401/2652/2385
f 401/2652/2385 400/2646/2385 399/2653/2385
f 400/2646/2385 398/2644/2413 399/2653/2385
f 399/2653/2385 398/2644/2413 397/2654/2417
f 398/2644/2413 396/2642/2411 397/2654/2417
f 397/2654/2417 396/2642/2411 395/2655/2418
f 396/2642/2411 394/2641/2410 395/2655/2418
f 395/2655/2418 394/2641/2410 392/2656/2419
f 394/2641/2410 393/2640/2404 392/2656/2419
f 391/2053/2420 390/2052/2421 389/2062/2422
f 365/2657/234 367/2658/103 388/2659/103
f 367/2658/103 387/2660/103 388/2659/103
f 369/2661/102 387/2660/103 367/2658/103
f 369/2661/102 386/2662/103 387/2660/103
f 371/2663/103 386/2662/103 369/2661/102
f 371/2663/103 385/2664/103 386/2662/103
f 373/2665/103 385/2664/103 371/2663/103
f 373/2665/103 376/2666/102 385/2664/103
f 385/2664/103 376/2666/102 384/2667/103
f 376/2666/102 380/2668/103 384/2667/103
f 384/2667/103 380/2668/103 383/2669/103
f 380/2668/103 381/2670/102 383/2669/103
f 383/2669/103 381/2670/102 382/2671/103
f 381/2670/102 344/2672/246 382/2671/103
f 343/2673/2423 344/2672/246 381/2670/102
f 354/2674/2424 343/2673/2423 381/2670/102
f 381/2670/102 380/2668/103 354/2674/2424
f 354/2674/2424 380/2668/103 379/2675/2425
f 380/2668/103 376/2666/102 379/2675/2425
f 379/2675/2425 376/2666/102 375/2676/2426
f 378/2677/2427 364/2678/2428 363/2679/2429
f 378/2677/2427 366/2680/2430 364/2678/2428
f 377/2681/2431 366/2680/2430 378/2677/2427
f 377/2681/2431 368/2682/2432 366/2680/2430
f 376/2666/102 373/2665/103 375/2676/2426
f 375/2676/2426 373/2665/103 374/2683/2433
f 374/2683/2433 373/2665/103 372/2684/1385
f 372/2684/1385 373/2665/103 371/2663/103
f 372/2684/1385 371/2663/103 370/2685/2434
f 370/2685/2434 371/2663/103 369/2661/102
f 370/2685/2434 369/2661/102 368/2682/2432
f 368/2682/2432 369/2661/102 367/2658/103
f 366/2680/2430 368/2682/2432 367/2658/103
f 366/2680/2430 367/2658/103 365/2657/234
f 366/2680/2430 365/2657/234 364/2678/2428
f 364/2678/2428 365/2657/234 356/2686/2435
f 364/2678/2428 356/2686/2435 357/2687/2436
f 363/2679/2429 364/2678/2428 357/2687/2436
f 359/2688/2437 363/2679/2429 357/2687/2436
f 362/2689/2438 363/2679/2429 359/2688/2437
f 353/2690/103 362/2689/2438 359/2688/2437
f 352/2691/1357 362/2689/2438 353/2690/103
f 350/2692/103 351/2693/103 361/2694/103
f 351/2693/103 353/2690/103 361/2694/103
f 361/2694/103 353/2690/103 360/2695/103
f 353/2690/103 359/2688/2437 360/2695/103
f 360/2695/103 359/2688/2437 358/2696/240
f 359/2688/2437 357/2687/2436 358/2696/240
f 358/2696/240 357/2687/2436 355/2697/239
f 357/2687/2436 356/2686/2435 355/2697/239
f 342/2698/2439 343/2673/2423 354/2674/2424
f 351/2693/103 352/2691/1357 353/2690/103
f 330/2699/1090 352/2691/1357 351/2693/103
f 329/2700/103 330/2699/1090 351/2693/103
f 329/2700/103 351/2693/103 350/2692/103
f 329/2700/103 350/2692/103 333/2701/103
f 333/2701/103 350/2692/103 349/2702/103
f 333/2701/103 349/2702/103 335/2703/103
f 335/2703/103 349/2702/103 348/2704/103
f 335/2703/103 348/2704/103 337/2705/2440
f 337/2705/2440 348/2704/103 347/2706/241
f 337/2705/2440 347/2706/241 339/2707/2441
f 339/2707/2441 347/2706/241 346/2708/2442
f 345/2709/244 339/2707/2441 346/2708/2442
f 340/2710/2443 339/2707/2441 345/2709/244
f 344/2672/246 340/2710/2443 345/2709/244
f 343/2673/2423 340/2710/2443 344/2672/246
f 340/2710/2443 343/2673/2423 341/2711/2444
f 341/2711/2444 343/2673/2423 342/2698/2439
f 338/2712/2445 340/2710/2443 341/2711/2444
f 339/2707/2441 340/2710/2443 338/2712/2445
f 338/2712/2445 337/2705/2440 339/2707/2441
f 336/2713/2446 337/2705/2440 338/2712/2445
f 336/2713/2446 335/2703/103 337/2705/2440
f 334/2714/1452 335/2703/103 336/2713/2446
f 334/2714/1452 333/2701/103 335/2703/103
f 332/2715/2447 333/2701/103 334/2714/1452
f 332/2715/2447 329/2700/103 333/2701/103
f 331/2716/1358 329/2700/103 332/2715/2447
f 331/2716/1358 330/2699/1090 329/2700/103
f 328/2717/2448 327/939/2448 326/2718/2258
f 326/2718/2258 327/939/2448 325/938/2257
f 326/2718/2258 325/938/2257 324/2719/2260
f 324/2719/2260 325/938/2257 323/935/2449
f 324/2719/2260 323/935/2449 322/2720/85
f 322/2720/85 323/935/2449 321/933/85
f 322/2720/85 321/933/85 320/2721/86
f 320/2721/86 321/933/85 319/932/2450
f 320/2721/86 319/932/2450 318/2722/88
f 318/2722/88 319/932/2450 307/930/1124
f 318/2722/88 307/930/1124 306/2723/2265
f 310/2724/2451 311/2725/2452 317/2726/2453
f 317/2726/2453 311/2725/2452 316/2727/2454
f 317/2726/2453 316/2727/2454 314/2728/2455
f 314/2728/2455 316/2727/2454 313/2729/2456
f 316/2727/2454 312/2730/2457 313/2729/2456
f 311/2725/2452 312/2730/2457 316/2727/2454
f 299/2731/2458 296/2732/2459 297/2733/2460
f 315/2734/2461 299/2731/2458 297/2733/2460
f 300/2735/2462 299/2731/2458 315/2734/2461
f 315/2734/2461 314/2728/2455 300/2735/2462
f 300/2735/2462 314/2728/2455 313/2729/2456
f 313/2729/2456 301/2736/2463 300/2735/2462
f 313/2729/2456 312/2730/2457 301/2736/2463
f 302/2737/2464 301/2736/2463 312/2730/2457
f 302/2737/2464 312/2730/2457 311/2725/2452
f 303/2738/2465 302/2737/2464 311/2725/2452
f 311/2725/2452 308/2723/2466 303/2738/2465
f 310/2724/2451 308/2723/2466 311/2725/2452
f 310/2724/2451 309/2722/2467 308/2723/2466
f 306/2723/2265 307/930/1124 305/928/2468
f 306/2723/2265 305/928/2468 303/2738/2465
f 303/2738/2465 305/928/2468 304/925/2469
f 304/925/2469 294/922/2470 303/2738/2465
f 303/2738/2465 294/922/2470 279/2739/2471
f 279/2739/2471 302/2737/2464 303/2738/2465
f 279/2739/2471 277/2740/2472 302/2737/2464
f 277/2740/2472 301/2736/2463 302/2737/2464
f 301/2736/2463 277/2740/2472 276/2741/2473
f 300/2735/2462 301/2736/2463 276/2741/2473
f 265/2742/2474 300/2735/2462 276/2741/2473
f 299/2731/2458 300/2735/2462 265/2742/2474
f 264/2743/2475 299/2731/2458 265/2742/2474
f 296/2732/2459 299/2731/2458 264/2743/2475
f 264/2743/2475 266/2744/2476 296/2732/2459
f 296/2732/2459 266/2744/2476 298/2745/2477
f 298/2745/2477 295/2746/2478 296/2732/2459
f 297/2733/2460 296/2732/2459 295/2746/2478
f 294/922/2470 293/921/2479 279/2739/2471
f 279/2739/2471 293/921/2479 292/954/889
f 291/952/2480 279/2739/2471 292/954/889
f 282/949/2481 279/2739/2471 291/952/2480
f 271/2747/2482 273/2748/2483 287/2749/2484
f 287/2749/2484 273/2748/2483 285/2750/2485
f 286/2751/2486 287/2749/2484 285/2750/2485
f 267/1119/818 268/2752/307 290/1277/307
f 290/1277/307 268/2752/307 289/1274/874
f 289/1274/874 268/2752/307 271/2747/2482
f 289/1274/874 271/2747/2482 288/1272/871
f 288/1272/871 271/2747/2482 287/2749/2484
f 287/2749/2484 284/1270/2487 288/1272/871
f 278/2753/2488 284/1270/2487 287/2749/2484
f 286/2751/2486 278/2753/2488 287/2749/2484
f 275/2754/2489 278/2753/2488 286/2751/2486
f 286/2751/2486 285/2750/2485 275/2754/2489
f 275/2754/2489 285/2750/2485 274/2755/2490
f 285/2750/2485 273/2748/2483 274/2755/2490
f 284/1270/2487 278/2753/2488 280/1268/2491
f 283/947/859 281/1170/860 282/949/2481
f 281/1170/860 279/2739/2471 282/949/2481
f 280/1268/2491 279/2739/2471 281/1170/860
f 280/1268/2491 278/2753/2488 279/2739/2471
f 278/2753/2488 277/2740/2472 279/2739/2471
f 277/2740/2472 278/2753/2488 275/2754/2489
f 276/2741/2473 277/2740/2472 275/2754/2489
f 276/2741/2473 275/2754/2489 265/2742/2474
f 265/2742/2474 275/2754/2489 274/2755/2490
f 263/2756/2492 265/2742/2474 274/2755/2490
f 274/2755/2490 273/2748/2483 263/2756/2492
f 273/2748/2483 262/2757/2493 263/2756/2492
f 262/2757/2493 273/2748/2483 272/2758/872
f 272/2758/872 273/2748/2483 271/2747/2482
f 272/2758/872 271/2747/2482 270/1776/307
f 270/1776/307 271/2747/2482 268/2752/307
f 268/2752/307 269/1118/817 270/1776/307
f 269/1118/817 268/2752/307 267/1119/818
f 266/2744/2476 264/2743/2475 261/2759/2494
f 264/2743/2475 265/2742/2474 263/2756/2492
f 261/2759/2494 264/2743/2475 263/2756/2492
f 263/2756/2492 262/2757/2493 261/2759/2494
f 260/2760/2495 259/2761/2496 252/2762/294
f 252/2762/294 259/2761/2496 251/2763/2497
f 258/2764/2498 251/2763/2497 259/2761/2496
f 257/2765/2499 251/2763/2497 258/2764/2498
f 256/2766/2500 257/2765/2499 258/2764/2498
f 247/2767/2501 257/2765/2499 256/2766/2500
f 255/2768/2502 247/2767/2501 256/2766/2500
f 248/2769/2503 247/2767/2501 255/2768/2502
f 255/2768/2502 254/2770/2504 248/2769/2503
f 248/2769/2503 254/2770/2504 220/2771/2505
f 220/2771/2505 253/2772/2506 248/2769/2503
f 248/2769/2503 253/2772/2506 244/2773/2507
f 230/2774/2508 244/2773/2507 253/2772/2506
f 229/2775/2509 244/2773/2507 230/2774/2508
f 249/2765/2510 250/2776/2511 251/2763/2497
f 252/2762/294 251/2763/2497 237/2582/294
f 251/2763/2497 250/2776/2511 237/2582/294
f 250/2776/2511 239/2777/2512 237/2582/294
f 250/2776/2511 241/2778/2513 239/2777/2512
f 241/2778/2513 250/2776/2511 249/2765/2510
f 249/2765/2510 243/2779/2514 241/2778/2513
f 247/2767/2501 243/2779/2514 249/2765/2510
f 247/2767/2501 244/2773/2507 243/2779/2514
f 248/2769/2503 244/2773/2507 247/2767/2501
f 231/2780/2515 242/2781/2516 229/2775/2509
f 245/2782/2517 242/2781/2516 231/2780/2515
f 246/2783/2518 242/2781/2516 245/2782/2517
f 240/2784/2519 242/2781/2516 246/2783/2518
f 238/2785/2520 240/2784/2519 246/2783/2518
f 238/2785/2520 246/2783/2518 236/2786/2521
f 236/2786/2521 246/2783/2518 234/2787/2522
f 246/2783/2518 245/2782/2517 234/2787/2522
f 234/2787/2522 245/2782/2517 232/2788/2523
f 245/2782/2517 231/2780/2515 232/2788/2523
f 229/2775/2509 243/2779/2514 244/2773/2507
f 242/2781/2516 243/2779/2514 229/2775/2509
f 242/2781/2516 241/2778/2513 243/2779/2514
f 240/2784/2519 241/2778/2513 242/2781/2516
f 239/2777/2512 241/2778/2513 240/2784/2519
f 239/2777/2512 240/2784/2519 238/2785/2520
f 239/2777/2512 238/2785/2520 237/2582/294
f 238/2785/2520 236/2786/2521 237/2582/294
f 236/2786/2521 235/2583/2374 237/2582/294
f 236/2786/2521 234/2787/2522 235/2583/2374
f 235/2583/2374 234/2787/2522 233/2591/2524
f 234/2787/2522 232/2788/2523 233/2591/2524
f 233/2591/2524 232/2788/2523 228/2589/2525
f 232/2788/2523 227/2789/2526 228/2589/2525
f 232/2788/2523 231/2780/2515 227/2789/2526
f 215/2790/2527 227/2789/2526 231/2780/2515
f 229/2775/2509 215/2790/2527 231/2780/2515
f 230/2774/2508 215/2790/2527 229/2775/2509
f 228/2589/2525 227/2789/2526 226/2587/2528
f 227/2789/2526 225/2791/2529 226/2587/2528
f 225/2791/2529 227/2789/2526 215/2790/2527
f 226/2587/2528 225/2791/2529 211/2586/2530
f 224/2770/2531 223/2792/2532 220/2771/2505
f 220/2771/2505 223/2792/2532 222/2793/2533
f 221/2793/2534 219/2794/2535 220/2771/2505
f 220/2771/2505 219/2794/2535 218/2772/2536
f 217/2795/2537 218/2772/2536 219/2794/2535
f 216/2774/2538 218/2772/2536 217/2795/2537
f 217/2795/2537 214/2796/2539 216/2774/2538
f 216/2774/2538 214/2796/2539 215/2790/2540
f 214/2796/2539 213/2791/2541 215/2790/2540
f 212/2797/2542 213/2791/2541 214/2796/2539
f 213/2791/2541 212/2797/2542 211/2586/2543
f 211/2586/2543 212/2797/2542 208/2798/1990
f 208/2798/1990 209/2584/2544 211/2586/2543
f 210/2799/2545 209/2584/2544 208/2798/1990
f 96/2257/307 97/2800/1099 207/2256/305
f 97/2800/1099 206/2801/1368 207/2256/305
f 207/2256/305 206/2801/1368 205/2255/1367
f 206/2801/1368 204/2802/1088 205/2255/1367
f 205/2255/1367 204/2802/1088 185/2254/2546
f 185/2254/2546 204/2802/1088 109/2803/1510
f 184/2804/2547 185/2254/2546 109/2803/1510
f 109/2803/1510 110/2805/2548 184/2804/2547
f 110/2805/2548 187/2806/2549 184/2804/2547
f 203/2807/2550 187/2806/2549 110/2805/2548
f 203/2807/2550 188/2808/2551 187/2806/2549
f 202/2809/2552 188/2808/2551 203/2807/2550
f 202/2809/2552 189/2810/2553 188/2808/2551
f 201/2811/2554 189/2810/2553 202/2809/2552
f 201/2811/2554 200/2812/2555 189/2810/2553
f 199/2813/2556 200/2812/2555 201/2811/2554
f 199/2813/2556 183/2814/2557 200/2812/2555
f 182/2815/2558 183/2814/2557 199/2813/2556
f 198/2247/51 153/2816/51 154/2246/51
f 197/2248/51 153/2816/51 198/2247/51
f 196/2249/2559 153/2816/51 197/2248/51
f 195/2817/2560 153/2816/51 196/2249/2559
f 193/2250/2561 195/2817/2560 196/2249/2559
f 194/2818/2562 195/2817/2560 193/2250/2561
f 178/2819/2563 194/2818/2562 193/2250/2561
f 192/2251/2564 178/2819/2563 193/2250/2561
f 180/2820/2565 178/2819/2563 192/2251/2564
f 180/2820/2565 192/2251/2564 183/2814/2557
f 192/2251/2564 190/2252/2566 183/2814/2557
f 191/2812/2567 183/2814/2557 190/2252/2566
f 191/2812/2567 190/2252/2566 189/2810/2553
f 189/2810/2553 190/2252/2566 186/2253/1499
f 189/2810/2553 186/2253/1499 188/2808/2551
f 188/2808/2551 186/2253/1499 187/2806/2549
f 187/2806/2549 186/2253/1499 184/2804/2547
f 186/2253/1499 185/2254/2546 184/2804/2547
f 182/2815/2558 180/2820/2565 183/2814/2557
f 181/2821/1891 180/2820/2565 182/2815/2558
f 181/2821/1891 179/2822/2568 180/2820/2565
f 180/2820/2565 179/2822/2568 178/2819/2563
f 179/2822/2568 177/2823/1887 178/2819/2563
f 178/2819/2563 177/2823/1887 176/2818/48
f 177/2823/1887 175/2824/2569 176/2818/48
f 176/2818/48 175/2824/2569 174/2817/2570
f 175/2824/2569 173/2825/1956 174/2817/2570
f 174/2817/2570 173/2825/1956 153/2816/51
f 173/2825/1956 172/2826/2571 153/2816/51
f 153/2816/51 172/2826/2571 159/2827/2572
f 172/2826/2571 171/2828/1952 159/2827/2572
f 159/2827/2572 171/2828/1952 170/2829/1141
f 171/2828/1952 169/2830/1950 170/2829/1141
f 170/2829/1141 169/2830/1950 168/2831/2573
f 169/2830/1950 167/2832/2574 168/2831/2573
f 168/2831/2573 167/2832/2574 165/2833/1075
f 164/2238/2575 165/2833/1075 166/2237/1075
f 163/2831/2576 165/2833/1075 164/2238/2575
f 162/2239/2577 163/2831/2576 164/2238/2575
f 161/2829/2578 163/2831/2576 162/2239/2577
f 160/2240/2579 161/2829/2578 162/2239/2577
f 159/2827/2572 161/2829/2578 160/2240/2579
f 160/2240/2579 158/2241/2572 159/2827/2572
f 159/2827/2572 158/2241/2572 153/2816/51
f 158/2241/2572 157/2242/51 153/2816/51
f 157/2242/51 156/2243/51 153/2816/51
f 156/2243/51 155/2244/51 153/2816/51
f 155/2244/51 152/2245/51 153/2816/51
f 154/2246/51 153/2816/51 152/2245/51
f 151/2834/2504 142/2835/2580 137/2836/2581
f 137/2836/2581 142/2835/2580 139/2837/2582
f 142/2835/2580 143/2838/2583 139/2837/2582
f 139/2837/2582 143/2838/2583 138/2839/2584
f 145/2840/2585 138/2839/2584 143/2838/2583
f 148/2841/2586 138/2839/2584 145/2840/2585
f 150/2842/2587 138/2839/2584 148/2841/2586
f 150/2842/2587 148/2841/2586 149/2843/2588
f 149/2843/2588 148/2841/2586 147/2844/2589
f 148/2841/2586 145/2840/2585 147/2844/2589
f 147/2844/2589 145/2840/2585 146/2845/2590
f 146/2845/2590 145/2840/2585 144/2846/2591
f 144/2846/2591 145/2840/2585 143/2838/2583
f 144/2846/2591 143/2838/2583 142/2835/2580
f 137/2836/2581 140/2847/2592 141/2848/2593
f 138/2839/2584 140/2847/2592 137/2836/2581
f 137/2836/2581 139/2837/2582 138/2839/2584
f 137/2836/2594 135/2848/2595 136/2834/2531
f 136/2834/2531 135/2848/2595 134/2849/2532
f 133/2850/2596 131/1131/2597 132/1027/2597
f 132/1027/2597 131/1131/2597 130/1028/2598
f 129/1198/2599 127/2850/2600 128/1197/2601
f 128/1197/2601 127/2850/2600 126/1027/2602
f 125/2851/2603 104/2852/2604 105/2853/2605
f 125/2851/2603 124/2854/1119 104/2852/2604
f 123/2855/2606 124/2854/1119 125/2851/2603
f 123/2855/2606 122/2856/2607 124/2854/1119
f 121/2857/2608 122/2856/2607 123/2855/2606
f 121/2857/2608 120/2858/309 122/2856/2607
f 119/2859/2609 120/2858/309 121/2857/2608
f 119/2859/2609 98/2860/307 120/2858/309
f 118/2861/2610 98/2860/307 119/2859/2609
f 118/2861/2610 117/2862/1915 98/2860/307
f 98/2860/307 117/2862/1915 116/2800/305
f 117/2862/1915 115/2863/2611 116/2800/305
f 116/2800/305 115/2863/2611 114/2801/1367
f 115/2863/2611 113/2864/2612 114/2801/1367
f 114/2801/1367 113/2864/2612 112/2802/1100
f 113/2864/2612 111/2865/2613 112/2802/1100
f 112/2802/1100 111/2865/2613 109/2803/1510
f 111/2865/2613 110/2805/2548 109/2803/1510
f 81/2866/2614 108/2867/2615 80/2868/1210
f 80/2868/1210 108/2867/2615 67/2869/2616
f 108/2867/2615 107/2870/2617 67/2869/2616
f 67/2869/2616 107/2870/2617 66/2871/2618
f 107/2870/2617 106/2872/2619 66/2871/2618
f 66/2871/2618 106/2872/2619 65/2873/2620
f 106/2872/2619 105/2853/2605 65/2873/2620
f 65/2873/2620 105/2853/2605 63/2874/2621
f 105/2853/2605 104/2852/2604 63/2874/2621
f 63/2874/2621 104/2852/2604 62/2260/2622
f 103/2854/1095 62/2260/2622 104/2852/2604
f 103/2854/1095 102/2259/2623 62/2260/2622
f 101/2856/310 102/2259/2623 103/2854/1095
f 101/2856/310 100/2258/309 102/2259/2623
f 99/2858/308 100/2258/309 101/2856/310
f 100/2258/309 99/2858/308 96/2257/307
f 96/2257/307 99/2858/308 98/2860/307
f 98/2860/307 97/2800/1099 96/2257/307
f 95/2875/2624 94/2876/2625 60/2877/1109
f 93/2878/2626 94/2876/2625 95/2875/2624
f 93/2878/2626 92/2879/1148 94/2876/2625
f 91/2880/2627 92/2879/1148 93/2878/2626
f 91/2880/2627 54/2881/2628 92/2879/1148
f 90/2882/2629 54/2881/2628 91/2880/2627
f 90/2882/2629 47/2883/480 54/2881/2628
f 89/2884/2630 47/2883/480 90/2882/2629
f 89/2884/2630 88/2885/2631 47/2883/480
f 87/2886/2632 88/2885/2631 89/2884/2630
f 87/2886/2632 86/2887/1114 88/2885/2631
f 85/2888/1939 86/2887/1114 87/2886/2632
f 85/2888/1939 73/2889/2633 86/2887/1114
f 84/2890/2634 73/2889/2633 85/2888/1939
f 84/2890/2634 72/2891/2635 73/2889/2633
f 83/2892/2636 72/2891/2635 84/2890/2634
f 83/2892/2636 82/2893/2637 72/2891/2635
f 72/2891/2635 82/2893/2637 70/2894/2638
f 82/2893/2637 81/2866/2614 70/2894/2638
f 70/2894/2638 81/2866/2614 80/2868/1210
f 79/2267/480 49/2195/480 47/2883/480
f 78/2266/480 79/2267/480 47/2883/480
f 47/2883/480 77/2265/2639 78/2266/480
f 76/2885/833 77/2265/2639 47/2883/480
f 77/2265/2639 76/2885/833 74/2264/2640
f 74/2264/2640 76/2885/833 75/2887/2641
f 74/2264/2640 75/2887/2641 73/2889/2633
f 71/2263/2642 74/2264/2640 73/2889/2633
f 72/2891/2635 71/2263/2642 73/2889/2633
f 72/2891/2635 70/2894/2638 71/2263/2642
f 71/2263/2642 70/2894/2638 68/2262/2643
f 68/2262/2643 70/2894/2638 69/2868/2644
f 67/2869/2616 68/2262/2643 69/2868/2644
f 64/2261/2645 68/2262/2643 67/2869/2616
f 67/2869/2616 66/2871/2618 64/2261/2645
f 66/2871/2618 65/2873/2620 64/2261/2645
f 65/2873/2620 63/2874/2621 64/2261/2645
f 64/2261/2645 63/2874/2621 62/2260/2622
f 61/2204/1109 60/2877/1109 59/2203/1108
f 59/2203/1108 60/2877/1109 58/2876/2646
f 58/2876/2646 57/2202/2647 59/2203/1108
f 56/2879/2648 57/2202/2647 58/2876/2646
f 57/2202/2647 56/2879/2648 55/2201/2649
f 55/2201/2649 56/2879/2648 54/2881/2628
f 55/2201/2649 54/2881/2628 53/2200/2628
f 54/2881/2628 47/2883/480 53/2200/2628
f 53/2200/2628 47/2883/480 52/2199/480
f 52/2199/480 47/2883/480 51/2198/480
f 51/2198/480 47/2883/480 50/2197/480
f 48/2196/480 50/2197/480 47/2883/480
f 49/2195/480 48/2196/480 47/2883/480
f 30/2895/2650 34/2896/2651 29/2897/2652
f 29/2897/2652 34/2896/2651 46/2898/2653
f 34/2896/2651 44/2899/2654 46/2898/2653
f 46/2898/2653 44/2899/2654 45/2900/2655
f 44/2899/2654 43/2901/2656 45/2900/2655
f 38/2902/2657 43/2901/2656 44/2899/2654
f 38/2902/2657 40/2903/2658 43/2901/2656
f 39/2904/2659 40/2903/2658 38/2902/2657
f 42/2905/2660 21/2906/2661 22/2907/2662
f 27/2908/2663 21/2906/2661 42/2905/2660
f 41/2909/2664 27/2908/2663 42/2905/2660
f 28/2910/2665 27/2908/2663 41/2909/2664
f 40/2903/2658 28/2910/2665 41/2909/2664
f 39/2904/2659 28/2910/2665 40/2903/2658
f 39/2904/2659 18/2911/2666 28/2910/2665
f 38/2902/2657 18/2911/2666 39/2904/2659
f 18/2911/2666 38/2902/2657 37/2912/2667
f 37/2912/2667 38/2902/2657 36/2899/2668
f 37/2912/2667 36/2899/2668 35/2913/2669
f 35/2913/2669 36/2899/2668 34/2896/2651
f 35/2913/2669 34/2896/2651 33/2914/2670
f 33/2914/2670 34/2896/2651 30/2895/2650
f 33/2914/2670 30/2895/2650 9/2915/56
f 9/2915/56 30/2895/2650 32/2916/56
f 32/2916/56 30/2895/2650 31/2917/2671
f 31/2917/2671 30/2895/2650 29/2897/2652
f 26/2918/2672 25/2919/2673 23/2920/2674
f 28/2910/2665 18/2911/2666 27/2908/2663
f 27/2908/2663 18/2911/2666 21/2906/2661
f 21/2906/2661 18/2911/2666 23/2920/2674
f 18/2911/2666 26/2918/2672 23/2920/2674
f 26/2918/2672 18/2911/2666 19/2921/2675
f 19/2921/2675 25/2919/2673 26/2918/2672
f 24/2922/2676 25/2919/2673 19/2921/2675
f 24/2922/2676 23/2920/2674 25/2919/2673
f 20/2923/2677 23/2920/2674 24/2922/2676
f 20/2923/2677 21/2906/2661 23/2920/2674
f 22/2907/2662 21/2906/2661 20/2923/2677
f 19/2921/2675 18/2911/2666 17/2924/2678
f 15/2912/2654 17/2924/2678 18/2911/2666
f 16/2925/2679 17/2924/2678 15/2912/2654
f 15/2912/2654 14/2926/2680 16/2925/2679
f 13/2913/2681 14/2926/2680 15/2912/2654
f 13/2913/2681 10/2927/2682 14/2926/2680
f 12/2914/2683 10/2927/2682 13/2913/2681
f 9/2915/1075 10/2927/2682 12/2914/2683
f 11/2928/2684 10/2927/2682 9/2915/1075
f 5/1740/2685 8/1743/2422 7/2929/2422
f 2/1732/2685 4/2929/2685 6/2930/2685
f 5/1740/2685 4/2929/2685 2/1732/2685
f 3/1733/2686 2/1732/2685 1/2930/2083
