# Blender 5.0.0
# www.blender.org
mtllib building5.mtl
o Tower_01.smd
v -36.173355 28.828707 -5.181425
v -33.184742 28.828709 -5.181427
v -36.173355 29.285904 -5.181424
v -33.184742 29.285906 -5.181427
v -36.173355 32.029099 -5.181425
v -33.184742 32.029102 -5.181427
v -36.173355 32.486298 -5.181425
v -33.184742 32.486298 -5.181428
v -33.184742 30.352703 -5.181427
v -33.184742 29.895506 -5.181427
v -33.184746 30.352701 -7.472340
v -33.184742 29.895506 -7.472341
v -36.173355 29.895504 -5.181425
v -33.184742 29.895506 -5.181427
v -36.173355 30.352701 -5.181424
v -33.184742 30.352703 -5.181427
v -43.093124 62.493423 -4.971421
v -44.128807 62.493423 -4.971420
v -43.093124 61.356934 -6.222311
v -44.128807 61.356934 -6.222311
v -38.709282 39.403652 -9.711744
v -40.838928 41.920746 -12.256418
v -38.819859 39.403652 -9.991586
v -40.912113 41.920746 -12.498602
v -38.621250 38.859913 -9.753603
v -38.519955 38.859913 -9.470187
v -38.621250 39.164711 -9.753603
v -38.519955 39.164711 -9.470187
v -38.819859 39.403652 -9.991586
v -44.413147 20.742872 -9.470183
v -39.308838 25.305372 -9.753598
v -44.514236 20.743052 -9.753599
v -39.207542 25.305372 -9.470182
v -38.801170 25.989571 -9.753599
v -38.699875 25.989571 -9.470183
v -38.621250 26.822327 -9.753600
v -38.519955 26.822327 -9.470185
v -38.621250 38.859913 -9.753603
v -40.917015 53.024147 -12.724455
v -40.830227 53.024151 -12.430655
v -38.215969 57.345829 -12.724461
v -38.117649 57.345829 -12.435875
v -37.953598 57.912018 -12.436188
v -38.052601 57.912018 -12.724460
v -37.953598 57.607216 -12.436192
v -38.052601 57.607216 -12.724461
v -38.215969 57.345829 -12.724461
v -38.052601 57.912018 -12.724460
v -38.052601 61.642723 -12.724460
v -37.953724 61.811119 -12.436144
v -38.052601 61.947525 -12.724460
v -38.052601 61.642723 -12.724460
v -37.989353 62.120327 -12.541697
v -37.771782 62.308083 -11.910552
v -37.815697 62.594772 -12.039903
v -40.838928 41.920746 -12.256418
v -41.030785 42.147507 -12.485662
v -40.912113 41.920746 -12.498602
v -41.100597 42.147507 -12.724453
v -41.100597 42.452309 -12.724453
v -41.030785 42.452309 -12.484468
v -41.015156 52.425610 -12.432214
v -41.100597 52.425610 -12.724455
v -41.100597 52.730412 -12.724455
v -41.014595 52.730412 -12.430300
v -40.917015 53.024147 -12.724455
v -33.184742 29.285906 -5.181427
v -33.184742 28.828709 -5.181427
v -33.184746 29.285904 -7.472340
v -33.184742 28.828709 -7.472341
v -36.173355 30.962301 -5.181425
v -33.184742 30.962303 -5.181427
v -36.173355 31.419498 -5.181425
v -33.184742 31.419502 -5.181428
v -33.184742 31.419502 -5.181428
v -33.184742 30.962303 -5.181427
v -33.184746 31.419500 -7.472341
v -33.184742 30.962305 -7.472342
v -36.173355 33.095898 -5.181425
v -33.184742 33.095898 -5.181427
v -36.173355 33.553093 -5.181425
v -33.184742 33.553097 -5.181428
v -33.184742 33.553097 -5.181428
v -33.184742 33.095898 -5.181427
v -33.184746 33.553097 -7.472342
v -33.184742 33.095901 -7.472343
v -36.173355 35.229492 -5.181426
v -33.184742 35.229496 -5.181428
v -36.173355 35.686691 -5.181425
v -33.184742 35.686691 -5.181428
v -33.184742 35.686691 -5.181428
v -33.184742 35.229496 -5.181428
v -33.184746 35.686691 -7.472343
v -33.184742 35.229496 -7.472344
v -36.173355 37.363087 -5.181426
v -33.184742 37.363091 -5.181428
v -36.173355 37.820286 -5.181426
v -33.184742 37.820290 -5.181429
v -33.184742 37.820290 -5.181429
v -33.184742 37.363091 -5.181428
v -33.184746 37.820290 -7.472344
v -33.184742 37.363094 -7.472345
v -36.173355 39.496689 -5.181426
v -33.184742 39.496689 -5.181428
v -36.173355 39.953884 -5.181426
v -33.184742 39.953888 -5.181429
v -33.184742 39.953888 -5.181429
v -33.184742 39.496689 -5.181428
v -33.184746 39.953888 -7.472345
v -33.184742 39.496693 -7.472346
v -33.184742 38.887089 -5.181429
v -33.184742 38.429890 -5.181428
v -33.184746 38.887089 -7.472345
v -33.184742 38.429893 -7.472346
v -36.173355 38.429890 -5.181426
v -33.184742 38.429890 -5.181428
v -36.173355 38.887085 -5.181426
v -33.184742 38.887089 -5.181429
v -33.184742 36.753490 -5.181429
v -33.184742 36.296291 -5.181428
v -33.184746 36.753490 -7.472344
v -33.184742 36.296295 -7.472345
v -36.173355 36.296291 -5.181426
v -33.184742 36.296291 -5.181428
v -36.173355 36.753487 -5.181426
v -33.184742 36.753490 -5.181429
v -33.184742 34.619896 -5.181428
v -33.184742 34.162697 -5.181428
v -33.184746 34.619896 -7.472343
v -33.184742 34.162701 -7.472344
v -36.173355 34.162693 -5.181426
v -33.184742 34.162697 -5.181428
v -36.173355 34.619892 -5.181425
v -33.184742 34.619896 -5.181428
v -33.184742 32.486298 -5.181428
v -33.184742 32.029102 -5.181427
v -33.184746 32.486298 -7.472341
v -33.184742 32.029102 -7.472342
v -44.772316 20.572952 -9.305878
v -44.859737 20.573805 -9.601199
v -44.799732 20.404043 -9.470182
v -44.900436 20.404560 -9.753598
v -37.839382 62.411415 -11.631701
v -37.832066 62.690067 -11.722175
v -37.771782 62.308083 -11.910552
v -37.815697 62.594772 -12.039903
v -37.664097 63.008972 -11.601831
v -37.832066 62.690067 -11.722175
v -37.612946 62.741940 -11.451707
v -37.839382 62.411415 -11.631701
v -44.514236 20.743052 -9.753599
v -44.859737 20.573805 -9.601199
v -44.413147 20.742872 -9.470183
v -44.772316 20.572952 -9.305878
v -43.945644 10.628386 7.507032
v -44.118313 10.568660 7.641182
v -43.867298 10.628386 7.764997
v -44.019058 10.570453 7.916423
v -43.749172 10.424791 7.916423
v -43.850067 10.423929 7.641182
v -43.867298 10.628386 7.764997
v -43.945644 10.628386 7.507032
v -44.007526 59.092197 -10.697772
v -44.007526 59.549400 -10.697772
v -44.007526 59.092197 -8.874436
v -44.007526 59.549400 -8.874436
v -43.740662 59.092197 -7.587059
v -43.740662 59.549400 -7.587059
v -43.093124 59.092197 -6.222310
v -43.093124 59.549400 -6.222310
v -46.799919 13.557806 -7.548662
v -46.749195 13.557806 -7.726645
v -46.799919 14.568502 -7.548662
v -46.749195 14.568502 -7.726645
v -46.799919 14.734497 -7.548662
v -46.749195 14.734497 -7.726645
v -30.094400 44.283260 5.827447
v -30.094398 43.660721 5.827446
v -30.890179 44.283260 6.340672
v -30.890205 43.660648 6.340671
v -32.542419 44.282524 6.946181
v -32.542530 43.660164 6.946178
v -38.424931 43.660007 6.684637
v -38.424931 44.281479 6.685244
v -44.128807 61.356934 -6.222311
v -44.129932 29.851656 -6.222305
v -43.093124 61.356934 -6.222311
v -43.098076 29.788860 -6.222305
v -44.327446 28.287420 -6.222306
v -43.344051 28.005884 -6.222305
v -44.148815 26.267756 -6.222304
v -45.005161 26.830608 -6.222305
v -45.332550 24.904867 -6.222305
v -46.052570 25.645510 -6.222305
v -52.818874 18.607946 -6.222302
v -53.484966 19.401016 -6.222304
v -29.677288 1.635263 -5.501079
v -29.601091 1.603933 -5.424882
v -28.609825 1.602575 -4.433611
v -29.708843 1.710712 -5.532634
v -28.533636 1.633640 -4.357426
v -28.502071 1.708829 -4.325859
v -28.502071 41.233112 -4.325865
v -29.708843 41.233112 -5.532640
v -37.024483 70.399223 -9.753607
v -37.024483 65.836823 -9.753606
v -36.927349 70.399223 -9.469543
v -36.925560 65.836823 -9.465304
v -37.050598 65.105141 -9.829078
v -36.954628 65.019913 -9.549290
v -37.042377 64.419937 -9.803051
v -37.126915 64.583725 -10.049593
v -37.176430 63.934265 -10.190696
v -37.247456 64.147293 -10.397911
v -37.664097 63.008972 -11.601831
v -37.612946 62.741940 -11.451707
v -44.799732 20.404043 -9.470182
v -44.900436 20.404560 -9.753598
v -48.608368 17.065929 -9.470182
v -48.710335 17.065340 -9.753598
v -48.864456 16.717112 -9.451513
v -48.964165 16.723240 -9.753597
v -48.940094 16.305662 -9.434541
v -49.054131 16.306864 -9.753598
v -48.940094 10.515572 -9.434540
v -49.054131 10.515572 -9.753597
v -48.947449 10.120577 -9.753597
v -48.833412 10.120577 -9.434540
v -48.656418 9.832994 -9.753597
v -48.542381 9.832994 -9.434540
v -40.847759 5.407042 -9.753597
v -40.734215 5.407317 -9.434540
v -40.556728 5.119460 -9.753596
v -40.442257 5.117285 -9.434539
v -40.450050 4.724465 -9.753597
v -40.336018 4.719710 -9.434541
v -40.450050 0.000018 -9.753596
v -40.336018 0.000018 -9.434540
v -44.455055 59.112171 3.314691
v -44.455055 59.112171 3.009891
v -44.455055 59.416969 3.314690
v -44.455055 59.416969 3.009890
v -44.455055 59.569370 3.314690
v -44.455055 59.569370 3.009890
v -44.455055 59.874168 3.314690
v -44.455055 59.874168 3.009890
v -44.455055 60.445671 3.314690
v -44.455055 60.445671 3.009890
v -44.455055 61.664871 3.314690
v -44.455055 61.664871 3.009890
v -36.415955 64.551910 9.746124
v -36.720753 64.551910 9.746124
v -36.415955 65.474876 9.746124
v -36.720753 65.474876 9.746124
v -37.149158 64.551910 9.746124
v -36.844357 64.551910 9.746124
v -37.149158 64.247108 9.746124
v -36.844357 64.247108 9.746124
v -55.446899 11.963419 -8.743952
v -55.446899 11.963418 -9.048752
v -55.446899 13.182619 -8.743952
v -55.446899 13.182618 -9.048752
v -25.995605 15.010192 -2.790460
v -25.995605 15.010192 -2.485660
v -25.995605 16.229391 -2.790460
v -25.995605 16.229391 -2.485660
v -25.995605 16.534191 -2.790460
v -25.995605 16.534191 -2.485660
v -25.995605 17.146252 -2.790461
v -25.995605 17.146252 -2.485661
v -25.995605 65.067223 -7.467610
v -25.995605 65.067223 -6.858011
v -25.995605 66.913147 -7.467611
v -25.995605 66.913147 -6.858011
v -25.995605 68.134277 -6.858011
v -25.995605 68.134277 -7.467612
v -25.995605 67.524673 -6.858012
v -25.995605 67.524673 -7.467612
v -41.950867 46.347424 -12.772085
v -41.646069 46.347424 -12.772085
v -41.950867 47.566624 -12.772085
v -41.646069 47.566624 -12.772085
v -41.950867 48.481026 -12.772085
v -41.646069 48.481026 -12.772085
v -41.950867 48.785824 -12.772085
v -41.646069 48.785824 -12.772085
v -41.949982 50.920666 -12.763509
v -41.645180 50.920666 -12.763509
v -41.949982 51.225468 -12.763509
v -41.645180 51.225468 -12.763509
v -46.264809 1.785791 6.397007
v -46.264809 1.785791 6.092207
v -46.264809 2.090591 6.397007
v -46.264809 2.090591 6.092207
v -46.264809 2.547791 6.397007
v -46.264809 2.547791 6.092207
v -46.264809 2.852591 6.397007
v -46.264809 2.852591 6.092207
v -46.264809 3.004991 6.397007
v -46.264809 3.004991 6.092207
v -46.264809 3.309791 6.397007
v -46.264809 3.309791 6.092207
v -50.040611 11.946753 7.993783
v -50.345409 11.946753 7.993783
v -50.040611 12.561943 7.993783
v -50.345409 12.561943 7.993783
v -50.040611 12.868894 7.993783
v -50.345409 12.868894 7.993783
v -50.040611 13.165953 7.993783
v -50.345409 13.165953 7.993783
v -48.697639 13.832538 7.066737
v -48.765282 13.832538 7.363936
v -48.697639 14.760974 7.066737
v -48.765282 14.760974 7.363936
v -48.697639 15.051738 7.066737
v -48.765282 15.051738 7.363936
v -48.697639 15.666409 7.066737
v -48.765282 15.666409 7.363936
v -48.923370 14.586309 -9.409376
v -48.802303 14.586309 -9.129652
v -48.923370 15.514746 -9.409377
v -48.802303 15.514746 -9.129653
v -48.923370 15.805510 -9.409377
v -48.802303 15.805510 -9.129653
v -48.923370 16.099718 -9.409377
v -48.802303 16.099718 -9.129653
v -48.923370 15.595960 -9.409377
v -48.802303 15.595960 -9.129653
v -48.923370 15.699669 -9.409377
v -48.802303 15.699669 -9.129653
v -29.025900 31.319305 5.776402
v -28.894199 31.123743 5.583235
v -28.585243 32.254475 5.130084
v -28.453541 32.058914 4.936917
v -28.475079 32.488270 4.968505
v -28.343378 32.292706 4.775337
v -28.364914 32.722061 4.806925
v -28.233213 32.526501 4.613758
v -28.161282 33.146000 4.515867
v -28.029583 32.950439 4.322700
v -28.106201 33.262897 4.435078
v -27.974499 33.067337 4.241910
v -44.007526 46.900200 -10.697770
v -44.007526 47.357399 -10.697770
v -44.007526 46.900200 -8.874434
v -44.007526 47.357399 -8.874434
v -43.740662 46.900200 -7.587058
v -43.740662 47.357399 -7.587058
v -43.093124 46.900200 -6.222308
v -43.093124 47.357399 -6.222308
v -44.007526 45.681000 -10.697770
v -44.007526 46.138199 -10.697770
v -44.007526 45.681000 -8.874434
v -44.007526 46.138199 -8.874434
v -43.740662 45.681000 -7.587058
v -43.740662 46.138199 -7.587058
v -43.093124 45.681000 -6.222308
v -43.093124 46.138199 -6.222308
v -44.007526 44.461800 -10.697770
v -44.007526 44.918999 -10.697770
v -44.007526 44.461800 -8.874434
v -44.007526 44.918999 -8.874434
v -43.740662 44.461800 -7.587057
v -43.740662 44.918999 -7.587057
v -43.093124 44.461800 -6.222308
v -43.093124 44.918999 -6.222308
v -44.007526 43.242599 -10.697769
v -44.007526 43.699799 -10.697769
v -44.007526 43.242599 -8.874434
v -44.007526 43.699799 -8.874434
v -43.740662 43.242599 -7.587057
v -43.740662 43.699799 -7.587057
v -43.093124 43.242599 -6.222308
v -43.093124 43.699799 -6.222308
v -30.094400 58.913662 5.827445
v -30.094398 58.291122 5.827444
v -30.890179 58.913662 6.340670
v -30.890205 58.291046 6.340668
v -32.542419 58.912926 6.946179
v -32.542530 58.290565 6.946176
v -38.424931 58.290405 6.684634
v -38.424931 58.911880 6.685241
v -32.206867 27.857796 7.916420
v -32.256111 27.857796 7.650617
v -30.396011 29.740641 7.223531
v -30.504557 29.740641 6.975574
v -29.998337 30.327162 6.780025
v -29.872688 30.327162 7.022782
v -29.556574 30.942720 6.549678
v -29.694328 30.942724 6.322808
v -26.546867 37.533371 2.045334
v -26.804165 37.519604 1.976503
v -26.488998 38.535351 1.502219
v -26.222572 38.538963 1.559993
v -26.379673 39.683872 1.337713
v -26.109907 39.683872 1.391373
v -26.379673 64.924667 1.337709
v -26.109907 64.936066 1.391369
v -44.019058 10.570453 7.916423
v -44.118313 10.568660 7.641182
v -45.526665 11.384130 7.916423
v -45.625870 11.382056 7.641182
v -45.821678 11.663970 7.916423
v -45.920799 11.662069 7.641182
v -45.930370 12.055797 7.916423
v -46.029446 12.053969 7.641182
v -46.029442 15.401481 7.641181
v -45.930367 15.408689 7.916423
v -45.938549 15.819358 7.641181
v -45.839031 15.823579 7.916423
v -45.680656 16.160498 7.641181
v -45.581913 16.161760 7.916422
v -37.232944 23.521297 7.647119
v -37.165104 23.521772 7.916468
v -32.256111 27.857796 7.650617
v -43.749172 10.424791 7.916423
v -37.935566 7.232792 7.641183
v -43.850067 10.423929 7.641182
v -37.836117 7.233434 7.916424
v -37.636494 6.943319 7.641183
v -37.539524 6.953700 7.916424
v -37.530460 6.541808 7.641183
v -37.430840 6.561882 7.916424
v -37.430840 0.008639 7.916425
v -37.530460 0.007667 7.641184
v -30.094400 61.352146 5.827444
v -30.094398 60.729607 5.827443
v -30.890179 61.352146 6.340669
v -30.890205 60.729530 6.340668
v -32.542419 61.351410 6.946178
v -32.542530 60.729050 6.946176
v -30.094400 32.091259 5.827449
v -30.094398 31.468721 5.827448
v -30.890179 32.091259 6.340674
v -30.890205 31.468649 6.340672
v -32.542419 32.090527 6.946183
v -32.542530 31.468166 6.946180
v -38.424931 31.468008 6.684639
v -38.424931 32.089478 6.685246
v -43.093124 60.768600 -6.222311
v -43.093124 60.311398 -6.222311
v -43.740662 60.768600 -7.587060
v -43.740662 60.311398 -7.587060
v -44.007526 60.768600 -8.874436
v -44.007526 60.311398 -8.874436
v -44.007526 60.768600 -10.697772
v -44.007526 60.311398 -10.697772
v -44.007526 48.119400 -10.697770
v -44.007526 48.576599 -10.697770
v -44.007526 48.119400 -8.874434
v -44.007526 48.576599 -8.874434
v -43.740662 48.119400 -7.587058
v -43.740662 48.576599 -7.587058
v -43.093124 48.119400 -6.222308
v -43.093124 48.576599 -6.222309
v -44.007526 49.338600 -10.697770
v -44.007526 49.795799 -10.697771
v -44.007526 49.338600 -8.874434
v -44.007526 49.795799 -8.874435
v -43.740662 49.338600 -7.587058
v -43.740662 49.795799 -7.587058
v -43.093124 49.338600 -6.222309
v -43.093124 49.795799 -6.222309
v -44.007526 50.557800 -10.697771
v -44.007526 51.014999 -10.697771
v -44.007526 50.557800 -8.874435
v -44.007526 51.014999 -8.874435
v -43.740662 50.557800 -7.587058
v -43.740662 51.014999 -7.587058
v -43.093124 50.557800 -6.222309
v -43.093124 51.014999 -6.222309
v -44.007526 51.777000 -10.697771
v -44.007526 52.234200 -10.697771
v -44.007526 51.777000 -8.874435
v -44.007526 52.234200 -8.874435
v -43.740662 51.777000 -7.587059
v -43.740662 52.234200 -7.587059
v -43.093124 51.777000 -6.222309
v -43.093124 52.234200 -6.222309
v -44.007526 52.996201 -10.697771
v -44.007526 53.453400 -10.697771
v -44.007526 52.996201 -8.874435
v -44.007526 53.453400 -8.874435
v -43.740662 52.996201 -7.587059
v -43.740662 53.453400 -7.587059
v -43.093124 52.996201 -6.222309
v -43.093124 53.453400 -6.222309
v -44.007526 54.215401 -10.697771
v -44.007526 54.672600 -10.697771
v -44.007526 54.215401 -8.874435
v -44.007526 54.672600 -8.874435
v -43.740662 54.215401 -7.587059
v -43.740662 54.672600 -7.587059
v -43.093124 54.215401 -6.222310
v -43.093124 54.672600 -6.222310
v -44.007526 55.434597 -10.697771
v -44.007526 55.891800 -10.697772
v -44.007526 55.434597 -8.874435
v -44.007526 55.891800 -8.874436
v -43.740662 55.434597 -7.587059
v -43.740662 55.891800 -7.587059
v -43.093124 55.434597 -6.222310
v -43.093124 55.891800 -6.222310
v -44.007526 56.653797 -10.697772
v -44.007526 57.111000 -10.697772
v -44.007526 56.653797 -8.874436
v -44.007526 57.111000 -8.874436
v -43.740662 56.653797 -7.587059
v -43.740662 57.111000 -7.587059
v -43.093124 56.653797 -6.222310
v -43.093124 57.111000 -6.222310
v -43.093124 58.330200 -6.222310
v -43.093124 57.872997 -6.222310
v -43.740662 58.330200 -7.587059
v -43.740662 57.872997 -7.587059
v -44.007526 58.330200 -8.874436
v -44.007526 57.872997 -8.874436
v -44.007526 58.330200 -10.697772
v -44.007526 57.872997 -10.697772
v -30.094400 56.475262 5.827445
v -30.094398 55.852722 5.827444
v -30.890179 56.475262 6.340670
v -30.890205 55.852650 6.340669
v -32.542419 56.474525 6.946179
v -32.542530 55.852165 6.946177
v -38.424931 55.852005 6.684635
v -38.424931 56.473480 6.685242
v -30.094400 34.529659 5.827448
v -30.094398 33.907124 5.827447
v -30.890179 34.529659 6.340673
v -30.890205 33.907047 6.340672
v -32.542419 34.528927 6.946183
v -32.542530 33.906563 6.946180
v -38.424931 33.906406 6.684638
v -38.424931 34.527878 6.685245
v -30.094400 54.036861 5.827446
v -30.094398 53.414322 5.827445
v -30.890179 54.036861 6.340671
v -30.890205 53.414249 6.340669
v -32.542419 54.036125 6.946180
v -32.542530 53.413765 6.946177
v -38.424931 53.413605 6.684635
v -38.424931 54.035080 6.685242
v -30.094400 46.721661 5.827446
v -30.094398 46.099121 5.827446
v -30.890179 46.721661 6.340672
v -30.890205 46.099049 6.340670
v -32.542419 46.720924 6.946181
v -32.542530 46.098564 6.946178
v -38.424931 46.098408 6.684636
v -38.424931 46.719879 6.685243
v -30.094400 51.598461 5.827446
v -30.094398 50.975922 5.827445
v -30.890179 51.598461 6.340671
v -30.890205 50.975849 6.340670
v -32.542419 51.597725 6.946180
v -32.542530 50.975365 6.946177
v -38.424931 50.975204 6.684636
v -38.424931 51.596680 6.685242
v -30.094400 36.968060 5.827448
v -30.094398 36.345524 5.827447
v -30.890179 36.968060 6.340673
v -30.890205 36.345448 6.340672
v -32.542419 36.967327 6.946182
v -32.542530 36.344963 6.946180
v -38.424931 36.344807 6.684638
v -38.424931 36.966278 6.685245
v -30.094400 41.844860 5.827447
v -30.094398 41.222321 5.827446
v -30.890179 41.844860 6.340672
v -30.890205 41.222248 6.340671
v -32.542419 41.844128 6.946182
v -32.542530 41.221764 6.946179
v -38.424931 41.221607 6.684637
v -38.424931 41.843079 6.685244
v -30.094400 49.160061 5.827446
v -30.094398 48.537521 5.827445
v -30.890179 49.160061 6.340671
v -30.890205 48.537449 6.340670
v -32.542419 49.159325 6.946180
v -32.542530 48.536964 6.946177
v -38.424931 48.536804 6.684636
v -38.424931 49.158279 6.685243
v -30.094400 39.406460 5.827448
v -30.094398 38.783920 5.827447
v -30.890179 39.406460 6.340673
v -30.890205 38.783848 6.340672
v -32.542419 39.405727 6.946182
v -32.542530 38.783363 6.946179
v -38.424931 38.783207 6.684638
v -38.424931 39.404678 6.685245
v -26.262306 69.204491 -0.214793
v -26.109905 69.052086 -0.214837
v -26.109907 69.356880 -0.214837
v -33.893028 65.975693 -10.217604
v -33.893028 65.424019 -10.761715
v -30.008114 65.426682 -10.758933
v -29.663212 65.426918 -10.758685
v -29.051388 65.561226 -10.628145
v -28.560741 66.004379 -10.188589
v -33.893028 66.498306 -9.874343
v -28.363529 66.505089 -9.868392
v -33.893028 67.116920 -9.753606
v -28.292631 67.116920 -9.753606
v -33.893028 67.650879 -9.753693
v -31.640007 69.052086 -9.753739
v -28.292631 69.052086 -9.753607
v -28.560741 66.004379 -10.188589
v -28.254902 66.004379 -10.186756
v -28.363529 66.505089 -9.868392
v -28.859974 65.376083 -10.810923
v -29.617603 65.209999 -10.972807
v -29.966225 65.209999 -10.972807
v -33.893028 65.209999 -10.972806
v -33.893028 64.905197 -10.972806
v -29.966225 64.905197 -10.972807
v -29.617603 64.905197 -10.972807
v -28.859974 65.071281 -10.810923
v -28.254902 65.580582 -10.186756
v -28.058731 66.505692 -9.867858
v -28.292631 67.116920 -9.753606
v -27.987831 67.116920 -9.753606
v -27.987831 69.052086 -9.753607
v -27.755821 69.051254 -9.378015
v -27.755821 67.116920 -9.378014
v -26.899914 69.047615 -8.541763
v -27.755821 66.446426 -9.378014
v -33.893028 51.432816 -10.972805
v -33.311996 55.750496 -10.972879
v -33.893028 55.478783 -10.972805
v -33.212349 56.001057 -10.972880
v -33.212349 62.654957 -10.972880
v -33.311996 62.905521 -10.972880
v -33.893028 63.177235 -10.972806
v -32.229855 49.061237 -10.972804
v -27.755823 42.903286 -9.378011
v -28.254902 43.602001 -10.186752
v -28.859974 44.141251 -10.810920
v -28.859974 65.071281 -10.810923
v -29.617603 64.905197 -10.972807
v -29.617603 44.281113 -10.972804
v -30.056913 44.281113 -10.972804
v -32.229855 44.281113 -10.972804
v -32.229855 43.976311 -10.972804
v -30.056913 43.976311 -10.972804
v -32.079880 43.769394 -10.733302
v -30.069365 43.779556 -10.745068
v -30.433712 41.506374 -8.113926
v -29.662891 43.781612 -10.747445
v -29.050606 43.670624 -10.618978
v -29.617603 44.281113 -10.972804
v -29.617603 43.976311 -10.972804
v -28.859974 44.141251 -10.810920
v -28.254902 43.297199 -10.186752
v -28.859974 43.836452 -10.810919
v -28.515772 43.196945 -10.070709
v -28.014923 42.496094 -9.259497
v -27.755821 42.598484 -9.378011
v -27.135834 41.753067 -8.399464
v -26.788231 41.527866 -8.138799
v -30.314857 41.342983 -7.924805
v -26.505020 41.342983 -7.924806
v -30.314857 41.096233 -7.924805
v -26.505020 41.096233 -7.924806
v -26.505020 29.955505 -7.924804
v -26.109907 30.214792 -7.924804
v -26.109907 29.828213 -7.924804
v -26.505020 29.588081 -7.924804
v -29.617247 27.066172 -7.924803
v -29.390730 26.866936 -7.924803
v -29.925182 26.184704 -7.924803
v -26.109907 41.073559 -7.924806
v -26.899914 41.876003 -8.541759
v -26.458939 41.586082 -8.206181
v -26.505020 41.342983 -7.924806
v -26.109907 41.302998 -7.924806
v -26.109907 41.073559 -7.924806
v -30.314857 28.885710 -7.924803
v -30.574785 28.262882 -7.924801
v -30.967594 27.794233 -7.924803
v -30.374119 25.906878 -7.924803
v -37.273941 22.082470 -7.924802
v -30.681601 24.556965 -7.924801
v -30.681602 12.291816 -7.924800
v -37.283615 8.105619 -7.924800
v -36.577454 7.720119 -7.924800
v -30.681601 1.378495 -7.924798
v -36.317638 7.407218 -7.924800
v -36.183270 7.001298 -7.924799
v -36.183270 0.000023 -7.924798
v -30.681601 0.000023 -7.924798
v -30.376801 1.067935 -7.924798
v -30.376801 0.000023 -7.924799
v -30.261852 25.391006 -7.924803
v -30.376801 24.536554 -7.924803
v -30.376802 12.397672 -7.924800
v -29.988838 11.414760 -7.924798
v -28.547701 2.862795 -7.924800
v -30.242554 1.312604 -7.924797
v -28.372370 2.613468 -7.924800
v -30.376801 1.067935 -7.924798
v -30.376801 1.219223 -7.924798
v -28.372370 2.613468 -7.924800
v -28.242903 2.703523 -7.924799
v -28.242903 2.822767 -7.924799
v -28.242905 10.991869 -7.924798
v -28.407936 11.049973 -7.924798
v -28.547705 10.776043 -7.924798
v -28.242905 10.839469 -7.924798
v -28.242903 2.822767 -7.924799
v -28.997372 10.934361 -7.924798
v -29.792999 11.658564 -7.924798
v -28.407936 11.049973 -7.924798
v -28.879932 11.216153 -7.924798
v -26.109905 35.318851 1.098017
v -26.109905 27.069025 -4.413265
v -26.109905 25.907442 -3.659276
v -26.109905 24.556873 -3.353107
v -26.109905 12.292408 -3.353105
v -26.109905 37.687847 -0.355334
v -26.109905 41.067551 -7.505724
v -26.109905 29.955505 -7.505723
v -26.109907 29.565477 -7.505723
v -26.109909 26.863626 -4.640465
v -26.109909 26.186312 -4.107792
v -26.109909 25.391556 -3.772394
v -26.109907 24.536556 -3.657908
v -26.109905 12.397672 -3.657905
v -26.109905 11.410707 -4.044565
v -26.109905 1.379656 -3.353103
v -26.109905 2.844910 -5.486701
v -26.109905 1.320804 -3.805818
v -26.109905 2.593814 -5.659485
v -26.109905 2.684478 -5.791502
v -26.109905 2.788837 -5.791502
v -26.109905 10.758814 -5.486704
v -26.109909 10.820424 -5.791505
v -26.109907 30.214792 -7.924804
v -26.109907 41.073559 -7.924806
v -26.109907 29.828213 -7.924804
v -26.109905 1.219224 -3.657904
v -26.109905 1.067936 -3.657904
v -26.109907 11.653350 -4.241625
v -26.109905 10.921906 -5.034989
v -26.109907 11.202791 -5.154563
v -26.109909 11.033348 -5.623870
v -26.109909 10.972824 -5.791505
v -26.109909 10.820424 -5.791505
v -26.109909 11.033348 -5.623870
v -28.254902 43.602001 -10.186752
v -28.254902 43.297199 -10.186752
v -27.755823 42.903286 -9.378011
v -27.755821 42.598484 -9.378011
v -26.899914 42.180801 -8.541759
v -26.899914 41.876003 -8.541759
v -26.458939 41.890881 -8.206181
v -26.458939 41.586082 -8.206181
v -26.109907 41.537910 -7.924806
v -26.109907 41.302998 -7.924806
v -26.109905 41.302998 -7.505724
v -26.109907 41.073559 -7.924806
v -26.109905 65.865891 -0.214836
v -26.109905 69.044533 -7.505729
v -26.109905 68.747284 -0.214836
v -26.109905 69.052086 -0.214837
v -26.109905 66.066048 -0.214836
v -26.109907 41.537910 -7.924806
v -26.109907 69.044647 -7.924810
v -26.458939 69.045639 -8.206185
v -26.899914 42.180801 -8.541759
v -33.613358 32.029102 -6.400805
v -36.173355 32.029099 -5.181425
v -36.173359 32.029099 -6.400805
v -33.184742 32.029102 -5.181427
v -33.184742 32.029102 -7.472342
v -33.613358 29.895504 -6.400805
v -36.173355 29.895504 -5.181425
v -36.173359 29.895502 -6.400805
v -33.184742 29.895506 -5.181427
v -33.184742 29.895506 -7.472341
v -43.093124 61.052162 -10.697772
v -43.093124 61.566555 -10.476543
v -43.093124 62.483791 -9.508515
v -43.093124 42.757111 -10.697770
v -43.093838 62.798214 -8.719518
v -43.094097 62.798210 -8.552613
v -51.580719 19.647860 -7.746305
v -45.332550 24.904867 -6.222305
v -52.818874 18.607946 -6.222302
v -45.332550 24.904865 -7.746305
v -44.148815 26.267756 -6.222304
v -44.148815 26.267756 -7.746305
v -43.344051 28.005884 -6.222305
v -43.344051 28.005884 -7.746306
v -43.098076 29.788860 -6.222305
v -43.098076 29.788860 -7.746306
v -43.093124 40.013912 -7.746307
v -43.093124 61.356934 -6.222311
v -43.093124 62.493423 -4.971421
v -43.099667 62.798145 -4.975280
v -27.029339 44.282555 1.191986
v -27.029337 43.661354 1.191985
v -29.461765 44.283344 5.136335
v -29.461765 43.660648 5.136333
v -30.094400 44.283260 5.827447
v -30.094398 43.660721 5.827446
v -27.029339 41.844154 1.191987
v -27.029337 41.222954 1.191985
v -29.461765 41.844944 5.136336
v -29.461765 41.222248 5.136334
v -30.094400 41.844860 5.827447
v -30.094398 41.222321 5.827446
v -27.029339 39.405754 1.191987
v -27.029337 38.784554 1.191986
v -29.461765 39.406544 5.136336
v -29.461765 38.783848 5.136334
v -30.094400 39.406460 5.827448
v -30.094398 38.783920 5.827447
v -27.029339 36.967354 1.191988
v -27.029337 36.346153 1.191986
v -29.461765 36.968143 5.136336
v -29.461765 36.345448 5.136335
v -30.094400 36.968060 5.827448
v -30.094398 36.345524 5.827447
v -27.029339 34.528954 1.191988
v -27.029337 33.907753 1.191987
v -29.461765 34.529743 5.136337
v -29.461765 33.907047 5.136335
v -30.094400 34.529659 5.827448
v -30.094398 33.907124 5.827447
v -27.029339 32.090553 1.191988
v -27.029337 31.469355 1.191987
v -29.461765 32.091343 5.136337
v -29.461765 31.468647 5.136335
v -30.094400 32.091259 5.827449
v -30.094398 31.468721 5.827448
v -27.029339 46.720955 1.191986
v -27.029337 46.099754 1.191985
v -29.461765 46.721745 5.136335
v -29.461765 46.099049 5.136333
v -30.094400 46.721661 5.827446
v -30.094398 46.099121 5.827446
v -27.029339 49.159355 1.191986
v -27.029337 48.538155 1.191984
v -29.461765 49.160145 5.136334
v -29.461765 48.537449 5.136333
v -30.094400 49.160061 5.827446
v -30.094398 48.537521 5.827445
v -27.029339 51.597755 1.191985
v -27.029337 50.976555 1.191984
v -29.461765 51.598545 5.136334
v -29.461765 50.975849 5.136333
v -30.094400 51.598461 5.827446
v -30.094398 50.975922 5.827445
v -27.029339 54.036156 1.191985
v -27.029337 53.414955 1.191983
v -29.461765 54.036945 5.136334
v -29.461765 53.414249 5.136332
v -30.094400 54.036861 5.827446
v -30.094398 53.414322 5.827445
v -27.029339 56.474552 1.191984
v -27.029337 55.853355 1.191983
v -29.461765 56.475346 5.136333
v -29.461765 55.852650 5.136332
v -30.094400 56.475262 5.827445
v -30.094398 55.852722 5.827444
v -27.029339 58.912952 1.191984
v -27.029337 58.291756 1.191983
v -29.461765 58.913746 5.136333
v -29.461765 58.291046 5.136331
v -30.094400 58.913662 5.827445
v -30.094398 58.291122 5.827444
v -27.029339 61.351437 1.191984
v -27.029337 60.730240 1.191982
v -29.461765 61.352230 5.136333
v -29.461765 60.729530 5.136331
v -30.094400 61.352146 5.827444
v -30.094398 60.729607 5.827443
v -38.503700 71.932816 7.292963
v -38.868355 71.932816 6.863591
v -38.686028 71.780418 6.836820
v -37.795364 21.584883 -7.669153
v -37.587135 21.798805 -7.924802
v -37.273941 22.082470 -7.924802
v -38.690979 20.714939 -6.569579
v -30.967594 27.794233 -7.924803
v -31.095739 27.889404 -7.775133
v -44.434246 29.870176 -6.222305
v -44.128807 61.356934 -6.222311
v -44.434246 61.356934 -6.222311
v -44.129932 29.851656 -6.222305
v -44.617462 28.370451 -6.222306
v -44.327446 28.287420 -6.222306
v -45.005161 26.830608 -6.222305
v -45.257713 26.996599 -6.222306
v -46.052570 25.645510 -6.222305
v -46.264915 25.863937 -6.222305
v -53.484966 19.401016 -6.222304
v -53.681408 19.634903 -6.222304
v -44.128807 62.493423 -4.971420
v -44.434246 62.493423 -4.971420
v -44.128807 61.356934 -6.222311
v -46.264915 25.863937 -7.746305
v -52.246807 20.440928 -7.746303
v -52.443249 20.674818 -7.746303
v -46.052570 25.645508 -7.746305
v -45.257713 26.996599 -7.746306
v -45.005165 26.830608 -7.746305
v -44.617462 28.370451 -7.746306
v -44.327446 28.287420 -7.746306
v -44.129932 29.851656 -7.746305
v -44.434246 29.870176 -7.746305
v -44.128807 40.013912 -7.746307
v -44.434246 40.013912 -7.746307
v -43.093124 40.013912 -7.746307
v -43.098076 29.788860 -7.746306
v -43.344051 28.005884 -7.746306
v -44.148815 26.267756 -7.746305
v -45.332550 24.904865 -7.746305
v -51.580719 19.647860 -7.746305
v -43.093124 40.013912 -7.746307
v -44.128807 40.013912 -7.746307
v -43.093124 42.757111 -10.697770
v -44.128807 42.757111 -10.697770
v -44.434246 42.757111 -10.697770
v -44.128807 61.052162 -10.697773
v -44.128807 42.757111 -10.697770
v -44.434246 61.052162 -10.697773
v -44.128807 61.566555 -10.476542
v -44.434246 61.566555 -10.476542
v -44.128807 62.483788 -9.508515
v -44.434246 62.483788 -9.508515
v -44.128967 62.798225 -8.719518
v -44.434246 62.798225 -8.719518
v -44.129028 62.798225 -8.552613
v -44.434246 62.798225 -8.552120
v -44.133362 62.798168 3.799063
v -44.434242 62.798225 3.836087
v -43.093124 61.052162 -10.697772
v -43.093124 42.757111 -10.697770
v -44.128807 61.052162 -10.697773
v -43.093124 61.566555 -10.476543
v -44.128807 61.566555 -10.476542
v -44.128807 62.483788 -9.508515
v -43.093124 62.483791 -9.508515
v -43.093838 62.798214 -8.719518
v -44.128967 62.798225 -8.719518
v -43.094097 62.798210 -8.552613
v -43.099667 62.798145 -4.975280
v -43.113129 62.797985 3.673521
v -36.173355 32.029099 -5.181425
v -36.173355 32.486298 -5.181425
v -36.173359 32.029099 -6.400805
v -36.173359 32.486298 -6.400805
v -36.173355 29.895504 -5.181425
v -36.173355 30.352701 -5.181424
v -36.173359 29.895502 -6.400805
v -36.173359 30.352699 -6.400805
v -36.173359 30.352699 -6.400805
v -36.173355 30.352701 -5.181424
v -33.613358 30.352701 -6.400805
v -33.184742 30.352703 -5.181427
v -26.109905 69.052086 -0.214837
v -26.095642 69.052086 0.050721
v -26.109907 69.356880 -0.214837
v -26.098320 69.356880 0.089963
v -26.002754 69.052071 1.301799
v -26.098320 69.356880 0.089963
v -26.002754 69.356873 1.301799
v -26.487516 69.052078 2.081553
v -26.487516 69.356873 2.081553
v -29.980207 69.052086 7.699633
v -29.980207 69.356880 7.699633
v -55.036201 9.984628 -9.448797
v -55.036201 9.984628 -9.753600
v -55.236908 10.094053 -9.448797
v -55.236908 10.094053 -9.753600
v -32.229855 49.061237 -10.972804
v -32.403137 48.973118 -10.820404
v -32.229855 44.281113 -10.972804
v -32.402767 44.179417 -10.843615
v -32.229855 44.281113 -10.972804
v -32.229855 43.976311 -10.972804
v -32.379456 43.881462 -10.847094
v -32.079880 43.769394 -10.733302
v -32.217937 43.794922 -10.520322
v -30.433712 41.506374 -8.113926
v -30.569395 41.529377 -7.899440
v -30.314857 41.342983 -7.924805
v -30.465412 41.237083 -7.805033
v -30.314857 41.096233 -7.924805
v -30.482206 40.982666 -7.796828
v -30.482206 40.982666 -7.796828
v -30.314857 28.885710 -7.924803
v -30.482201 28.923510 -7.772406
v -30.574785 28.262882 -7.924801
v -30.716784 28.340609 -7.772390
v -30.967594 27.794233 -7.924803
v -31.095739 27.889404 -7.775133
v -44.413147 20.742872 -9.470183
v -44.265556 20.742609 -9.056398
v -39.207542 25.305372 -9.470182
v -39.059654 25.305372 -9.056397
v -38.699875 25.989571 -9.470183
v -38.551987 25.989571 -9.056398
v -38.519955 26.822327 -9.470185
v -38.372066 26.822327 -9.056400
v -38.361359 38.859913 -9.026449
v -38.519955 38.859913 -9.470187
v -38.361359 39.164711 -9.026449
v -38.519955 39.164711 -9.470187
v -38.543770 39.403652 -9.228975
v -38.709282 39.403652 -9.711744
v -52.818874 18.607946 -6.222302
v -53.484966 19.401016 -6.222304
v -51.580719 19.647860 -7.746305
v -52.246807 20.440928 -7.746303
v -53.681408 19.634903 -6.222304
v -52.443249 20.674818 -7.746303
v -32.575726 44.281113 -10.972803
v -32.575726 43.976311 -10.972803
v -32.402767 44.179417 -10.843615
v -32.379456 43.881462 -10.847094
v -32.429295 43.776119 -10.741086
v -32.217937 43.794922 -10.520322
v -30.769398 41.506824 -8.114450
v -30.569395 41.529377 -7.899440
v -30.649551 41.342983 -7.924805
v -30.465412 41.237083 -7.805033
v -38.926048 39.164711 -9.753603
v -38.819859 39.403652 -9.991586
v -39.124660 39.403652 -9.991586
v -38.621250 39.164711 -9.753603
v -38.621250 38.859913 -9.753603
v -38.926048 38.859913 -9.753603
v -38.819859 39.403652 -9.991586
v -40.912113 41.920746 -12.498602
v -41.216911 41.920746 -12.498602
v -44.129444 39.403652 -9.991587
v -44.129444 39.164711 -9.753603
v -38.926048 39.164711 -9.753603
v -44.129444 38.859913 -9.753603
v -44.129444 29.851625 -9.753601
v -38.926048 26.854877 -9.753600
v -44.320774 28.285509 -9.753601
v -39.085186 26.118307 -9.753599
v -39.534218 25.513134 -9.753597
v -39.308838 25.305372 -9.753598
v -44.514236 20.743052 -9.753599
v -44.977219 20.742567 -9.753598
v -38.801170 25.989571 -9.753599
v -38.621250 26.822327 -9.753600
v -38.621250 38.859913 -9.753603
v -41.100597 42.147507 -12.724453
v -40.912113 41.920746 -12.498602
v -44.617462 28.370449 -9.753601
v -44.434246 29.870176 -9.753601
v -45.000290 26.827404 -9.753600
v -46.051891 25.644810 -9.753600
v -46.953457 20.740492 -9.753599
v -51.485073 16.812326 -9.753599
v -55.065903 18.074039 -9.753601
v -55.065903 16.812326 -9.753601
v -55.370701 17.911285 -9.753601
v -55.370701 16.812326 -9.753601
v -45.257713 26.996599 -9.753601
v -46.264915 25.863937 -9.753600
v -55.090828 18.451149 -9.753602
v -55.370701 18.216085 -9.753601
v -55.370701 17.911285 -9.753601
v -55.090828 18.451149 -9.753602
v -44.129444 61.642723 -12.724462
v -44.434246 61.947525 -12.724462
v -44.434246 61.642723 -12.724462
v -44.129444 42.452309 -12.724457
v -41.405399 52.425610 -12.724455
v -41.405399 42.452309 -12.724455
v -41.100597 52.425610 -12.724455
v -41.100597 42.452309 -12.724453
v -41.405399 42.147507 -12.724453
v -44.129444 41.920746 -12.498606
v -44.434246 39.403652 -9.991587
v -44.434246 39.164711 -9.753603
v -44.129444 39.164711 -9.753603
v -44.434246 38.859913 -9.753603
v -44.434246 42.452309 -12.724458
v -44.129444 42.147507 -12.724457
v -44.434246 41.920746 -12.498607
v -44.434246 42.147507 -12.724458
v -34.238903 64.905197 -10.972881
v -34.066643 63.246109 -10.834987
v -34.065964 64.796791 -10.834987
v -34.239059 51.282360 -10.976904
v -34.066643 55.409904 -10.834985
v -34.066929 51.357224 -10.822456
v -32.575726 48.885418 -10.972803
v -32.403137 48.973118 -10.820404
v -32.575726 44.281113 -10.972803
v -32.402767 44.179417 -10.843615
v -34.065987 67.102882 -9.602537
v -33.893028 67.650879 -9.753693
v -34.065983 67.739922 -9.601271
v -33.893028 67.116920 -9.753606
v -33.893028 66.498306 -9.874343
v -34.066074 66.441711 -9.736195
v -34.066010 65.880257 -10.099605
v -33.893028 65.975693 -10.217604
v -34.066158 65.403862 -10.613088
v -33.893028 65.424019 -10.761715
v -34.066643 63.246109 -10.834987
v -33.893028 63.177235 -10.972806
v -34.065964 64.796791 -10.834987
v -33.893028 64.905197 -10.972806
v -34.066189 65.157516 -10.841185
v -33.893028 65.209999 -10.972806
v -34.066158 65.403862 -10.613088
v -46.074306 0.000021 6.716423
v -46.226707 3.962542 6.868822
v -46.226707 0.000021 6.868823
v -46.077042 3.982771 6.716404
v -46.515522 5.011796 6.868822
v -46.389313 5.087022 6.716385
v -47.210434 5.888441 6.716400
v -47.299500 5.766516 6.868822
v -54.963245 10.118445 6.716420
v -55.036201 9.984631 6.868821
v -55.134895 10.199831 6.716420
v -54.963245 10.118445 6.716420
v -55.236912 10.094056 6.868821
v -55.370537 10.319386 6.868821
v -55.228802 10.358112 6.716412
v -55.370094 10.547989 6.868821
v -55.217716 10.547824 6.716323
v -55.216488 14.463820 6.716271
v -55.368523 14.541975 6.868820
v -26.109907 69.200775 -7.924810
v -26.109905 69.044533 -7.505729
v -26.259659 69.200699 -7.485644
v -26.109907 69.044647 -7.924810
v -26.458939 69.045639 -8.206185
v -26.566195 69.201286 -8.099870
v -26.899914 69.047615 -8.541763
v -26.999369 69.202255 -8.426632
v -27.755821 69.051254 -9.378015
v -27.870432 69.204033 -9.275746
v -28.050072 69.204514 -9.629775
v -27.987831 69.052086 -9.753607
v -28.292631 69.052086 -9.753607
v -28.427860 69.204468 -9.673293
v -45.170212 20.573420 -9.601199
v -46.953457 20.740492 -9.753599
v -46.899651 20.571918 -9.601199
v -44.977219 20.742567 -9.753598
v -44.859737 20.573805 -9.601199
v -44.514236 20.743052 -9.753599
v -37.832066 62.690067 -11.722175
v -38.035385 62.690067 -11.717706
v -37.815697 62.594772 -12.039903
v -38.120499 62.594109 -12.040606
v -38.665462 62.689148 -11.718256
v -38.868355 62.593029 -12.041746
v -42.426601 62.798225 7.091722
v -43.562546 62.798225 6.109509
v -42.642281 62.798225 7.304726
v -41.866554 63.255424 7.917582
v -41.692009 63.255424 7.667580
v -39.377960 64.952553 9.090538
v -39.507500 64.952553 9.365123
v -38.571579 65.589905 9.372787
v -38.621250 65.589905 9.669924
v -38.315048 65.782814 9.669924
v -32.641842 69.356880 9.669922
v -32.682854 69.356880 9.370093
v -32.821911 69.356880 8.353433
v -38.403168 65.589905 8.365257
v -32.682854 69.356880 9.370093
v -39.377960 64.952553 9.090538
v -38.938717 64.952553 8.159475
v -41.100163 63.255424 6.819873
v -41.695278 62.798218 6.369468
v -43.304142 62.798283 5.949669
v -44.188126 62.798225 4.820563
v -43.902565 62.798233 4.716868
v -44.133362 62.798168 3.799063
v -43.113129 62.797985 3.673521
v -42.934284 62.798267 4.365259
v -42.427940 62.798489 5.407682
v -44.434242 62.798225 3.836087
v -33.488670 62.849792 -10.051801
v -33.532272 62.968857 -10.110884
v -34.066643 63.246109 -10.834987
v -33.488670 55.806221 -10.051800
v -33.532272 55.687160 -10.110886
v -34.066643 55.409904 -10.834985
v -32.643414 28.031448 5.560013
v -37.848465 51.968494 5.479180
v -37.735802 52.678791 5.480970
v -37.401157 53.292831 5.486128
v -34.986729 56.119976 5.523609
v -32.641842 58.865692 5.560009
v -31.358295 29.740639 5.025336
v -31.357946 60.802555 5.025334
v -30.986586 30.327171 4.870687
v -30.986588 61.335789 4.870682
v -30.777805 30.942730 4.538419
v -30.777809 61.749195 4.538415
v -28.827856 37.411335 1.435128
v -28.584488 38.506924 1.047815
v -28.501453 39.683872 0.915665
v -28.881901 63.689938 1.521136
v -28.501453 64.079384 0.915662
v -44.898968 10.554567 5.476347
v -39.979588 5.409942 5.474197
v -46.406151 11.365760 5.476347
v -47.783134 9.832997 5.474196
v -48.074165 10.120580 5.474195
v -48.180847 10.515574 5.474198
v -46.700405 11.647120 5.476347
v -46.808708 12.039575 5.476347
v -46.808708 15.344777 5.476346
v -46.721275 15.786164 5.476346
v -48.180847 16.294228 5.474197
v -48.071735 16.721268 5.474196
v -47.829102 17.072311 5.474196
v -46.457317 16.150568 5.476346
v -37.766541 23.517574 5.528625
v -38.435555 25.305374 5.474195
v -37.927887 25.989573 5.474195
v -37.747967 26.822329 5.474196
v -44.587437 10.386894 5.476347
v -44.672012 10.602848 5.449827
v -38.717770 7.227734 5.476348
v -38.399193 6.861667 5.476346
v -38.314011 6.383929 5.476346
v -39.678848 5.096635 5.474199
v -39.576767 4.674512 5.474199
v -38.314011 0.000025 5.476350
v -39.576767 0.000021 5.474200
v -36.183270 0.000023 -7.924798
v -36.183270 7.001298 -7.924799
v -36.335670 0.000023 -7.315197
v -36.335670 7.007787 -7.315197
v -36.317638 7.407218 -7.924800
v -36.467094 7.344097 -7.315198
v -36.577454 7.720119 -7.924800
v -36.685226 7.604848 -7.315197
v -37.283615 8.105619 -7.924800
v -37.587135 8.271315 -7.924800
v -37.803654 8.347491 -7.658973
v -38.723858 8.671257 -6.529211
v -33.532272 55.687160 -10.110886
v -34.066643 55.409904 -10.834985
v -33.354816 55.738182 -10.793837
v -33.488670 55.806221 -10.051800
v -33.266060 55.963184 -10.793837
v -33.488670 62.849792 -10.051801
v -33.266060 62.692837 -10.793837
v -33.354813 62.917835 -10.793837
v -33.532272 62.968857 -10.110884
v -34.066643 63.246109 -10.834987
v -33.893028 55.478783 -10.972805
v -33.354816 55.738182 -10.793837
v -33.311996 55.750496 -10.972879
v -33.266060 55.963184 -10.793837
v -33.212349 56.001057 -10.972880
v -33.212349 62.654957 -10.972880
v -33.311996 62.905521 -10.972880
v -33.354813 62.917835 -10.793837
v -33.893028 63.177235 -10.972806
v -29.980207 69.052086 7.699633
v -32.682854 69.052086 9.370093
v -32.821911 69.052086 8.353433
v -29.413258 69.052086 8.490124
v -25.578831 69.052078 2.420095
v -26.487516 69.052078 2.081553
v -26.002754 69.052071 1.301799
v -24.764664 69.052086 -0.214837
v -24.764664 69.052086 0.050721
v -24.990700 69.052086 -0.214837
v -24.996738 69.052086 0.050721
v -26.095642 69.052086 0.050721
v -25.046637 69.052078 1.577613
v -25.254105 69.052086 2.436696
v -28.780506 69.052086 8.040272
v -29.246058 69.052086 8.723252
v -30.007900 69.052086 8.935638
v -32.641842 69.052086 9.669922
v -24.764664 69.052086 1.658954
v -26.109905 69.052086 -0.214837
v -44.434246 62.493423 1.042590
v -44.434246 62.493423 -4.971420
v -44.128807 62.493423 -4.971420
v -44.434242 62.493423 3.836087
v -44.133362 62.493366 3.799063
v -43.113129 62.493187 3.673521
v -43.903305 62.493435 4.714764
v -42.935024 62.493465 4.363156
v -43.304142 62.493484 5.949669
v -42.427940 62.493690 5.407682
v -41.695278 62.493420 6.369468
v -42.426601 62.493423 7.091722
v -41.692009 62.950623 7.667580
v -41.866554 62.950623 7.917582
v -39.377960 64.647751 9.090538
v -39.507500 64.647751 9.365123
v -38.571579 65.285110 9.372787
v -38.621250 65.285110 9.669924
v -32.682854 69.052086 9.370093
v -38.274879 65.503319 9.669924
v -35.417206 67.303627 9.669924
v -44.188869 62.493423 4.818459
v -43.562546 62.493423 6.109509
v -42.642281 62.493423 7.304726
v -41.100163 62.950623 6.819871
v -38.938717 64.647751 8.159475
v -39.377960 64.647751 9.090538
v -38.403168 65.285110 8.365257
v -38.571579 65.285110 9.372787
v -32.682854 69.052086 9.370093
v -32.821911 69.052086 8.353433
v -46.953457 20.740492 -9.753599
v -51.485073 16.812326 -9.753599
v -46.899651 20.571918 -9.601199
v -51.410210 16.659925 -9.601201
v -38.593529 39.337631 -8.950756
v -40.757610 41.851669 -11.506040
v -38.543770 39.403652 -9.228975
v -40.691544 41.920746 -11.760159
v -38.665462 62.689148 -11.718256
v -38.868355 63.006115 -11.604856
v -38.868355 62.593029 -12.041746
v -38.665508 64.039055 -10.291623
v -38.868355 64.141365 -10.404181
v -38.665550 64.486160 -9.932964
v -38.868355 64.581078 -10.052265
v -38.665531 65.067871 -9.681683
v -38.868355 65.104233 -9.829729
v -38.665462 65.836823 -9.601206
v -38.868355 65.836823 -9.753606
v -38.868355 71.628021 -9.753610
v -38.686028 71.628021 -9.601210
v -38.686028 71.780426 -9.601205
v -38.868355 71.932823 -9.753605
v -39.752625 71.689224 -9.753607
v -38.868355 71.628021 -9.753610
v -39.632156 71.406235 -9.753612
v -40.566498 71.059227 -9.753606
v -40.358013 70.828598 -9.753611
v -38.868355 65.836823 -9.753606
v -44.129444 65.836823 -9.753605
v -38.868355 65.104233 -9.829729
v -44.129444 65.102554 -9.830941
v -38.868355 64.581078 -10.052265
v -44.129444 64.576164 -10.057234
v -38.868355 64.141365 -10.404181
v -44.129444 64.130348 -10.415824
v -38.868355 63.006115 -11.604856
v -44.129444 63.000797 -11.610474
v -38.868355 62.593029 -12.041746
v -44.434246 65.836823 -9.753605
v -44.434246 65.526009 -9.786418
v -44.252842 66.081764 -9.753605
v -37.815697 62.594772 -12.039903
v -38.120499 62.594109 -12.040606
v -37.989353 62.120327 -12.541697
v -38.294155 62.120152 -12.541884
v -44.129448 62.118996 -12.543105
v -44.434246 62.999821 -11.611510
v -44.434246 62.118839 -12.543274
v -38.357403 61.947525 -12.724460
v -44.129444 61.947525 -12.724462
v -38.357403 61.642723 -12.724460
v -38.052601 57.912018 -12.724460
v -38.052601 61.642723 -12.724460
v -38.357403 57.912018 -12.724461
v -44.434246 62.118839 -12.543274
v -38.357403 57.607216 -12.724461
v -38.520767 57.345829 -12.724461
v -38.215969 57.345829 -12.724461
v -38.052601 57.607216 -12.724461
v -38.052601 57.912018 -12.724460
v -38.052601 61.947525 -12.724460
v -38.357403 61.947525 -12.724460
v -38.052601 61.642723 -12.724460
v -41.405399 52.730412 -12.724455
v -41.100597 52.730412 -12.724455
v -41.221813 53.024147 -12.724455
v -40.917015 53.024147 -12.724455
v -38.215969 57.345829 -12.724461
v -40.917015 53.024147 -12.724455
v -44.252842 66.081764 3.774224
v -44.252842 66.081764 -9.441256
v -40.566498 71.059227 -9.448807
v -44.024467 66.390121 4.680558
v -43.435272 67.185684 5.889567
v -42.547085 68.384949 7.043123
v -41.796707 69.398148 7.635954
v -40.566494 71.059227 8.397005
v -39.752625 71.689224 -9.448807
v -39.752621 71.689224 8.984602
v -38.868355 71.932823 -9.448807
v -38.868355 71.932816 6.863591
v -38.868355 71.932816 9.353112
v -38.503700 71.932816 7.292963
v -38.503700 71.932816 9.353112
v -38.503700 71.932816 9.669923
v -38.868355 71.932816 9.353112
v -38.868355 71.932816 9.669923
v -39.752621 71.689224 9.365124
v -39.752621 71.689224 8.984602
v -40.566494 71.059227 8.715312
v -40.566494 71.059227 8.397005
v -41.866554 69.303833 7.917584
v -42.642281 68.256409 7.304725
v -43.562546 67.013832 6.109508
v -44.181347 66.178299 4.839751
v -44.434246 65.836823 3.836088
v -44.434246 65.836823 -9.433706
v -44.434246 65.836823 -9.753605
v -44.252842 66.081764 -9.753605
v -40.566498 71.059227 -9.448807
v -40.566498 71.059227 -9.753606
v -39.752625 71.689224 -9.753607
v -38.868355 71.932823 -9.448807
v -38.868355 71.932823 -9.753605
v -38.686028 71.780426 -9.601205
v -38.686028 71.780426 -9.296407
v -38.868355 71.932823 -9.448807
v -38.868355 71.932816 6.863591
v -38.686028 71.780418 6.836820
v -44.413147 20.742872 -9.470183
v -44.772316 20.572952 -9.305878
v -44.265556 20.742609 -9.056398
v -44.609093 20.571594 -8.806853
v -55.368523 14.541975 6.868820
v -55.216488 14.463820 6.716271
v -55.369476 16.812328 4.012576
v -55.217030 16.659889 3.961674
v -37.772945 57.912018 -11.910883
v -37.839088 57.912045 -11.634589
v -37.771782 62.308083 -11.910552
v -37.839382 62.411415 -11.631701
v -44.672012 10.602848 5.449827
v -43.945644 10.628386 7.507032
v -44.587437 10.386894 5.476347
v -43.850067 10.423929 7.641182
v -26.109905 37.687847 -0.355334
v -26.262306 37.760990 -0.165989
v -26.109905 65.865891 -0.214836
v -26.262310 65.800301 -0.095742
v -44.672012 10.602848 5.449827
v -44.898968 10.554567 5.476347
v -43.945644 10.628386 7.507032
v -44.118313 10.568660 7.641182
v -26.109907 65.734718 0.023351
v -26.109905 65.865891 -0.214836
v -26.262310 65.800301 -0.095742
v -24.991909 66.042038 0.045882
v -24.990700 66.172249 -0.214836
v -24.764664 66.104523 0.050722
v -24.764664 66.234116 -0.214836
v -24.764664 65.319717 1.658955
v -24.764664 66.104523 0.050722
v -25.002510 65.251884 1.611645
v -26.109907 65.734718 0.023351
v -26.109907 65.061371 1.174923
v -26.109907 64.936066 1.391369
v -25.492615 64.848709 2.374624
v -25.254105 64.918938 2.436697
v -28.945816 62.008003 7.750438
v -28.780506 62.031361 8.040274
v -29.390114 61.624126 8.404389
v -30.986588 61.335789 4.870682
v -30.119638 61.090897 8.611998
v -31.357946 60.802555 5.025334
v -32.641842 58.865692 5.560009
v -32.641842 59.239613 9.329762
v -35.305824 56.309681 9.326749
v -35.334618 56.326797 9.669924
v -38.048813 53.292854 9.323647
v -29.246058 61.650150 8.723252
v -30.007900 61.116917 8.935640
v -32.641842 59.273354 9.669924
v -34.986729 56.119976 5.523609
v -37.401157 53.292831 5.486128
v -37.735802 52.678791 5.480970
v -38.425972 52.678799 9.323215
v -37.848465 51.968494 5.479180
v -38.557289 51.968494 9.323072
v -38.107254 53.292854 9.669925
v -38.488251 52.678799 9.669920
v -38.621250 51.968494 9.669926
v -38.585400 47.048328 9.323072
v -38.549183 42.147511 7.715940
v -38.539810 26.822330 7.689723
v -37.747967 26.822329 5.474196
v -37.927887 25.989573 5.474195
v -38.719730 25.989574 7.689723
v -38.435555 25.305374 5.474195
v -39.227398 25.305376 7.689721
v -47.829102 17.072311 5.474196
v -48.628151 17.065996 7.689723
v -48.071735 16.721268 5.474196
v -48.880943 16.723061 7.689723
v -38.621250 46.561367 9.669927
v -38.549183 42.147511 7.715940
v -38.621250 42.147511 7.917579
v -38.621250 26.822330 7.917583
v -38.719730 25.989574 7.689723
v -38.801170 25.989574 7.917584
v -39.227398 25.305376 7.689721
v -39.308838 25.305376 7.917581
v -48.628151 17.065996 7.689723
v -48.710335 17.065344 7.917583
v -48.880943 16.723061 7.689723
v -48.964169 16.723244 7.917583
v -48.972687 16.305689 7.689723
v -49.054131 16.306868 7.917585
v -49.054131 10.515574 7.917586
v -48.972687 10.515574 7.689724
v -48.947449 10.120580 7.917586
v -48.180847 16.294228 5.474197
v -48.972687 10.515574 7.689724
v -48.180847 10.515574 5.474198
v -48.866009 10.120580 7.689726
v -48.074165 10.120580 5.474195
v -48.574974 9.832997 7.689724
v -47.783134 9.832997 5.474196
v -40.766800 5.407315 7.689727
v -39.979588 5.409942 5.474197
v -40.474861 5.117335 7.689727
v -39.678848 5.096635 5.474199
v -40.368610 4.719810 7.689727
v -39.576767 4.674512 5.474199
v -40.368610 0.000026 7.689728
v -39.576767 0.000021 5.474200
v -48.866009 10.120580 7.689726
v -48.656418 9.832997 7.917586
v -48.574974 9.832997 7.689724
v -40.847759 5.407045 7.917587
v -40.766800 5.407315 7.689727
v -40.556728 5.119462 7.917586
v -40.474861 5.117335 7.689727
v -40.450047 4.724468 7.917586
v -40.368610 4.719810 7.689727
v -40.450050 0.000026 7.917587
v -26.262306 69.204491 -0.214793
v -26.259659 69.200699 -7.485644
v -26.109905 69.052086 -0.214837
v -26.109905 69.044533 -7.505729
v -28.354290 41.233112 -6.887195
v -27.148102 41.233112 -5.679836
v -28.354290 26.865833 -6.887192
v -27.148102 26.864731 -5.679834
v -29.708843 41.233112 -5.532639
v -28.502071 41.233112 -4.325865
v -28.354290 41.233112 -6.887195
v -27.148102 41.233112 -5.679836
v -31.640007 69.052086 -9.753739
v -31.744354 69.204529 -9.601378
v -33.893028 67.650879 -9.753693
v -34.065983 67.739922 -9.601271
v -28.292631 69.052086 -9.753607
v -28.427860 69.204468 -9.673293
v -31.640007 69.052086 -9.753739
v -31.744354 69.204529 -9.601378
v -26.961536 27.013348 -5.650872
v -28.383837 27.013346 -7.073172
v -27.148102 26.864731 -5.679834
v -28.354290 26.865833 -6.887192
v -26.217672 11.033348 -5.731632
v -26.109909 11.033348 -5.623870
v -26.217670 11.202791 -5.262326
v -26.109907 11.202791 -5.154563
v -26.217667 11.653601 -4.349391
v -26.109907 11.653350 -4.241625
v -26.217667 12.397672 -3.765669
v -26.109905 12.397672 -3.657905
v -26.109907 24.536556 -3.657908
v -26.217670 24.536556 -3.765671
v -26.109909 25.391556 -3.772394
v -26.217657 25.391521 -3.880171
v -26.109909 26.186312 -4.107792
v -26.217670 26.186312 -4.215554
v -26.109909 26.863626 -4.640465
v -26.217670 26.863626 -4.748229
v -26.109907 29.565477 -7.505723
v -26.234875 29.481918 -7.542078
v -26.461958 29.510393 -7.799358
v -26.296532 29.637102 -7.768299
v -26.109907 29.828213 -7.924804
v -26.505020 29.588081 -7.924804
v -29.282967 26.866936 -7.817040
v -29.390730 26.866936 -7.924803
v -28.383837 27.013346 -7.073172
v -28.728901 26.185083 -6.728109
v -29.817486 26.184824 -7.816974
v -28.897083 25.391132 -6.559926
v -30.154106 25.391045 -7.817024
v -28.954502 24.536554 -6.502504
v -30.269037 24.536554 -7.817040
v -28.954502 12.397672 -6.502502
v -28.846741 12.397672 -6.394740
v -28.662613 11.657484 -6.794393
v -28.554855 11.656829 -6.686626
v -28.206093 11.213384 -7.250914
v -28.098343 11.211698 -7.143139
v -27.970100 11.045979 -7.486904
v -27.862354 11.044115 -7.379127
v -27.887589 10.987446 -7.569417
v -27.779842 10.985520 -7.461639
v -27.887589 10.835039 -7.569417
v -27.779842 10.833120 -7.461639
v -28.135151 10.990611 -7.817026
v -28.135151 10.838206 -7.817026
v -27.887589 10.987446 -7.569417
v -28.300180 11.049040 -7.817029
v -28.206093 11.213384 -7.250914
v -28.772171 11.216153 -7.817035
v -28.662613 11.657484 -6.794393
v -29.685234 11.658564 -7.817035
v -30.269039 12.397672 -7.817036
v -28.242903 2.822767 -7.924799
v -28.135151 2.821277 -7.817025
v -28.242905 10.839469 -7.924798
v -28.242905 10.991869 -7.924798
v -28.407936 11.049973 -7.924798
v -28.135151 10.990611 -7.817026
v -28.242903 2.822767 -7.924799
v -28.242903 2.703523 -7.924799
v -28.264080 2.611201 -7.815245
v -28.372370 2.613468 -7.924800
v -28.135151 2.702030 -7.817025
v -27.887590 2.818012 -7.569414
v -27.779842 10.833120 -7.461639
v -27.779839 2.816417 -7.461638
v -27.955101 2.605129 -7.501903
v -27.887590 2.698766 -7.569414
v -28.615137 1.689688 -6.841867
v -30.126492 1.299177 -7.789546
v -28.372370 2.613468 -7.924800
v -30.242554 1.312604 -7.924797
v -30.239983 1.219223 -7.787980
v -30.376801 1.219223 -7.924798
v -30.239983 1.067935 -7.787980
v -30.376801 1.067935 -7.924798
v -28.656364 1.553882 -6.687005
v -27.779839 2.816417 -7.461638
v -27.779839 2.697175 -7.461638
v -27.845919 2.605636 -7.395560
v -28.491940 1.710712 -6.749529
v -28.514824 1.635263 -6.663545
v -28.559742 1.497451 -6.509229
v -26.239071 1.311060 -3.920796
v -30.239983 1.219223 -7.787980
v -26.240501 1.219224 -3.788500
v -26.240501 1.067936 -3.788499
v -26.109905 1.067936 -3.657904
v -26.109905 1.219224 -3.657904
v -26.109905 1.320804 -3.805818
v -27.525593 1.496002 -5.475100
v -30.239983 0.000023 -7.787981
v -26.240501 0.000024 -3.788498
v -26.109905 1.067936 -3.657904
v -26.109907 0.000024 -3.657902
v -28.461170 1.603933 -6.564804
v -27.469913 1.602575 -5.573525
v -27.371130 1.633640 -5.519932
v -27.347599 1.551955 -5.378552
v -27.192490 1.687474 -5.419915
v -26.219091 2.593168 -5.767729
v -26.532917 2.596160 -6.079488
v -26.217667 2.684478 -5.899265
v -26.465368 2.689222 -6.147038
v -26.217667 2.788837 -5.899265
v -26.465368 2.793572 -6.147038
v -27.285025 1.708829 -5.542908
v -26.639256 2.599600 -6.188677
v -26.465368 2.689222 -6.147038
v -26.573116 2.690827 -6.254814
v -26.573116 2.795186 -6.254814
v -26.109905 2.593814 -5.659485
v -26.109905 2.684478 -5.791502
v -26.217667 2.684478 -5.899265
v -26.109905 2.788837 -5.791502
v -26.109909 10.820424 -5.791505
v -26.217672 10.820424 -5.899268
v -26.465374 10.824426 -6.147034
v -26.573116 2.795186 -6.254814
v -26.573118 10.826770 -6.254815
v -27.307026 26.185873 -5.305385
v -26.217670 26.186312 -4.215554
v -27.474894 25.391396 -5.137516
v -26.217657 25.391521 -3.880171
v -27.532204 24.536556 -5.080204
v -27.532204 12.397672 -5.080204
v -26.217667 11.653601 -4.349391
v -27.240330 11.654866 -5.372077
v -26.217670 11.202791 -5.262326
v -26.783848 11.206272 -5.828560
v -26.549191 11.037197 -6.063216
v -26.217672 10.972824 -5.899268
v -26.465374 10.976805 -6.147034
v -26.109909 10.972824 -5.791505
v -26.109909 10.820424 -5.791505
v -26.109909 11.033348 -5.623870
v -26.465374 10.976805 -6.147034
v -26.573118 10.826770 -6.254815
v -26.573118 10.979173 -6.254815
v -26.656940 11.039197 -6.170994
v -26.891602 11.207242 -5.936331
v -27.348093 11.655089 -5.479841
v -27.532204 12.397672 -5.080204
v -27.639967 12.397672 -5.187967
v -27.639969 24.536556 -5.187968
v -27.474894 25.391396 -5.137516
v -27.582645 25.391373 -5.245291
v -27.307026 26.185873 -5.305385
v -27.414736 26.185778 -5.413200
v -27.148102 26.864731 -5.679834
v -26.961536 27.013348 -5.650872
v -41.033234 5.161816 7.917586
v -48.656418 9.832997 7.917586
v -40.847759 5.407045 7.917587
v -48.841888 9.587768 7.917585
v -46.242676 5.172138 7.917584
v -47.115074 6.013124 7.917584
v -49.220242 9.961634 7.917587
v -54.890305 10.252239 7.917583
v -49.358929 10.475138 7.917586
v -55.017460 10.321563 7.917585
v -55.065521 10.402631 7.917585
v -49.358929 16.339418 7.917585
v -48.964169 16.723244 7.917583
v -49.054131 16.306868 7.917585
v -49.054131 10.515574 7.917586
v -48.947449 10.120580 7.917586
v -39.085186 26.118311 7.917583
v -38.621250 26.822330 7.917583
v -38.801170 25.989574 7.917584
v -39.308838 25.305376 7.917581
v -39.534218 25.513142 7.917581
v -48.710335 17.065344 7.917583
v -48.935711 17.273109 7.917583
v -49.248188 16.851984 7.917584
v -55.059666 14.914551 7.917582
v -55.065189 10.547438 7.917583
v -55.369995 10.547987 7.917583
v -55.370510 10.319386 7.917583
v -55.236916 10.094056 7.917583
v -55.036201 9.984631 7.917583
v -55.364769 14.677749 7.917583
v -44.401943 23.720369 7.917581
v -42.803432 25.479834 7.917581
v -38.926048 26.854881 7.917584
v -55.364769 14.677749 7.917583
v -55.364288 15.058242 7.917583
v -55.057251 15.311929 7.917583
v -55.057251 15.311929 7.917583
v -44.612888 23.941460 7.917582
v -43.065605 25.644539 7.917581
v -41.808483 27.939795 7.917580
v -41.561752 29.715754 7.917580
v -38.926048 42.147511 7.917576
v -41.561752 42.147511 7.917578
v -39.269707 45.637642 9.303199
v -39.507500 45.793629 9.365128
v -38.926151 46.034897 9.460913
v -38.621250 46.561367 9.669927
v -38.621250 42.147511 7.917579
v -42.105194 28.019106 7.917581
v -41.866554 29.736824 7.917581
v -41.866554 42.147511 7.917579
v -40.566494 70.754433 8.715312
v -40.566494 71.059227 8.715312
v -39.752621 71.384422 9.365123
v -39.752621 71.689224 9.365124
v -38.868355 71.628021 9.669923
v -38.868355 71.932816 9.669923
v -38.503700 71.932816 9.669923
v -38.494350 71.628021 9.669922
v -43.562546 66.709030 6.109508
v -43.562546 63.103024 6.109509
v -44.181347 65.873497 4.839751
v -42.642281 63.103020 7.304726
v -42.642281 67.951614 7.304725
v -41.866554 63.560223 7.917582
v -41.866554 68.999039 7.917583
v -39.507500 65.257355 9.365123
v -40.566494 70.754433 8.715312
v -39.752621 71.384422 9.365123
v -38.621250 65.894707 9.669924
v -38.868355 71.628021 9.669923
v -38.324223 66.081833 9.669924
v -37.275146 70.407150 9.669292
v -33.556244 70.397621 9.669282
v -32.641842 69.661682 9.669922
v -44.434242 63.103024 3.836087
v -44.188126 62.798225 4.820563
v -44.434242 62.798225 3.836087
v -44.187424 63.102787 4.822556
v -43.562546 62.798225 6.109509
v -43.562546 63.103024 6.109509
v -42.642281 62.798225 7.304726
v -42.642281 63.103020 7.304726
v -41.866554 63.255424 7.917582
v -41.866554 63.560223 7.917582
v -39.507500 64.952553 9.365123
v -39.507500 65.257355 9.365123
v -38.621250 65.589905 9.669924
v -38.621250 65.894707 9.669924
v -38.315048 65.782814 9.669924
v -32.641842 69.356880 9.669922
v -32.641842 69.661682 9.669922
v -44.434246 42.624279 -11.002570
v -44.434246 42.273399 -12.419658
v -44.434246 42.574516 -12.419658
v -44.434246 61.114933 -11.002573
v -44.434246 61.816242 -12.419662
v -44.434246 61.744637 -10.731747
v -44.434246 62.739029 -11.443691
v -44.434246 62.745274 -9.675696
v -44.434242 63.921059 -10.193523
v -44.434246 64.416512 -9.794646
v -44.434246 64.575272 -10.058137
v -44.434246 65.102257 -9.831156
v -44.434246 65.024216 -9.532902
v -44.434246 65.532021 -9.471773
v -44.434246 63.103024 -8.693927
v -44.434246 65.532021 3.836088
v -44.187424 63.102787 4.822556
v -44.434246 65.526009 -9.786418
v -44.434242 64.128326 -10.417966
v -44.434246 62.999821 -11.611510
v -44.434246 65.836823 -9.753605
v -44.434246 65.526009 -9.786418
v -44.434246 65.836823 -9.433706
v -44.434246 65.532021 3.836088
v -40.566494 70.754433 8.715312
v -41.866554 69.303833 7.917584
v -41.866554 68.999039 7.917583
v -42.642281 68.256409 7.304725
v -42.642281 67.951614 7.304725
v -43.562546 67.013832 6.109508
v -43.562546 66.709030 6.109508
v -44.181347 66.178299 4.839751
v -44.181347 65.873497 4.839751
v -44.434246 65.836823 3.836088
v -28.728901 26.185083 -6.728109
v -28.354290 26.865833 -6.887192
v -28.383837 27.013346 -7.073172
v -28.621220 26.185240 -6.620260
v -28.789341 25.391188 -6.452139
v -28.897083 25.391132 -6.559926
v -28.846741 24.536554 -6.394740
v -24.764664 66.424385 -0.214836
v -24.764664 68.747284 0.050721
v -24.764664 68.747284 -0.214836
v -24.990700 68.747284 -0.214836
v -24.990700 66.364273 -0.214836
v -28.780506 68.747284 8.040271
v -25.254105 69.052086 2.436696
v -25.254105 68.747284 2.436696
v -24.764664 68.747284 1.658954
v -24.764664 69.052086 1.658954
v -24.764664 69.052086 0.050721
v -24.764664 69.052086 -0.214837
v -24.764664 68.747284 -0.214836
v -24.990700 69.052086 -0.214837
v -26.109905 69.052086 -0.214837
v -26.109905 68.747284 -0.214836
v -26.109905 66.066048 -0.214836
v -24.990700 66.172249 -0.214836
v -26.109905 65.865891 -0.214836
v -24.764664 66.234116 -0.214836
v -24.764664 66.295738 0.050722
v -24.764664 68.747284 1.658954
v -24.764664 65.519150 1.658955
v -25.254105 65.119400 2.436697
v -28.780506 62.239189 8.040274
v -29.246058 68.747284 8.723252
v -29.246058 61.848934 8.723252
v -30.007900 68.747284 8.935638
v -30.007900 61.330021 8.935640
v -32.641842 68.747284 9.669922
v -32.641842 59.554775 9.669924
v -35.416801 66.999084 9.669924
v -35.401039 56.537426 9.669925
v -24.764664 66.104523 0.050722
v -38.488251 52.678799 9.669920
v -38.621254 52.805691 9.669920
v -38.107254 53.292854 9.669925
v -38.242058 53.430595 9.669926
v -35.334618 56.326797 9.669924
v -32.641842 59.273354 9.669924
v -32.641842 59.554775 9.669924
v -30.007900 61.116917 8.935640
v -29.246058 61.650150 8.723252
v -29.246058 61.848934 8.723252
v -28.780506 62.031361 8.040274
v -25.254105 64.918938 2.436697
v -24.764664 65.319717 1.658955
v -24.764664 65.519150 1.658955
v -24.764664 66.104523 0.050722
v -42.105194 28.019106 7.917581
v -42.641499 29.772717 7.307051
v -41.866554 29.736824 7.917581
v -41.866554 42.147511 7.917579
v -42.641792 42.147511 7.306176
v -41.866554 43.246353 7.917579
v -39.507500 45.793629 9.365128
v -39.507500 46.654774 9.365128
v -38.621250 46.561367 9.669927
v -38.789650 47.139458 9.612010
v -38.621250 51.968494 9.669926
v -38.789650 52.032997 9.612009
v -38.621254 52.805691 9.669920
v -38.274052 65.199036 9.669924
v -38.621250 64.980309 9.669924
v -38.621254 52.805691 9.669920
v -39.507500 64.342949 9.365123
v -38.789650 52.032997 9.612009
v -39.507500 46.654774 9.365128
v -41.866554 62.708946 7.917583
v -41.866554 43.246353 7.917579
v -42.642273 62.187378 7.304748
v -43.562111 29.817879 6.112757
v -42.843430 28.136808 7.332004
v -43.065605 25.644539 7.917581
v -43.743809 26.042233 7.306724
v -43.562542 62.188568 6.109543
v -43.753387 28.273323 6.131830
v -44.209000 29.855301 4.762580
v -44.189083 62.188568 4.817863
v -44.434242 62.188568 3.836087
v -44.434246 29.870178 3.836094
v -44.434246 62.188583 1.042590
v -44.434246 29.870178 1.042595
v -44.434246 62.188625 -4.853635
v -44.434246 61.222046 -5.917512
v -44.434246 29.870176 -5.917506
v -44.617462 28.370449 -5.917506
v -44.617462 28.370451 1.042595
v -45.257713 26.996599 -5.917506
v -45.257713 26.996601 1.042596
v -46.264915 25.863939 1.042596
v -45.257713 26.996601 3.836095
v -46.264915 25.863939 3.836095
v -46.111065 25.699261 4.761847
v -45.075134 26.868984 4.766273
v -45.682434 25.217741 6.114550
v -44.536064 26.518465 6.116811
v -45.093185 24.519865 7.316395
v -46.264915 25.863937 -5.917506
v -44.612888 23.941460 7.917582
v -55.071735 16.448164 7.175279
v -55.088329 17.466654 6.081405
v -55.098293 18.182941 4.779705
v -55.090828 18.451147 3.836095
v -55.090828 18.451147 1.042597
v -54.232243 19.172264 -5.917505
v -53.681408 19.634903 -6.222304
v -46.264915 25.863937 -6.222305
v -45.257713 26.996599 -5.917506
v -45.257713 26.996599 -6.222306
v -44.617462 28.370449 -5.917506
v -55.057251 15.311929 7.917583
v -55.368523 14.541975 6.868820
v -55.364334 14.967973 7.612784
v -55.364784 14.619084 7.612784
v -55.364769 14.677749 7.917583
v -55.364288 15.058242 7.917583
v -55.368614 16.208017 7.171081
v -55.057251 15.311929 7.917583
v -55.071735 16.448164 7.175279
v -55.371529 17.233278 6.080408
v -55.088329 17.466654 6.081405
v -55.371452 17.954491 4.780247
v -55.098293 18.182941 4.779705
v -55.370705 18.216087 3.836096
v -55.090828 18.451147 3.836095
v -55.370705 18.216085 1.042597
v -55.090828 18.451149 -9.448799
v -52.583237 20.557247 -8.051105
v -53.681408 19.634903 -6.222304
v -52.443249 20.674818 -7.746303
v -55.370701 17.911285 -9.448798
v -55.370701 18.216085 -9.448798
v -55.370701 17.911287 1.042597
v -55.370701 18.216085 -9.753601
v -55.090828 18.451149 -9.753602
v -55.370701 17.911287 3.794651
v -55.370701 17.911285 -9.753601
v -55.370701 17.911285 -9.753601
v -55.370701 16.812326 -9.753601
v -55.370697 16.812326 -9.448798
v -55.369751 16.812328 1.042597
v -55.369476 16.812328 4.012576
v -55.371460 17.670412 4.664016
v -55.371552 16.985172 5.899330
v -55.368645 16.011156 6.935489
v -46.226707 0.000021 7.612784
v -46.226707 3.962542 7.917585
v -46.226707 0.000021 7.917585
v -46.226707 3.962542 7.612784
v -46.226707 0.000021 6.868823
v -46.226707 3.962542 6.868822
v -46.514946 5.011241 7.612783
v -46.515522 5.011796 6.868822
v -47.298130 5.765772 7.612783
v -47.299500 5.766516 6.868822
v -55.036201 9.984631 7.612783
v -55.036201 9.984631 6.868821
v -55.236916 10.094056 7.612783
v -55.236912 10.094056 6.868821
v -55.370514 10.319386 7.612782
v -55.370537 10.319386 6.868821
v -55.370094 10.547989 6.868821
v -55.370018 10.547989 7.612782
v -55.364769 14.677749 7.917583
v -55.369995 10.547987 7.917583
v -55.370510 10.319386 7.917583
v -55.236916 10.094056 7.917583
v -55.036201 9.984631 7.917583
v -47.297043 5.765177 7.917584
v -46.514454 5.010767 7.917585
v -43.093124 62.493423 -4.971421
v -33.184742 32.486298 -5.181428
v -33.184746 32.486298 -7.472341
v -33.613358 32.486298 -6.400805
v -36.173355 32.486298 -5.181425
v -36.173359 32.486298 -6.400805
v -46.514454 5.010767 7.917585
v -45.921906 4.003619 7.917584
v -46.226707 3.962542 7.917585
v -40.829521 4.960516 7.917587
v -40.754848 4.684033 7.917586
v -47.297043 5.765177 7.917584
v -40.556728 5.119462 7.917586
v -40.450047 4.724468 7.917586
v -40.450050 0.000026 7.917587
v -40.754848 0.000021 7.917587
v -45.921906 0.000021 7.917584
v -46.226707 0.000021 7.917585
v -30.376801 0.000023 -7.924799
v -30.376801 1.067935 -7.924798
v -28.621220 26.185240 -6.620260
v -28.462053 26.905268 -6.779429
v -28.354290 26.865833 -6.887192
v -28.636742 11.551563 -6.604738
v -28.846741 12.397672 -6.394740
v -28.554855 11.656829 -6.686626
v -28.954504 12.358079 -6.286976
v -29.708843 1.710712 -5.532634
v -29.708843 41.233112 -5.532639
v -28.954502 24.543776 -6.286977
v -28.895618 25.420530 -6.345862
v -28.789341 25.391188 -6.452139
v -28.721111 26.244745 -6.520369
v -28.354290 41.233112 -6.887195
v -28.354290 26.865833 -6.887192
v -28.846741 24.536554 -6.394740
v -27.887604 2.878196 -7.353874
v -28.153368 11.080238 -7.088112
v -28.098343 11.211698 -7.143139
v -27.956455 10.940405 -7.285026
v -27.862354 11.044115 -7.379127
v -27.887604 10.891513 -7.353876
v -27.779842 10.985520 -7.461639
v -27.779842 10.833120 -7.461639
v -27.887604 10.742175 -7.353876
v -27.779839 2.816417 -7.461638
v -27.779842 10.833120 -7.461639
v -27.546717 1.633640 -5.344345
v -27.469913 1.602575 -5.573525
v -27.371130 1.633640 -5.519932
v -27.632250 1.602575 -5.411187
v -28.461170 1.603933 -6.564804
v -28.623497 1.603933 -6.402476
v -28.690334 1.635263 -6.488032
v -28.514824 1.635263 -6.663545
v -28.654881 1.710712 -6.586596
v -28.491940 1.710712 -6.749529
v -27.958801 2.663744 -7.282676
v -27.845919 2.605636 -7.395560
v -27.887604 2.761227 -7.353874
v -27.779839 2.697175 -7.461638
v -27.779839 2.816417 -7.461638
v -28.654881 1.710712 -6.586596
v -29.708843 1.710712 -5.532634
v -29.677288 1.635263 -5.501079
v -29.601091 1.603933 -5.424882
v -28.609825 1.602575 -4.433611
v -28.533636 1.633640 -4.357426
v -28.502071 1.708829 -4.325859
v -27.447981 1.708829 -5.379951
v -27.285025 1.708829 -5.542908
v -26.752144 2.657873 -6.075787
v -26.639256 2.599600 -6.188677
v -26.680882 2.755069 -6.147051
v -26.573116 2.690827 -6.254814
v -26.573116 2.795186 -6.254814
v -26.680882 2.857440 -6.147051
v -28.502071 1.708829 -4.325859
v -27.447981 1.708829 -5.379951
v -26.573118 10.826770 -6.254815
v -26.573116 2.795186 -6.254814
v -26.680882 10.885517 -6.147051
v -26.946918 11.076029 -5.881016
v -27.430107 11.550070 -5.397826
v -27.348093 11.655089 -5.479841
v -27.639967 12.397672 -5.187967
v -26.891602 11.207242 -5.936331
v -26.656940 11.039197 -6.170994
v -26.573118 10.979173 -6.254815
v -26.573118 10.826770 -6.254815
v -27.148102 41.233112 -5.679836
v -27.255865 26.904209 -5.572071
v -27.148102 26.864731 -5.679834
v -28.502071 41.233112 -4.325865
v -27.514629 26.245293 -5.313306
v -27.414736 26.185778 -5.413200
v -27.688927 25.420668 -5.139009
v -27.582645 25.391373 -5.245291
v -27.747730 24.543768 -5.080205
v -27.639969 24.536556 -5.187968
v -27.747730 12.358163 -5.080204
v -27.148102 26.864731 -5.679834
v -36.173355 28.828707 -5.181425
v -36.173359 28.828705 -6.400805
v -33.613358 28.828707 -6.400805
v -33.184742 28.828709 -5.181427
v -33.184742 28.828709 -7.472341
v -36.173355 30.962301 -5.181425
v -36.173359 30.962299 -6.400805
v -33.613358 30.962301 -6.400805
v -33.184742 30.962303 -5.181427
v -33.184742 30.962305 -7.472342
v -36.173355 33.095898 -5.181425
v -36.173359 33.095898 -6.400805
v -33.613358 33.095898 -6.400805
v -33.184742 33.095898 -5.181427
v -33.184742 33.095901 -7.472343
v -36.173355 35.229492 -5.181426
v -36.173359 35.229492 -6.400806
v -33.613361 35.229496 -6.400806
v -33.184742 35.229496 -5.181428
v -33.184742 35.229496 -7.472344
v -36.173355 37.363087 -5.181426
v -36.173359 37.363087 -6.400806
v -33.613361 37.363091 -6.400806
v -33.184742 37.363091 -5.181428
v -33.184742 37.363094 -7.472345
v -36.173355 39.496689 -5.181426
v -36.173359 39.496689 -6.400806
v -33.613361 39.496689 -6.400806
v -33.184742 39.496689 -5.181428
v -33.184742 39.496693 -7.472346
v -37.569435 39.403652 -6.400806
v -33.613361 40.984898 -6.400807
v -33.613361 41.233112 -6.400807
v -33.746113 41.403790 -6.400807
v -39.112709 41.920750 -6.400807
v -39.251740 42.147511 -6.400807
v -39.251740 42.452312 -6.400807
v -35.584755 43.767765 -6.400807
v -35.746960 43.976311 -6.400807
v -35.746960 44.281113 -6.400807
v -39.251740 52.425621 -6.400809
v -39.251740 52.730419 -6.400809
v -39.048538 53.024158 -6.400809
v -36.058872 57.345833 -6.400810
v -35.878048 57.607220 -6.400810
v -35.878048 57.912022 -6.400810
v -35.746960 65.086029 -6.400809
v -35.746960 70.399223 -6.400809
v -35.878048 70.399223 -6.400809
v -37.422939 38.859913 -6.400806
v -36.173359 38.429890 -6.400806
v -36.173359 38.887085 -6.400806
v -37.422939 39.164711 -6.400806
v -36.173359 39.496689 -6.400806
v -36.173359 39.953884 -6.400807
v -33.613361 39.953888 -6.400807
v -33.613361 38.887089 -6.400806
v -33.613361 39.496689 -6.400806
v -33.613361 37.820290 -6.400806
v -33.613361 38.429890 -6.400806
v -36.173359 37.820286 -6.400806
v -37.422939 26.822327 -6.400805
v -36.173359 36.296291 -6.400806
v -36.173359 36.753487 -6.400806
v -36.173359 37.363087 -6.400806
v -33.613361 36.753490 -6.400806
v -33.613361 37.363091 -6.400806
v -36.173359 34.162693 -6.400806
v -36.173359 34.619892 -6.400806
v -36.173359 35.229492 -6.400806
v -36.173359 35.686691 -6.400806
v -33.613361 35.686691 -6.400806
v -33.613361 36.296291 -6.400806
v -33.613361 34.619896 -6.400806
v -33.613361 35.229496 -6.400806
v -36.173359 32.029099 -6.400805
v -36.173359 32.486298 -6.400805
v -36.173359 33.095898 -6.400805
v -33.613358 32.486298 -6.400805
v -33.613358 33.095898 -6.400805
v -36.173359 33.553093 -6.400805
v -33.613358 33.553097 -6.400805
v -33.613358 34.162697 -6.400806
v -36.173359 29.895502 -6.400805
v -36.173359 30.352699 -6.400805
v -33.613358 31.419500 -6.400805
v -33.613358 32.029102 -6.400805
v -36.173359 31.419497 -6.400805
v -36.173359 30.962299 -6.400805
v -33.613358 30.352701 -6.400805
v -33.613358 30.962301 -6.400805
v -36.173359 28.828705 -6.400805
v -33.613358 28.651127 -6.400805
v -33.613358 28.828707 -6.400805
v -33.795296 27.515739 -6.400805
v -34.307785 26.837265 -6.400805
v -36.173359 29.285902 -6.400805
v -33.613358 29.285904 -6.400805
v -33.613358 29.895504 -6.400805
v -47.504074 17.072319 -6.400803
v -46.785450 16.150576 -6.400803
v -38.110527 25.305376 -6.400805
v -37.602859 25.989571 -6.400805
v -38.642139 6.553266 -6.400801
v -39.251740 0.000019 -6.400800
v -38.642139 0.000023 -6.400800
v -39.251740 4.674510 -6.400801
v -39.353821 5.096633 -6.400801
v -39.654564 5.409941 -6.400801
v -47.458107 9.833005 -6.400802
v -38.727325 6.945093 -6.400801
v -39.045902 7.224937 -6.400801
v -46.734283 11.365767 -6.400802
v -47.749138 10.120587 -6.400802
v -47.855816 10.515582 -6.400802
v -47.028534 11.647127 -6.400802
v -47.136837 12.039582 -6.400802
v -47.855816 16.294231 -6.400803
v -47.136837 15.344785 -6.400803
v -47.049400 15.786172 -6.400803
v -47.764004 16.721275 -6.400803
v -43.575111 10.673846 7.916423
v -43.581665 14.994736 7.916423
v -37.157436 20.480110 7.916422
v -37.680073 7.481172 7.916424
v -37.299721 7.114136 7.916424
v -37.539524 6.953700 7.916424
v -37.836117 7.233434 7.916424
v -43.749172 10.424791 7.916423
v -26.109905 0.000025 1.098023
v -26.109907 34.868271 1.403295
v -26.109907 0.000020 1.403300
v -26.546867 33.775059 2.045335
v -26.546867 0.000030 2.045340
v -29.556574 27.698229 6.549678
v -29.556574 0.000030 6.549684
v -29.872688 27.193714 7.022783
v -29.872692 0.000030 7.022787
v -30.396055 26.698603 7.223531
v -30.396362 0.000026 7.223535
v -32.216290 24.866640 7.916421
v -32.215240 0.000026 7.916425
v -37.157436 6.601049 7.916424
v -37.157619 0.006398 7.916425
v -37.430840 6.561882 7.916424
v -37.430840 0.008639 7.916425
v -26.109905 0.000024 -3.353103
v -26.109905 1.067936 -3.657904
v -26.109907 0.000024 -3.657902
v -44.617462 28.370451 3.836094
v -44.392078 28.349827 4.775336
v -36.173355 28.828707 -5.181425
v -36.173355 29.285904 -5.181424
v -36.173359 28.828705 -6.400805
v -36.173359 29.285902 -6.400805
v -36.173359 29.285902 -6.400805
v -36.173355 29.285904 -5.181424
v -33.613358 29.285904 -6.400805
v -33.184742 29.285906 -5.181427
v -36.173355 30.962301 -5.181425
v -36.173355 31.419498 -5.181425
v -36.173359 30.962299 -6.400805
v -36.173359 31.419497 -6.400805
v -36.173359 31.419497 -6.400805
v -36.173355 31.419498 -5.181425
v -33.613358 31.419500 -6.400805
v -33.184742 31.419502 -5.181428
v -36.173355 33.095898 -5.181425
v -36.173355 33.553093 -5.181425
v -36.173359 33.095898 -6.400805
v -36.173359 33.553093 -6.400805
v -36.173359 33.553093 -6.400805
v -36.173355 33.553093 -5.181425
v -33.613358 33.553097 -6.400805
v -33.184742 33.553097 -5.181428
v -36.173355 35.229492 -5.181426
v -36.173355 35.686691 -5.181425
v -36.173359 35.229492 -6.400806
v -36.173359 35.686691 -6.400806
v -36.173359 35.686691 -6.400806
v -36.173355 35.686691 -5.181425
v -33.613361 35.686691 -6.400806
v -33.184742 35.686691 -5.181428
v -36.173355 37.363087 -5.181426
v -36.173355 37.820286 -5.181426
v -36.173359 37.363087 -6.400806
v -36.173359 37.820286 -6.400806
v -36.173359 37.820286 -6.400806
v -36.173355 37.820286 -5.181426
v -33.613361 37.820290 -6.400806
v -33.184742 37.820290 -5.181429
v -36.173355 39.496689 -5.181426
v -36.173355 39.953884 -5.181426
v -36.173359 39.496689 -6.400806
v -36.173359 39.953884 -6.400807
v -36.173359 39.953884 -6.400807
v -36.173355 39.953884 -5.181426
v -33.613361 39.953888 -6.400807
v -33.184742 39.953888 -5.181429
v -44.007526 51.777000 -10.697771
v -44.007526 51.777000 -8.874435
v -43.093124 51.777000 -10.697771
v -43.740662 51.777000 -7.587059
v -43.093124 51.777000 -6.222309
v -38.788757 8.760815 -6.449535
v -38.723858 8.671257 -6.529211
v -37.803654 8.347491 -7.658973
v -38.828453 8.913038 -6.400798
v -38.828453 20.308828 -6.400801
v -38.781200 20.521128 -6.458812
v -38.690979 20.714939 -6.569579
v -37.795364 21.584883 -7.669153
v -37.587135 8.271315 -7.924800
v -37.587135 21.798805 -7.924802
v -44.007526 52.234200 -8.874435
v -44.007526 52.234200 -10.697771
v -43.093124 52.234200 -10.697771
v -43.740662 52.234200 -7.587059
v -43.093124 52.234200 -6.222309
v -44.007526 51.014999 -8.874435
v -44.007526 51.014999 -10.697771
v -43.093124 51.014999 -10.697771
v -43.740662 51.014999 -7.587058
v -43.093124 51.014999 -6.222309
v -44.007526 53.453400 -8.874435
v -44.007526 53.453400 -10.697771
v -43.093124 53.453400 -10.697771
v -43.740662 53.453400 -7.587059
v -43.093124 53.453400 -6.222309
v -44.007526 49.795799 -8.874435
v -44.007526 49.795799 -10.697771
v -43.093124 49.795799 -10.697771
v -43.740662 49.795799 -7.587058
v -43.093124 49.795799 -6.222309
v -44.007526 54.672600 -8.874435
v -44.007526 54.672600 -10.697771
v -43.093124 54.672600 -10.697771
v -43.740662 54.672600 -7.587059
v -43.093124 54.672600 -6.222310
v -44.007526 48.576599 -8.874434
v -44.007526 48.576599 -10.697770
v -43.093124 48.576599 -10.697770
v -43.740662 48.576599 -7.587058
v -43.093124 48.576599 -6.222309
v -44.007526 55.891800 -8.874436
v -44.007526 55.891800 -10.697772
v -43.093124 55.891800 -10.697772
v -43.740662 55.891800 -7.587059
v -43.093124 55.891800 -6.222310
v -44.007526 47.357399 -8.874434
v -44.007526 47.357399 -10.697770
v -43.093124 47.357399 -10.697770
v -43.740662 47.357399 -7.587058
v -43.093124 47.357399 -6.222308
v -44.007526 57.111000 -8.874436
v -44.007526 57.111000 -10.697772
v -43.093124 57.111000 -10.697772
v -43.740662 57.111000 -7.587059
v -43.093124 57.111000 -6.222310
v -44.007526 46.138199 -8.874434
v -44.007526 46.138199 -10.697770
v -43.093124 46.138199 -10.697770
v -43.740662 46.138199 -7.587058
v -43.093124 46.138199 -6.222308
v -44.007526 58.330200 -8.874436
v -44.007526 58.330200 -10.697772
v -43.093124 58.330200 -10.697772
v -43.740662 58.330200 -7.587059
v -43.093124 58.330200 -6.222310
v -44.007526 44.918999 -8.874434
v -44.007526 44.918999 -10.697770
v -43.093124 44.918999 -10.697770
v -43.740662 44.918999 -7.587057
v -43.093124 44.918999 -6.222308
v -44.007526 59.549400 -8.874436
v -44.007526 59.549400 -10.697772
v -43.093124 59.549400 -10.697772
v -43.740662 59.549400 -7.587059
v -43.093124 59.549400 -6.222310
v -44.007526 43.699799 -8.874434
v -44.007526 43.699799 -10.697769
v -43.093124 43.699799 -10.697769
v -43.740662 43.699799 -7.587057
v -43.093124 43.699799 -6.222308
v -33.613361 38.429890 -6.400806
v -36.173355 38.429890 -5.181426
v -36.173359 38.429890 -6.400806
v -33.184742 38.429890 -5.181428
v -33.184742 38.429893 -7.472346
v -33.613361 36.296291 -6.400806
v -36.173355 36.296291 -5.181426
v -36.173359 36.296291 -6.400806
v -33.184742 36.296291 -5.181428
v -33.184742 36.296295 -7.472345
v -30.777809 61.749195 4.538415
v -26.517155 64.498428 2.116626
v -26.379673 64.924667 1.337709
v -28.501453 64.079384 0.915662
v -28.881901 63.689938 1.521136
v -29.461765 53.414249 5.136332
v -27.029337 53.414955 1.191983
v -28.499025 53.420757 0.911731
v -30.094398 53.414322 5.827445
v -30.890205 53.414249 6.340669
v -32.542530 53.413765 6.946177
v -37.810589 53.420757 5.477263
v -38.424931 53.413605 6.684635
v -29.461765 55.852650 5.136332
v -27.029337 55.853355 1.191983
v -28.499025 55.859158 0.911731
v -30.094398 55.852722 5.827444
v -30.890205 55.852650 6.340669
v -32.542530 55.852165 6.946177
v -37.810589 55.859158 5.477262
v -38.424931 55.852005 6.684635
v -29.461765 58.291046 5.136331
v -27.029337 58.291756 1.191983
v -28.499025 58.297558 0.911731
v -30.094398 58.291122 5.827444
v -30.890205 58.291046 6.340668
v -32.542530 58.290565 6.946176
v -37.810589 58.297558 5.477262
v -38.424931 58.290405 6.684634
v -29.461765 60.729530 5.136331
v -27.029337 60.730240 1.191982
v -28.499025 60.736042 0.911730
v -30.094398 60.729607 5.827443
v -30.890205 60.729530 6.340668
v -32.542530 60.729050 6.946176
v -37.810589 60.736042 5.477262
v -38.424931 60.728889 6.684634
v -44.007526 60.768600 -8.874436
v -44.007526 60.768600 -10.697772
v -43.093124 60.768600 -10.697772
v -43.740662 60.768600 -7.587060
v -43.093124 60.768600 -6.222311
v -44.434246 39.881077 -8.051107
v -44.434246 42.757111 -10.697770
v -44.434246 40.013912 -7.746307
v -44.434246 29.870176 -7.746305
v -44.434246 29.870176 -8.051106
v -44.617462 28.370451 -7.746306
v -44.617462 28.370449 -8.051106
v -45.257713 26.996597 -8.051106
v -44.434246 29.870176 -9.448801
v -44.434246 39.290607 -9.448803
v -44.434246 61.052162 -10.697773
v -44.434246 61.566555 -10.476542
v -44.434246 62.483788 -9.508515
v -44.434246 62.798225 -8.719518
v -44.434246 62.798225 -8.552120
v -45.257713 26.996599 -7.746306
v -46.264915 25.863937 -8.051105
v -46.264915 25.863937 -7.746305
v -52.443249 20.674818 -7.746303
v -46.264915 25.863937 -9.448799
v -45.257713 26.996597 -8.051106
v -45.257713 26.996599 -9.448800
v -44.617462 28.370449 -9.448800
v -44.434246 29.870176 -9.753601
v -44.434246 38.859913 -9.753603
v -44.434246 39.164711 -9.753603
v -44.434246 39.529545 -9.686786
v -44.434246 39.403652 -9.991587
v -44.434246 42.046638 -12.193807
v -44.434246 41.920746 -12.498607
v -44.434246 42.147507 -12.724458
v -44.434246 42.452309 -12.724458
v -44.434246 61.642723 -12.724462
v -44.434246 61.947525 -12.724462
v -44.434246 62.118839 -12.543274
v -44.434246 62.999821 -11.611510
v -44.434246 62.118839 -12.543274
v -29.461765 41.222248 5.136334
v -27.029337 41.222954 1.191985
v -28.499025 41.228760 0.911733
v -30.094398 41.222321 5.827446
v -30.890205 41.222248 6.340671
v -32.542530 41.221764 6.946179
v -37.810589 41.228760 5.477265
v -38.424931 41.221607 6.684637
v -29.461765 38.783848 5.136334
v -27.029337 38.784554 1.191986
v -28.499025 38.790359 0.911734
v -30.094398 38.783920 5.827447
v -30.890205 38.783848 6.340672
v -32.542530 38.783363 6.946179
v -37.810589 38.790359 5.477265
v -38.424931 38.783207 6.684638
v -29.461765 36.345448 5.136335
v -27.029337 36.346153 1.191986
v -28.499025 36.351959 0.911734
v -30.094398 36.345524 5.827447
v -30.890205 36.345448 6.340672
v -32.542530 36.344963 6.946180
v -37.810589 36.351959 5.477266
v -38.424931 36.344807 6.684638
v -29.461765 33.907047 5.136335
v -27.029337 33.907753 1.191987
v -28.499025 33.913559 0.911734
v -30.094398 33.907124 5.827447
v -30.890205 33.907047 6.340672
v -32.542530 33.906563 6.946180
v -37.810589 33.913559 5.477266
v -38.424931 33.906406 6.684638
v -29.461765 31.468647 5.136335
v -27.029337 31.469355 1.191987
v -28.499025 31.475159 0.911735
v -30.094398 31.468721 5.827448
v -30.890205 31.468649 6.340672
v -32.542530 31.468166 6.946180
v -37.810589 31.475159 5.477266
v -38.424931 31.468008 6.684639
v -39.090630 25.404795 -8.803218
v -44.265556 20.742609 -9.056398
v -44.609093 20.571594 -8.806853
v -39.059654 25.305372 -9.056397
v -38.551987 25.989571 -9.056398
v -38.604389 26.048405 -8.795561
v -38.372066 26.822327 -9.056400
v -38.437405 26.837519 -8.790939
v -38.361359 38.859913 -9.026449
v -38.427826 38.859913 -8.759595
v -38.421574 39.133232 -8.762326
v -38.361359 39.164711 -9.026449
v -38.593529 39.337631 -8.950756
v -38.543770 39.403652 -9.228975
v -29.461765 46.099049 5.136333
v -27.029337 46.099754 1.191985
v -28.499025 46.105560 0.911732
v -30.094398 46.099121 5.827446
v -30.890205 46.099049 6.340670
v -32.542530 46.098564 6.946178
v -37.810589 46.105560 5.477264
v -38.424931 46.098408 6.684636
v -29.461765 48.537449 5.136333
v -27.029337 48.538155 1.191984
v -28.499025 48.543961 0.911732
v -30.094398 48.537521 5.827445
v -30.890205 48.537449 6.340670
v -32.542530 48.536964 6.946177
v -37.810589 48.543961 5.477263
v -38.424931 48.536804 6.684636
v -29.461765 50.975849 5.136333
v -27.029337 50.976555 1.191984
v -28.499025 50.982361 0.911732
v -30.094398 50.975922 5.827445
v -30.890205 50.975849 6.340670
v -32.542530 50.975365 6.946177
v -37.810589 50.982361 5.477263
v -38.424931 50.975204 6.684636
v -29.461765 43.660648 5.136333
v -27.029337 43.661354 1.191985
v -28.499025 43.667160 0.911733
v -30.094398 43.660721 5.827446
v -30.890205 43.660648 6.340671
v -32.542530 43.660164 6.946178
v -37.810589 43.667160 5.477264
v -38.424931 43.660007 6.684637
v -44.617462 28.370449 -9.753601
v -45.257713 26.996599 -9.753601
v -45.257713 26.996599 -9.448800
v -46.264915 25.863937 -9.753600
v -46.264915 25.863937 -9.448799
v -55.090828 18.451149 -9.753602
v -44.007526 52.996201 -10.697771
v -44.007526 52.996201 -8.874435
v -43.093124 52.996201 -10.697771
v -43.740662 52.996201 -7.587059
v -43.093124 52.996201 -6.222309
v -28.772171 11.216153 -7.817035
v -28.407936 11.049973 -7.924798
v -28.879932 11.216153 -7.924798
v -29.685234 11.658564 -7.817035
v -29.792999 11.658564 -7.924798
v -30.376802 12.397672 -7.924800
v -30.376801 24.536554 -7.924803
v -30.261852 25.391006 -7.924803
v -30.154106 25.391045 -7.817024
v -29.925182 26.184704 -7.924803
v -29.817486 26.184824 -7.816974
v -29.282967 26.866936 -7.817040
v -44.007526 50.557800 -10.697771
v -44.007526 50.557800 -8.874435
v -43.093124 50.557800 -10.697771
v -43.740662 50.557800 -7.587058
v -43.093124 50.557800 -6.222309
v -29.980207 69.052086 7.699633
v -32.821911 69.052086 8.353433
v -29.980207 69.356880 7.699633
v -32.821911 69.356880 8.353433
v -38.403168 65.589905 8.365257
v -38.403168 65.285110 8.365257
v -38.938717 64.952553 8.159475
v -38.938717 64.647751 8.159475
v -41.100163 63.255424 6.819873
v -41.100163 62.950623 6.819871
v -41.695278 62.798218 6.369468
v -41.695278 62.493420 6.369468
v -42.427940 62.798489 5.407682
v -42.427940 62.493690 5.407682
v -42.934284 62.798267 4.365259
v -42.935024 62.493465 4.363156
v -43.113129 62.797985 3.673521
v -43.113129 62.493187 3.673521
v -43.093124 62.493423 -4.971421
v -43.099667 62.798145 -4.975280
v -41.866554 62.950623 7.917582
v -41.866554 62.708946 7.917583
v -42.642281 62.493423 7.304726
v -39.507500 64.342949 9.365123
v -39.507500 64.647751 9.365123
v -38.621250 64.980309 9.669924
v -38.621250 65.285110 9.669924
v -38.274879 65.503319 9.669924
v -35.417206 67.303627 9.669924
v -32.641842 68.747284 9.669922
v -32.641842 69.052086 9.669922
v -30.007900 69.052086 8.935638
v -29.246058 69.052086 8.723252
v -29.246058 68.747284 8.723252
v -28.780506 69.052086 8.040272
v -44.617462 28.370451 -6.222306
v -44.434246 29.870176 -6.222305
v -44.434246 61.356934 -6.222311
v -44.434246 62.493423 -4.971420
v -44.434246 62.493423 1.042590
v -44.434242 62.493423 3.836087
v -44.434242 62.188568 3.836087
v -44.188869 62.493423 4.818459
v -43.562546 62.493423 6.109509
v -42.642273 62.187378 7.304748
v -44.007526 54.215401 -10.697771
v -44.007526 54.215401 -8.874435
v -43.093124 54.215401 -10.697771
v -43.740662 54.215401 -7.587059
v -43.093124 54.215401 -6.222310
v -28.499025 44.276760 0.911733
v -27.029339 44.282555 1.191986
v -29.461765 44.283344 5.136335
v -30.094400 44.283260 5.827447
v -30.890179 44.283260 6.340672
v -32.542419 44.282524 6.946181
v -37.823002 44.276760 5.477880
v -38.424931 44.281479 6.685244
v -44.007526 49.338600 -10.697770
v -44.007526 49.338600 -8.874434
v -43.093124 49.338600 -10.697770
v -43.740662 49.338600 -7.587058
v -43.093124 49.338600 -6.222309
v -37.953724 61.811119 -12.436144
v -37.772945 57.912018 -11.910883
v -37.771782 62.308083 -11.910552
v -37.953598 57.912018 -12.436188
v -37.772945 57.607216 -11.910885
v -37.953598 57.607216 -12.436192
v -37.938469 57.345829 -11.910620
v -38.117649 57.345829 -12.435875
v -40.673878 53.024151 -11.906242
v -40.830227 53.024151 -12.430655
v -40.861290 52.730415 -11.905945
v -41.014595 52.730412 -12.430300
v -40.861759 52.425610 -11.907549
v -41.015156 52.425610 -12.432214
v -40.874886 42.452309 -11.951361
v -41.030785 42.452309 -12.484468
v -40.874863 42.147507 -11.952361
v -41.030785 42.147507 -12.485662
v -40.838928 41.920746 -12.256418
v -40.691544 41.920746 -11.760159
v -38.709282 39.403652 -9.711744
v -38.543770 39.403652 -9.228975
v -44.007526 55.434597 -10.697771
v -44.007526 55.434597 -8.874435
v -43.093124 55.434597 -10.697771
v -43.740662 55.434597 -7.587059
v -43.093124 55.434597 -6.222310
v -33.893028 55.478783 -10.972805
v -34.066643 55.409904 -10.834985
v -33.893028 51.432816 -10.972805
v -34.066929 51.357224 -10.822456
v -32.403137 48.973118 -10.820404
v -32.229855 49.061237 -10.972804
v -44.007526 48.119400 -10.697770
v -44.007526 48.119400 -8.874434
v -43.093124 48.119400 -10.697770
v -43.740662 48.119400 -7.587058
v -43.093124 48.119400 -6.222308
v -28.499025 51.591957 0.911732
v -27.029339 51.597755 1.191985
v -29.461765 51.598545 5.136334
v -30.094400 51.598461 5.827446
v -30.890179 51.598461 6.340671
v -32.542419 51.597725 6.946180
v -37.823002 51.591957 5.477879
v -38.424931 51.596680 6.685242
v -44.007526 56.653797 -10.697772
v -44.007526 56.653797 -8.874436
v -43.093124 56.653797 -10.697772
v -43.740662 56.653797 -7.587059
v -43.093124 56.653797 -6.222310
v -43.749172 10.424791 7.916423
v -43.867298 10.628386 7.764997
v -43.575111 10.673846 7.916423
v -43.709644 10.823458 7.764024
v -43.581665 14.994736 7.916423
v -43.711918 15.108031 7.764023
v -37.157436 20.480110 7.916422
v -37.157436 20.662186 7.764022
v -32.216290 24.866640 7.916421
v -32.243408 25.049088 7.769005
v -30.396055 26.698603 7.223531
v -30.450451 26.896378 7.081170
v -29.872688 27.193714 7.022783
v -29.963337 27.395634 6.909303
v -29.556574 27.698229 6.549678
v -29.683289 27.904366 6.465010
v -26.546867 33.775059 2.045335
v -26.673222 34.032043 1.960128
v -26.262306 37.760990 -0.165989
v -26.109905 37.687847 -0.355334
v -26.262308 35.588749 1.098017
v -26.109905 35.318851 1.098017
v -26.249102 35.134399 1.360422
v -26.109907 34.868271 1.403295
v -26.673222 34.032043 1.960128
v -26.546867 33.775059 2.045335
v -44.587437 10.386894 5.476347
v -43.850067 10.423929 7.641182
v -38.717770 7.227734 5.476348
v -37.935566 7.232792 7.641183
v -38.399193 6.861667 5.476346
v -37.636494 6.943319 7.641183
v -38.314011 6.383929 5.476346
v -37.530460 6.541808 7.641183
v -37.530460 0.007667 7.641184
v -38.314011 0.000025 5.476350
v -44.007526 46.900200 -10.697770
v -44.007526 46.900200 -8.874434
v -43.093124 46.900200 -10.697770
v -43.740662 46.900200 -7.587058
v -43.093124 46.900200 -6.222308
v -28.499025 49.153561 0.911732
v -27.029339 49.159355 1.191986
v -29.461765 49.160145 5.136334
v -30.094400 49.160061 5.827446
v -30.890179 49.160061 6.340671
v -32.542419 49.159325 6.946180
v -37.823002 49.153561 5.477880
v -38.424931 49.158279 6.685243
v -44.007526 57.872997 -10.697772
v -44.007526 57.872997 -8.874436
v -43.093124 57.872997 -10.697772
v -43.740662 57.872997 -7.587059
v -43.093124 57.872997 -6.222310
v -44.434246 62.999821 -11.611510
v -44.434242 64.128326 -10.417966
v -44.129444 64.130348 -10.415824
v -44.434246 64.575272 -10.058137
v -44.129444 64.576164 -10.057234
v -44.434246 65.102257 -9.831156
v -44.129444 65.102554 -9.830941
v -44.434246 65.526009 -9.786418
v -44.129444 65.836823 -9.753605
v -28.499025 46.715160 0.911732
v -27.029339 46.720955 1.191986
v -29.461765 46.721745 5.136335
v -30.094400 46.721661 5.827446
v -30.890179 46.721661 6.340672
v -32.542419 46.720924 6.946181
v -37.823002 46.715160 5.477880
v -38.424931 46.719879 6.685243
v -44.007526 45.681000 -10.697770
v -44.007526 45.681000 -8.874434
v -43.093124 45.681000 -10.697770
v -43.740662 45.681000 -7.587058
v -43.093124 45.681000 -6.222308
v -37.839088 57.912045 -11.634589
v -37.772945 57.912018 -11.910883
v -37.818535 57.685791 -11.641901
v -37.772945 57.607216 -11.910885
v -37.985008 57.424576 -11.642949
v -37.938469 57.345829 -11.910620
v -40.730541 53.103619 -11.641754
v -40.673878 53.024151 -11.906242
v -40.930481 52.770428 -11.639969
v -40.861290 52.730415 -11.905945
v -40.941853 52.425621 -11.638423
v -40.861759 52.425610 -11.907549
v -40.953770 42.452236 -11.678131
v -40.874886 42.452309 -11.951361
v -40.953728 42.147362 -11.679037
v -40.874863 42.147507 -11.952361
v -40.691544 41.920746 -11.760159
v -40.757610 41.851669 -11.506040
v -44.007526 59.092197 -10.697772
v -44.007526 59.092197 -8.874436
v -43.093124 59.092197 -10.697772
v -43.740662 59.092197 -7.587059
v -43.093124 59.092197 -6.222310
v -28.499025 32.084759 0.911735
v -27.029339 32.090553 1.191988
v -29.461765 32.091343 5.136337
v -30.094400 32.091259 5.827449
v -30.890179 32.091259 6.340674
v -32.542419 32.090527 6.946183
v -37.823002 32.084759 5.477882
v -38.424931 32.089478 6.685246
v -44.007526 60.311398 -10.697772
v -44.007526 60.311398 -8.874436
v -43.093124 60.311398 -10.697772
v -43.740662 60.311398 -7.587060
v -43.093124 60.311398 -6.222311
v -51.410210 16.659925 -9.601201
v -51.485073 16.812326 -9.753599
v -55.065903 16.659925 -9.601203
v -55.065903 16.812326 -9.753601
v -55.218300 16.659925 -9.601203
v -55.370701 16.812326 -9.753601
v -55.369476 16.812328 4.012576
v -55.217030 16.659889 3.961674
v -55.369751 16.812328 1.042597
v -55.217308 16.659899 1.042597
v -55.370697 16.812326 -9.448798
v -55.218300 16.659937 -9.448806
v -55.218300 16.659925 -9.601203
v -55.370701 16.812326 -9.753601
v -44.007526 44.461800 -10.697770
v -44.007526 44.461800 -8.874434
v -43.093124 44.461800 -10.697770
v -43.740662 44.461800 -7.587057
v -43.093124 44.461800 -6.222308
v -28.499025 34.523159 0.911734
v -27.029339 34.528954 1.191988
v -29.461765 34.529743 5.136337
v -30.094400 34.529659 5.827448
v -30.890179 34.529659 6.340673
v -32.542419 34.528927 6.946183
v -37.823002 34.523159 5.477882
v -38.424931 34.527878 6.685245
v -44.007526 43.242599 -10.697769
v -44.007526 43.242599 -8.874434
v -43.093124 43.242599 -10.697769
v -43.740662 43.242599 -7.587057
v -43.093124 43.242599 -6.222308
v -28.499025 36.961559 0.911734
v -27.029339 36.967354 1.191988
v -29.461765 36.968143 5.136336
v -30.094400 36.968060 5.827448
v -30.890179 36.968060 6.340673
v -32.542419 36.967327 6.946182
v -37.823002 36.961559 5.477881
v -38.424931 36.966278 6.685245
v -36.173355 38.429890 -5.181426
v -36.173355 38.887085 -5.181426
v -36.173359 38.429890 -6.400806
v -36.173359 38.887085 -6.400806
v -36.173359 38.887085 -6.400806
v -36.173355 38.887085 -5.181426
v -33.613361 38.887089 -6.400806
v -33.184742 38.887089 -5.181429
v -36.173355 36.296291 -5.181426
v -36.173355 36.753487 -5.181426
v -36.173359 36.296291 -6.400806
v -36.173359 36.753487 -6.400806
v -36.173359 36.753487 -6.400806
v -36.173355 36.753487 -5.181426
v -33.613361 36.753490 -6.400806
v -33.184742 36.753490 -5.181429
v -36.173355 34.162693 -5.181426
v -36.173355 34.619892 -5.181425
v -36.173359 34.162693 -6.400806
v -36.173359 34.619892 -6.400806
v -36.173359 34.619892 -6.400806
v -36.173355 34.619892 -5.181425
v -33.613361 34.619896 -6.400806
v -33.184742 34.619896 -5.181428
v -28.499025 54.030357 0.911731
v -27.029339 54.036156 1.191985
v -29.461765 54.036945 5.136334
v -30.094400 54.036861 5.827446
v -30.890179 54.036861 6.340671
v -32.542419 54.036125 6.946180
v -37.823002 54.030357 5.477879
v -38.424931 54.035080 6.685242
v -28.499025 39.399960 0.911734
v -27.029339 39.405754 1.191987
v -29.461765 39.406544 5.136336
v -30.094400 39.406460 5.827448
v -30.890179 39.406460 6.340673
v -32.542419 39.405727 6.946182
v -37.823002 39.399960 5.477881
v -38.424931 39.404678 6.685245
v -28.499025 56.468758 0.911731
v -27.029339 56.474552 1.191984
v -29.461765 56.475346 5.136333
v -30.094400 56.475262 5.827445
v -30.890179 56.475262 6.340670
v -32.542419 56.474525 6.946179
v -37.823002 56.468758 5.477879
v -38.424931 56.473480 6.685242
v -28.499025 41.838360 0.911733
v -27.029339 41.844154 1.191987
v -29.461765 41.844944 5.136336
v -30.094400 41.844860 5.827447
v -30.890179 41.844860 6.340672
v -32.542419 41.844128 6.946182
v -37.823002 41.838360 5.477881
v -38.424931 41.843079 6.685244
v -28.499025 58.907158 0.911730
v -27.029339 58.912952 1.191984
v -29.461765 58.913746 5.136333
v -30.094400 58.913662 5.827445
v -30.890179 58.913662 6.340670
v -32.542419 58.912926 6.946179
v -37.823002 58.907158 5.477878
v -38.424931 58.911880 6.685241
v -33.184742 34.162697 -5.181428
v -33.613358 34.162697 -6.400806
v -33.184742 34.162701 -7.472344
v -36.173355 34.162693 -5.181426
v -36.173359 34.162693 -6.400806
v -28.499025 61.345642 0.911730
v -27.029339 61.351437 1.191984
v -29.461765 61.352230 5.136333
v -30.094400 61.352146 5.827444
v -30.890179 61.352146 6.340669
v -32.542419 61.351410 6.946178
v -37.823002 61.345642 5.477878
v -38.424931 61.350365 6.685241
v -33.613358 29.285904 -6.400805
v -33.184742 29.285906 -5.181427
v -33.184746 29.285904 -7.472340
v -47.309151 5.771783 -7.924798
v -46.519600 5.015731 -7.924798
v -47.308193 5.771259 -8.229598
v -54.592331 9.742624 -7.924798
v -54.855743 9.886244 -8.229598
v -54.592331 9.742624 -7.924798
v -54.592331 9.742624 -6.222301
v -54.855743 9.886244 -5.917502
v -46.226707 0.000020 1.042600
v -46.226707 3.962541 6.564022
v -46.226707 0.000021 6.564023
v -46.226704 3.962541 1.042599
v -46.226704 0.000019 -5.917501
v -46.226704 3.962539 -5.917501
v -46.516865 5.013092 1.042599
v -46.519154 5.015301 -5.917502
v -47.302788 5.768309 1.042599
v -47.308132 5.771225 -5.917502
v -55.036201 9.984630 1.042598
v -55.036201 9.984628 -9.448797
v -47.307053 5.770638 -9.448796
v -46.519241 5.015387 -8.229598
v -46.226707 3.962539 -7.924798
v -46.226704 0.000019 -6.222301
v -46.226704 3.962539 -6.222301
v -46.519596 5.015732 -6.222300
v -47.309151 5.771783 -6.222302
v -54.592331 9.742624 -6.222301
v -46.226704 3.962539 -8.229598
v -46.226707 0.000019 -7.924797
v -46.226704 0.000019 -8.229597
v -46.226704 3.962539 -9.448796
v -46.518818 5.014980 -9.448796
v -46.226704 0.000016 -9.448795
v -47.307053 5.770638 -9.448796
v -55.036201 9.984628 -9.753600
v -47.297035 5.765174 -9.753596
v -46.518818 5.014980 -9.448796
v -46.514450 5.010764 -9.753596
v -46.226704 3.962539 -9.448796
v -46.226704 3.962539 -9.753596
v -46.226704 0.000018 -9.753595
v -55.236908 10.094053 -9.448797
v -55.236908 10.094053 -9.753600
v -55.370697 10.319384 -9.448797
v -55.370701 10.319384 -9.753600
v -55.370701 10.547984 -9.753600
v -55.370682 10.547984 -9.448797
v -55.370701 16.507526 -9.753601
v -55.370697 16.507526 -9.448798
v -55.369671 16.507528 1.042597
v -55.370338 10.547987 1.042598
v -55.370697 10.319384 -9.448797
v -55.370602 10.319386 1.042598
v -55.236908 10.094053 -9.448797
v -55.236912 10.094055 1.042598
v -55.236912 10.094056 6.564021
v -55.036201 9.984631 6.564021
v -47.299995 5.766785 6.564022
v -46.515724 5.011992 6.564022
v -55.369385 16.507528 3.910903
v -55.369251 14.385822 6.564020
v -55.370140 10.547989 6.564021
v -55.370548 10.319386 6.564021
v -30.649551 41.342983 -7.924805
v -30.868521 41.097130 -7.924805
v -30.649551 41.097729 -7.924805
v -30.878584 41.342983 -7.924805
v -30.769398 41.506824 -8.114450
v -30.876898 28.991240 -7.924806
v -30.649551 41.097729 -7.924805
v -30.649549 28.961306 -7.924803
v -30.861593 28.419771 -7.924802
v -31.083702 28.486734 -7.924806
v -31.218758 27.948141 -7.924804
v -31.410069 28.050341 -7.924805
v -39.032097 20.858974 -7.924800
v -32.698959 28.626862 -7.924801
v -32.698959 41.092125 -7.924806
v -30.878584 41.342983 -7.924805
v -32.698959 41.342983 -7.924806
v -30.769398 41.506824 -8.114450
v -32.831711 41.506832 -8.114450
v -32.429295 43.776119 -10.741086
v -34.670357 43.776119 -10.741086
v -32.575726 43.976311 -10.972803
v -34.832558 43.976311 -10.972803
v -34.832558 44.281113 -10.972803
v -32.575726 44.281113 -10.972803
v -32.575726 48.885418 -10.972803
v -34.239059 51.282360 -10.976904
v -34.238903 64.905197 -10.972881
v -32.896744 27.392582 -7.924801
v -39.589005 15.359323 -7.924797
v -39.590450 20.278305 -7.924799
v -46.065601 15.934672 -7.924798
v -39.494953 20.707386 -7.924800
v -39.209454 20.587164 -7.924800
v -39.265942 21.058365 -7.924800
v -33.475246 26.626711 -7.924800
v -33.185696 27.515739 -7.924801
v -33.003761 28.651127 -7.924801
v -33.003761 41.092606 -7.924806
v -33.003761 41.342983 -7.924806
v -33.136513 41.506832 -8.114451
v -33.698185 26.837265 -7.924800
v -46.636627 15.392466 -7.924798
v -46.262047 15.676295 -7.924799
v -46.545288 15.807357 -7.924799
v -46.288170 16.145536 -7.924799
v -36.488068 0.000023 -7.924796
v -36.540348 7.014270 -7.924797
v -36.795151 0.000023 -7.924796
v -36.891609 7.134190 -7.924797
v -37.727737 6.594756 -7.924797
v -37.870121 7.108038 -7.924797
v -38.141228 6.945092 -7.924797
v -38.256573 7.474625 -7.924798
v -38.436237 7.224936 -7.924797
v -46.053265 11.617592 -7.924798
v -46.232929 11.367902 -7.924798
v -46.256828 11.810691 -7.924798
v -46.527935 11.647745 -7.924798
v -46.636627 12.039573 -7.924798
v -46.331825 12.081063 -7.924798
v -46.331825 15.359312 -7.924798
v -39.587074 8.764926 -7.924796
v -38.032539 6.553265 -7.924797
v -37.727737 0.000023 -7.924796
v -38.032539 0.000023 -7.924796
v -36.616550 7.280970 -7.924797
v -36.792995 7.489575 -7.924798
v -39.032101 8.698451 -7.924798
v -39.209454 8.943204 -7.924796
v -39.285652 9.235404 -7.924798
v -39.285652 20.244793 -7.924799
v -26.109907 69.356880 -0.214837
v -26.098320 69.356880 0.089963
v -25.071041 69.356880 -0.214837
v -25.068401 69.356880 0.089963
v -26.002754 69.356873 1.301799
v -25.046637 69.356880 1.577613
v -24.764664 69.356880 0.089963
v -24.764664 69.356880 1.658954
v -25.254105 69.356880 2.436696
v -25.578831 69.356880 2.420095
v -28.780506 69.356880 8.040273
v -29.413258 69.356880 8.490124
v -29.246058 69.356880 8.723252
v -30.007900 69.356880 8.935638
v -32.682854 69.356880 9.370093
v -29.980207 69.356880 7.699633
v -32.821911 69.356880 8.353433
v -26.487516 69.356873 2.081553
v -32.641842 69.356880 9.669922
v -24.764664 69.356880 -0.214837
v -24.764664 69.356880 0.089963
v -33.613361 39.953888 -6.400807
v -33.184742 39.953888 -5.181429
v -33.184746 39.953888 -7.472345
v -43.788303 3.962539 -6.222301
v -44.275742 5.204757 -6.222301
v -45.921902 3.962539 -6.222301
v -46.241264 5.098678 -6.222300
v -45.330357 6.022358 -6.222302
v -47.126663 5.976310 -6.222302
v -52.153931 9.742624 -6.222303
v -54.180374 9.742624 -6.222301
v -43.788303 0.000019 -6.222301
v -45.921902 0.000019 -6.222301
v -46.226704 0.000019 -6.222301
v -46.226704 3.962539 -6.222301
v -46.519596 5.015732 -6.222300
v -47.309151 5.771783 -6.222302
v -54.592331 9.742624 -6.222301
v -29.246058 69.356880 8.723252
v -29.246058 69.661682 8.723251
v -28.780506 69.356880 8.040273
v -30.007900 69.356880 8.935638
v -30.007900 69.661682 8.935637
v -32.641842 69.661682 9.669922
v -32.641842 69.356880 9.669922
v -32.641842 71.628029 9.669922
v -37.275146 70.407150 9.669292
v -38.494350 71.628021 9.669922
v -33.556244 70.397621 9.669282
v -30.007900 71.628029 8.935638
v -29.246058 71.628029 8.723251
v -28.780506 69.661682 8.040273
v -25.254105 69.661690 2.436696
v -25.254105 69.356880 2.436696
v -24.764664 69.356880 1.658954
v -24.764664 69.661682 1.658954
v -24.764664 69.661690 0.089963
v -24.764664 71.628029 0.089963
v -24.764664 71.628029 -0.214837
v -24.764664 71.932831 0.089963
v -24.764664 71.932831 -0.214837
v -24.764664 69.356880 0.089963
v -25.254105 71.628029 2.436695
v -24.764664 71.628029 1.658954
v -24.764664 71.932831 0.089963
v -24.764664 71.932831 1.658954
v -25.254105 71.932831 2.436695
v -28.780506 71.628029 8.040273
v -29.246058 71.932816 8.723251
v -30.007900 71.932808 8.935638
v -32.641842 71.628029 9.669922
v -32.641842 71.932808 9.669922
v -38.503700 71.932816 9.669923
v -28.780506 71.932831 8.040273
v -25.071041 71.628029 -0.214837
v -25.071041 71.932823 -0.214837
v -26.109907 71.628029 -0.214837
v -26.109907 71.932816 -0.214837
v -26.109907 69.356880 -0.214837
v -25.071041 69.356880 -0.214837
v -26.109907 69.661682 -0.214837
v -25.071041 69.661682 -0.214837
v -24.764664 69.661682 -0.214837
v -24.764664 69.356880 -0.214837
v -24.764664 69.661682 -0.214837
v -24.764664 69.356880 0.089963
v -28.050072 69.204514 -9.629775
v -28.292631 69.356880 -9.753626
v -28.427860 69.204468 -9.673293
v -27.987831 69.356880 -9.753607
v -27.755821 69.356880 -9.378015
v -27.870432 69.204033 -9.275746
v -26.999369 69.202255 -8.426632
v -26.899914 69.356880 -8.541763
v -26.566195 69.201286 -8.099870
v -26.458939 69.356880 -8.206185
v -26.109907 69.200775 -7.924810
v -26.109907 69.356880 -7.924810
v -26.109907 69.356880 -7.505729
v -26.259659 69.200699 -7.485644
v -26.109907 69.356880 -0.214837
v -26.262306 69.204491 -0.214793
v -47.126659 5.976310 -7.924798
v -46.519600 5.015731 -7.924798
v -47.309151 5.771783 -7.924798
v -46.241268 5.098677 -7.924798
v -46.226707 3.962539 -7.924798
v -45.921902 3.962539 -7.924797
v -46.226707 0.000019 -7.924797
v -45.921902 0.000019 -7.924797
v -43.788300 0.000019 -7.924797
v -43.788300 3.962539 -7.924798
v -44.275742 5.204757 -7.924799
v -45.330357 6.022358 -7.924798
v -52.153931 9.742624 -7.924799
v -54.180374 9.742624 -7.924798
v -54.592331 9.742624 -7.924798
v -35.180054 66.379768 -9.591287
v -35.746960 70.399223 -6.400809
v -35.746960 65.086029 -6.400809
v -35.173462 65.777496 -9.988140
v -35.137360 70.399223 -9.753607
v -35.189163 70.399223 -9.468670
v -35.137360 67.116920 -9.753606
v -35.181934 67.087479 -9.452083
v -35.137360 66.496567 -9.875871
v -35.137360 65.968994 -10.224378
v -35.137360 65.422150 -10.763608
v -35.182583 65.086029 -10.671378
v -35.177658 44.281113 -10.670680
v -35.746960 44.281113 -6.400807
v -35.746960 43.976311 -6.400807
v -35.177643 43.976311 -10.670677
v -35.020409 43.764664 -10.441850
v -34.975159 43.776119 -10.741086
v -35.137360 43.976311 -10.972803
v -35.137360 44.281113 -10.972803
v -35.584755 43.767765 -6.400807
v -35.137360 64.905190 -10.972806
v -35.137360 65.209991 -10.972806
v -35.137360 65.422150 -10.763608
v -46.545288 15.807357 -7.924799
v -46.374352 16.146408 -7.660681
v -46.632652 15.803685 -7.660680
v -46.288170 16.145536 -7.924799
v -33.803833 26.837265 -7.660681
v -33.698185 26.837265 -7.924800
v -33.291344 27.515739 -7.660683
v -33.185696 27.515739 -7.924801
v -33.109406 28.651127 -7.660683
v -33.003761 28.651127 -7.924801
v -33.109406 41.092606 -7.660687
v -33.003761 41.092606 -7.924806
v -33.109406 41.342983 -7.660687
v -33.003761 41.342983 -7.924806
v -33.238091 41.506058 -7.847967
v -33.136513 41.506832 -8.114451
v -35.020409 43.764664 -10.441850
v -33.184746 38.887089 -7.472345
v -33.613361 39.496689 -6.400806
v -33.613361 38.887089 -6.400806
v -33.184742 39.496693 -7.472346
v -33.184746 39.953888 -7.472345
v -33.613361 39.953888 -6.400807
v -33.613361 40.984898 -6.400807
v -33.613361 41.233112 -6.400807
v -33.746113 41.403790 -6.400807
v -35.584755 43.767765 -6.400807
v -33.184746 36.753490 -7.472344
v -33.613361 37.363091 -6.400806
v -33.613361 36.753490 -6.400806
v -33.184742 37.363094 -7.472345
v -33.184746 37.820290 -7.472344
v -33.184742 38.429893 -7.472346
v -33.613361 38.429890 -6.400806
v -33.613361 37.820290 -6.400806
v -33.184746 34.619896 -7.472343
v -33.613361 35.229496 -6.400806
v -33.613361 34.619896 -6.400806
v -33.184742 35.229496 -7.472344
v -33.184746 35.686691 -7.472343
v -33.184742 36.296295 -7.472345
v -33.613361 36.296291 -6.400806
v -33.613361 35.686691 -6.400806
v -33.184746 32.486298 -7.472341
v -33.613358 33.095898 -6.400805
v -33.613358 32.486298 -6.400805
v -33.184742 33.095901 -7.472343
v -33.184746 33.553097 -7.472342
v -33.184742 34.162701 -7.472344
v -33.613358 34.162697 -6.400806
v -33.613358 33.553097 -6.400805
v -33.184746 30.352701 -7.472340
v -33.613358 30.962301 -6.400805
v -33.613358 30.352701 -6.400805
v -33.184742 30.962305 -7.472342
v -33.184746 31.419500 -7.472341
v -33.184742 32.029102 -7.472342
v -33.613358 32.029102 -6.400805
v -33.613358 31.419500 -6.400805
v -47.136833 12.039573 -6.400797
v -47.028534 11.647118 -6.400797
v -46.723316 12.039573 -7.660680
v -47.136833 15.344775 -6.400798
v -46.723316 15.384201 -7.660680
v -47.049400 15.786162 -6.400796
v -46.785446 16.150568 -6.400798
v -34.307785 26.837265 -6.400805
v -33.795296 27.515739 -6.400805
v -33.613358 28.651127 -6.400805
v -33.613358 28.828707 -6.400805
v -33.184742 28.828709 -7.472341
v -33.184746 29.285904 -7.472340
v -33.184742 29.895506 -7.472341
v -33.613358 29.895504 -6.400805
v -33.613358 29.285904 -6.400805
v -38.032539 0.000023 -7.924796
v -38.032539 6.553265 -7.924797
v -38.138187 0.000023 -7.660677
v -38.138187 6.553265 -7.660678
v -38.642139 0.000023 -6.400800
v -38.642139 6.553266 -6.400801
v -38.242802 6.945092 -7.660679
v -38.727325 6.945093 -6.400801
v -38.541897 7.224936 -7.660679
v -39.045902 7.224937 -6.400801
v -46.319817 11.367530 -7.660679
v -46.734280 11.365758 -6.400795
v -46.614693 11.647636 -7.660680
v -46.636627 12.039573 -7.924798
v -46.636627 15.392466 -7.924798
v -38.141228 6.945092 -7.924797
v -38.436237 7.224936 -7.924797
v -46.232929 11.367902 -7.924798
v -46.527935 11.647745 -7.924798
v -37.569435 39.403652 -6.400806
v -39.112709 41.920750 -6.400807
v -38.382957 39.403652 -8.759928
v -40.565022 41.920750 -11.335043
v -39.251740 42.147511 -6.400807
v -40.740047 42.147507 -11.491254
v -40.740101 42.452309 -11.490442
v -39.251740 42.452312 -6.400807
v -40.729397 52.425621 -11.454835
v -39.251740 52.425621 -6.400809
v -39.251740 52.730419 -6.400809
v -40.729015 52.730419 -11.453530
v -40.538647 53.024155 -11.453773
v -39.048538 53.024158 -6.400809
v -37.783833 57.345833 -11.457329
v -36.058872 57.345833 -6.400810
v -37.617046 57.607220 -11.457545
v -35.878048 57.607220 -6.400810
v -37.617043 57.912022 -11.457542
v -35.878048 57.912022 -6.400810
v -35.878048 70.399223 -6.400809
v -36.954628 65.019913 -9.549290
v -37.042377 64.419937 -9.803051
v -37.176430 63.934265 -10.190696
v -37.612946 62.741940 -11.451707
v -36.925560 65.836823 -9.465304
v -36.927349 70.399223 -9.469543
v -43.844177 10.819566 7.916423
v -43.867298 10.628386 7.764997
v -44.019058 10.570453 7.916423
v -43.709644 10.823458 7.764024
v -43.711918 15.108031 7.764023
v -43.842171 15.221327 7.916423
v -37.157436 20.662186 7.764022
v -37.157436 20.844257 7.916422
v -32.243408 25.049088 7.769005
v -32.216309 25.231533 7.916421
v -30.450451 26.896378 7.081170
v -30.396049 27.094151 7.223531
v -29.963337 27.395634 6.909303
v -29.872688 27.597551 7.022783
v -29.683289 27.904366 6.465010
v -29.556574 28.110502 6.549678
v -26.673222 34.032043 1.960128
v -26.546867 34.289028 2.045335
v -30.649551 41.342983 -7.924805
v -30.649551 41.097729 -7.924805
v -30.465412 41.237083 -7.805033
v -30.482206 40.982666 -7.796828
v -34.238903 65.423523 -10.762218
v -34.066158 65.403862 -10.613088
v -34.238903 65.973915 -10.219403
v -34.066010 65.880257 -10.099605
v -34.238903 66.497864 -9.874732
v -34.066074 66.441711 -9.736195
v -34.065987 67.102882 -9.602537
v -34.238903 67.116920 -9.753606
v -34.065983 67.739922 -9.601271
v -34.238903 67.828506 -9.753651
v -31.846821 69.356880 -9.753847
v -31.744354 69.204529 -9.601378
v -28.427860 69.204468 -9.673293
v -28.292631 69.356880 -9.753626
v -34.066189 65.157516 -10.841185
v -34.238903 64.905197 -10.972881
v -34.065964 64.796791 -10.834987
v -34.238903 65.209999 -10.972806
v -34.066158 65.403862 -10.613088
v -37.664097 63.008972 -11.601831
v -37.968895 63.007885 -11.602985
v -37.832066 62.690067 -11.722175
v -38.035385 62.690067 -11.717706
v -38.503700 63.006760 -11.604176
v -38.665462 62.689148 -11.718256
v -45.938549 15.819358 7.641181
v -46.457317 16.150568 5.476346
v -45.680656 16.160498 7.641181
v -46.721275 15.786164 5.476346
v -46.029442 15.401481 7.641181
v -46.808708 15.344777 5.476346
v -46.029446 12.053969 7.641182
v -46.808708 12.039575 5.476347
v -46.700405 11.647120 5.476347
v -45.920799 11.662069 7.641182
v -46.406151 11.365760 5.476347
v -45.625870 11.382056 7.641182
v -44.898968 10.554567 5.476347
v -44.118313 10.568660 7.641182
v -26.379673 64.924667 1.337709
v -26.379673 39.683872 1.337713
v -28.501453 64.079384 0.915662
v -28.501453 39.683872 0.915665
v -26.488998 38.535351 1.502219
v -28.584488 38.506924 1.047815
v -26.804165 37.519604 1.976503
v -28.827856 37.411335 1.435128
v -30.777805 30.942730 4.538419
v -29.694328 30.942724 6.322808
v -30.986586 30.327171 4.870687
v -29.998337 30.327162 6.780025
v -30.504557 29.740641 6.975574
v -31.358295 29.740639 5.025336
v -32.643414 28.031448 5.560013
v -32.256111 27.857796 7.650617
v -37.232944 23.521297 7.647119
v -37.766541 23.517574 5.528625
v -37.818535 57.685791 -11.641901
v -37.617043 57.912022 -11.457542
v -37.839088 57.912045 -11.634589
v -37.617046 57.607220 -11.457545
v -37.783833 57.345833 -11.457329
v -37.985008 57.424576 -11.642949
v -40.538647 53.024155 -11.453773
v -40.730541 53.103619 -11.641754
v -40.729015 52.730419 -11.453530
v -40.930481 52.770428 -11.639969
v -40.941853 52.425621 -11.638423
v -40.729397 52.425621 -11.454835
v -40.953770 42.452236 -11.678131
v -40.740101 42.452309 -11.490442
v -40.740047 42.147507 -11.491254
v -40.953728 42.147362 -11.679037
v -40.757610 41.851669 -11.506040
v -40.565022 41.920750 -11.335043
v -34.832558 70.704018 -9.753607
v -28.292631 71.628029 -9.753607
v -37.329281 70.704018 -9.753599
v -37.024483 70.399223 -9.753607
v -35.137360 70.399223 -9.753607
v -35.137360 65.422150 -10.763608
v -34.832558 65.422668 -10.763083
v -35.137360 65.968994 -10.224378
v -34.832558 65.970856 -10.222495
v -35.137360 66.496567 -9.875871
v -34.832558 66.497055 -9.875443
v -35.137360 67.116920 -9.753606
v -34.832558 67.116920 -9.753606
v -35.137360 70.399223 -9.753607
v -34.238903 67.828506 -9.753651
v -31.846821 69.356880 -9.753847
v -28.292631 69.356880 -9.753626
v -27.987831 71.628029 -9.753607
v -28.292631 71.932831 -9.753607
v -27.987831 71.932831 -9.753607
v -27.755821 71.628029 -9.378015
v -27.755821 71.932831 -9.378015
v -26.899914 71.932831 -8.541763
v -34.975159 43.776119 -10.741086
v -35.137360 43.976311 -10.972803
v -35.137360 44.281113 -10.972803
v -35.137360 64.905190 -10.972806
v -34.832558 64.905190 -10.972806
v -34.832558 65.209991 -10.972806
v -34.238903 65.209999 -10.972806
v -34.238903 65.423523 -10.762218
v -34.832558 65.970856 -10.222495
v -34.238903 65.973915 -10.219403
v -34.832558 66.497055 -9.875443
v -34.238903 66.497864 -9.874732
v -34.238903 67.116920 -9.753606
v -35.137360 65.209991 -10.972806
v -34.832558 65.209991 -10.972806
v -35.137360 65.422150 -10.763608
v -33.184742 38.887089 -5.181429
v -33.184746 38.887089 -7.472345
v -33.613361 38.887089 -6.400806
v -36.927349 70.399223 -9.469543
v -35.137360 70.399223 -9.753607
v -37.024483 70.399223 -9.753607
v -35.189163 70.399223 -9.468670
v -35.878048 70.399223 -6.400809
v -35.746960 70.399223 -6.400809
v -45.363201 20.404272 -9.753597
v -46.899651 20.571918 -9.601199
v -46.845840 20.403343 -9.753598
v -45.170212 20.573420 -9.601199
v -44.900436 20.404560 -9.753598
v -44.859737 20.573805 -9.601199
v -27.987831 69.356880 -9.753607
v -27.755821 71.628029 -9.378015
v -27.755821 69.356880 -9.378015
v -26.899914 71.628029 -8.541763
v -26.899914 69.356880 -8.541763
v -26.458939 71.628029 -8.206185
v -26.458939 69.356880 -8.206185
v -26.109907 71.628029 -7.924810
v -26.109907 69.356880 -7.924810
v -26.109907 71.628029 -7.505729
v -26.109907 69.356880 -7.505729
v -26.899914 71.628029 -8.541763
v -26.458939 71.932831 -8.206185
v -26.109907 71.932831 -7.924811
v -26.109907 71.628029 -7.924810
v -26.109907 71.932831 -7.505730
v -26.109907 71.932816 -0.214837
v -26.109907 71.628029 -0.214837
v -26.109907 69.661682 -0.214837
v -26.109907 69.356880 -0.214837
v -33.613361 37.820290 -6.400806
v -33.184742 37.820290 -5.181429
v -33.184746 37.820290 -7.472344
v -40.829521 4.960514 -9.753597
v -45.921902 0.000018 -9.753596
v -40.754848 0.000018 -9.753596
v -45.921902 4.003616 -9.753597
v -46.242672 5.172135 -9.753596
v -46.514450 5.010764 -9.753596
v -46.226704 3.962539 -9.753596
v -46.226704 0.000018 -9.753595
v -40.450050 0.000018 -9.753596
v -40.450050 4.724465 -9.753597
v -40.556728 5.119460 -9.753596
v -40.847759 5.407042 -9.753597
v -48.841892 9.587765 -9.753597
v -47.115070 6.013122 -9.753596
v -47.297035 5.765174 -9.753596
v -54.890297 10.252239 -9.753600
v -55.036201 9.984628 -9.753600
v -55.017548 10.321614 -9.753600
v -55.236908 10.094053 -9.753600
v -55.370701 10.319384 -9.753600
v -55.065903 10.403053 -9.753600
v -55.370701 10.547984 -9.753600
v -55.065903 10.547984 -9.753600
v -55.065903 16.507526 -9.753601
v -55.370701 16.507526 -9.753601
v -48.656418 9.832994 -9.753597
v -48.947449 10.120577 -9.753597
v -49.220238 9.961631 -9.753597
v -49.358929 10.475135 -9.753597
v -49.054131 10.515572 -9.753597
v -51.335346 16.507526 -9.753601
v -49.358929 16.339415 -9.753598
v -49.054131 16.306864 -9.753598
v -48.964165 16.723240 -9.753597
v -49.248184 16.851976 -9.753597
v -48.935715 17.273106 -9.753598
v -46.845840 20.403343 -9.753598
v -45.363201 20.404272 -9.753597
v -48.710335 17.065340 -9.753598
v -44.900436 20.404560 -9.753598
v -33.184742 36.753490 -5.181429
v -33.184746 36.753490 -7.472344
v -33.613361 36.753490 -6.400806
v -30.007900 71.932808 8.935638
v -29.435184 71.932816 8.459554
v -29.246058 71.932816 8.723251
v -28.780506 71.932831 8.040273
v -29.035503 71.932816 7.873207
v -25.552837 71.932831 2.339124
v -26.414707 71.932816 0.089963
v -25.069464 71.932831 1.571028
v -25.071041 71.932823 0.089963
v -25.069464 71.932831 0.089963
v -24.764664 71.932831 0.089963
v -24.764664 71.932831 1.658954
v -25.254105 71.932831 2.436695
v -26.414707 71.932831 -7.467550
v -26.484520 71.932831 -7.741851
v -26.675303 71.932831 -7.987818
v -27.099466 71.932831 -8.310601
v -27.995525 71.932831 -9.186081
v -26.109907 71.932816 -0.214837
v -26.109907 71.932831 -7.505730
v -26.109907 71.932831 -7.924811
v -26.458939 71.932831 -8.206185
v -26.899914 71.932831 -8.541763
v -27.755821 71.932831 -9.378015
v -28.157814 71.932831 -9.448807
v -28.438202 71.932831 -9.448807
v -30.089752 71.932808 8.642034
v -32.683533 71.932808 9.365122
v -32.641842 71.932808 9.669922
v -38.503700 71.932816 9.669923
v -38.503700 71.932816 9.353112
v -38.503700 71.932816 7.292963
v -38.503700 71.932823 -9.448807
v -38.503700 71.932823 -9.753605
v -28.292631 71.932831 -9.753607
v -27.987831 71.932831 -9.753607
v -38.690979 20.714939 -6.569579
v -31.095739 27.889404 -7.775133
v -38.963722 20.823351 -7.628558
v -39.126205 20.574327 -7.628557
v -38.781200 20.521128 -6.458812
v -39.196777 20.257242 -7.628556
v -38.828453 20.308828 -6.400801
v -39.196781 9.172741 -7.628555
v -38.828453 8.913038 -6.400798
v -39.127674 8.907750 -7.628553
v -38.788757 8.760815 -6.449535
v -38.723858 8.671257 -6.529211
v -38.972183 8.693163 -7.628554
v -36.747066 7.554728 -7.628554
v -36.685226 7.604848 -7.315197
v -36.532257 7.315280 -7.628554
v -36.467094 7.344097 -7.315198
v -36.437798 7.013009 -7.628554
v -36.335670 7.007787 -7.315197
v -36.414009 0.000023 -7.628553
v -36.335670 0.000023 -7.315197
v -36.792995 7.489575 -7.924798
v -38.972183 8.693163 -7.628554
v -39.032101 8.698451 -7.924798
v -36.747066 7.554728 -7.628554
v -36.616550 7.280970 -7.924797
v -36.532257 7.315280 -7.628554
v -36.540348 7.014270 -7.924797
v -36.437798 7.013009 -7.628554
v -36.488068 0.000023 -7.924796
v -30.649551 41.097729 -7.924805
v -30.649549 28.961306 -7.924803
v -30.482206 40.982666 -7.796828
v -30.482201 28.923510 -7.772406
v -30.716784 28.340609 -7.772390
v -30.861593 28.419771 -7.924802
v -31.218758 27.948141 -7.924804
v -39.032097 20.858974 -7.924800
v -39.209454 20.587164 -7.924800
v -39.196777 20.257242 -7.628556
v -39.285652 20.244793 -7.924799
v -39.285652 9.235404 -7.924798
v -39.196781 9.172741 -7.628555
v -39.209454 8.943204 -7.924796
v -48.940094 16.305662 -9.434541
v -48.940094 10.515572 -9.434540
v -47.855816 16.294226 -6.400796
v -47.855816 10.515573 -6.400795
v -48.833412 10.120577 -9.434540
v -47.749138 10.120578 -6.400795
v -48.542381 9.832994 -9.434540
v -47.458107 9.832995 -6.400795
v -40.734215 5.407317 -9.434540
v -39.654564 5.409941 -6.400801
v -40.442257 5.117285 -9.434539
v -39.353821 5.096633 -6.400801
v -40.336018 4.719710 -9.434541
v -39.251740 4.674510 -6.400801
v -40.336018 0.000018 -9.434540
v -39.251740 0.000019 -6.400800
v -38.207272 39.164711 -8.595324
v -37.569435 39.403652 -6.400806
v -38.382957 39.403652 -8.759928
v -37.422939 39.164711 -6.400806
v -38.207272 38.859913 -8.595324
v -37.422939 38.859913 -6.400806
v -37.422939 26.822327 -6.400805
v -38.218605 26.822327 -8.627030
v -37.602859 25.989571 -6.400805
v -38.398525 25.989571 -8.627028
v -38.110527 25.305376 -6.400805
v -38.906193 25.305372 -8.627028
v -47.504074 17.072309 -6.400798
v -44.500137 20.402508 -8.627028
v -44.799732 20.404043 -9.470182
v -48.608368 17.065929 -9.470182
v -47.764000 16.721266 -6.400798
v -48.864456 16.717112 -9.451513
v -33.613361 35.686691 -6.400806
v -33.184742 35.686691 -5.181428
v -33.184746 35.686691 -7.472343
v -32.216442 27.446657 7.916421
v -37.165104 23.521772 7.916468
v -32.206867 27.857796 7.916420
v -37.157436 23.064808 7.916421
v -45.581913 16.161760 7.916422
v -45.556164 15.692663 7.916423
v -45.839031 15.823579 7.916423
v -45.930367 15.408689 7.916423
v -45.626160 12.097208 7.916423
v -45.930370 12.055797 7.916423
v -45.551067 11.826655 7.916423
v -45.821678 11.663970 7.916423
v -45.526665 11.384130 7.916423
v -45.347191 11.633578 7.916423
v -44.019058 10.570453 7.916423
v -43.844177 10.819566 7.916423
v -43.842171 15.221327 7.916423
v -37.157436 20.844257 7.916422
v -32.216309 25.231533 7.916421
v -30.396049 27.094151 7.223531
v -30.396011 29.378368 7.223531
v -29.872688 27.597551 7.022783
v -29.872688 29.944763 7.022782
v -29.556574 28.110502 6.549678
v -29.556574 30.521910 6.549679
v -26.546867 34.289028 2.045335
v -26.546867 37.054577 2.045335
v -26.109907 35.400532 1.403295
v -26.109907 38.305180 1.403295
v -26.109907 35.858650 1.098017
v -26.109907 39.921219 1.098017
v -26.109905 37.834133 0.023355
v -26.109907 65.734718 0.023351
v -26.109907 65.061371 1.174923
v -26.109907 64.936066 1.391369
v -26.109907 39.683872 1.391373
v -26.222572 38.538963 1.559993
v -26.546867 37.533371 2.045334
v -29.556574 30.942720 6.549678
v -29.872688 30.327162 7.022782
v -29.872688 29.944763 7.022782
v -30.396011 29.740641 7.223531
v -33.184742 34.619896 -5.181428
v -33.184746 34.619896 -7.472343
v -33.613361 34.619896 -6.400806
v -44.609093 20.571594 -8.806853
v -44.500137 20.402508 -8.627028
v -39.090630 25.404795 -8.803218
v -38.906193 25.305372 -8.627028
v -38.604389 26.048405 -8.795561
v -38.398525 25.989571 -8.627028
v -38.437405 26.837519 -8.790939
v -38.218605 26.822327 -8.627030
v -38.207272 38.859913 -8.595324
v -38.427826 38.859913 -8.759595
v -38.421574 39.133232 -8.762326
v -38.207272 39.164711 -8.595324
v -38.382957 39.403652 -8.759928
v -38.593529 39.337631 -8.950756
v -33.613358 33.553097 -6.400805
v -33.184742 33.553097 -5.181428
v -33.184746 33.553097 -7.472342
v -38.503700 71.932823 -9.753605
v -38.503700 71.628021 -9.753610
v -38.503700 65.836823 -9.753606
v -37.329281 65.836823 -9.753606
v -37.355400 65.104797 -9.829326
v -38.503700 65.104439 -9.829583
v -37.431713 64.582718 -10.050611
v -38.503700 64.581673 -10.051663
v -37.552254 64.145027 -10.400304
v -38.503700 64.142693 -10.402770
v -37.968895 63.007885 -11.602985
v -38.503700 63.006760 -11.604176
v -37.664097 63.008972 -11.601831
v -37.552254 64.145027 -10.400304
v -37.247456 64.147293 -10.397911
v -37.431713 64.582718 -10.050611
v -37.126915 64.583725 -10.049593
v -37.355400 65.104797 -9.829326
v -37.050598 65.105141 -9.829078
v -37.024483 65.836823 -9.753606
v -37.024483 70.399223 -9.753607
v -51.335346 16.507526 -9.753601
v -51.410210 16.659925 -9.601201
v -55.065903 16.507526 -9.753601
v -55.065903 16.659925 -9.601203
v -55.218300 16.659925 -9.601203
v -55.370701 16.507526 -9.753601
v -26.109907 71.932816 -0.214837
v -25.071041 71.932823 -0.214837
v -24.764664 71.932831 -0.214837
v -24.764664 71.932831 0.089963
v -33.613358 31.419500 -6.400805
v -33.184742 31.419502 -5.181428
v -33.184746 31.419500 -7.472341
v -52.153931 9.742624 -6.222303
v -52.153931 9.742624 -7.924799
v -54.180374 9.742624 -6.222301
v -54.180374 9.742624 -7.924798
v -54.592331 9.742624 -6.222301
v -54.592331 9.742624 -7.924798
v -26.262306 37.760990 -0.165989
v -26.109905 37.834133 0.023355
v -26.262310 65.800301 -0.095742
v -26.109907 65.734718 0.023351
v -38.503700 71.932816 7.292963
v -38.686028 71.780418 6.836820
v -38.503700 71.932823 -9.448807
v -38.686028 71.780426 -9.296407
v -38.686028 71.780426 -9.601205
v -38.503700 71.932823 -9.753605
v -55.036201 9.984631 6.564021
v -54.963245 10.118445 6.716420
v -47.299995 5.766785 6.564022
v -47.210434 5.888441 6.716400
v -46.515724 5.011992 6.564022
v -46.389313 5.087022 6.716385
v -46.077042 3.982771 6.716404
v -46.226707 3.962541 6.564022
v -46.074306 0.000021 6.716423
v -46.226707 0.000021 6.564023
v -54.963245 10.118445 6.716420
v -55.134895 10.199831 6.716420
v -55.236912 10.094056 6.564021
v -55.228802 10.358112 6.716412
v -55.370548 10.319386 6.564021
v -55.370140 10.547989 6.564021
v -55.217716 10.547824 6.716323
v -55.369251 14.385822 6.564020
v -55.216488 14.463820 6.716271
v -55.370701 16.507526 -9.753601
v -55.218300 16.659925 -9.601203
v -55.370697 16.507526 -9.448798
v -55.218300 16.659937 -9.448806
v -55.369671 16.507528 1.042597
v -55.217308 16.659899 1.042597
v -55.369385 16.507528 3.910903
v -55.217030 16.659889 3.961674
v -33.184742 30.352703 -5.181427
v -33.184746 30.352701 -7.472340
v -33.613358 30.352701 -6.400805
v -46.899651 20.571918 -9.601199
v -51.410210 16.659925 -9.601201
v -46.845840 20.403343 -9.753598
v -51.335346 16.507526 -9.753601
v -43.788300 0.000019 -7.924797
v -43.788300 3.962539 -7.924798
v -43.788303 0.000019 -6.222301
v -43.788303 3.962539 -6.222301
v -44.275742 5.204757 -6.222301
v -44.275742 5.204757 -7.924799
v -45.330357 6.022358 -6.222302
v -45.330357 6.022358 -7.924798
v -52.153931 9.742624 -7.924799
v -52.153931 9.742624 -6.222303
v -26.673222 34.032043 1.960128
v -26.546867 34.289028 2.045335
v -26.249102 35.134399 1.360422
v -26.109907 35.400532 1.403295
v -26.262308 35.588749 1.098017
v -26.109907 35.858650 1.098017
v -26.262306 37.760990 -0.165989
v -26.109905 37.834133 0.023355
v -38.382957 39.403652 -8.759928
v -40.565022 41.920750 -11.335043
v -38.593529 39.337631 -8.950756
v -40.757610 41.851669 -11.506040
v -38.503700 71.932823 -9.753605
v -38.686028 71.780426 -9.601205
v -38.503700 71.628021 -9.753610
v -38.686028 71.628021 -9.601210
v -38.503700 65.836823 -9.753606
v -38.665462 65.836823 -9.601206
v -38.503700 65.104439 -9.829583
v -38.665531 65.067871 -9.681683
v -38.503700 64.581673 -10.051663
v -38.665550 64.486160 -9.932964
v -38.503700 64.142693 -10.402770
v -38.665508 64.039055 -10.291623
v -38.503700 63.006760 -11.604176
v -38.665462 62.689148 -11.718256
v -37.839088 57.912045 -11.634589
v -37.617043 57.912022 -11.457542
v -37.839382 62.411415 -11.631701
v -37.612946 62.741940 -11.451707
v -55.216488 14.463820 6.716271
v -55.369251 14.385822 6.564020
v -55.217030 16.659889 3.961674
v -55.369385 16.507528 3.910903
v -44.500137 20.402508 -8.627028
v -44.609093 20.571594 -8.806853
v -44.799732 20.404043 -9.470182
v -44.772316 20.572952 -9.305878
vn 0.9464 0.1328 -0.2944
vn 0.9284 0.1954 -0.3162
vn 0.9386 0.1464 -0.3124
vn 0.9139 0.2440 -0.3243
vn -0.7032 0.5552 0.4441
vn -0.7087 0.5513 0.4402
vn -0.7088 0.5512 0.4402
vn -0.7143 0.5472 0.4364
vn 0.7354 -0.1340 -0.6643
vn 0.6225 0.0005 -0.7826
vn 0.6828 -0.0712 -0.7272
vn 0.6234 0.0005 -0.7819
vn -0.6854 0.5289 -0.5005
vn -0.6851 0.5058 -0.5243
vn -0.6847 0.5295 -0.5008
vn -0.6851 0.4811 -0.5470
vn -0.6833 0.4035 -0.6086
vn -0.6824 0.3465 -0.6437
vn -0.6819 0.2200 -0.6976
vn -0.6858 0.1467 -0.7129
vn -0.6843 0.0497 -0.7275
vn -0.6710 0.0243 -0.7411
vn -0.6564 -0.0008 -0.7544
vn -0.6413 -0.0000 -0.7673
vn -0.7634 0.4567 -0.4567
vn -0.7635 0.4567 -0.4567
vn 0.6848 -0.1379 -0.7156
vn 0.6865 -0.1354 -0.7144
vn 0.6864 -0.1356 -0.7144
vn 0.6881 -0.1332 -0.7133
vn 0.7237 -0.3546 -0.5920
vn 0.7347 -0.3336 -0.5907
vn 0.7973 -0.2885 -0.5303
vn 0.7108 -0.3601 -0.6042
vn 0.8028 -0.3899 -0.4510
vn 0.8733 -0.3945 -0.2859
vn 0.8960 -0.4236 -0.1332
vn 0.9059 -0.4087 -0.1106
vn -0.4787 -0.8780 -0.0000
vn -0.5475 -0.8368 -0.0000
vn -0.7425 -0.6699 -0.0000
vn -0.8519 -0.5237 -0.0000
vn -0.9826 -0.1859 -0.0000
vn -1.0000 -0.0000 -0.0000
vn -0.4459 0.5139 -0.7329
vn -0.4471 0.5153 -0.7312
vn -0.4469 0.5151 -0.7314
vn -0.4480 0.5166 -0.7296
vn -0.0000 -1.0000 -0.0000
vn -0.7071 0.7071 0.0001
vn -0.7071 0.7071 -0.0000
vn -0.4083 0.8165 -0.4083
vn -0.4082 0.8165 -0.4082
vn -0.7060 0.0002 0.7082
vn -0.7065 0.0140 0.7076
vn -0.7154 0.0144 0.6986
vn -0.6890 -0.1798 0.7021
vn -0.6944 -0.1898 0.6941
vn -0.5460 -0.4714 0.6926
vn -0.4360 -0.5625 0.7025
vn -0.3385 -0.6208 0.7071
vn -0.3032 -0.6394 0.7066
vn -0.7102 -0.0002 0.7040
vn -0.7056 -0.0636 0.7057
vn -0.7071 -0.0000 0.7071
vn -0.7047 -0.1302 0.6975
vn -0.6103 -0.3630 0.7041
vn -0.6186 -0.3678 0.6943
vn -0.4510 -0.5569 0.6975
vn -0.3932 -0.5893 0.7058
vn -0.3400 -0.6235 0.7041
vn -0.6413 0.7673 -0.0000
vn 0.6157 -0.0000 -0.7879
vn 0.7019 0.0008 -0.7123
vn 0.7018 0.0008 -0.7124
vn 0.7787 0.0016 -0.6274
vn -0.2469 -0.9690 -0.0000
vn 0.8944 0.4473 -0.0000
vn 0.3334 0.6666 -0.6667
vn -0.0008 1.0000 -0.0000
vn -0.0000 0.5547 -0.8320
vn -0.0000 0.8944 -0.4472
vn -0.0000 1.0000 -0.0000
vn -0.4082 0.8165 -0.4083
vn -0.0000 0.7071 -0.7071
vn -0.0000 -0.0000 -1.0000
vn 0.3771 -0.0000 -0.9262
vn -0.0000 0.0515 -0.9987
vn 0.6910 0.0249 -0.7224
vn 0.6650 0.1041 -0.7396
vn 0.0009 0.2970 -0.9549
vn 0.5925 0.2919 -0.7509
vn 0.0013 0.5504 -0.8349
vn 0.4749 0.4946 -0.7279
vn 0.0005 0.6939 -0.7200
vn 0.6048 0.4635 -0.6476
vn -0.0000 0.7266 -0.6870
vn 0.0002 0.6941 -0.7199
vn 0.0002 0.6599 -0.7514
vn 0.0005 0.5511 -0.8344
vn 0.0003 0.4724 -0.8814
vn 0.0003 0.2977 -0.9546
vn 0.0001 0.2007 -0.9796
vn 0.0001 0.0516 -0.9987
vn -0.0000 0.7072 -0.7070
vn -0.0000 0.7072 -0.7071
vn 0.6843 -0.0913 -0.7235
vn 0.6527 -0.0865 -0.7526
vn 0.6301 -0.0486 -0.7750
vn 0.6179 -0.0408 -0.7852
vn 0.5986 0.0016 -0.8011
vn 0.5974 0.0016 -0.8019
vn 0.5996 -0.0621 -0.7979
vn 0.5956 -0.0630 -0.8008
vn 0.5758 -0.2133 -0.7893
vn 0.5530 -0.2998 -0.7774
vn 0.4938 -0.4244 -0.7590
vn 0.4688 -0.4647 -0.7512
vn 0.4410 -0.5031 -0.7432
vn 0.4420 -0.5042 -0.7419
vn 0.3584 -0.0013 0.9336
vn -0.1786 0.4154 0.8919
vn 0.1820 -0.0014 0.9833
vn -0.3165 0.5568 0.7680
vn 0.5383 -0.0000 0.8427
vn 0.2206 0.4234 0.8787
vn 0.8315 -0.0000 0.5556
vn 0.1324 0.5415 0.8302
vn 0.8291 -0.0000 0.5591
vn 0.2150 0.4180 0.8827
vn 0.9403 0.0025 0.3403
vn 0.2499 0.1931 0.9488
vn 0.5365 0.0400 0.8430
vn 1.0000 -0.0000 -0.0000
vn 0.8787 -0.0000 0.4774
vn 0.9206 -0.0000 0.3905
vn 0.8282 -0.0000 0.5604
vn 0.7030 -0.0000 0.7112
vn 0.3564 -0.0000 0.9343
vn 0.1203 -0.0000 0.9927
vn -0.0000 -0.0000 1.0000
vn -0.1959 -0.3630 0.9110
vn -0.3461 -0.5264 0.7766
vn -0.5657 -0.4181 0.7107
vn -0.6468 -0.0882 0.7575
vn -0.5700 0.0826 0.8175
vn -0.6114 0.3401 0.7145
vn -0.4397 0.4405 0.7828
vn -0.4293 0.4914 0.7578
vn 0.8894 -0.3267 -0.3197
vn 0.9370 -0.0959 -0.3358
vn 0.9375 -0.0928 -0.3354
vn 0.8365 -0.4581 -0.3007
vn 0.7307 -0.6304 -0.2620
vn 0.6701 -0.7025 -0.2396
vn 0.6416 -0.7320 -0.2293
vn 0.6884 -0.6823 -0.2461
vn 0.7321 -0.6290 -0.2616
vn 0.8377 -0.4567 -0.2994
vn 0.8889 -0.3300 -0.3177
vn 0.9332 -0.1335 -0.3335
vn 0.9396 -0.0668 -0.3358
vn 0.9417 -0.0000 -0.3366
vn 0.9277 0.1719 -0.3316
vn 0.8943 0.3169 -0.3160
vn 0.8362 0.4633 -0.2935
vn 0.8554 0.4258 -0.2950
vn 0.9396 0.0745 -0.3342
vn 0.9305 0.1564 -0.3313
vn 0.8679 0.3900 -0.3077
vn 0.7871 0.5496 -0.2798
vn 0.6283 0.7452 -0.2232
vn 0.5561 0.8071 -0.1986
vn 0.5554 0.8076 -0.1985
vn 0.6213 0.7515 -0.2220
vn 0.7813 0.5582 -0.2792
vn 0.8606 0.4060 -0.3076
vn 0.9287 0.1655 -0.3319
vn 0.9384 0.0827 -0.3354
vn 0.4650 0.4566 -0.7585
vn 0.8608 0.4759 -0.1807
vn 0.5863 0.7926 -0.1673
vn 0.6889 0.2750 -0.6707
vn 0.9538 0.1649 -0.2513
vn 0.5996 0.0516 -0.7986
vn 0.9537 -0.1051 -0.2817
vn 0.4695 -0.0517 -0.8814
vn 0.4818 -0.1697 -0.8597
vn 0.8635 -0.4274 -0.2676
vn 0.4815 -0.3763 -0.7916
vn 0.7010 -0.6300 -0.3342
vn 0.3389 -0.3375 -0.8782
vn 0.5842 -0.5626 -0.5849
vn 0.3173 -0.2054 -0.9258
vn 0.5971 -0.3138 -0.7383
vn 0.4499 -0.0887 -0.8886
vn 0.6521 -0.1266 -0.7475
vn 0.6409 -0.0008 -0.7676
vn 0.2125 -0.0000 -0.9772
vn 0.6642 0.0988 -0.7410
vn 0.9585 0.0052 -0.2851
vn 0.6153 0.0046 -0.7883
vn 0.9352 0.1447 -0.3231
vn 0.8641 0.4038 -0.3006
vn 0.5946 0.3831 -0.7069
vn 0.6410 0.7198 -0.2664
vn 0.4265 0.6096 -0.6682
vn 0.9701 -0.0000 -0.2425
vn 0.9516 0.1191 -0.2833
vn 0.9366 0.2170 -0.2752
vn 0.8703 0.4284 -0.2432
vn 0.8152 0.5312 -0.2307
vn 0.6321 0.7396 -0.2312
vn 0.5305 0.8268 -0.1871
vn 0.6116 0.7757 -0.1555
vn 0.6440 0.7538 -0.1305
vn 0.8608 0.4758 -0.1807
vn 0.8499 0.4943 -0.1827
vn 0.9497 0.1880 -0.2504
vn 0.9592 0.0824 -0.2703
vn 0.9547 -0.0935 -0.2825
vn 0.9456 -0.1632 -0.2814
vn 0.8991 -0.3413 -0.2741
vn 0.7599 -0.5971 -0.2569
vn 0.5106 0.6002 -0.6156
vn 0.3470 0.8958 -0.2778
vn -0.0000 0.7071 -0.7072
vn -0.0000 0.8000 0.6001
vn 0.0749 0.5579 0.8265
vn 0.1612 0.8000 0.5780
vn 0.4726 0.7076 -0.5252
vn 0.4335 0.7070 -0.5587
vn 0.7890 0.4848 -0.3773
vn 0.5547 0.8320 -0.0000
vn -0.0001 1.0000 -0.0000
vn 0.7072 0.7070 -0.0000
vn 0.6771 0.6000 0.4261
vn 0.3740 0.8945 0.2450
vn 0.6658 0.7210 0.1921
vn 0.7072 0.7071 -0.0000
vn -0.0016 1.0000 -0.0000
vn 0.5144 0.4700 0.7173
vn 0.4599 -0.3970 -0.7943
vn 0.4652 -0.1695 -0.8688
vn 0.5275 -0.6019 -0.5996
vn 0.6819 -0.0484 -0.7298
vn 0.4508 0.0599 -0.8906
vn 0.4456 0.2102 -0.8702
vn 0.4696 0.5681 -0.6758
vn 0.3574 0.5196 -0.7761
vn -0.7072 -0.0000 -0.7070
vn -0.5215 -0.1432 -0.8412
vn -0.6233 -0.5384 -0.5670
vn -0.3830 -0.7024 -0.6000
vn -0.4406 -0.5481 -0.7110
vn -0.5295 -0.2528 -0.8097
vn 0.5746 0.4098 -0.7084
vn 0.5677 0.1007 -0.8170
vn 0.7476 -0.0000 -0.6641
vn -0.7072 -0.0000 -0.7071
vn -0.7015 -0.0627 -0.7099
vn 0.7070 0.7072 -0.0000
vn 0.7890 0.4848 -0.3774
vn 0.9021 -0.0000 -0.4315
vn 0.6130 -0.0000 -0.7900
vn 0.4335 0.7072 -0.5586
vn 0.6377 -0.0000 -0.7703
vn 0.4725 0.7078 -0.5252
vn 0.7806 -0.0000 -0.6250
vn 0.9588 -0.0000 -0.2842
vn 0.8230 -0.0001 -0.5681
vn 0.6203 -0.0000 -0.7844
vn 0.6689 -0.0000 -0.7434
vn 0.7545 -0.0000 -0.6563
vn 0.8054 -0.0000 -0.5927
vn 0.6384 -0.0001 -0.7697
vn 0.3193 -0.0000 -0.9476
vn 0.7616 0.3475 -0.5470
vn 0.3772 0.5682 -0.7314
vn -0.0006 0.6696 -0.7427
vn -0.0004 0.6702 -0.7422
vn -0.0004 0.6705 -0.7419
vn -0.0000 -0.8944 -0.4472
vn -0.0001 -0.4473 -0.8944
vn -0.0000 0.7021 -0.7120
vn 0.0001 0.5012 -0.8654
vn -0.4181 0.6380 -0.6466
vn -0.5412 0.2205 -0.8115
vn -0.0001 -0.0000 -1.0000
vn -0.6552 -0.0000 -0.7555
vn -0.0000 0.0964 -0.9953
vn 0.0001 0.0829 -0.9966
vn 0.0004 0.3168 -0.9485
vn 0.0009 0.4383 -0.8988
vn 0.0005 0.6034 -0.7975
vn 0.0008 0.6544 -0.7561
vn -0.0000 0.7022 -0.7120
vn -0.0000 0.5013 -0.8653
vn -0.0000 0.2508 -0.9680
vn -0.0029 0.0001 -1.0000
vn -0.0017 -0.0001 -1.0000
vn -0.6588 -0.0000 -0.7524
vn -0.0000 -0.4161 -0.9093
vn -0.5840 -0.4951 -0.6433
vn -0.4022 -0.8079 -0.4307
vn -0.0000 -0.7567 -0.6538
vn -0.3460 -0.8152 -0.4645
vn 0.3471 0.8957 -0.2779
vn 0.5107 0.6003 -0.6155
vn -0.0000 0.0002 -1.0000
vn -0.4115 -0.0000 -0.9114
vn -0.6507 0.0905 -0.7539
vn 0.0005 0.3176 -0.9482
vn -0.7509 0.2810 -0.5976
vn 0.0007 0.6039 -0.7971
vn -0.5242 0.5559 -0.6452
vn -0.8437 0.3797 -0.3794
vn -0.0000 -0.8944 -0.4473
vn -0.0000 -0.4472 -0.8945
vn 0.6644 -0.0021 -0.7474
vn 0.6620 -0.0019 -0.7495
vn 0.6610 -0.0002 -0.7504
vn 0.6601 0.0009 -0.7512
vn 0.6577 0.0022 -0.7533
vn 0.6600 0.0020 -0.7513
vn 0.6559 0.0022 -0.7549
vn 0.6653 -0.0117 -0.7465
vn 0.6337 -0.1912 -0.7496
vn 0.6448 -0.1959 -0.7388
vn 0.5809 -0.3638 -0.7282
vn 0.5634 -0.3611 -0.7431
vn 0.5623 -0.3573 -0.7457
vn 0.5546 -0.3527 -0.7537
vn 0.6146 -0.1593 -0.7726
vn 0.6250 -0.1798 -0.7597
vn 0.6491 0.0409 -0.7596
vn 0.6214 0.0816 -0.7793
vn -0.6863 0.6931 0.2205
vn -0.6444 0.7425 0.1828
vn -0.7301 0.6328 0.2577
vn -0.6491 0.7417 0.1689
vn -0.6757 0.7064 0.2108
vn -0.6653 0.7237 0.1834
vn -0.7040 0.6472 0.2925
vn -0.7333 0.5994 0.3210
vn -0.7159 0.5907 0.3721
vn -0.6775 0.6465 0.3507
vn -0.7139 0.5659 0.4125
vn -0.5890 0.5437 0.5979
vn -0.3647 0.4958 0.7881
vn -0.2550 0.4265 0.8678
vn -0.2240 0.3238 0.9192
vn -0.2021 0.2515 0.9465
vn -0.2004 0.0938 0.9752
vn -0.1948 0.0525 0.9794
vn -0.1951 -0.0000 0.9808
vn -0.4676 -0.8665 0.1749
vn -0.5382 -0.8188 0.1999
vn -0.4670 -0.8669 0.1745
vn -0.6063 -0.7631 0.2240
vn -0.7723 -0.5690 0.2823
vn -0.8557 -0.4137 0.3109
vn -0.9330 -0.1268 0.3367
vn -0.9330 -0.1267 0.3367
vn -0.9396 0.0614 0.3366
vn -0.9338 0.1286 0.3340
vn -0.8923 0.3220 0.3165
vn -0.8384 0.4568 0.2975
vn 0.0003 0.3379 -0.9412
vn 0.0007 0.3383 -0.9410
vn -0.0207 0.3433 -0.9390
vn -0.0092 0.3476 -0.9376
vn 0.4479 0.0863 -0.8899
vn 0.4527 0.0961 -0.8865
vn 0.5793 0.5537 -0.5981
vn 0.6308 0.2887 -0.7202
vn 0.5705 0.5767 -0.5848
vn 0.6343 0.2936 -0.7152
vn 0.6124 -0.0066 -0.7905
vn 0.6183 -0.0131 -0.7858
vn -0.0077 -0.5963 -0.8027
vn 0.1759 -0.5847 -0.7919
vn 0.0001 -0.4663 -0.8846
vn 0.1662 -0.6394 -0.7507
vn 0.5331 -0.2915 -0.7943
vn 0.5401 -0.2990 -0.7867
vn 0.6605 0.0488 -0.7493
vn 0.6560 0.0993 -0.7482
vn 0.6598 0.2837 -0.6958
vn 0.6542 0.2861 -0.7001
vn 0.6567 0.4620 -0.5961
vn 0.6313 0.5168 -0.5782
vn 0.6141 0.5660 -0.5501
vn 0.5779 -0.0644 -0.8136
vn 0.3900 -0.0224 -0.9205
vn 0.5426 -0.0545 -0.8382
vn 0.3274 -0.1992 -0.9237
vn 0.8979 -0.4402 -0.0039
vn 0.8730 -0.4867 -0.0321
vn 0.8827 -0.4675 -0.0486
vn 0.8736 -0.4866 -0.0096
vn 0.8373 -0.5196 0.1700
vn 0.7876 -0.5213 0.3285
vn 0.7095 -0.5395 0.4533
vn 0.7106 -0.5207 0.4732
vn 0.6518 -0.5421 0.5304
vn 0.5788 -0.5524 0.5999
vn 0.4967 -0.5685 0.6558
vn 0.4681 -0.5441 0.6963
vn 0.5812 -0.3745 0.7224
vn 0.6753 -0.1769 0.7161
vn 0.7410 -0.2625 0.6181
vn 0.7253 -0.2698 0.6334
vn 0.5251 -0.8137 0.2496
vn 0.5424 -0.8066 0.2350
vn 0.9462 0.0001 -0.3235
vn 0.9465 -0.0009 -0.3226
vn 0.9460 -0.0001 -0.3243
vn 0.9463 -0.0010 -0.3233
vn 0.9452 -0.0009 -0.3264
vn 0.9455 -0.0016 -0.3256
vn 0.9458 -0.0006 -0.3248
vn 0.9457 -0.0018 -0.3251
vn 0.9456 -0.0000 -0.3252
vn 0.9285 -0.1895 -0.3193
vn 0.8796 -0.3677 -0.3017
vn 0.8009 -0.5323 -0.2743
vn 0.8101 -0.5171 -0.2763
vn 0.7992 -0.5529 -0.2357
vn 0.8072 -0.5407 -0.2370
vn 0.9208 -0.2817 -0.2697
vn 0.9229 -0.2747 -0.2698
vn 0.9598 -0.0000 -0.2806
vn 0.9598 -0.0000 -0.2807
vn 0.9598 0.0004 -0.2807
vn 0.9278 0.2555 -0.2717
vn 0.9298 0.2483 -0.2717
vn 0.8345 0.4937 -0.2448
vn 0.8269 0.5070 -0.2434
vn 0.8307 0.4895 -0.2653
vn 0.8179 0.5015 -0.2820
vn -0.5756 -0.4249 -0.6986
vn -0.8238 -0.4980 -0.2710
vn -0.6597 -0.0899 -0.7461
vn -0.5734 -0.7957 -0.1949
vn -0.3466 -0.5313 -0.7730
vn -0.5625 -0.7976 -0.2180
vn -0.3800 -0.4839 -0.7884
vn -0.8153 -0.4840 -0.3177
vn -0.4355 -0.2103 -0.8753
vn -0.9219 -0.1228 -0.3673
vn -0.5569 -0.0504 -0.8290
vn -0.6208 0.3447 -0.7041
vn -0.4952 0.0715 -0.8658
vn -0.8724 0.3985 -0.2831
vn -0.9461 0.0985 -0.3084
vn -0.9423 -0.1283 -0.3093
vn -0.8635 -0.4170 -0.2837
vn -0.6096 -0.7667 -0.2013
vn -0.5262 -0.8265 -0.1997
vn -0.7682 -0.5662 -0.2989
vn -0.9200 -0.1473 -0.3633
vn -0.9285 -0.0000 -0.3714
vn -0.5606 -0.0000 -0.8281
vn -0.9678 -0.0000 -0.2517
vn -0.9593 -0.0000 -0.2824
vn -0.9284 0.0158 -0.3713
vn -0.9240 0.0983 -0.3696
vn -0.8624 0.3706 -0.3449
vn -0.8327 0.4424 -0.3331
vn -0.6990 0.6613 -0.2722
vn -0.6783 0.6886 -0.2564
vn -0.7062 0.6665 -0.2389
vn -0.7349 0.6344 -0.2398
vn -0.9001 0.3241 -0.2913
vn -0.9489 0.0620 -0.3095
vn -0.9423 -0.1278 -0.3093
vn -0.9593 -0.0000 -0.2825
vn -0.9678 -0.0000 -0.2516
vn -0.9593 -0.0000 -0.2823
vn -0.6771 -0.7191 -0.1564
vn -0.6520 -0.7221 -0.2311
vn -0.7417 -0.6390 -0.2041
vn -0.6988 -0.6464 -0.3064
vn -0.8542 -0.3796 -0.3553
vn -0.9035 -0.2004 -0.3789
vn -0.9739 -0.0000 -0.2268
vn -0.3461 -0.8152 -0.4644
vn -0.4395 -0.6224 -0.6477
vn -0.5593 0.0297 -0.8284
vn -0.4528 0.1514 -0.8787
vn -0.4471 0.3928 -0.8037
vn -0.4310 0.4391 -0.7883
vn -0.4182 0.6381 -0.6465
vn -0.5411 0.2206 -0.8115
vn -0.9901 0.0601 -0.1266
vn -0.6551 -0.0000 -0.7556
vn -0.9909 -0.0001 -0.1349
vn -0.6587 -0.0000 -0.7524
vn -0.9221 -0.3646 -0.1294
vn -0.9329 -0.3376 -0.1256
vn -0.7503 -0.6511 -0.1145
vn -0.7846 -0.6103 -0.1091
vn -0.6506 0.0905 -0.7540
vn -0.7509 0.2810 -0.5977
vn -0.9859 0.0178 -0.1667
vn -0.5839 -0.4951 -0.6434
vn -0.4022 -0.8079 -0.4306
vn -0.9912 -0.0000 -0.1322
vn -0.9888 0.0448 -0.1422
vn -0.9895 0.0914 -0.1118
vn -0.5241 0.5560 -0.6451
vn -0.9861 0.0435 -0.1605
vn -0.9811 0.0129 -0.1933
vn -0.9867 -0.0014 -0.1627
vn -0.3256 -0.4451 0.8342
vn -0.4282 -0.7852 0.4473
vn -0.7072 -0.0000 0.7071
vn -0.6929 -0.1268 0.7098
vn -0.5622 -0.4102 0.7181
vn 0.5000 -0.5001 -0.7070
vn 0.7197 -0.6894 0.0821
vn 0.6391 -0.6259 -0.4470
vn 0.8719 -0.4819 0.0873
vn 0.8226 -0.4149 -0.3889
vn 0.4762 -0.4847 -0.7337
vn 0.3796 -0.6888 -0.6177
vn 0.4551 -0.6987 -0.5520
vn 0.4737 -0.7037 -0.5296
vn 0.5797 -0.6842 -0.4425
vn 0.5696 -0.7073 -0.4187
vn 0.3813 -0.6685 -0.6385
vn 0.3639 -0.6724 -0.6445
vn 0.0487 -0.5822 -0.8116
vn 0.0971 -0.5301 -0.8423
vn 0.8944 -0.4472 -0.0002
vn 0.8944 -0.0000 -0.4473
vn 0.3333 -0.6667 -0.6666
vn -0.0000 -0.7072 -0.7071
vn 0.4473 -0.0000 -0.8944
vn -0.0000 -0.7072 -0.7070
vn -0.0000 0.8944 -0.4473
vn 0.3333 0.6667 -0.6666
vn 0.3741 0.8944 0.2451
vn 0.5145 0.4699 0.7173
vn 0.8365 -0.0000 0.5480
vn 0.6770 0.6001 0.4261
vn 0.0750 0.5579 0.8265
vn -0.0000 0.8000 0.6000
vn 0.1805 -0.0000 0.9836
vn 0.1612 0.8000 0.5779
vn 0.2685 -0.0000 0.9633
vn 0.5828 -0.0000 0.8126
vn 0.8464 -0.0000 0.5326
vn 0.9608 -0.0000 0.2772
vn 0.6656 0.7212 0.1920
vn 0.7071 0.7072 -0.0000
vn 0.8523 -0.4616 0.2459
vn 0.4473 -0.8944 -0.0000
vn 0.8944 0.4472 -0.0002
vn 0.4695 -0.8320 0.2954
vn 0.6691 -0.6001 0.4384
vn 0.1804 -0.0000 0.9836
vn 0.0674 -0.0002 0.9977
vn -0.0003 -0.0000 1.0000
vn 0.0002 -0.0001 1.0000
vn -0.0000 0.0001 1.0000
vn 0.2148 -0.6001 0.7706
vn 0.3163 -0.6350 0.7048
vn 0.3990 -0.7290 0.5563
vn -0.4282 -0.7853 -0.4473
vn -0.3255 -0.4452 -0.8342
vn -0.5622 -0.4102 -0.7181
vn -0.6929 -0.1269 -0.7098
vn 0.8944 -0.4473 -0.0000
vn 0.3333 -0.6666 -0.6667
vn -0.0000 -0.7071 -0.7072
vn 0.3163 -0.6348 0.7050
vn 0.2149 -0.6000 0.7706
vn 0.3991 -0.7288 0.5563
vn 0.6691 -0.6000 0.4384
vn 0.8523 -0.4617 0.2458
vn 0.4472 -0.8944 0.0002
vn 0.4696 -0.0517 -0.8814
vn 0.4819 -0.1697 -0.8596
vn 0.5997 0.0516 -0.7985
vn 0.6889 0.2749 -0.6707
vn 0.4651 0.4567 -0.7584
vn 0.4265 0.6097 -0.6682
vn 0.5946 0.3831 -0.7068
vn -0.5570 -0.0504 -0.8290
vn -0.4356 -0.2103 -0.8753
vn -0.4953 0.0716 -0.8658
vn -0.6598 -0.0899 -0.7460
vn -0.5756 -0.4250 -0.6986
vn -0.3467 -0.5314 -0.7729
vn -0.3801 -0.4840 -0.7882
vn 0.6155 0.0046 -0.7882
vn -0.4310 0.4392 -0.7882
vn -0.4472 0.3928 -0.8036
vn -0.6209 0.3447 -0.7040
vn -0.4528 0.1515 -0.8786
vn -0.5594 0.0297 -0.8284
vn 0.4816 -0.3763 -0.7915
vn -0.0045 -0.0002 -1.0000
vn 0.0012 -0.0006 -1.0000
vn -0.0000 -0.2743 -0.9616
vn 0.3388 -0.3375 -0.8782
vn 0.3171 -0.2054 -0.9259
vn 0.4499 -0.0887 -0.8887
vn 0.2123 -0.0000 -0.9772
vn 0.5858 -0.3927 -0.7089
vn 0.3272 -0.1992 -0.9237
vn 0.3898 -0.0223 -0.9206
vn -0.9365 -0.3506 -0.0000
vn -0.6941 -0.7198 -0.0000
vn -0.6257 -0.7801 -0.0000
vn -0.9645 -0.2640 -0.0000
vn -1.0000 0.0010 -0.0000
vn -1.0000 0.0006 -0.0000
vn -1.0000 0.0002 0.0001
vn -1.0000 0.0001 0.0001
vn -0.9023 -0.4311 -0.0000
vn -0.9909 -0.1343 -0.0000
vn -0.9960 -0.0892 -0.0000
vn -0.8590 -0.5119 0.0001
vn -0.6266 -0.7793 -0.0000
vn -0.5903 -0.8072 0.0001
vn -0.7568 -0.6536 -0.0000
vn -0.9845 -0.1753 -0.0000
vn -1.0000 -0.0000 0.0001
vn -0.7071 -0.0000 -0.7072
vn -0.9643 -0.2647 -0.0000
vn -0.6233 -0.5384 -0.5672
vn -0.6256 -0.7802 -0.0000
vn -0.7014 -0.0627 -0.7100
vn -0.9839 -0.1788 -0.0034
vn -0.5294 -0.2528 -0.8098
vn -0.8087 -0.5882 -0.0069
vn -0.4405 -0.5480 -0.7111
vn -0.5541 -0.8324 -0.0033
vn -0.3829 -0.7024 -0.6001
vn -0.9908 -0.1350 -0.0001
vn -0.9941 -0.1080 -0.0000
vn -0.8585 -0.5129 -0.0001
vn -0.8777 -0.4792 -0.0002
vn -0.5906 -0.8070 -0.0001
vn -0.6927 -0.1268 0.7100
vn -0.7071 -0.0000 0.7072
vn -0.4281 -0.7853 -0.4472
vn -0.5749 -0.8182 0.0002
vn -0.3255 -0.4451 -0.8342
vn -0.5621 -0.4101 -0.7182
vn -0.8583 -0.5131 0.0003
vn -0.6928 -0.1268 -0.7099
vn -0.9908 -0.1350 0.0001
vn -0.5621 -0.4101 0.7182
vn -0.5905 -0.8071 -0.0003
vn -0.2471 -0.9690 -0.0000
vn -0.4282 -0.7853 0.4472
vn -0.3255 -0.4451 0.8342
vn -0.0000 1.0000 -0.0039
vn -0.0006 1.0000 -0.0023
vn -0.0004 1.0000 -0.0025
vn -0.0026 1.0000 -0.0021
vn -0.0011 1.0000 -0.0017
vn -0.0013 1.0000 -0.0017
vn -0.0030 1.0000 -0.0022
vn -0.0035 1.0000 -0.0024
vn -0.0006 1.0000 -0.0022
vn -0.0004 1.0000 -0.0024
vn -0.0005 1.0000 -0.0023
vn -0.0031 1.0000 -0.0023
vn -0.0004 1.0000 -0.0023
vn -0.0029 1.0000 -0.0022
vn -0.4082 -0.8165 -0.4083
vn -0.7071 -0.7071 -0.0000
vn -0.4083 -0.8165 -0.4083
vn -0.7071 -0.7071 0.0001
vn -0.0000 -0.7071 -0.7071
vn -0.4082 -0.8165 -0.4082
vn 0.6720 0.6516 0.3519
vn 0.6760 0.6839 0.2745
vn 0.8815 0.3671 0.2971
vn 0.8866 0.3851 0.2562
vn 0.9608 -0.0011 0.2773
vn 0.9600 -0.0018 0.2800
vn 0.9585 -0.0030 0.2852
vn 0.9625 -0.0168 0.2708
vn 0.9397 -0.1888 0.2851
vn 0.8872 -0.3538 0.2962
vn 0.8105 -0.5007 0.3040
vn 0.8131 -0.4862 0.3203
vn 0.8084 -0.5116 0.2910
vn 0.8078 -0.5135 0.2895
vn 0.8987 -0.3549 0.2576
vn 0.9593 -0.1511 0.2384
vn 0.9790 0.0403 0.1998
vn 0.9694 0.0806 0.2321
vn -0.0032 1.0000 -0.0023
vn 0.0003 0.1047 -0.9945
vn 0.0004 0.2036 -0.9791
vn -0.4469 0.0938 -0.8896
vn -0.8027 0.1798 -0.5686
vn 0.0008 0.4763 -0.8793
vn -0.7097 0.3905 -0.5864
vn 0.0005 0.6615 -0.7499
vn -0.5552 0.5779 -0.5981
vn -0.8944 0.3249 -0.3073
vn -0.9403 -0.0000 0.3403
vn -0.9342 -0.1018 0.3419
vn -0.9317 -0.1232 0.3418
vn -0.8661 -0.3795 0.3254
vn -0.8037 -0.5153 0.2974
vn -0.6298 -0.7402 0.2355
vn -0.5623 -0.8009 0.2061
vn -0.4674 -0.8671 0.1722
vn -0.4667 -0.8672 0.1738
vn 0.4254 0.4012 0.8112
vn 0.3096 0.3737 0.8744
vn 0.2511 0.4136 0.8751
vn 0.5684 0.3893 0.7248
vn 0.6636 0.4004 0.6319
vn 0.7201 0.3581 0.5943
vn 0.7406 0.3453 0.5765
vn 0.7960 0.3044 0.5231
vn 0.3406 0.4425 0.8295
vn 0.3017 0.4864 0.8200
vn 0.2948 0.4692 0.8324
vn 0.2790 0.5259 0.8035
vn 0.1544 0.5187 0.8409
vn -0.0193 0.5252 0.8507
vn -0.1864 0.5019 0.8446
vn -0.2370 0.5473 0.8027
vn -0.3277 0.5424 0.7736
vn -0.4168 0.5524 0.7219
vn -0.4782 0.5460 0.6879
vn -0.4691 0.5434 0.6962
vn -0.5828 0.3732 0.7219
vn -0.6760 0.1757 0.7156
vn -0.6796 0.1314 0.7217
vn -0.5802 0.2446 0.7768
vn -0.7793 0.0536 0.6243
vn -0.7678 0.0305 0.6400
vn -0.5118 -0.3584 -0.7807
vn -0.5854 -0.1831 -0.7898
vn -0.5083 -0.3564 -0.7840
vn -0.5956 -0.1848 -0.7818
vn -0.6377 -0.0011 -0.7703
vn -0.6217 -0.0000 -0.7832
vn 0.8512 0.4487 -0.2723
vn 0.8457 0.4708 -0.2512
vn 0.8525 0.4335 -0.2923
vn 0.8476 0.4644 -0.2566
vn 0.9310 0.2422 -0.2732
vn 0.9318 0.2384 -0.2737
vn 0.9600 0.0005 -0.2799
vn 0.9601 -0.0000 -0.2798
vn 0.9445 -0.1779 -0.2761
vn 0.8957 -0.3577 -0.2640
vn 0.8211 -0.5156 -0.2449
vn 0.8165 -0.5150 -0.2609
vn 0.8138 -0.5103 -0.2780
vn 0.8119 -0.5131 -0.2784
vn 0.9120 -0.2652 -0.3128
vn 0.9307 -0.1770 -0.3201
vn 0.9456 -0.0000 -0.3253
vn 0.9457 -0.0007 -0.3250
vn 0.9455 -0.0016 -0.3257
vn -0.7398 -0.0000 0.6728
vn -0.5887 -0.0000 0.8083
vn -0.6564 0.5374 0.5295
vn -0.4977 0.8013 0.3319
vn -0.8684 -0.0001 0.4959
vn -0.6543 0.7089 0.2634
vn -0.9402 -0.0000 0.3407
vn -0.7918 0.6030 0.0974
vn -0.9925 -0.0000 0.1220
vn -0.8320 0.5547 -0.0000
vn -0.7284 0.6023 -0.3266
vn -0.7379 0.2732 -0.6171
vn -0.7059 0.0286 -0.7077
vn -0.9973 0.0729 -0.0000
vn -0.5806 0.1336 -0.8032
vn -0.9455 0.3256 -0.0000
vn -0.6062 0.3574 -0.7105
vn 0.8386 -0.0000 0.5447
vn 0.6770 0.6001 0.4260
vn 0.4639 0.8321 0.3040
vn 0.1899 0.7072 0.6811
vn 0.1355 -0.0000 0.9908
vn -0.0954 0.6683 0.7378
vn -0.2854 0.4531 0.8445
vn -0.4588 0.5886 0.6657
vn -0.2195 -0.0000 0.9756
vn -0.6413 0.5769 0.5058
vn -0.4596 -0.0000 0.8881
vn -0.6505 0.7047 0.2834
vn -0.9999 -0.0108 -0.0013
vn -0.9921 -0.0052 0.1251
vn -0.9998 -0.0215 -0.0016
vn -0.9922 -0.0000 0.1249
vn -0.9495 -0.0001 0.3137
vn -0.9265 -0.0001 0.3763
vn -0.8687 -0.0003 0.4954
vn -0.8338 -0.0000 0.5520
vn -0.7375 -0.0000 0.6753
vn -0.6730 -0.0000 0.7396
vn -0.5786 -0.0000 0.8156
vn -0.5531 -0.0000 0.8331
vn -0.4726 -0.0000 0.8813
vn -0.4163 -0.0000 0.9092
vn -0.2421 -0.0000 0.9703
vn -0.1200 -0.0000 0.9928
vn 0.1139 -0.0000 0.9935
vn 0.2242 -0.0000 0.9745
vn 0.6185 -0.4847 -0.6185
vn 0.6417 -0.4212 -0.6409
vn 0.4016 -0.3496 -0.8465
vn 0.3621 -0.1943 -0.9116
vn 0.6894 -0.2241 -0.6888
vn 0.3781 -0.0864 -0.9217
vn 0.7057 -0.0632 -0.7057
vn 0.4573 -0.0204 -0.8891
vn 0.6843 0.2519 -0.6843
vn 0.2404 0.0885 -0.9666
vn 0.3123 0.3440 -0.8855
vn 0.4836 0.7296 -0.4836
vn 0.2245 0.5126 -0.8287
vn 0.3448 0.8740 -0.3422
vn 0.2530 0.7167 -0.6499
vn 0.3180 0.8959 -0.3102
vn -0.6795 0.7337 -0.0000
vn -0.4547 0.5414 -0.7072
vn -0.6431 0.7657 -0.0000
vn -0.5939 0.5819 -0.5556
vn -0.8079 0.5893 -0.0000
vn -0.9614 0.2752 -0.0000
vn -0.4258 0.1218 -0.8966
vn -0.7041 0.0572 -0.7078
vn 0.0003 -1.0000 -0.0058
vn -0.0003 -1.0000 -0.0039
vn -0.0006 -1.0000 -0.0020
vn -0.0017 -1.0000 -0.0018
vn -0.0003 -1.0000 -0.0013
vn -0.0012 -1.0000 -0.0017
vn -0.0028 -1.0000 -0.0022
vn -0.0035 -1.0000 -0.0023
vn -0.0015 -1.0000 -0.0018
vn -0.0031 -1.0000 -0.0022
vn 0.6306 0.7222 0.2842
vn 0.6298 0.7327 0.2580
vn 0.8061 0.5285 0.2664
vn 0.9317 0.2616 0.2519
vn 0.9705 -0.0014 0.2409
vn 0.9704 -0.0014 0.2417
vn 0.9676 -0.0686 0.2430
vn 0.9607 -0.1369 0.2415
vn 0.9051 -0.3358 0.2606
vn 0.8415 -0.4593 0.2844
vn 0.6927 -0.6410 0.3305
vn 0.6932 -0.6380 0.3354
vn 0.6152 -0.7023 0.3581
vn 0.6134 -0.7007 0.3643
vn -0.0016 -1.0000 -0.0018
vn -0.0034 -1.0000 -0.0023
vn -0.8944 0.3250 -0.3072
vn -0.4473 0.6509 -0.6133
vn -0.7070 0.5139 -0.4859
vn -0.4782 0.3475 -0.8066
vn -0.7343 -0.2591 -0.6274
vn -0.7071 -0.4990 -0.5011
vn -0.7071 -0.4991 -0.5010
vn -0.8193 -0.2891 -0.4952
vn -0.9986 0.0521 -0.0000
vn -0.5547 -0.0000 -0.8321
vn -0.8614 0.5079 -0.0000
vn -0.7143 0.6999 -0.0000
vn -0.6971 0.7170 -0.0000
vn -0.5752 0.6850 0.4472
vn -0.3859 0.3970 0.8327
vn -0.5685 0.4147 0.7105
vn -0.8614 0.5078 -0.0000
vn -0.6755 0.1934 0.7116
vn -0.9925 -0.0000 0.1222
vn -0.7071 -0.7072 -0.0000
vn -0.6991 -0.7098 0.0861
vn -0.7127 -0.6959 0.0880
vn -0.5608 -0.7246 0.4005
vn -0.8052 -0.3719 0.4619
vn -0.5617 -0.2220 0.7970
vn -0.8212 0.1504 0.5504
vn -0.9982 0.0607 -0.0000
vn -0.7059 0.0286 0.7078
vn -0.5841 0.4279 0.6898
vn -0.0032 -1.0000 -0.0023
vn 0.5187 -0.8041 -0.2907
vn 0.3778 -0.8684 -0.3212
vn 0.3586 -0.8767 -0.3205
vn 0.3925 -0.8497 -0.3520
vn 0.2704 -0.8639 -0.4250
vn 0.2892 -0.8767 -0.3844
vn 0.3459 -0.8981 -0.2715
vn 0.4705 -0.8529 -0.2265
vn 0.6382 -0.7351 -0.2288
vn -0.2826 -0.0000 -0.9592
vn -0.5651 -0.0000 -0.8250
vn -0.7754 -0.0000 -0.6315
vn -0.7753 -0.0000 -0.6315
vn -0.9394 0.3227 0.1162
vn -0.9085 0.2542 0.3317
vn -0.9924 0.0691 0.1018
vn -0.9348 0.0501 0.3515
vn -0.8231 0.2248 0.5215
vn -0.7191 0.4596 0.5213
vn -0.7911 0.5137 0.3321
vn -0.8025 0.5848 0.1180
vn -0.8514 0.5246 -0.0000
vn 0.9239 -0.0000 -0.3826
vn -0.7457 -0.0000 0.6663
vn -0.4467 -0.0607 0.8926
vn -0.4387 -0.2113 0.8734
vn 0.0901 -0.0000 0.9959
vn 0.2408 -0.0000 0.9706
vn 0.3570 -0.0000 0.9341
vn 0.3568 -0.0000 0.9342
vn 0.5384 -0.0000 0.8427
vn 0.8314 -0.0000 0.5556
vn 0.8301 -0.0000 0.5577
vn 0.9206 -0.0000 0.3904
vn 0.9808 -0.0000 0.1952
vn -0.3922 -0.7268 0.5639
vn -0.3857 -0.4842 0.7854
vn 0.1839 -0.4320 -0.8829
vn -0.3430 -0.1729 -0.9233
vn -0.7071 -0.0000 -0.7071
vn -0.1608 0.0981 -0.9821
vn 0.1945 -0.0524 -0.9795
vn -0.0145 -0.1576 -0.9874
vn -0.0147 0.5448 -0.8384
vn 0.3163 -0.0001 -0.9487
vn -0.2702 0.6337 -0.7249
vn -0.0778 0.7055 -0.7045
vn -0.1146 0.4277 -0.8966
vn -0.3162 -0.0000 -0.9487
vn 0.3162 -0.0000 -0.9487
vn 0.1421 -0.2082 -0.9677
vn -0.1538 -0.5045 -0.8496
vn -0.1401 -0.4185 -0.8973
vn -0.6501 0.3933 -0.6501
vn 0.1579 -0.2477 -0.9559
vn -0.4323 0.7913 -0.4323
vn -0.6080 0.5105 -0.6080
vn -0.3554 0.8645 -0.3554
vn -0.0986 0.9902 -0.0986
vn -0.0654 0.9957 -0.0654
vn 0.1000 0.9899 0.1000
vn 0.3567 0.8635 0.3567
vn 0.4334 0.7901 0.4334
vn 0.6086 0.5091 0.6086
vn 0.6504 0.3922 0.6505
vn 0.7071 -0.0000 0.7071
vn 1.0000 -0.0000 -0.0001
vn 0.9617 -0.2632 0.0762
vn 0.8494 -0.5069 0.1470
vn 0.8977 -0.4191 0.1362
vn 0.9553 -0.2486 -0.1598
vn 0.4755 0.8558 -0.2039
vn 0.4730 0.3370 -0.8140
vn 0.9487 -0.0000 0.3163
vn 0.9487 -0.0000 -0.3160
vn 0.9579 0.2714 -0.0939
vn 0.7258 0.6285 0.2796
vn 0.7462 0.6130 0.2598
vn 0.8448 0.5077 0.1693
vn 0.9795 -0.0525 -0.1945
vn 0.9873 -0.1579 0.0149
vn 0.9841 0.1749 0.0323
vn 0.9232 -0.1727 0.3433
vn 0.8834 -0.4313 -0.1834
vn 0.2527 -0.0000 -0.9675
vn 0.7071 -0.0000 -0.7071
vn 0.5055 -0.0001 -0.8628
vn -0.7015 -0.0626 0.7099
vn 0.5760 -0.0000 0.8174
vn 0.5679 0.1007 0.8169
vn 0.5748 0.4100 0.7082
vn 0.3573 0.5197 0.7761
vn -0.5305 -0.2527 0.8092
vn -0.4717 -0.6428 0.6035
vn -0.2656 -0.4870 0.8320
vn 0.0001 1.0000 -0.0001
vn -0.5304 -0.2527 0.8092
vn -0.9910 -0.1336 0.0001
vn -0.7014 -0.0627 0.7100
vn -0.8596 -0.5109 0.0004
vn -0.4717 -0.6428 0.6036
vn -0.6130 -0.7901 0.0003
vn -0.4352 -0.5426 0.7185
vn -0.6943 -0.7197 -0.0000
vn -0.8564 -0.2338 0.4604
vn -0.9647 -0.2634 -0.0000
vn -1.0000 0.0016 0.0015
vn -0.7074 0.0008 0.7068
vn -1.0000 0.0013 0.0012
vn -0.4473 0.0006 0.8944
vn -1.0000 -0.0001 0.0022
vn -1.0000 0.0012 0.0001
vn -0.9647 -0.2635 -0.0000
vn -0.7570 -0.6534 -0.0000
vn -0.5547 -0.8321 0.0003
vn -0.8095 -0.5871 0.0004
vn -0.9840 -0.1782 0.0001
vn -1.0000 -0.0014 -0.0006
vn -1.0000 -0.0014 -0.0010
vn -1.0000 -0.0005 0.0014
vn -1.0000 -0.0012 0.0025
vn -1.0000 -0.0003 0.0015
vn -0.8945 0.2695 0.3566
vn -0.8215 0.4445 0.3571
vn -0.9251 0.3453 0.1581
vn -1.0000 -0.0005 -0.0004
vn -1.0000 -0.0009 0.0001
vn -1.0000 -0.0004 -0.0000
vn -0.8944 -0.0000 -0.4472
vn -0.4473 -0.0000 -0.8944
vn -0.7769 0.2251 -0.5880
vn -0.8610 0.5002 0.0915
vn -0.8764 0.4817 -0.0000
vn -0.9064 0.4224 -0.0000
vn -0.5753 0.6849 -0.4472
vn -0.0833 0.8534 0.5146
vn -0.6416 0.7639 0.0697
vn -0.6179 0.7382 0.2706
vn -0.5667 0.6831 0.4606
vn -0.4834 0.5848 0.6515
vn -0.2891 0.3489 0.8914
vn -0.6509 0.1334 0.7473
vn -0.8945 0.0011 0.4470
vn -0.3052 0.3187 0.8974
vn -0.4439 0.5371 0.7173
vn -0.1442 0.1745 0.9741
vn -0.5044 0.4943 -0.7080
vn -0.5752 0.6849 -0.4472
vn -0.7045 0.7097 -0.0000
vn -0.6833 0.7239 0.0952
vn -0.6354 0.7577 0.1490
vn -0.6659 0.6843 0.2971
vn -0.6002 0.7211 0.3461
vn -0.6095 0.6276 0.4843
vn -0.5387 0.6527 0.5327
vn -0.5180 0.5371 0.6657
vn -0.6017 0.3776 0.7039
vn -0.2438 0.1345 0.9605
vn -0.8357 0.5493 -0.0000
vn -0.6874 0.1822 0.7031
vn -0.8256 0.0471 0.5623
vn -0.9746 0.2241 -0.0000
vn -0.9870 0.0001 0.1605
vn -0.7113 -0.0000 0.7029
vn -0.3189 0.0720 0.9451
vn -0.6787 0.0469 0.7329
vn -0.6934 -0.0000 0.7205
vn -0.5883 -0.0000 0.8087
vn -0.5562 -0.0000 0.8311
vn -0.3662 -0.0000 0.9305
vn -0.3252 -0.0000 0.9456
vn -0.1097 -0.0000 0.9940
vn -0.2318 -0.0016 0.9728
vn 0.5607 -0.2060 0.8020
vn -0.0590 -0.0618 0.9963
vn 0.5156 -0.0336 0.8562
vn 0.3461 -0.1578 0.9248
vn -0.3932 -0.0000 0.9194
vn -0.2054 -0.2209 0.9534
vn -0.5559 -0.0000 0.8312
vn -0.4196 -0.0650 0.9054
vn -0.2605 0.0180 0.9653
vn 0.9829 -0.0000 0.1839
vn 0.9184 -0.3555 -0.1735
vn 0.8063 -0.5914 -0.0125
vn 0.7349 -0.6683 0.1153
vn 0.8068 -0.5415 0.2361
vn 0.6769 -0.0000 0.7361
vn 0.6548 -0.4647 0.5960
vn 0.5929 -0.6359 0.4940
vn 0.4195 -0.3899 0.8198
vn 0.5633 -0.5136 0.6472
vn 0.5345 -0.3781 0.7559
vn 0.5606 -0.2060 0.8020
vn 0.6082 -0.7119 -0.3510
vn 0.6558 -0.2555 -0.7104
vn 0.0902 -0.0000 0.9959
vn 0.4803 -0.0000 0.8771
vn 0.6767 -0.0000 0.7363
vn 0.9299 -0.0000 0.3679
vn 0.1432 -0.5142 -0.8456
vn 0.1352 -0.7298 -0.6702
vn -0.0000 0.4472 -0.8944
vn -0.0000 0.8000 -0.6000
vn 0.8165 0.4082 -0.4083
vn 0.6000 0.8000 -0.0000
vn 0.9841 0.1749 0.0325
vn 0.7068 -0.0316 -0.7067
vn 0.6982 -0.1594 -0.6979
vn 0.9874 -0.1578 0.0151
vn 0.6737 -0.3937 -0.6254
vn 0.9232 -0.1727 0.3432
vn 0.8833 -0.4313 -0.1835
vn 0.6978 -0.5031 -0.5099
vn -0.9497 0.3133 -0.0000
vn -0.9966 -0.0000 0.0820
vn -0.9622 0.2518 0.1035
vn -0.9506 -0.0000 0.3104
vn -0.9262 0.3193 0.2005
vn -0.8674 -0.0000 0.4976
vn -0.8952 0.3265 0.3034
vn -0.8445 0.3394 0.4142
vn -0.5885 -0.0000 0.8085
vn -0.8170 0.3986 0.4167
vn -0.5230 -0.0000 0.8523
vn -0.7598 0.4353 0.4829
vn -0.8349 0.2998 -0.4616
vn -0.7070 0.0742 -0.7033
vn -0.8944 0.3249 -0.3072
vn -0.7095 0.3907 -0.5864
vn -0.8027 0.1799 -0.5687
vn -0.4470 0.0938 -0.8896
vn -0.9509 -0.0000 0.3094
vn -0.8676 -0.0002 0.4973
vn -0.9272 -0.0000 0.3746
vn -0.9925 0.0003 0.1226
vn 0.3164 -0.6349 0.7048
vn 0.1803 -0.0000 0.9836
vn 0.2831 -0.4495 0.8472
vn -0.1098 -0.0000 0.9940
vn 0.1250 -0.4728 0.8723
vn -0.3931 -0.0000 0.9195
vn 0.0507 -0.6081 0.7923
vn -0.5560 -0.0000 0.8312
vn -0.0393 -0.7067 0.7065
vn -0.6820 -0.0000 0.7314
vn -0.5377 -0.5373 0.6497
vn -0.8319 -0.0000 0.5549
vn -0.6121 -0.7090 0.3504
vn -0.9275 -0.0000 0.3738
vn -0.5689 -0.8014 0.1847
vn -0.0003 0.0005 1.0000
vn -0.0003 -0.0002 1.0000
vn 0.0003 0.0001 1.0000
vn 0.0001 -0.0003 1.0000
vn -0.1088 -0.0047 0.9941
vn -0.2149 -0.0087 0.9766
vn -0.4224 -0.0172 0.9063
vn -0.4976 -0.0094 0.8674
vn -0.5685 -0.0123 0.8226
vn -0.5881 -0.0000 0.8088
vn -0.8316 -0.0000 0.5554
vn 0.0005 -0.0005 1.0000
vn -0.1652 -0.0000 0.9863
vn -0.2093 0.6948 0.6881
vn -0.5358 0.6023 0.5918
vn -0.5315 -0.0000 0.8471
vn -0.7597 0.4353 0.4830
vn -0.6239 -0.0000 0.7815
vn -0.2052 -0.2211 0.9534
vn -0.4195 -0.0650 0.9054
vn -0.0000 -0.1878 0.9822
vn -0.2604 0.0180 0.9653
vn -0.3187 0.0720 0.9451
vn -0.2437 0.1344 0.9605
vn -0.0000 -0.3690 0.9294
vn 0.6508 -0.0696 0.7561
vn 0.3766 -0.1748 0.9097
vn 0.3460 -0.1578 0.9249
vn -0.3052 0.3186 0.8974
vn -0.1441 0.1744 0.9741
vn -0.2890 0.3489 0.8915
vn -0.6510 0.1334 0.7473
vn -0.8945 0.0011 0.4471
vn -0.4472 0.0006 0.8944
vn -0.7075 0.0008 0.7067
vn -0.4353 -0.5427 0.7183
vn -0.8563 -0.2338 0.4605
vn 0.4600 -0.1713 0.8712
vn 0.4593 -0.3939 0.7962
vn 0.4351 -0.4312 0.7904
vn 0.6130 -0.3342 0.7160
vn 0.3959 0.4787 0.7836
vn 0.4456 0.2102 0.8702
vn 0.5723 0.0504 0.8185
vn 0.5719 -0.0612 0.8181
vn 0.5097 -0.5040 -0.6973
vn 0.6262 -0.3938 -0.6729
vn 0.1840 -0.4320 -0.8829
vn -0.0147 -0.1576 -0.9874
vn 0.6982 -0.1591 -0.6980
vn 0.7067 -0.0315 -0.7068
vn -0.1609 0.0982 -0.9821
vn 0.6669 0.3333 -0.6665
vn -0.1147 0.4277 -0.8966
vn 0.4873 0.7258 -0.4855
vn 0.3538 0.8694 -0.3449
vn -0.2703 0.6336 -0.7249
vn 0.3302 0.8896 -0.3155
vn -0.0149 0.5449 -0.8384
vn 0.6685 0.3414 -0.6608
vn 0.3164 -0.0000 -0.9486
vn 0.7072 -0.0000 -0.7070
vn 0.8129 0.5478 -0.1978
vn 0.8305 0.3647 -0.4211
vn 0.3272 0.8901 -0.3172
vn 0.6056 0.5221 -0.6006
vn 0.9238 -0.0000 -0.3828
vn 0.7072 -0.0000 -0.7071
vn 0.6072 0.5223 -0.5987
vn 0.3802 0.8449 -0.3763
vn 0.5602 0.6107 -0.5597
vn 0.6846 0.2508 -0.6844
vn 0.6846 0.2505 -0.6846
vn 0.7068 -0.0314 -0.7068
vn 0.7068 -0.0315 -0.7067
vn 0.6981 -0.1589 -0.6981
vn 0.6894 -0.2231 -0.6892
vn 0.6613 -0.3546 -0.6610
vn 0.6429 -0.4294 -0.6343
vn 0.5937 -0.5479 -0.5894
vn 0.5802 -0.5778 -0.5740
vn 0.3163 -0.0000 -0.9486
vn -0.3161 -0.0000 -0.9487
vn 0.8628 -0.0000 -0.5055
vn 0.9523 -0.0000 -0.3051
vn 0.8440 -0.2753 -0.4604
vn 0.6513 -0.3894 -0.6513
vn 0.4907 -0.7196 -0.4913
vn 0.7997 -0.4949 -0.3399
vn 0.4926 -0.7173 -0.4927
vn 0.8639 -0.4152 -0.2851
vn 0.6041 -0.5130 -0.6098
vn -0.1540 -0.5044 -0.8496
vn 0.4884 -0.7175 -0.4966
vn -0.1403 -0.4185 -0.8973
vn 0.4918 -0.7161 -0.4953
vn 0.1579 -0.2476 -0.9559
vn 0.4933 -0.7156 -0.4946
vn 0.6811 -0.2567 -0.6858
vn 0.6018 -0.5152 -0.6102
vn 0.4930 -0.7160 -0.4942
vn 0.4731 0.3368 -0.8141
vn 0.4936 -0.7153 -0.4946
vn 0.4754 0.8558 -0.2039
vn 0.9554 -0.2485 -0.1598
vn 0.6517 -0.3880 -0.6517
vn 0.9163 -0.2055 -0.3436
vn 0.8627 -0.0000 -0.5056
vn 0.4948 -0.7130 -0.4968
vn 0.4944 -0.7142 -0.4954
vn 0.4943 -0.7140 -0.4959
vn 0.8977 -0.4190 0.1363
vn 0.4923 -0.7132 -0.4989
vn 0.8494 -0.5068 0.1472
vn 0.6491 -0.3876 -0.6545
vn 0.9617 -0.2631 0.0764
vn 1.0000 -0.0000 0.0002
vn 0.6504 -0.3852 -0.6547
vn 0.4332 -0.1617 -0.8867
vn 0.3828 -0.0000 -0.9238
vn 0.6080 -0.5104 -0.6081
vn 0.2866 -0.4121 -0.8649
vn 0.3740 -0.5380 -0.7555
vn 0.4934 -0.7113 -0.5006
vn 0.9487 -0.0000 0.3162
vn 0.9487 -0.0000 -0.3161
vn 0.4595 -0.2717 -0.8456
vn 0.2847 -0.4094 -0.8668
vn 0.3828 -0.0002 -0.9238
vn 0.5056 -0.0000 -0.8628
vn 0.6659 0.3448 -0.6616
vn 0.3346 0.4479 -0.8291
vn 0.3178 0.8961 -0.3100
vn 0.1953 0.5547 -0.8088
vn 0.6679 0.3430 -0.6604
vn 0.6844 0.2520 -0.6841
vn 0.5581 0.6144 -0.5577
vn 0.4849 0.7291 -0.4830
vn 0.3741 0.8500 -0.3709
vn 0.3478 0.8729 -0.3422
vn 0.3178 0.8960 -0.3101
vn 0.3200 0.8951 -0.3107
vn 0.5173 0.6874 -0.5097
vn 0.9579 0.2713 -0.0938
vn 0.5199 0.6857 -0.5095
vn 0.7259 0.6284 0.2797
vn 0.3200 0.8950 -0.3107
vn 0.7462 0.6129 0.2599
vn 0.3792 0.8488 -0.3685
vn 0.8448 0.5075 0.1694
vn 0.5597 0.6136 -0.5570
vn 0.6981 -0.1595 -0.6980
vn 0.6892 -0.2239 -0.6891
vn 0.6612 -0.3548 -0.6610
vn 0.6350 -0.4289 -0.6425
vn 0.5836 -0.5595 -0.5885
vn 0.5769 -0.5698 -0.5852
vn 0.5657 -0.5999 -0.5657
vn 0.3562 -0.4235 -0.8329
vn 0.4015 -0.3496 -0.8465
vn 0.5175 -0.6795 -0.5201
vn 0.6583 -0.3598 -0.6612
vn 0.8326 -0.4225 -0.3580
vn 0.8465 -0.3501 -0.4012
vn 0.6412 -0.4215 -0.6412
vn 0.9118 -0.1940 -0.3618
vn 0.6894 -0.2230 -0.6892
vn 0.9218 -0.0860 -0.3780
vn 0.8890 -0.0204 -0.4574
vn 0.9666 0.0880 -0.2406
vn 0.8862 0.3415 -0.3131
vn 0.4879 0.7249 -0.4863
vn 0.8306 0.5084 -0.2273
vn 0.3501 0.8688 -0.3501
vn 0.6553 0.7105 -0.2565
vn -0.6330 -0.4472 0.6320
vn 0.3153 -0.8944 -0.3173
vn -0.0154 0.7015 -0.7125
vn -0.0078 0.5902 -0.8072
vn -0.0078 0.5903 -0.8072
vn -0.0000 0.4663 -0.8846
vn -0.3590 0.5690 -0.7398
vn -0.3477 0.5550 -0.7557
vn -0.3362 0.5406 -0.7712
vn 0.3153 -0.8944 -0.3174
vn -0.7074 -0.0000 0.7068
vn -0.6330 -0.4471 0.6320
vn 0.7217 0.6922 -0.0007
vn 0.7145 0.6996 -0.0004
vn 0.7144 0.6997 -0.0004
vn 0.7071 0.7071 -0.0001
vn 0.9417 -0.0000 0.3366
vn 0.9390 0.0821 0.3339
vn 0.5759 -0.0000 0.8175
vn 0.5678 0.1007 0.8170
vn 0.8622 0.4050 0.3044
vn 0.5747 0.4099 0.7083
vn 0.6222 0.7512 0.2204
vn 0.3573 0.5195 0.7762
vn 0.5554 0.8076 0.1985
vn 0.3958 0.4787 0.7837
vn 0.7813 0.5582 0.2792
vn 0.4455 0.2101 0.8703
vn 0.9287 0.1655 0.3319
vn 0.9395 0.0745 0.3343
vn 0.9306 0.1564 0.3309
vn 0.8681 0.3901 0.3068
vn 0.7873 0.5498 0.2793
vn 0.6284 0.7453 0.2227
vn 0.5561 0.8071 0.1985
vn 0.6212 0.7515 0.2220
vn 0.8605 0.4060 0.3076
vn 0.9384 0.0827 0.3354
vn 0.9353 -0.1097 0.3364
vn 0.9364 -0.1010 0.3361
vn 0.8837 -0.3407 0.3209
vn 0.8366 -0.4557 0.3040
vn 0.5722 0.0504 0.8186
vn 0.5717 -0.0611 0.8182
vn 0.4599 -0.1713 0.8713
vn 0.8364 -0.4562 0.3039
vn 0.4592 -0.3938 0.7963
vn 0.6890 -0.6815 0.2466
vn 0.4350 -0.4311 0.7905
vn 0.7321 -0.6289 0.2617
vn 0.6129 -0.3342 0.7160
vn 0.8889 -0.3300 0.3177
vn 0.6507 -0.0696 0.7561
vn 0.9403 -0.0993 0.3255
vn 0.9612 -0.0379 0.2733
vn 0.3461 -0.1577 0.9248
vn 0.9905 -0.0136 0.1368
vn 0.5155 -0.0336 0.8562
vn 0.7386 -0.6192 0.2665
vn 0.6953 -0.6742 0.2489
vn 0.6884 -0.6823 0.2461
vn 0.7321 -0.6290 0.2616
vn 0.8377 -0.4567 0.2994
vn 0.8889 -0.3299 0.3177
vn 0.9371 -0.0985 0.3349
vn 0.9736 -0.0627 0.2196
vn 0.9752 -0.0194 0.2205
vn 0.9776 -0.1105 0.1793
vn 0.5605 -0.2060 0.8021
vn 0.9218 -0.3510 0.1648
vn 0.5344 -0.3780 0.7560
vn 0.7972 -0.5893 0.1312
vn 0.5633 -0.5135 0.6473
vn 0.9077 -0.3879 0.1599
vn 0.7907 -0.5998 0.1228
vn 0.7432 -0.6622 0.0954
vn 0.7563 -0.6472 0.0957
vn 0.7308 -0.6826 0.0044
vn 0.6663 -0.7444 0.0434
vn 0.4195 -0.3898 0.8198
vn 0.5929 -0.6358 0.4942
vn 0.6482 -0.7493 -0.1354
vn 0.5157 -0.8409 -0.1640
vn 0.6548 -0.4646 0.5961
vn 0.8069 -0.5414 0.2362
vn 0.8064 -0.5913 -0.0124
vn 0.7349 -0.6683 0.1154
vn 0.3146 -0.8713 -0.3766
vn 0.7767 -0.5900 -0.2207
vn 0.3279 -0.8164 -0.4754
vn 0.2879 -0.8418 -0.4566
vn 0.2737 -0.8611 -0.4284
vn 0.9184 -0.3556 -0.1735
vn 0.6082 -0.7120 -0.3510
vn 0.1353 -0.7298 -0.6701
vn 0.1225 -0.8694 -0.4788
vn 0.0003 -0.8760 -0.4824
vn 0.2634 -0.9606 -0.0887
vn 0.2324 -0.9698 -0.0738
vn 0.2011 -0.9778 -0.0589
vn 0.6163 -0.0020 0.7875
vn 0.7020 -0.0026 0.7122
vn 0.7018 -0.0026 0.7124
vn 0.7784 -0.0031 0.6277
vn -0.9217 -0.2224 0.3178
vn -0.9093 -0.2671 0.3191
vn -0.8949 -0.3112 0.3198
vn 0.9735 0.0227 0.2276
vn 0.9721 -0.0002 0.2345
vn 0.9834 0.0500 0.1744
vn 0.9725 -0.0003 0.2328
vn -0.7036 -0.5557 -0.4429
vn -0.7100 -0.5511 -0.4385
vn -0.7100 -0.5510 -0.4385
vn -0.7163 -0.5463 -0.4340
vn 0.3691 -0.9212 -0.1232
vn 0.3711 -0.9197 -0.1285
vn 0.3709 -0.9198 -0.1279
vn 0.3732 -0.9181 -0.1337
vn 0.6413 0.7673 -0.0000
vn 0.7634 0.4567 -0.4567
vn 0.2121 0.9773 -0.0000
vn 0.3802 0.6472 -0.6607
vn -0.2718 0.6462 -0.7132
vn -0.5051 0.8631 -0.0000
vn -0.4799 0.5152 -0.7101
vn -0.7460 0.6659 -0.0000
vn -0.5682 0.4208 -0.7072
vn -0.8036 0.5952 -0.0000
vn -0.9496 0.3135 -0.0000
vn -0.9622 0.2519 0.1034
vn -0.9262 0.3194 0.2004
vn -0.8952 0.3266 0.3033
vn -0.5358 0.6022 0.5919
vn -0.1340 0.9910 -0.0000
vn -0.2092 0.6947 0.6882
vn -0.0892 0.9960 -0.0000
vn -0.1785 0.9839 -0.0000
vn -0.3573 0.9340 -0.0000
vn -0.2656 0.9641 -0.0000
vn -0.5051 0.8630 -0.0000
vn -0.6816 0.7317 -0.0000
vn -0.7798 0.6261 0.0001
vn 0.6733 -0.4218 -0.6072
vn 0.5816 -0.1091 -0.8061
vn 0.6659 -0.4172 -0.6185
vn 0.3365 -0.2103 -0.9179
vn 0.3878 -0.0000 -0.9217
vn -0.0000 0.2611 -0.9653
vn 0.3769 -0.0000 -0.9263
vn 0.4913 0.3769 -0.7853
vn 0.6050 0.4634 -0.6475
vn 0.7537 -0.0000 -0.6572
vn 0.5398 -0.2140 -0.8141
vn 0.3295 -0.2059 -0.9214
vn -0.7072 0.5138 -0.4858
vn -0.4781 0.3475 -0.8067
vn -0.0000 0.3956 -0.9184
vn 0.3768 -0.0000 -0.9263
vn 0.7538 -0.0000 -0.6571
vn -0.8944 0.3250 -0.3074
vn -0.4472 0.6510 -0.6133
vn 0.6049 0.4635 -0.6476
vn -0.5683 0.4208 -0.7071
vn -0.4800 0.5153 -0.7100
vn -0.0000 0.0522 -0.9986
vn -0.8349 0.2998 -0.4617
vn -0.7072 0.0742 -0.7032
vn -0.0000 0.0259 -0.9997
vn 0.0002 0.6948 -0.7192
vn 0.0001 0.6608 -0.7506
vn 0.0004 0.5533 -0.8330
vn 0.0001 0.4743 -0.8804
vn 0.0003 0.3000 -0.9539
vn 0.0001 0.2019 -0.9794
vn -0.2718 0.6464 -0.7130
vn 0.3802 0.6473 -0.6606
vn 0.3801 0.6474 -0.6606
vn 0.7635 0.4567 -0.4567
vn 0.6313 0.0006 -0.7755
vn 0.6413 0.0012 -0.7673
vn 0.6101 0.0422 -0.7912
vn 0.6001 0.0410 -0.7989
vn 0.6010 0.1612 -0.7828
vn 0.5973 0.2412 -0.7649
vn 0.5978 0.3802 -0.7057
vn 0.5989 0.4428 -0.6673
vn 0.6004 0.5282 -0.6004
vn 0.6003 0.5554 -0.5755
vn 0.6003 0.5810 -0.5496
vn 0.6005 0.5810 -0.5494
vn 0.6006 0.5810 -0.5493
vn 0.5122 0.7858 0.3468
vn 0.5386 0.7810 0.3161
vn 0.5386 0.7811 0.3161
vn 0.5641 0.7750 0.2848
vn 0.4457 -0.5139 -0.7329
vn 0.4468 -0.5153 -0.7313
vn 0.4479 -0.5167 -0.7297
vn -0.5577 0.8265 0.0763
vn -0.5988 0.7934 -0.1091
vn -0.5492 0.8357 -0.0067
vn -0.5664 0.8186 -0.0947
vn -0.5891 0.7784 -0.2169
vn -0.5415 0.7891 -0.2901
vn -0.3986 0.8739 -0.2783
vn -0.4422 0.8421 -0.3087
vn -0.1910 0.9687 -0.1586
vn -0.6505 0.7046 0.2835
vn -0.1687 0.9754 -0.1417
vn -0.6564 0.5373 0.5296
vn -0.4978 0.8013 0.3319
vn -0.0001 1.0000 0.0001
vn -0.0000 1.0000 -0.0001
vn -0.6544 0.7087 0.2635
vn 0.0001 1.0000 -0.0000
vn -0.7918 0.6029 0.0975
vn -0.0953 0.6681 0.7379
vn -0.5342 0.8447 0.0322
vn -0.2855 0.4531 0.8445
vn -0.4586 0.5885 0.6658
vn -0.5482 0.8234 -0.1469
vn -0.6413 0.5768 0.5060
vn -0.4850 0.8344 -0.2617
vn -0.0002 1.0000 0.0001
vn -0.0002 1.0000 -0.0002
vn -0.8321 0.5547 -0.0000
vn -0.7285 0.6022 -0.3266
vn -0.0000 0.8000 -0.6001
vn -0.0000 0.4473 -0.8944
vn 0.6001 0.8000 -0.0000
vn 0.1899 0.7071 0.6812
vn 0.5144 0.4699 0.7173
vn 0.4640 0.8321 0.3039
vn 0.8165 0.4083 -0.4082
vn -0.4190 -0.9064 -0.0538
vn -0.6238 -0.7742 -0.1073
vn -0.4145 -0.9074 -0.0687
vn -0.8003 -0.5797 -0.1528
vn -0.9517 -0.1836 -0.2460
vn -0.9515 -0.1844 -0.2464
vn -0.9574 0.1227 -0.2613
vn -0.9421 0.2446 -0.2295
vn -0.8003 0.5798 -0.1528
vn -0.6238 0.7742 -0.1073
vn -0.4190 0.9064 -0.0538
vn -0.4145 0.9074 -0.0687
vn -0.7851 -0.5997 -0.1547
vn -0.6935 -0.7091 -0.1272
vn -0.9480 -0.1997 -0.2478
vn -0.9575 0.1218 -0.2615
vn -0.9357 0.2657 -0.2321
vn -0.7851 0.5997 -0.1547
vn -0.6935 0.7091 -0.1272
vn -0.5078 -0.8442 -0.1717
vn -0.5432 -0.8108 -0.2179
vn -0.4867 -0.8485 -0.2076
vn -0.4648 -0.8514 -0.2432
vn -0.6608 -0.7077 -0.2500
vn -0.8048 -0.5366 -0.2537
vn -0.8678 -0.4311 -0.2471
vn -0.9436 -0.2221 -0.2456
vn -0.9652 -0.1031 -0.2402
vn -0.9701 -0.0000 -0.2425
vn -0.0017 -0.0000 1.0000
vn -0.0016 -0.0001 1.0000
vn -0.0013 -0.0002 1.0000
vn -0.0011 -0.0005 1.0000
vn -0.0007 -0.0008 1.0000
vn -0.0009 -0.0005 1.0000
vn -0.0006 -0.0008 1.0000
vn 0.0273 0.0507 0.9983
vn 0.0825 0.1532 0.9847
vn -0.0172 0.0015 0.9999
vn 0.0269 0.0047 0.9996
vn -0.0158 -0.0000 0.9999
vn -0.0202 0.0104 0.9997
vn -0.0225 0.0201 0.9995
vn -0.0161 0.0137 0.9998
vn -0.0064 0.0054 1.0000
vn -0.0024 -0.0013 1.0000
vn -0.0014 0.0004 1.0000
vn -0.0012 0.0006 1.0000
vn -0.0014 0.0002 1.0000
vn -0.0022 -0.0000 1.0000
vn -0.0034 0.0005 1.0000
vn -0.0015 -0.0001 1.0000
vn -0.0010 -0.0006 1.0000
vn -0.0010 -0.0001 1.0000
vn 0.8467 -0.0000 0.5320
vn 0.7227 -0.0000 0.6911
vn 0.5618 -0.0000 0.8273
vn 0.3844 -0.0000 0.9231
vn 0.3842 -0.0000 0.9233
vn 0.2558 -0.0000 0.9667
vn -0.0155 -0.0000 0.9999
vn 0.7070 -0.0008 -0.7072
vn 0.7350 -0.0000 -0.6781
vn 0.8046 -0.0000 -0.5938
vn -0.6993 -0.7096 0.0860
vn -0.0002 -1.0000 0.0001
vn -0.5690 -0.8013 0.1847
vn 0.1910 -0.9687 0.1586
vn 0.0001 -1.0000 -0.0001
vn 0.0002 -1.0000 -0.0001
vn 0.0002 -1.0000 0.0002
vn -0.0000 -1.0000 0.0001
vn -0.0002 -1.0000 -0.0000
vn -0.6122 -0.7088 0.3504
vn 0.1594 -0.9739 0.1614
vn 0.4204 -0.8595 0.2908
vn 0.4422 -0.8421 0.3088
vn 0.5415 -0.7891 0.2902
vn 0.5891 -0.7784 0.2169
vn 0.5988 -0.7934 0.1091
vn 0.5664 -0.8187 0.0947
vn 0.5491 -0.8357 0.0068
vn 0.5577 -0.8265 -0.0763
vn 0.5374 -0.8401 -0.0735
vn 0.3164 -0.6348 0.7049
vn 0.1249 -0.4728 0.8723
vn 0.0505 -0.6080 0.7923
vn 0.4850 -0.8344 0.2617
vn -0.0394 -0.7066 0.7065
vn -0.0009 0.9587 -0.2843
vn -0.0010 0.9587 -0.2844
vn -0.0012 0.9587 -0.2845
vn -0.0028 0.9584 -0.2855
vn 0.4155 0.8773 -0.2404
vn 0.8604 0.5088 -0.0279
vn 0.2087 -0.8545 -0.4757
vn 0.2079 -0.8575 -0.4705
vn 0.0007 -0.6699 -0.7425
vn 0.0006 -0.6702 -0.7422
vn 0.0006 -0.6705 -0.7419
vn 0.0970 0.5300 -0.8424
vn 0.3819 0.6685 -0.6381
vn 0.0487 0.5821 -0.8116
vn 0.3645 0.6723 -0.6443
vn 0.5808 0.6842 -0.4411
vn 0.5706 0.7073 -0.4172
vn 0.4753 0.7038 -0.5280
vn 0.4569 0.6987 -0.5505
vn 0.3813 0.6889 -0.6164
vn 0.4773 0.4849 -0.7329
vn 0.8228 0.4149 -0.3885
vn 0.9023 -0.0000 -0.4312
vn 0.9261 0.3535 0.1318
vn 0.7154 0.6547 0.2441
vn -0.7082 0.0003 -0.7060
vn -0.7141 0.0101 -0.7000
vn -0.7072 0.0203 -0.7067
vn -0.7028 -0.1126 -0.7024
vn -0.6755 -0.2529 -0.6926
vn -0.4884 -0.5185 -0.7019
vn -0.4997 -0.5181 -0.6941
vn -0.3385 -0.6208 -0.7071
vn -0.3032 -0.6394 -0.7066
vn -0.3401 -0.6236 -0.7039
vn -0.3933 -0.5895 -0.7056
vn -0.4511 -0.5571 -0.6972
vn -0.6106 -0.3632 -0.7037
vn -0.6188 -0.3681 -0.6940
vn -0.7049 -0.1302 -0.6972
vn -0.7057 -0.0636 -0.7057
vn -0.7103 -0.0002 -0.7039
vn -0.5903 0.5576 -0.5836
vn -0.6309 0.2885 -0.7203
vn -0.5783 0.5543 -0.5986
vn -0.6333 0.2941 -0.7159
vn -0.6115 -0.0070 -0.7912
vn -0.6178 -0.0139 -0.7862
vn -0.6218 0.0002 -0.7831
vn -0.6217 0.0003 -0.7833
vn -0.6136 0.5663 -0.5502
vn -0.6306 0.5171 -0.5787
vn -0.6559 0.4623 -0.5967
vn -0.6591 0.2838 -0.6965
vn -0.6532 0.2858 -0.7012
vn -0.6576 0.0743 -0.7497
vn -0.6594 0.0724 -0.7483
vn -0.6592 0.0006 -0.7520
vn -0.6607 0.0015 -0.7506
vn 0.5999 0.0039 -0.8001
vn 0.6314 0.0020 -0.7755
vn 0.6005 0.1218 -0.7903
vn 0.5768 0.2445 -0.7794
vn 0.5792 0.2438 -0.7778
vn 0.6235 0.0922 -0.7764
vn 0.7069 -0.0008 -0.7073
vn 0.7349 -0.0000 -0.6782
vn 0.6246 -0.0001 -0.7809
vn 0.6233 -0.0003 -0.7820
vn -0.7344 -0.2591 -0.6273
vn -0.0000 -0.3818 -0.9243
vn -0.7072 -0.4989 -0.5010
vn -0.0000 -0.7057 -0.7085
vn -0.7072 -0.4990 -0.5009
vn -0.7043 0.0572 -0.7076
vn -0.0000 -0.2522 -0.9677
vn -0.8193 -0.2890 -0.4951
vn 0.4075 -0.2139 -0.8878
vn 0.7762 0.0002 -0.6305
vn -0.7770 0.2251 -0.5879
vn -0.5753 0.6848 -0.4473
vn -0.7072 0.0001 -0.7070
vn -0.4548 0.5415 -0.7071
vn -0.6063 0.3574 -0.7104
vn -0.4257 0.1218 -0.8966
vn -0.8944 -0.0000 -0.4473
vn -0.4472 -0.0000 -0.8944
vn 0.8098 0.1018 -0.5778
vn 0.5760 -0.0000 -0.8174
vn 0.5702 -0.0816 -0.8174
vn 0.6129 -0.3342 -0.7159
vn 0.4350 -0.4312 -0.7905
vn 0.2637 -0.3009 -0.9165
vn -0.0000 -0.2521 -0.9677
vn -0.0001 -0.5042 -0.8636
vn 0.4045 -0.4543 -0.7937
vn 0.7937 0.0604 -0.6053
vn -0.0000 -0.3818 -0.9242
vn 0.3737 -0.0000 -0.9275
vn 0.7662 0.0101 -0.6425
vn 0.3891 -0.4673 -0.7939
vn 0.5425 -0.0545 -0.8383
vn 0.6588 -0.1848 -0.7293
vn 0.6809 -0.4071 -0.6089
vn 0.4767 -0.6009 -0.6416
vn 0.4406 -0.5171 -0.7339
vn 0.4581 -0.2485 -0.8535
vn 0.5780 0.0266 -0.8156
vn 0.5984 -0.0000 -0.8012
vn -0.0834 0.8534 0.5146
vn -0.0834 0.8535 0.5143
vn 0.5252 0.4411 0.7277
vn 0.8716 0.3885 -0.2988
vn 0.8677 0.3933 -0.3040
vn 0.9088 0.2670 -0.3205
vn 0.9330 0.1351 -0.3335
vn 0.9369 -0.1003 -0.3349
vn 0.9369 -0.1000 -0.3349
vn 0.8377 -0.4568 -0.2994
vn 0.7321 -0.6290 -0.2617
vn 0.6884 -0.6823 -0.2460
vn -0.5251 0.4393 -0.7289
vn -0.5668 0.3836 -0.7291
vn -0.6042 0.5541 -0.5727
vn -0.5987 0.3215 -0.7336
vn -0.6483 0.1724 -0.7416
vn -0.6382 0.0862 -0.7650
vn -0.6411 -0.0008 -0.7675
vn -0.6184 0.0071 -0.7858
vn -0.6138 0.0151 -0.7893
vn -0.5526 -0.1330 -0.8228
vn -0.6185 0.0071 -0.7858
vn -0.5794 -0.4247 -0.6957
vn -0.5446 -0.6762 -0.4961
vn -0.5843 -0.7586 -0.2882
vn -0.5036 -0.8337 -0.2267
vn -0.3345 -0.8715 -0.3585
vn -0.3943 -0.6971 -0.5989
vn -0.4749 -0.3023 -0.8265
vn -0.6134 -0.0201 -0.7895
vn -0.5985 -0.0000 -0.8011
vn -0.6134 -0.0200 -0.7895
vn -0.6307 0.0019 -0.7761
vn -0.6307 0.0019 -0.7760
vn -0.6604 -0.0000 -0.7509
vn -0.6233 -0.5384 -0.5671
vn -0.3829 -0.7023 -0.6001
vn -0.6255 -0.7803 -0.0000
vn 0.8493 -0.0000 0.5280
vn 0.9401 -0.0000 0.3408
vn 0.9914 0.0064 0.1310
vn 0.9970 0.0092 -0.0763
vn 0.9989 0.0068 -0.0459
vn 0.9992 0.0137 -0.0380
vn 0.9989 0.0068 -0.0458
vn 0.9989 0.0071 -0.0455
vn 0.9986 -0.0000 -0.0536
vn -0.0000 -1.0000 0.0003
vn -0.0000 -0.9822 0.1877
vn -0.0000 -0.9821 0.1885
vn -0.0000 -0.8425 0.5387
vn -0.0000 -0.5723 0.8201
vn -0.0000 -0.2683 0.9633
vn -0.0000 -0.1341 0.9910
vn -0.6993 -0.7097 0.0861
vn -0.7072 -0.7070 -0.0000
vn -0.7128 -0.6958 0.0880
vn -0.0000 -0.9680 0.2508
vn -0.5609 -0.7246 0.4005
vn -0.0000 -0.8064 0.5914
vn -0.8053 -0.3718 0.4618
vn -0.0000 -0.5148 0.8573
vn -0.5618 -0.2220 0.7969
vn -0.0000 -0.1342 0.9910
vn -0.8213 0.1504 0.5504
vn -0.5842 0.4278 0.6897
vn -0.0000 0.7325 0.6808
vn -0.7060 0.0287 0.7076
vn -0.5842 0.4279 0.6897
vn -0.6756 0.1935 0.7114
vn -0.5686 0.4149 0.7104
vn -0.5752 0.6849 0.4473
vn -0.7380 0.2730 -0.6171
vn -0.0000 0.7401 -0.6725
vn -0.5752 0.6849 -0.4473
vn -0.5045 0.4944 -0.7079
vn -0.5807 0.1335 -0.8031
vn -0.7060 0.0286 -0.7076
vn -0.7380 0.2731 -0.6171
vn -0.6826 0.6898 -0.2413
vn -0.5251 0.4392 -0.7289
vn -0.6755 0.7360 0.0454
vn -0.6780 0.7337 0.0450
vn -0.6695 0.7392 0.0732
vn 0.5321 0.7160 -0.4519
vn 0.6117 -0.0000 0.7911
vn 0.7785 -0.0000 0.6276
vn 0.6774 -0.0000 0.7356
vn 0.8165 -0.0000 0.5773
vn 0.8512 -0.0000 0.5249
vn 0.6774 -0.0000 0.7357
vn 0.6118 -0.0000 0.7911
vn -1.0000 -0.0055 -0.0006
vn -1.0000 -0.0001 -0.0001
vn -1.0000 0.0002 -0.0010
vn -0.9976 0.0686 -0.0012
vn -0.9976 0.0687 -0.0000
vn -0.9724 0.2334 -0.0000
vn -0.9444 0.3289 -0.0000
vn -0.8642 0.5031 -0.0000
vn -0.8129 0.5823 -0.0000
vn -0.7199 0.6941 -0.0000
vn -0.6827 0.7307 -0.0000
vn -0.6437 0.7653 -0.0007
vn -0.6437 0.7653 -0.0008
vn -1.0000 0.0001 -0.0013
vn -1.0000 -0.0000 -0.0007
vn 0.6378 -0.0000 -0.7702
vn 0.7807 -0.0000 -0.6249
vn 0.6810 -0.0001 -0.7323
vn 0.6130 -0.0000 -0.7901
vn 0.6133 -0.0000 -0.7899
vn 0.8230 0.0001 -0.5681
vn 0.9588 -0.0000 -0.2841
vn 0.8944 -0.0000 -0.4472
vn 0.5871 -0.1722 -0.7910
vn 0.8229 -0.0000 -0.5682
vn 0.3438 -0.4356 -0.8319
vn 0.6134 -0.0000 -0.7898
vn 0.3674 -0.4367 -0.8211
vn 0.6685 -0.0000 -0.7437
vn 0.3794 -0.5109 -0.7714
vn 0.8056 -0.0000 -0.5925
vn 0.4864 -0.4563 -0.7452
vn 0.7664 -0.0000 -0.6424
vn 0.3823 -0.3517 -0.8545
vn 0.3938 -0.0000 -0.9192
vn 0.0658 -0.3574 -0.9316
vn 0.8305 0.3646 -0.4211
vn 0.8128 0.5479 -0.1978
vn 0.8862 0.3414 -0.3131
vn 0.9666 0.0880 -0.2405
vn 0.8628 -0.0000 -0.5056
vn 0.9164 -0.2054 -0.3435
vn 0.6582 -0.3598 -0.6613
vn 0.8327 -0.4225 -0.3580
vn 0.7071 -0.0000 -0.7072
vn 0.9524 -0.0000 -0.3050
vn 0.8440 -0.2752 -0.4603
vn 0.8891 -0.0204 -0.4573
vn 0.9218 -0.0860 -0.3779
vn 0.9119 -0.1939 -0.3617
vn 0.2531 0.7167 -0.6499
vn 0.2527 -0.0000 -0.9676
vn 0.5055 -0.0000 -0.8628
vn 0.3346 0.4478 -0.8291
vn 0.1954 0.5549 -0.8087
vn 0.3826 -0.0002 -0.9239
vn 0.4594 -0.2716 -0.8457
vn 0.2848 -0.4093 -0.8668
vn 0.4331 -0.1617 -0.8867
vn 0.3826 -0.0000 -0.9239
vn 0.3739 -0.5380 -0.7555
vn 0.3780 -0.0863 -0.9218
vn 0.3620 -0.1943 -0.9117
vn 0.2526 -0.0000 -0.9676
vn 0.5055 -0.0000 -0.8629
vn 0.5873 -0.1722 -0.7909
vn -0.0274 -0.5452 -0.8378
vn 0.3439 -0.4356 -0.8319
vn 0.3795 -0.5108 -0.7714
vn 0.4015 -0.3495 -0.8465
vn 0.3561 -0.4235 -0.8330
vn 0.6583 -0.3598 -0.6611
vn -0.0000 -0.2748 -0.9615
vn -0.0000 -0.5484 -0.8362
vn -0.0000 -0.5483 -0.8363
vn 0.1051 -0.0000 -0.9945
vn -0.0000 -0.2742 -0.9617
vn 0.0700 -0.0000 -0.9975
vn 0.1400 -0.0000 -0.9902
vn 0.4844 -0.0000 -0.8748
vn 0.7892 0.0001 -0.6142
vn 0.7891 -0.0000 -0.6142
vn 0.8054 0.0001 -0.5928
vn -0.0000 0.0001 -1.0000
vn 0.0001 -0.0000 -1.0000
vn 0.4956 0.1756 -0.8506
vn 0.5558 0.0300 -0.8307
vn 0.8054 -0.0001 -0.5927
vn 0.4876 -0.0000 -0.8731
vn 0.0002 0.1231 -0.9924
vn 0.0023 0.4263 -0.9046
vn 0.3649 0.4103 -0.8358
vn 0.3148 0.4023 -0.8597
vn 0.3937 -0.0000 -0.9192
vn 0.0749 0.3812 -0.9214
vn -0.0000 0.3797 -0.9251
vn -0.0000 0.3795 -0.9252
vn -0.0000 0.7023 -0.7118
vn -0.0007 0.7015 -0.7127
vn -0.0005 0.7023 -0.7119
vn 0.0036 0.6510 -0.7590
vn -0.0000 0.0462 -0.9989
vn -0.0000 -0.0001 -1.0000
vn 0.0004 0.1258 -0.9921
vn 0.0004 0.3098 -0.9508
vn 0.0012 0.4334 -0.9012
vn 0.0006 0.6002 -0.7999
vn 0.0008 0.6734 -0.7393
vn 0.6391 -0.6258 -0.4471
vn -0.0003 -0.0000 -1.0000
vn 0.5000 -0.5002 -0.7069
vn -0.0443 -0.0010 0.9990
vn -0.0444 -0.0001 0.9990
vn 0.1528 -0.0006 0.9883
vn 0.1528 -0.0000 0.9883
vn 0.4123 -0.0000 0.9111
vn 0.4786 -0.0000 0.8780
vn 0.6116 -0.0000 0.7911
vn 0.6773 -0.0000 0.7357
vn -0.0444 -0.0003 0.9990
vn 0.1529 -0.0001 0.9882
vn 0.4123 -0.0001 0.9110
vn -0.0444 -0.0000 0.9990
vn 0.1528 -0.0005 0.9882
vn -0.0444 -0.0002 0.9990
vn 0.1529 -0.0004 0.9882
vn 0.1529 -0.0005 0.9882
vn -0.0444 -0.0004 0.9990
vn 0.4123 -0.0000 0.9110
vn 0.6773 -0.0001 0.7357
vn -0.9977 -0.0000 0.0680
vn -0.9907 -0.0000 0.1359
vn -0.9600 -0.0000 0.2800
vn -0.9346 -0.0000 0.3557
vn -0.9035 -0.0000 0.4287
vn 0.3441 -0.0001 0.9389
vn 0.6116 -0.0000 0.7912
vn -0.9317 -0.1231 0.3418
vn -0.4466 -0.0607 0.8927
vn -0.4387 -0.2113 0.8735
vn -0.7739 -0.5643 0.2875
vn -0.3856 -0.4841 0.7855
vn -0.5412 -0.8171 0.1985
vn -0.3922 -0.7268 0.5638
vn -0.4676 -0.8666 0.1741
vn -0.6510 0.7457 0.1416
vn -0.4292 0.4913 0.7579
vn -0.1786 0.4153 0.8920
vn -0.6463 0.7407 0.1836
vn -0.4395 0.4404 0.7829
vn -0.7281 0.6355 0.2569
vn -0.6113 0.3400 0.7146
vn -0.8882 0.3346 0.3148
vn -0.5699 0.0826 0.8175
vn -0.9393 0.0673 0.3364
vn -0.6467 -0.0882 0.7576
vn -0.9330 -0.1272 0.3367
vn -0.8551 -0.4151 0.3107
vn -0.5657 -0.4180 0.7108
vn -0.6055 -0.7637 0.2238
vn -0.3461 -0.5263 0.7767
vn -0.4674 -0.8666 0.1750
vn -0.1960 -0.3630 0.9109
vn 0.5365 0.0400 0.8429
vn 0.8786 -0.0000 0.4775
vn -0.2002 0.1069 0.9739
vn 0.2499 0.1932 0.9488
vn -0.2212 0.3738 0.9007
vn 0.2150 0.4179 0.8827
vn -0.2443 0.5408 0.8049
vn -0.5484 0.6332 0.5462
vn -0.6687 0.6572 0.3478
vn 0.2205 0.4234 0.8787
vn -0.3164 0.5567 0.7681
vn -0.6612 0.6921 0.2895
vn -0.6722 0.7109 0.2067
vn -0.1785 0.4154 0.8920
vn -0.8262 -0.0000 -0.5633
vn 0.9177 -0.0000 -0.3972
vn 0.9751 -0.0000 0.2219
vn 0.9389 0.0820 -0.3343
vn 0.5676 0.1006 -0.8172
vn 0.8619 0.4048 -0.3054
vn 0.5746 0.4097 -0.7085
vn 0.6221 0.7511 -0.2209
vn 0.3573 0.5195 -0.7762
vn 0.4455 0.2102 -0.8703
vn 0.9344 0.1242 -0.3339
vn 0.6818 -0.0484 -0.7299
vn 0.9361 -0.1284 -0.3275
vn 0.4652 -0.1694 -0.8689
vn 0.8418 -0.4549 -0.2905
vn 0.4598 -0.3969 -0.7944
vn 0.6869 -0.6840 -0.2457
vn 0.9453 -0.0010 -0.3262
vn 0.6047 0.4636 -0.6476
vn 0.9455 -0.0015 -0.3255
vn 0.5923 0.2919 -0.7510
vn 0.9457 -0.0006 -0.3250
vn 0.6649 0.1041 -0.7396
vn 0.9463 -0.0010 -0.3234
vn 0.9460 -0.0002 -0.3241
vn 0.6910 0.0249 -0.7225
vn 0.9462 -0.0000 -0.3236
vn 1.0000 -0.0000 0.0001
vn 0.7071 -0.0001 -0.7071
vn -0.9617 -0.0000 -0.2741
vn -0.9268 -0.2486 0.2815
vn -0.9146 -0.2631 0.3071
vn -0.7794 0.0536 0.6243
vn 0.2711 -0.9586 -0.0873
vn 0.5251 -0.8137 0.2495
vn 0.2686 -0.9598 -0.0816
vn 0.3811 -0.9173 -0.1155
vn 0.2080 -0.8576 -0.4704
vn 0.3836 -0.9147 -0.1271
vn 0.2088 -0.8545 -0.4756
vn 0.6829 -0.0713 -0.7270
vn 0.4479 0.0864 -0.8899
vn 0.7355 -0.1341 -0.6642
vn 0.4527 0.0961 -0.8864
vn 0.8605 0.5088 -0.0279
vn 0.9735 0.0228 0.2276
vn 0.3771 0.5682 -0.7314
vn 0.7616 0.3476 -0.5470
vn 0.9386 0.1463 -0.3124
vn -0.9678 -0.0000 -0.2515
vn -0.9679 -0.0000 -0.2515
vn -0.9594 -0.0000 -0.2822
vn -0.9740 -0.0000 -0.2267
vn 0.8215 -0.5159 -0.2427
vn 0.8970 -0.3549 -0.2634
vn 0.5815 -0.1091 -0.8062
vn 0.9601 -0.0000 -0.2797
vn 0.9600 0.0005 -0.2800
vn 0.4075 -0.2140 -0.8877
vn 0.8098 0.1019 -0.5778
vn 0.6048 0.4636 -0.6476
vn 0.9454 -0.0013 -0.3260
vn 0.9457 -0.0009 -0.3250
vn 0.4912 0.3769 -0.7853
vn 0.3769 -0.0001 -0.9263
vn 0.9457 -0.0008 -0.3251
vn 0.3767 -0.0000 -0.9263
vn 0.5397 -0.2139 -0.8142
vn 0.8138 -0.5103 -0.2781
vn 0.9120 -0.2652 -0.3130
vn 0.9456 -0.0000 -0.3255
vn 0.3366 -0.2104 -0.9179
vn 0.9396 -0.0667 -0.3358
vn 0.5759 -0.0000 -0.8175
vn 0.5701 -0.0816 -0.8175
vn 0.8889 -0.3299 -0.3177
vn 0.6129 -0.3342 -0.7160
vn 0.4350 -0.4311 -0.7906
vn 0.3892 -0.4672 -0.7939
vn 0.8589 0.3836 -0.3394
vn 0.9242 0.1916 -0.3303
vn 0.3738 -0.0000 -0.9275
vn 0.4046 -0.4542 -0.7937
vn 0.8575 0.4187 -0.2991
vn 0.7938 0.0606 -0.6052
vt 5.062500 3.273438
vt 5.027344 3.273438
vt 5.062500 3.283203
vt 5.019531 3.283203
vt 0.890137 0.179443
vt 1.028320 0.071777
vt 0.893066 0.190308
vt 1.038086 0.077271
vt 5.167969 1.041016
vt 5.167969 1.296875
vt 5.175781 1.051758
vt 5.175781 1.296875
vt 4.355469 2.517578
vt 4.355469 2.591797
vt 4.347656 2.535156
vt 4.347656 2.597656
vt 4.355469 2.615234
vt 4.347656 2.621094
vt 4.355469 2.648438
vt 4.347656 2.650391
vt 4.355469 2.689453
vt 4.347656 2.689453
vt 4.359375 3.007813
vt 4.347656 3.007813
vt 4.359375 3.015625
vt 4.347656 3.023438
vt 5.171875 2.146484
vt 5.160156 2.142578
vt 5.035156 2.279297
vt 5.023438 2.277344
vt 3.121094 1.046875
vt 3.193359 1.148438
vt 3.179688 1.152344
vt 3.125000 1.030273
vt 3.105469 1.022461
vt 3.107422 1.005859
vt 3.062500 0.961426
vt 3.066406 0.945313
vt 0.912109 3.820313
vt 0.496582 3.730469
vt 0.912109 3.730469
vt 0.496582 3.820313
vt 0.425049 3.820313
vt 0.425049 3.730469
vt 0.353760 3.820313
vt 0.353760 3.730469
vt 0.141968 3.730469
vt 0.141968 3.820313
vt 5.050781 -0.012108
vt 5.054688 -0.003757
vt 4.804688 0.201294
vt 4.808594 0.210571
vt 3.716797 3.261719
vt 3.693359 3.318359
vt 3.693359 3.199219
vt 0.742676 0.190186
vt 0.742676 0.179199
vt 0.202026 0.189575
vt 0.202026 0.178467
vt 0.194214 0.189575
vt 0.187622 0.178467
vt 1.041016 -0.126099
vt 1.028320 -0.126099
vt 1.041016 -0.139282
vt 1.028320 -0.139282
vt 1.028320 -0.152954
vt 1.041016 -0.152954
vt 1.028320 -0.165527
vt 1.041016 -0.165527
vt 1.041016 -0.938477
vt 1.028320 -0.737305
vt 1.028320 -0.938477
vt 1.041016 -0.737305
vt 1.028320 -0.680176
vt 1.041016 -0.680176
vt 1.041016 -0.623535
vt 1.028320 -0.623535
vt 1.840820 2.226563
vt 1.844727 2.220703
vt 1.848633 2.226563
vt 1.851563 2.220703
vt 2.255859 2.220703
vt 2.265625 2.226563
vt 3.177734 2.679688
vt 3.187500 2.681641
vt 1.041992 3.820313
vt 1.020508 3.820313
vt 1.041992 3.730469
vt 1.020508 3.730469
vt 3.300781 3.312500
vt 3.300781 3.195313
vt 3.322266 3.257813
vt 2.085938 2.570313
vt 2.078125 2.570313
vt 2.085938 2.562500
vt 2.078125 2.562500
vt 2.078125 2.535156
vt 2.085938 2.529297
vt 5.273438 -0.012108
vt 5.261719 -0.003757
vt 5.253906 -0.012108
vt 5.253906 -0.003757
vt 4.281250 2.957031
vt 4.265625 2.939453
vt 4.285156 2.689453
vt 4.265625 2.689453
vt 4.269531 2.650391
vt 4.285156 2.650391
vt 4.273438 2.621094
vt 4.289063 2.621094
vt 4.277344 2.597656
vt 4.296875 2.597656
vt 4.300781 2.535156
vt 4.320313 2.535156
vt 3.787109 3.007813
vt 3.787109 3.023438
vt 4.984375 -0.624512
vt 4.984375 -0.743164
vt 5.007813 -0.680176
vt 5.023438 2.291016
vt 5.015625 2.289063
vt 5.015625 2.304688
vt 5.023438 2.304688
vt 5.027344 2.941406
vt 5.019531 2.943359
vt 5.019531 2.986328
vt 5.027344 2.984375
vt 5.019531 3.023438
vt 5.027344 3.017578
vt 1.816406 1.040039
vt 1.793945 1.095703
vt 1.793945 0.977051
vt 2.705078 0.693359
vt 2.599609 0.610352
vt 2.599609 0.587891
vt 2.705078 0.712891
vt 2.734375 0.724609
vt 2.734375 0.745605
vt 2.765625 0.755859
vt 2.767578 0.778809
vt 3.062500 1.111328
vt 3.062500 1.137695
vt 3.105469 1.178711
vt 3.093750 1.191406
vt 3.105469 1.253906
vt 3.121094 1.266602
vt 3.103516 2.634766
vt 3.115234 2.642578
vt 2.765625 0.624023
vt 2.736328 0.595703
vt 2.705078 0.568359
vt 2.597656 0.466797
vt 2.328125 0.348389
vt 2.328125 0.226685
vt 1.868164 -0.057526
vt 1.961914 -0.083618
vt 1.861328 -0.255127
vt 1.865234 -0.270020
vt 1.876953 -0.280762
vt 1.958984 -0.326904
vt 1.949219 -0.340576
vt 1.866211 -0.294434
vt 1.850586 -0.278809
vt 1.844727 -0.257080
vt 1.847656 -0.072693
vt 1.852539 -0.050262
vt 1.866211 -0.032013
vt 2.326172 0.373535
vt 3.560547 0.257568
vt 3.560547 0.139038
vt 3.582031 0.202148
vt 5.062500 3.478516
vt 4.898438 3.500000
vt 5.058594 3.500000
vt 4.898438 3.478516
vt 5.062500 3.458984
vt 4.898438 3.458984
vt 4.898438 3.023438
vt 4.898438 2.986328
vt 4.898438 2.943359
vt 4.898438 2.304688
vt 4.898438 2.289063
vt 4.898438 2.277344
vt 4.898438 4.363281
vt 5.058594 4.363281
vt 4.898438 4.117188
vt 5.058594 4.113281
vt 4.898438 4.093750
vt 5.058594 4.093750
vt 4.898438 4.078125
vt 5.058594 4.078125
vt 4.898438 3.843750
vt 5.058594 3.843750
vt 4.898438 3.828125
vt 5.058594 3.828125
vt 4.898438 3.806641
vt 5.058594 3.806641
vt 0.258057 -1.730469
vt 0.274414 -1.740234
vt 0.274414 -1.727539
vt 0.258057 -1.743164
vt 0.274414 -1.752930
vt 0.258057 -1.756836
vt 0.274414 -2.335938
vt 0.258057 -2.335938
vt 0.258057 -2.349609
vt 0.274414 -2.349609
vt 0.258057 -2.363281
vt 0.274414 -2.363281
vt 0.258057 -2.908203
vt 0.266357 -2.912109
vt 0.258057 -2.933594
vt 0.266357 -2.933594
vt 0.258057 -2.957031
vt 0.266357 -2.955078
vt 0.265137 -3.384766
vt 0.258057 -3.388672
vt 0.258057 -1.561523
vt 0.274414 -1.193359
vt 0.258057 -1.193359
vt 0.274414 -1.561523
vt 0.274414 -1.577148
vt 0.258057 -1.578125
vt 0.274414 -1.594727
vt 0.258057 -1.594727
vt 0.291504 -1.193359
vt 0.291504 -1.560547
vt 0.291504 -1.577148
vt 0.291504 -1.592773
vt 0.334473 -1.720703
vt 0.338867 -1.728516
vt 0.341553 -1.738281
vt 0.341553 -2.339844
vt 0.338379 -2.353516
vt 0.332275 -2.369141
vt 1.839844 2.488281
vt 1.847656 2.484375
vt 1.849609 2.494141
vt 1.839844 2.480469
vt 1.847656 2.478516
vt 2.318359 2.371094
vt 2.318359 2.226563
vt 2.326172 2.226563
vt 2.326172 2.373047
vt 2.300781 2.435547
vt 2.308594 2.437500
vt 2.296875 2.453125
vt 2.281250 2.462891
vt 1.854492 2.488281
vt 1.875977 2.511719
vt 1.870117 2.515625
vt 1.884766 2.521484
vt 1.878906 2.527344
vt 1.890625 2.527344
vt 1.885742 2.535156
vt 1.896484 2.535156
vt 1.897461 2.529297
vt 2.144531 2.556641
vt 2.142578 2.550781
vt 2.285156 2.468750
vt 2.123047 2.562500
vt 2.125000 2.570313
vt 2.302734 2.457031
vt 1.812500 1.429688
vt 1.790039 1.485352
vt 1.790039 1.367188
vt 4.937500 0.006763
vt 4.941406 -0.021317
vt 4.906250 0.018448
vt 4.921875 -0.000289
vt 4.917969 0.029831
vt 4.699219 0.201416
vt 4.722656 0.201294
vt 4.925781 -0.023102
vt 4.925781 -0.340332
vt 4.941406 -0.342529
vt 5.253906 -0.338623
vt 4.921875 -0.362061
vt 4.933594 -0.370605
vt 5.253906 -0.346436
vt 5.253906 -0.350830
vt 5.246094 -0.354736
vt 4.820313 -0.586914
vt 4.914063 -0.391113
vt 4.902344 -0.377686
vt 4.476563 -0.620117
vt 5.273438 -0.338623
vt 5.273438 -0.351074
vt 5.265625 -0.363525
vt 5.253906 -0.369385
vt 4.828125 -0.600586
vt 4.785156 -0.641602
vt 4.773438 -0.632813
vt 4.476563 -0.644531
vt 4.460938 -0.635742
vt 4.453125 -0.657715
vt 4.476563 -0.916504
vt 4.453125 -0.916504
vt 4.769531 -0.916504
vt 4.769531 -0.699219
vt 4.753906 -0.916504
vt 4.753906 -0.696777
vt 3.560547 0.588867
vt 3.560547 0.470215
vt 3.582031 0.533203
vt 3.199219 2.882813
vt 3.597656 2.882813
vt 3.199219 2.900391
vt 3.597656 3.007813
vt 3.199219 3.007813
vt 3.199219 3.023438
vt 3.597656 3.023438
vt 3.621094 3.023438
vt 3.621094 3.007813
vt 3.650391 3.007813
vt 3.650391 3.023438
vt 3.679688 3.007813
vt 3.679688 3.023438
vt 3.742188 3.007813
vt 3.621094 2.882813
vt 3.650391 2.882813
vt 3.679688 2.882813
vt 3.742188 2.882813
vt 3.769531 2.882813
vt 3.769531 3.007813
vt 3.787109 2.882813
vt 4.695313 0.210693
vt 4.714844 0.210571
vt 5.367188 4.363281
vt 5.210938 4.363281
vt 5.195313 4.363281
vt 4.609375 3.160156
vt 4.585938 3.222656
vt 4.585938 3.089844
vt 4.144531 2.666016
vt 4.144531 2.654297
vt 4.164063 2.666016
vt 4.164063 2.654297
vt 4.144531 2.636719
vt 4.164063 2.636719
vt 4.113281 2.759766
vt 4.144531 2.759766
vt 4.113281 2.798828
vt 4.113281 2.724609
vt 4.144531 2.724609
vt 4.113281 2.697266
vt 4.144531 2.695313
vt 4.113281 2.666016
vt 4.113281 2.654297
vt 4.113281 2.636719
vt 4.144531 1.504883
vt 4.164063 1.504883
vt 4.144531 1.488281
vt 4.164063 1.488281
vt 4.156250 1.471680
vt 4.136719 1.471680
vt 4.058594 1.281250
vt 3.742188 3.023438
vt 3.769531 3.023438
vt 4.144531 2.957031
vt 3.982422 2.882813
vt 4.164063 2.939453
vt 4.164063 2.759766
vt 4.164063 2.724609
vt 4.164063 2.695313
vt 5.167969 2.130859
vt 5.179688 2.130859
vt 5.179688 2.115234
vt 5.167969 2.115234
vt 5.167969 1.586914
vt 5.175781 1.586914
vt 5.167969 1.571289
vt 5.175781 1.569336
vt 5.175781 1.551758
vt 5.167969 1.555664
vt 5.175781 1.322266
vt 5.167969 1.326172
vt 5.175781 1.308594
vt 5.167969 1.312500
vt -2.175781 0.587891
vt -2.291016 1.163086
vt -2.291016 0.560059
vt -2.175781 1.185547
vt -2.291016 1.540039
vt -2.175781 1.539063
vt -2.175781 1.667969
vt -2.291016 1.672852
vt -2.291016 1.717773
vt -2.175781 1.703125
vt -2.175781 1.740234
vt -2.291016 1.766602
vt -2.175781 2.214844
vt -2.291016 2.193359
vt -2.291016 2.261719
vt -2.175781 2.275391
vt -2.291016 2.332031
vt -2.175781 2.332031
vt -2.291016 3.646484
vt -2.175781 3.693359
vt -2.175781 0.214600
vt -2.175781 0.308594
vt -2.291016 0.246216
vt -2.291016 0.329346
vt -2.175781 0.332520
vt -2.291016 0.347168
vt -2.175781 0.356445
vt -2.291016 0.364502
vt -2.291016 0.522949
vt -2.175781 0.535645
vt -2.291016 0.541504
vt -2.175781 0.561523
vt 4.320313 2.517578
vt 4.312500 2.517578
vt 4.105469 2.664063
vt 4.105469 2.652344
vt 4.105469 2.630859
vt 3.794922 2.871094
vt 3.976563 2.871094
vt 4.105469 2.792969
vt 4.105469 2.757813
vt 4.105469 2.722656
vt 4.105469 2.691406
vt 0.264648 -3.392578
vt 0.258057 -3.396484
vt 2.769531 0.610352
vt 2.740234 0.582520
vt 2.707031 0.555176
vt 2.599609 0.454102
vt 2.330078 0.213989
vt 1.971680 -0.091431
vt 1.969727 -0.326904
vt 1.962891 -0.338867
vt 5.062500 0.635254
vt 4.898438 0.635254
vt 5.062500 0.876953
vt 5.066406 0.920410
vt 5.101563 0.977539
vt 5.078125 0.952148
vt 4.898438 1.296875
vt 4.898438 1.312500
vt 4.898438 1.326172
vt 4.898438 1.555664
vt 4.898438 1.571289
vt 4.898438 1.586914
vt 4.898438 2.115234
vt 4.898438 2.130859
vt 4.898438 2.142578
vt 5.289063 1.078125
vt 5.300781 1.078125
vt 5.289063 1.097656
vt 5.300781 1.064453
vt 5.289063 1.064453
vt 5.300781 0.642578
vt 5.289063 0.642578
vt 5.300781 0.628418
vt 5.289063 0.628418
vt 5.300781 0.608887
vt 5.289063 0.608887
vt 5.289063 1.289063
vt 5.289063 1.267578
vt 5.300781 1.288086
vt 5.300781 1.267578
vt 5.300781 1.097656
vt 5.367188 1.078125
vt 5.367188 1.063477
vt 5.367188 0.642578
vt 5.367188 0.628418
vt 5.367188 0.608887
vt 5.367188 0.300781
vt 5.300781 0.300781
vt 5.289063 0.300781
vt 5.367188 2.251953
vt 5.367188 2.281250
vt 5.312500 2.251953
vt 5.312500 2.281250
vt 5.312500 2.304688
vt 5.300781 2.218750
vt 5.312500 2.228516
vt 5.367188 2.228516
vt 5.367188 2.218750
vt 5.300781 2.162109
vt 5.367188 2.162109
vt 5.300781 2.126953
vt 5.367188 2.126953
vt 5.300781 1.305664
vt 5.367188 1.305664
vt 5.367188 1.288086
vt 5.367188 1.265625
vt 5.367188 1.097656
vt 5.367188 2.359375
vt 5.367188 2.390625
vt 5.312500 2.359375
vt 5.312500 2.390625
vt 5.312500 2.412109
vt 5.312500 2.335938
vt 5.367188 2.335938
vt 5.367188 2.304688
vt 5.367188 2.466797
vt 5.367188 2.498047
vt 5.312500 2.466797
vt 5.312500 2.498047
vt 5.312500 2.521484
vt 5.312500 2.443359
vt 5.367188 2.443359
vt 5.367188 2.412109
vt 5.367188 2.574219
vt 5.367188 2.605469
vt 5.312500 2.574219
vt 5.312500 2.605469
vt 5.312500 2.628906
vt 5.312500 2.552734
vt 5.367188 2.552734
vt 5.367188 2.521484
vt 5.367188 2.683594
vt 5.367188 2.714844
vt 5.312500 2.683594
vt 5.312500 2.714844
vt 5.312500 2.736328
vt 5.312500 2.660156
vt 5.367188 2.660156
vt 5.367188 2.628906
vt 5.160156 3.017578
vt 5.289063 2.867188
vt 5.367188 3.017578
vt 5.363281 2.873047
vt 5.296875 2.857422
vt 5.363281 2.861328
vt 5.300781 2.847656
vt 5.363281 2.847656
vt 5.367188 2.791016
vt 5.312500 2.791016
vt 5.312500 2.767578
vt 5.367188 2.767578
vt 5.367188 2.736328
vt 5.144531 3.017578
vt 5.273438 2.863281
vt 5.285156 2.855469
vt 5.285156 2.847656
vt 5.289063 2.218750
vt 5.289063 2.162109
vt 5.289063 2.126953
vt 5.289063 1.305664
vt 5.144531 4.113281
vt 5.132813 4.101563
vt 5.148438 4.093750
vt 5.132813 4.085938
vt 5.148438 3.042969
vt 5.132813 3.042969
vt 5.148438 3.027344
vt 5.367188 3.027344
vt 5.195313 4.199219
vt 5.191406 4.167969
vt 5.210938 4.195313
vt 5.132813 3.027344
vt 5.367188 3.042969
vt 5.367188 4.093750
vt 5.183594 4.128906
vt 5.171875 4.140625
vt 5.203125 4.160156
vt 1.552734 -0.656738
vt 1.185547 -0.444580
vt 1.163086 -0.444580
vt 1.562500 -0.645996
vt 1.293945 -0.444580
vt 1.659180 -0.643555
vt 1.610352 -0.692871
vt 1.715820 -0.687500
vt 1.626953 -0.753906
vt 1.741211 -0.753906
vt 1.741211 -0.965820
vt 1.626953 -0.965820
vt 1.611328 -0.965820
vt 1.611328 -0.753906
vt 1.595703 -0.697266
vt 3.199219 2.871094
vt 3.595703 2.871094
vt 3.621094 2.871094
vt 3.654297 2.871094
vt 3.685547 2.871094
vt 3.750000 2.871094
vt 3.773438 2.871094
vt 2.353516 3.197266
vt 2.353516 3.181641
vt 2.367188 3.197266
vt 2.367188 3.181641
vt 2.382813 3.197266
vt 2.382813 3.181641
vt 2.367188 3.300781
vt 2.382813 3.300781
vt 2.437500 3.300781
vt 2.437500 3.197266
vt 2.437500 3.181641
vt 2.382813 3.318359
vt 2.437500 3.318359
vt 2.367188 3.318359
vt 1.878906 3.318359
vt 1.834961 3.318359
vt 1.878906 3.300781
vt 2.222656 3.318359
vt 1.368164 3.300781
vt 1.653320 3.318359
vt 1.350586 3.318359
vt 1.653320 3.300781
vt 1.793945 3.318359
vt 1.793945 3.300781
vt 1.834961 3.300781
vt 1.877930 3.197266
vt 2.222656 3.300781
vt 2.269531 3.300781
vt 2.269531 3.318359
vt 2.353516 3.318359
vt 2.353516 3.300781
vt 2.269531 3.197266
vt 2.222656 3.197266
vt 2.269531 3.181641
vt 2.222656 3.181641
vt 1.877930 3.181641
vt 1.833984 3.197266
vt 1.793945 3.197266
vt 1.652344 3.197266
vt 1.607422 3.236328
vt 1.425781 3.238281
vt 1.792969 3.181641
vt 1.652344 3.181641
vt 1.833984 3.181641
vt 0.662598 3.152344
vt 0.662598 3.173828
vt 0.450439 3.541016
vt 0.461426 3.550781
vt 0.410156 3.583984
vt 0.414551 3.599609
vt 0.353760 3.599609
vt 0.353760 3.615234
vt 0.141968 3.599609
vt 0.141968 3.615234
vt 0.662598 3.283203
vt 0.463867 3.648438
vt 0.420166 3.703125
vt 0.781250 3.669922
vt 0.781250 3.539063
vt 0.805664 3.609375
vt 0.132446 -0.776367
vt 0.118591 -0.776367
vt 0.132446 -0.815918
vt 0.118591 -0.815918
vt 0.132446 -0.206665
vt 0.118591 -0.206665
vt 0.132446 -0.385498
vt 0.083130 -0.426758
vt 0.118591 -0.663086
vt 0.118591 -0.426758
vt 0.083130 -0.663086
vt 0.083130 -0.695801
vt 0.118591 -0.695801
vt 0.083130 -0.206665
vt 0.132446 -0.429932
vt 0.132446 -0.452393
vt 0.132446 -0.666016
vt 0.132446 -0.695801
vt 0.083130 -0.776367
vt 0.083130 -0.815918
vt 4.398438 0.100830
vt 4.414063 0.102661
vt 4.390625 0.119751
vt 4.414063 -0.168579
vt 4.398438 -0.506348
vt 4.414063 -0.532227
vt 4.390625 -0.522461
vt 4.382813 -0.535645
vt 4.265625 -0.622070
vt 4.257813 -0.602539
vt 4.250000 -0.614258
vt 4.246094 -0.628906
vt 4.328125 -1.015625
vt 4.328125 -0.654297
vt 4.312500 -1.015625
vt 4.257813 -1.015625
vt 4.312500 -0.651855
vt 4.332031 -0.632813
vt 4.339844 -0.603516
vt 4.320313 -0.623535
vt 4.769531 -0.375000
vt 4.781250 -0.364258
vt 4.785156 -0.349365
vt 4.785156 -0.168579
vt 4.781250 -0.151123
vt 4.769531 -0.136841
vt 4.800781 -0.166748
vt 4.800781 -0.351563
vt 4.796875 -0.373291
vt 4.781250 -0.388672
vt 4.351563 -0.617188
vt 4.242188 -1.015625
vt 4.781250 -0.125244
vt 4.089844 0.464355
vt 4.796875 -0.143921
vt 4.058594 0.501953
vt 4.074219 0.452881
vt 4.394531 0.145752
vt 4.406250 0.126343
vt 4.039063 1.281250
vt 4.050781 1.264648
vt 4.031250 1.264648
vt 4.050781 1.250977
vt 4.031250 1.250977
vt 4.050781 0.564453
vt 4.031250 0.562988
vt 4.042969 0.495117
vt 3.962891 0.531250
vt 4.382813 0.134644
vt 4.113281 1.889648
vt 4.023438 1.757813
vt 4.023438 1.504883
vt 4.023438 1.487305
vt 4.015625 1.469727
vt 3.929688 1.280273
vt 3.933594 1.264648
vt 3.933594 1.250977
vt 3.933594 0.583008
vt 3.945313 0.555176
vt 3.953125 0.525391
vt 3.933594 0.551758
vt 3.921875 0.581543
vt 3.921875 1.250977
vt 3.921875 1.264648
vt 0.742676 -0.152954
vt 0.742676 -0.139282
vt 0.742676 -0.126099
vt 0.742676 -0.737305
vt 0.742676 -0.680176
vt 0.742676 -0.623535
vt 0.742676 -0.165527
vt 0.203125 -0.165527
vt 0.203125 -0.152954
vt 0.203003 -0.139282
vt 0.202881 -0.126099
vt 0.187622 -0.126099
vt 0.187622 -0.139282
vt 0.187622 -0.152954
vt 0.187622 -0.938477
vt 0.203003 -0.938477
vt 0.187622 -0.737305
vt 0.203003 -0.737305
vt 0.187622 -0.680176
vt 0.203247 -0.680176
vt 0.187622 -0.623535
vt 0.203369 -0.623535
vt 0.187622 -0.165527
vt 0.267090 -0.938477
vt 0.267090 -0.737305
vt 0.266846 -0.680176
vt 0.283203 -0.737305
vt 0.283203 -0.938477
vt 0.386230 -0.176880
vt 0.370361 -0.192383
vt 0.387207 -0.623535
vt 0.370361 -0.623535
vt 0.370361 -0.680176
vt 0.387451 -0.680176
vt 0.370361 -0.737305
vt 0.387451 -0.737305
vt 0.370361 -0.938477
vt 0.388184 -0.938477
vt 0.283203 -0.680176
vt 0.266602 -0.623535
vt 0.266357 -0.176880
vt 0.742676 -0.938477
vt 0.283203 -0.192505
vt 0.283203 -0.623535
vt 4.062500 3.312500
vt 4.062500 3.193359
vt 4.085938 3.257813
vt 0.530762 4.964844
vt 0.282715 4.949219
vt 0.510742 4.910156
vt 0.139282 4.675781
vt 0.215820 4.917969
vt 0.184814 4.890625
vt 0.161255 4.859375
vt 0.076294 4.683594
vt 1.949219 0.890137
vt 1.949219 0.953613
vt 1.816406 0.890137
vt 1.793945 0.953613
vt 1.793945 0.834961
vt 0.970215 4.964844
vt 0.722168 4.949219
vt 0.950195 4.910156
vt 0.578613 4.675781
vt 0.655273 4.917969
vt 0.624023 4.890625
vt 0.600586 4.859375
vt 0.515625 4.683594
vt 4.082031 4.964844
vt 3.833984 4.949219
vt 4.062500 4.910156
vt 3.691406 4.675781
vt 3.767578 4.917969
vt 3.736328 4.890625
vt 3.712891 4.859375
vt 3.628906 4.683594
vt 1.418945 4.964844
vt 1.170898 4.949219
vt 1.398438 4.910156
vt 1.027344 4.675781
vt 1.103516 4.917969
vt 1.072266 4.890625
vt 1.048828 4.859375
vt 0.964355 4.683594
vt 4.523438 4.964844
vt 4.273438 4.949219
vt 4.503906 4.910156
vt 4.128906 4.675781
vt 4.207031 4.917969
vt 4.175781 4.890625
vt 4.152344 4.859375
vt 4.066406 4.683594
vt 1.865234 4.964844
vt 1.616211 4.949219
vt 1.844727 4.910156
vt 1.472656 4.675781
vt 1.549805 4.917969
vt 1.518555 4.890625
vt 1.495117 4.859375
vt 1.410156 4.683594
vt 1.949219 0.977051
vt 1.949219 1.040039
vt 2.011719 0.977051
vt 2.011719 0.953613
vt 1.945313 1.367188
vt 1.945313 1.429688
vt 2.007813 1.367188
vt 2.007813 1.342773
vt 1.945313 1.342773
vt 4.757813 3.089844
vt 4.757813 3.160156
vt 4.824219 3.089844
vt 4.824219 3.064453
vt 4.757813 3.064453
vt 4.976563 4.964844
vt 4.726563 4.949219
vt 4.957031 4.910156
vt 4.582031 4.675781
vt 4.660156 4.917969
vt 4.628906 4.890625
vt 4.605469 4.859375
vt 4.519531 4.683594
vt 3.656250 -0.489746
vt 3.595703 -0.615234
vt 3.656250 -0.902344
vt 3.572266 -0.733887
vt 3.572266 -0.902344
vt 5.417969 4.964844
vt 5.167969 4.949219
vt 5.398438 4.910156
vt 5.023438 4.675781
vt 5.101563 4.917969
vt 5.070313 4.890625
vt 5.046875 4.859375
vt 4.960938 4.683594
vt 5.812500 -0.434814
vt 5.750000 -0.560547
vt 5.812500 -0.847168
vt 5.726563 -0.679199
vt 5.726563 -0.847168
vt 0.202026 0.200806
vt 0.186279 0.200806
vt 0.742676 0.201172
vt 0.895996 0.201294
vt 5.253906 0.004593
vt 5.273438 0.004593
vt 5.058594 0.004593
vt 5.632813 4.191406
vt 5.570313 4.062500
vt 5.632813 3.779297
vt 5.546875 3.947266
vt 5.546875 3.779297
vt 5.855469 4.964844
vt 5.609375 4.949219
vt 5.835938 4.910156
vt 5.464844 4.675781
vt 5.542969 4.917969
vt 5.511719 4.890625
vt 5.488281 4.859375
vt 5.402344 4.683594
vt 5.816406 4.191406
vt 5.757813 4.062500
vt 5.816406 3.779297
vt 5.734375 3.947266
vt 5.734375 3.779297
vt 5.183594 2.142578
vt 5.195313 2.130859
vt 5.195313 2.115234
vt 5.191406 1.586914
vt 5.191406 1.571289
vt 5.191406 1.555664
vt 5.191406 1.326172
vt 5.191406 1.312500
vt 5.191406 1.296875
vt 5.601563 -0.452881
vt 5.542969 -0.578613
vt 5.601563 -0.865234
vt 5.519531 -0.697266
vt 5.519531 -0.865234
vt 3.201172 4.964844
vt 2.953125 4.949219
vt 3.181641 4.910156
vt 2.810547 4.675781
vt 2.886719 4.917969
vt 2.855469 4.890625
vt 2.832031 4.859375
vt 2.748047 4.683594
vt 4.656250 2.689453
vt 4.656250 2.650391
vt 4.671875 2.673828
vt 4.671875 2.650391
vt 4.656250 2.621094
vt 4.671875 2.621094
vt 4.656250 2.595703
vt 4.671875 2.595703
vt 4.656250 2.535156
vt 4.671875 2.535156
vt 5.636719 3.441406
vt 5.574219 3.316406
vt 5.636719 3.029297
vt 5.550781 3.197266
vt 5.550781 3.029297
vt 2.757813 4.964844
vt 2.509766 4.949219
vt 2.738281 4.910156
vt 2.365234 4.675781
vt 2.443359 4.917969
vt 2.412109 4.890625
vt 2.388672 4.859375
vt 2.302734 4.683594
vt 5.828125 0.362305
vt 5.769531 0.236694
vt 5.828125 -0.049988
vt 5.742188 0.118042
vt 5.742188 -0.049988
vt -2.291016 -0.517578
vt -2.175781 -0.517578
vt -2.291016 -0.191040
vt -2.175781 -0.191528
vt -2.175781 -0.174927
vt -2.291016 -0.161255
vt -2.175781 -0.158325
vt -2.291016 -0.130737
vt -2.175781 0.190063
vt -2.291016 0.222168
vt 3.111328 0.989258
vt 3.068359 0.929199
vt 3.126953 1.013672
vt 3.207031 1.144531
vt 2.771484 0.596680
vt 2.740234 0.568848
vt 2.708984 0.541504
vt 2.603516 0.441406
vt 2.332031 0.201172
vt 1.981445 -0.099182
vt 1.981445 -0.335449
vt 1.971680 -0.349121
vt 5.828125 3.435547
vt 5.765625 3.310547
vt 5.828125 3.023438
vt 5.742188 3.191406
vt 5.742188 3.023438
vt 2.308594 4.964844
vt 2.060547 4.949219
vt 2.289063 4.910156
vt 1.917969 4.675781
vt 1.994141 4.917969
vt 1.962891 4.890625
vt 1.939453 4.859375
vt 1.854492 4.683594
vt 5.597656 0.372559
vt 5.539063 0.246826
vt 5.597656 -0.039825
vt 5.511719 0.128174
vt 5.511719 -0.039825
vt 4.011719 1.762695
vt 4.093750 1.897461
vt 4.003906 1.767578
vt 4.105469 1.893555
vt 4.105469 2.115234
vt 4.093750 2.119141
vt 5.605469 2.666016
vt 5.546875 2.539063
vt 5.605469 2.253906
vt 5.523438 2.421875
vt 5.523438 2.253906
vt 5.074219 2.277344
vt 5.050781 2.277344
vt 5.210938 2.142578
vt 5.222656 2.130859
vt 5.222656 2.115234
vt 5.218750 1.586914
vt 5.218750 1.571289
vt 5.218750 1.555664
vt 5.218750 1.326172
vt 5.218750 1.312500
vt 5.218750 1.296875
vt 5.218750 1.089844
vt 5.191406 1.063477
vt 5.812500 1.138672
vt 5.753906 1.012695
vt 5.812500 0.726563
vt 5.730469 0.894531
vt 5.730469 0.726563
vt 3.642578 4.964844
vt 3.394531 4.949219
vt 3.623047 4.910156
vt 3.251953 4.675781
vt 3.328125 4.917969
vt 3.296875 4.890625
vt 3.273438 4.859375
vt 3.187500 4.683594
vt 5.828125 2.662109
vt 5.769531 2.535156
vt 5.828125 2.248047
vt 5.746094 2.416016
vt 5.746094 2.248047
vt 1.097656 2.816406
vt 1.150391 2.841797
vt 1.097656 2.832031
vt 1.016602 2.832031
vt 1.016602 2.816406
vt 0.949707 2.832031
vt 0.949707 2.816406
vt 0.898438 2.832031
vt 0.898438 2.816406
vt 0.742676 2.816406
vt 0.742676 2.832031
vt 0.441895 2.816406
vt 0.435791 2.832031
vt 0.385986 2.765625
vt 0.370117 2.773438
vt 0.370117 1.124023
vt 0.385986 1.124023
vt 0.370117 1.045898
vt 0.385986 1.045898
vt 0.370361 0.967285
vt 1.875000 3.152344
vt 2.222656 3.167969
vt 1.875000 3.167969
vt 1.833008 3.167969
vt 1.833008 3.152344
vt 1.791992 3.152344
vt 1.791992 3.167969
vt 1.650391 3.152344
vt 1.650391 3.167969
vt 1.511719 3.078125
vt 1.511719 3.062500
vt 1.368164 2.986328
vt 1.368164 2.970703
vt 1.350586 2.974609
vt 1.350586 2.958984
vt 1.292969 2.941406
vt 1.292969 2.925781
vt 1.150391 2.853516
vt 0.076172 1.454102
vt 0.083130 0.973633
vt 0.083130 1.456055
vt 0.076172 0.973633
vt 0.076172 0.909180
vt 0.083130 0.909180
vt 0.076172 0.839844
vt 0.083130 0.839844
vt 0.076172 0.759766
vt 0.083130 0.759766
vt 0.076172 0.697266
vt 0.083130 0.697266
vt 0.076172 0.474854
vt 0.083130 0.474854
vt 0.076172 0.391846
vt 0.083130 0.391846
vt 0.076172 -0.206665
vt 0.076172 -0.426758
vt 5.601563 1.136719
vt 5.542969 1.010742
vt 5.601563 0.724609
vt 5.519531 0.892578
vt 5.519531 0.724609
vt 1.493164 1.773438
vt 1.514648 1.728516
vt 1.501953 1.773438
vt 1.523438 1.728516
vt 1.528320 1.681641
vt 1.537109 1.681641
vt 1.533203 1.631836
vt 1.541992 1.631836
vt 1.533203 0.935547
vt 1.541992 0.935547
vt 1.518555 0.886719
vt 1.509766 0.887207
vt 1.480469 0.842773
vt 1.472656 0.842773
vt 1.461914 0.821777
vt 1.453125 0.822266
vt 5.625000 1.905273
vt 5.566406 1.779297
vt 5.625000 1.493164
vt 5.539063 1.661133
vt 5.539063 1.493164
vt 0.201294 0.888184
vt 0.186279 0.292236
vt 0.202026 0.292236
vt 0.185547 0.888184
vt 0.200928 0.966797
vt 0.185059 0.966797
vt 0.200684 1.045898
vt 0.184692 1.045898
vt 0.184692 1.124023
vt 3.683594 4.890625
vt 3.626953 4.894531
vt 3.564453 4.671875
vt 3.257813 4.660156
vt 3.505859 4.625000
vt 3.468750 4.609375
vt 3.429688 4.601563
vt 3.234375 4.601563
vt 2.349609 4.890625
vt 2.292969 4.894531
vt 2.230469 4.671875
vt 1.923828 4.660156
vt 2.173828 4.625000
vt 2.134766 4.609375
vt 2.097656 4.601563
vt 1.901367 4.601563
vt 2.798828 4.890625
vt 2.742188 4.894531
vt 2.679688 4.671875
vt 2.373047 4.660156
vt 2.621094 4.625000
vt 2.583984 4.609375
vt 2.544922 4.601563
vt 2.349609 4.601563
vt 3.242188 4.890625
vt 3.185547 4.894531
vt 3.123047 4.671875
vt 2.816406 4.660156
vt 3.066406 4.625000
vt 3.029297 4.609375
vt 2.990234 4.601563
vt 2.794922 4.601563
vt 5.039063 2.289063
vt 5.039063 2.304688
vt 5.039063 2.943359
vt 5.039063 2.986328
vt 5.039063 3.023438
vt 5.039063 3.265625
vt 5.898438 4.890625
vt 5.839844 4.894531
vt 5.777344 4.671875
vt 5.472656 4.660156
vt 5.722656 4.625000
vt 5.683594 4.609375
vt 5.644531 4.601563
vt 5.449219 4.601563
vt 5.457031 4.890625
vt 5.402344 4.894531
vt 5.335938 4.671875
vt 5.031250 4.660156
vt 5.281250 4.625000
vt 5.242188 4.609375
vt 5.203125 4.601563
vt 5.007813 4.601563
vt 5.015625 4.890625
vt 4.960938 4.894531
vt 4.898438 4.671875
vt 4.589844 4.660156
vt 4.839844 4.625000
vt 4.800781 4.609375
vt 4.761719 4.601563
vt 4.566406 4.601563
vt 4.562500 4.890625
vt 4.507813 4.894531
vt 4.445313 4.671875
vt 4.136719 4.660156
vt 4.386719 4.625000
vt 4.347656 4.609375
vt 4.308594 4.601563
vt 4.113281 4.601563
vt 4.125000 4.890625
vt 4.066406 4.894531
vt 4.003906 4.671875
vt 3.697266 4.660156
vt 3.947266 4.625000
vt 3.910156 4.609375
vt 3.871094 4.601563
vt 3.675781 4.601563
vt 0.044647 2.796875
vt 0.095886 2.845703
vt 0.038177 2.812500
vt 0.087097 2.859375
vt 0.028656 2.804688
vt 0.028656 2.789063
vt 0.044647 1.790039
vt 0.028656 1.783203
vt 0.044647 1.774414
vt 0.028656 1.767578
vt 0.040497 1.755859
vt 0.056519 1.761719
vt 0.119080 1.791992
vt 0.188110 1.629883
vt 0.172119 1.624023
vt 0.184692 1.611328
vt 0.200684 1.617188
vt 0.200684 1.124023
vt 0.184692 1.594727
vt 0.273926 1.045898
vt 0.273926 0.966797
vt 0.273682 0.888184
vt 0.274170 0.461670
vt 0.289795 0.470947
vt 0.289307 0.888184
vt 0.289795 0.966797
vt 0.290039 1.045898
vt 0.898438 2.865234
vt 0.247803 2.849609
vt 0.898438 2.849609
vt 0.240356 2.865234
vt 0.238892 2.849609
vt 0.188721 2.845703
vt 0.197510 2.832031
vt 0.146729 2.785156
vt 0.133301 2.792969
vt 0.119080 2.759766
vt 0.135010 2.757813
vt 0.135010 1.798828
vt 0.273926 1.648438
vt 0.273926 1.124023
vt 0.290039 1.124023
vt 0.290039 1.655273
vt 5.542969 4.070313
vt 5.542969 4.484375
vt 5.601563 4.199219
vt 5.625000 4.316406
vt 5.625000 4.484375
vt 0.571777 4.890625
vt 0.514648 4.894531
vt 0.451904 4.671875
vt 0.145386 4.660156
vt 0.394775 4.625000
vt 0.357666 4.609375
vt 0.318848 4.601563
vt 0.123108 4.601563
vt 1.010742 4.890625
vt 0.954590 4.894531
vt 0.891113 4.671875
vt 0.584473 4.660156
vt 0.834473 4.625000
vt 0.796875 4.609375
vt 0.758301 4.601563
vt 0.562500 4.601563
vt 1.459961 4.890625
vt 1.402344 4.894531
vt 1.339844 4.671875
vt 1.033203 4.660156
vt 1.282227 4.625000
vt 1.245117 4.609375
vt 1.207031 4.601563
vt 1.010742 4.601563
vt 1.906250 4.890625
vt 1.848633 4.894531
vt 1.786133 4.671875
vt 1.479492 4.660156
vt 1.728516 4.625000
vt 1.691406 4.609375
vt 1.652344 4.601563
vt 1.457031 4.601563
vt -1.104492 2.255859
vt -1.309570 2.105469
vt -1.274414 1.948242
vt -1.350586 2.076172
vt -1.329102 1.932617
vt -1.324219 1.916016
vt -1.259766 1.879883
vt -0.906250 2.136719
vt -1.079102 2.279297
vt 1.790039 1.224609
vt 1.812500 1.280273
vt 1.790039 1.342773
vt 1.945313 1.280273
vt 4.585938 2.931641
vt 4.609375 2.994141
vt 4.585938 3.064453
vt 4.757813 2.994141
vt 3.566406 -0.607422
vt 3.566406 -0.195313
vt 3.626953 -0.481934
vt 3.652344 -0.363281
vt 3.652344 -0.195313
vt 5.730469 4.070313
vt 5.730469 4.484375
vt 5.789063 4.199219
vt 5.812500 4.316406
vt 5.812500 4.484375
vt 5.722656 -0.552734
vt 5.722656 -0.140503
vt 5.781250 -0.427002
vt 5.804688 -0.308350
vt 5.804688 -0.140503
vt 5.546875 3.324219
vt 5.546875 3.736328
vt 5.605469 3.449219
vt 5.632813 3.568359
vt 5.632813 3.736328
vt 5.515625 -0.570801
vt 5.515625 -0.158447
vt 5.574219 -0.445068
vt 5.597656 -0.326416
vt 5.597656 -0.158447
vt 5.738281 3.318359
vt 5.738281 3.730469
vt 5.796875 3.443359
vt 5.820313 3.562500
vt 5.820313 3.730469
vt 5.738281 0.244385
vt 5.738281 0.656738
vt 5.796875 0.370117
vt 5.824219 0.488770
vt 5.824219 0.656738
vt 5.515625 2.546875
vt 5.515625 2.958984
vt 5.578125 2.673828
vt 5.601563 2.791016
vt 5.601563 2.958984
vt 5.507813 0.254639
vt 5.507813 0.666992
vt 5.570313 0.380371
vt 5.593750 0.499023
vt 5.593750 0.666992
vt 5.742188 2.542969
vt 5.742188 2.955078
vt 5.800781 2.669922
vt 5.824219 2.787109
vt 5.824219 2.955078
vt 5.722656 1.020508
vt 5.722656 1.433594
vt 5.785156 1.146484
vt 5.808594 1.264648
vt 5.808594 1.433594
vt 5.535156 1.787109
vt 5.535156 2.199219
vt 5.593750 1.913086
vt 5.621094 2.031250
vt 5.621094 2.199219
vt 5.511719 1.018555
vt 5.511719 1.431641
vt 5.574219 1.144531
vt 5.597656 1.263672
vt 5.597656 1.431641
vt 5.738281 1.785156
vt 5.738281 2.197266
vt 5.796875 1.911133
vt 5.824219 2.029297
vt 5.824219 2.197266
vt 4.273438 0.224487
vt 4.273438 -0.523926
vt 4.289063 0.209106
vt 4.289063 -0.512695
vt 4.308594 0.197632
vt 4.304688 -0.508789
vt 4.359375 0.150879
vt 4.367188 0.140503
vt 4.371094 0.129150
vt 4.394531 -0.480713
vt 4.390625 -0.489746
vt 4.382813 -0.494873
vt 5.828125 1.903320
vt 5.769531 1.777344
vt 5.828125 1.491211
vt 5.742188 1.659180
vt 5.742188 1.491211
vt 0.953125 3.539063
vt 0.953125 3.609375
vt 1.022461 3.539063
vt 1.022461 3.511719
vt 0.953125 3.511719
vt 3.714844 0.470215
vt 3.714844 0.533203
vt 3.777344 0.470215
vt 3.777344 0.446533
vt 3.714844 0.446533
vt 3.714844 0.139038
vt 3.714844 0.202148
vt 3.777344 0.139038
vt 3.777344 0.115417
vt 3.714844 0.115417
vt 5.140625 -0.743164
vt 5.140625 -0.680176
vt 5.203125 -0.743164
vt 5.203125 -0.766602
vt 5.140625 -0.766602
vt 3.455078 3.195313
vt 3.455078 3.257813
vt 3.517578 3.195313
vt 3.517578 3.169922
vt 3.455078 3.169922
vt 4.218750 3.193359
vt 4.218750 3.257813
vt 4.281250 3.193359
vt 4.281250 3.169922
vt 4.218750 3.169922
vt 0.898926 1.052734
vt 0.951660 1.056641
vt 0.895996 1.135742
vt 0.945313 1.136719
vt 1.029297 1.062500
vt 1.032227 0.969727
vt 0.953125 0.969727
vt 0.900391 0.970215
vt 0.742676 0.970215
vt 0.742676 1.052734
vt 0.742676 1.134766
vt 3.388672 -0.862305
vt 3.371094 -0.920410
vt 3.388672 -0.920410
vt 3.371094 -0.845215
vt 3.126953 -0.920410
vt 2.316406 -0.919922
vt 2.332031 -0.919922
vt 2.316406 -0.561035
vt 2.332031 -0.558594
vt 2.310547 -0.539551
vt 2.603516 -0.920410
vt 2.324219 -0.530762
vt 2.708984 -0.920410
vt 2.740234 -0.920410
vt 2.771484 -0.920410
vt 3.068359 -0.920410
vt 3.111328 -0.920410
vt 3.371094 -0.247314
vt 2.294922 -0.523926
vt 2.302734 -0.510742
vt 0.875000 3.060547
vt 0.892578 3.074219
vt 0.846191 3.109375
vt 0.853516 3.056641
vt 0.827637 3.095703
vt 0.805664 3.091797
vt 0.640137 3.091797
vt 0.563477 3.056641
vt 0.620117 3.097656
vt 0.605957 3.113281
vt 0.543457 3.062500
vt 0.529297 3.076172
vt 0.398438 3.498047
vt 0.384521 3.513672
vt 0.364746 3.517578
vt 0.307373 3.466797
vt 0.291748 3.482422
vt 0.270508 3.488281
vt 0.036041 3.488281
vt 0.036041 3.517578
vt 1.381836 3.580078
vt 1.381836 3.736328
vt 1.339844 3.570313
vt 1.305664 3.544922
vt 1.535156 3.771484
vt 1.504883 3.771484
vt 1.535156 3.642578
vt 1.504883 3.642578
vt 1.482422 3.642578
vt 1.416016 3.761719
vt 1.472656 3.771484
vt 1.482422 3.771484
vt 1.588867 3.771484
vt 1.558594 3.771484
vt 1.588867 3.642578
vt 1.558594 3.642578
vt 1.612305 3.642578
vt 1.642578 3.642578
vt 1.612305 3.771484
vt 1.642578 3.771484
vt 1.750000 3.771484
vt 1.718750 3.771484
vt 1.750000 3.642578
vt 1.718750 3.642578
vt 1.696289 3.642578
vt 1.666016 3.642578
vt 1.666016 3.771484
vt 1.696289 3.771484
vt 1.802734 3.771484
vt 1.772461 3.771484
vt 1.802734 3.642578
vt 1.772461 3.642578
vt 1.856445 3.771484
vt 1.826172 3.771484
vt 1.856445 3.642578
vt 1.826172 3.642578
vt 1.910156 3.771484
vt 1.879883 3.771484
vt 1.910156 3.642578
vt 1.879883 3.642578
vt 1.933594 3.642578
vt 1.985352 3.580078
vt 1.963867 3.642578
vt 1.933594 3.771484
vt 1.963867 3.771484
vt 2.017578 3.771484
vt 1.986328 3.771484
vt 2.017578 3.642578
vt 1.986328 3.642578
vt 2.039063 3.771484
vt 2.039063 3.642578
vt 2.091797 3.771484
vt 2.011719 3.572266
vt 2.000000 3.580078
vt 3.566406 3.656250
vt 3.566406 3.664063
vt 2.941406 3.656250
vt 3.298828 3.664063
vt 2.257813 3.664063
vt 2.925781 3.656250
vt 2.912109 3.648438
vt 2.695313 3.498047
vt 2.681641 3.488281
vt 2.666016 3.488281
vt 2.166016 3.488281
vt 2.242188 3.664063
vt 2.230469 3.671875
vt 2.113281 3.763672
vt 2.150391 3.488281
vt 2.138672 3.494141
vt 2.103516 3.771484
vt 0.781250 3.380859
vt 0.805664 3.441406
vt 0.781250 3.511719
vt 0.953125 3.441406
vt 3.560547 0.328125
vt 3.582031 0.383545
vt 3.560547 0.446533
vt 3.714844 0.383545
vt 3.560547 -0.003027
vt 3.582031 0.052399
vt 3.560547 0.115417
vt 3.714844 0.052399
vt 4.984375 -0.885254
vt 5.007813 -0.829590
vt 4.984375 -0.766602
vt 5.140625 -0.829590
vt 3.300781 3.052734
vt 3.322266 3.107422
vt 3.300781 3.169922
vt 3.455078 3.107422
vt 4.062500 3.050781
vt 4.085938 3.107422
vt 4.062500 3.169922
vt 4.218750 3.107422
vt 0.916504 4.273438
vt 0.957031 4.292969
vt 0.914063 4.281250
vt 2.414063 4.386719
vt 0.061371 4.386719
vt 1.780273 4.320313
vt 1.054688 4.320313
vt 1.001953 4.316406
vt 0.953613 4.300781
vt 2.345703 4.230469
vt 1.828125 4.292969
vt 1.777344 4.312500
vt 1.054688 4.312500
vt 1.003906 4.308594
vt 0.061249 4.273438
vt 1.867188 4.230469
vt 1.862305 4.222656
vt 1.871094 4.222656
vt 1.858398 4.230469
vt 1.856445 4.253906
vt 1.848633 4.250000
vt 1.821289 4.289063
vt 2.349609 4.222656
vt 2.414063 4.296875
vt 2.357422 4.238281
vt 2.351563 4.230469
vt 2.355469 4.222656
vt 2.361328 4.226563
vt 2.414063 4.281250
vt 2.417969 4.285156
vt 2.417969 4.300781
vt 2.417969 4.386719
vt 2.425781 4.300781
vt 2.425781 4.386719
vt 2.507813 4.300781
vt 2.507813 4.386719
vt 2.515625 4.386719
vt 2.515625 4.300781
vt 2.519531 4.386719
vt 2.519531 4.296875
vt 2.576172 4.238281
vt 2.589844 4.230469
vt 2.582031 4.230469
vt 2.585938 4.222656
vt 2.578125 4.222656
vt 2.572266 4.226563
vt 2.519531 4.281250
vt 2.515625 4.285156
vt 2.507813 4.289063
vt 2.425781 4.289063
vt 3.052734 4.230469
vt 3.056641 4.222656
vt 3.072266 4.253906
vt 3.064453 4.238281
vt 3.060547 4.230469
vt 3.066406 4.222656
vt 3.070313 4.230469
vt 3.080078 4.250000
vt 3.105469 4.289063
vt 3.099609 4.292969
vt 3.863281 4.312500
vt 3.914063 4.308594
vt 3.865234 4.320313
vt 3.148438 4.312500
vt 3.146484 4.320313
vt 3.964844 4.300781
vt 4.847656 4.386719
vt 3.916016 4.316406
vt 4.000000 4.269531
vt 4.847656 4.269531
vt 4.003906 4.281250
vt 3.960938 4.292969
vt 1.528320 0.268799
vt 1.517578 0.268799
vt 1.528320 0.212646
vt 1.517578 0.212646
vt 1.777344 -0.969238
vt 1.794922 -0.969238
vt 1.777344 -0.736328
vt 1.794922 -0.733887
vt 2.097656 -0.969238
vt 2.097656 -0.693848
vt 2.115234 -0.969238
vt 2.115234 -0.691406
vt 2.093750 -0.677734
vt 2.109375 -0.668457
vt 2.091797 -0.651367
vt 2.082031 -0.666016
vt 1.776367 -0.665527
vt 1.759766 -0.674805
vt 1.724609 -0.615723
vt 1.713867 -0.630371
vt 1.268555 -0.366943
vt 1.259766 -0.382813
vt 1.974609 1.907227
vt 2.105469 1.843750
vt 2.105469 1.907227
vt 1.952148 1.843750
vt 1.952148 1.962891
vt 0.049377 1.454102
vt 1.114258 -0.680176
vt 1.097656 -0.737305
vt 1.114258 -0.737305
vt 1.097656 -0.680176
vt 1.114258 -0.623535
vt 1.097656 -0.623535
vt 1.097656 -0.165527
vt 1.114258 -0.165527
vt 1.114258 -0.152954
vt 1.097656 -0.152954
vt 1.114258 -0.139282
vt 1.097656 -0.139282
vt 1.097656 -0.126099
vt 1.114258 -0.126099
vt 1.097656 0.089294
vt 1.114258 0.092407
vt 1.051758 0.082825
vt 1.051758 -0.126099
vt 1.051758 -0.139282
vt 1.051758 -0.152954
vt 1.051758 -0.165527
vt 1.051758 -0.623535
vt 1.051758 -0.680176
vt 1.051758 -0.737305
vt 1.051758 -0.938477
vt 1.097656 -0.938477
vt 1.114258 -0.938477
vt 0.929688 0.247925
vt 0.997070 0.214600
vt 1.052734 0.161987
vt 1.095703 0.112854
vt 1.064453 0.178101
vt 1.002930 0.227783
vt 0.934570 0.262695
vt 0.884766 0.257080
vt 0.742676 0.257080
vt 0.202026 0.257568
vt 0.186279 0.257568
vt 0.186279 0.273438
vt 0.886719 0.272461
vt 0.742676 0.272705
vt 0.202026 0.273438
vt 0.368408 0.387207
vt 0.384033 0.350098
vt 0.742676 0.291260
vt 0.886719 0.291016
vt 0.935547 0.280273
vt 1.003906 0.245972
vt 1.069336 0.201172
vt 1.126953 0.156494
vt 1.117188 0.124634
vt 1.159180 0.875977
vt 0.386230 0.967285
vt 0.370605 0.888672
vt 0.386475 0.888672
vt 0.742676 0.887695
vt 0.900391 0.887695
vt 0.951172 0.885742
vt 1.030273 0.882324
vt 1.109375 0.878418
vt 1.104492 0.972656
vt 1.147461 0.977051
vt 1.099609 1.068359
vt 1.021484 1.138672
vt 1.138672 1.072266
vt 1.098633 1.139648
vt 1.097656 1.779297
vt 1.150391 1.836914
vt 1.292969 2.011719
vt 1.333008 2.037109
vt 1.333008 2.289063
vt 1.341797 2.330078
vt 1.361328 2.361328
vt 1.507813 2.521484
vt 1.348633 2.322266
vt 1.341797 2.287109
vt 1.341797 2.007813
vt 1.292969 1.967773
vt 1.150391 1.779297
vt 1.147461 1.137695
vt 2.269531 2.986328
vt 2.353516 3.017578
vt 2.353516 3.027344
vt 2.269531 2.976563
vt 2.222656 2.964844
vt 2.222656 2.955078
vt 1.875000 2.816406
vt 1.875000 2.806641
vt 1.833008 2.796875
vt 1.833008 2.787109
vt 1.791992 2.769531
vt 1.791992 2.759766
vt 1.650391 2.677734
vt 1.650391 2.664063
vt 1.511719 2.511719
vt 1.368164 2.355469
vt 2.367188 3.023438
vt 2.222656 3.152344
vt 2.269531 3.152344
vt 2.353516 3.152344
vt 2.367188 3.033203
vt 2.378906 3.029297
vt 2.378906 3.019531
vt 2.437500 3.013672
vt 2.437500 3.003906
vt 2.437500 3.152344
vt 2.378906 3.152344
vt 2.437500 3.167969
vt 2.378906 3.167969
vt 2.367188 3.152344
vt 2.367188 3.167969
vt 2.353516 3.167969
vt 2.269531 3.167969
vt 1.417969 0.935547
vt 1.426758 1.631836
vt 1.417969 1.631836
vt 1.426758 1.681641
vt 1.417969 1.681641
vt 1.426758 1.728516
vt 1.417969 1.728516
vt 1.417969 1.773438
vt 1.426758 1.784180
vt 0.201416 3.007813
vt 0.898438 2.992188
vt 0.898438 3.007813
vt 0.950684 3.007813
vt 0.951172 3.023438
vt 1.022461 3.048828
vt 1.022461 3.064453
vt 1.099609 3.111328
vt 1.099609 3.126953
vt 1.150391 3.166016
vt 1.150391 3.181641
vt 1.229492 3.255859
vt 1.229492 3.273438
vt 0.199463 2.992188
vt 0.184692 3.007813
vt 0.182861 2.992188
vt 0.161499 2.908203
vt 0.149780 2.917969
vt 0.168701 2.941406
vt 0.180542 2.968750
vt 0.196289 2.964844
vt 0.182495 2.933594
vt 0.950195 2.865234
vt 1.016602 2.865234
vt 1.365234 3.015625
vt 1.366211 3.000000
vt 1.350586 3.005859
vt 1.350586 2.990234
vt 1.292969 2.972656
vt 1.292969 2.957031
vt 1.150391 2.884766
vt 1.150391 2.869141
vt 1.097656 2.865234
vt 1.097656 2.849609
vt 1.016602 2.849609
vt 0.949707 2.849609
vt 1.350586 3.300781
vt 1.292969 3.289063
vt 1.292969 3.304688
vt 2.171875 1.720703
vt 2.033203 1.506836
vt 2.050781 1.506836
vt 2.033203 0.777344
vt 2.050781 0.776367
vt 2.019531 0.676758
vt 2.037109 0.671875
vt 1.962891 0.537109
vt 2.205078 1.734375
vt 2.185547 1.711914
vt 2.205078 1.506836
vt 2.195313 0.564941
vt 2.222656 0.606445
vt 2.205078 0.607910
vt 2.222656 1.506836
vt 2.222656 1.765625
vt 1.978516 0.527344
vt 1.884766 0.424072
vt 1.872070 0.437012
vt 1.257813 -0.069824
vt 1.257813 -0.093140
vt 1.240234 -0.084717
vt 1.240234 -0.107056
vt 2.169922 0.529297
vt 1.618164 0.045380
vt 1.599609 0.020645
vt 1.257813 -0.349609
vt 1.240234 -0.349609
vt 1.260742 -0.363037
vt 1.248047 -0.376221
vt 1.257813 -0.358154
vt 1.240234 -0.363037
vt 1.592773 -0.354004
vt 1.592773 -0.009453
vt 1.616211 0.013092
vt 1.630859 0.033173
vt 2.183594 0.517090
vt 2.212891 0.557129
vt 1.634766 -0.391602
vt 1.617188 -0.374756
vt 1.623047 -0.406006
vt 1.601563 -0.384033
vt 1.611328 -0.351563
vt 1.611328 -0.011368
vt 1.310547 1.784180
vt 1.310547 1.728516
vt 1.319336 1.773438
vt 1.319336 1.728516
vt 1.319336 1.681641
vt 1.310547 1.681641
vt 1.319336 1.631836
vt 1.310547 1.631836
vt 1.319336 0.935547
vt 1.310547 0.935547
vt 1.319336 0.887207
vt 1.310547 0.887207
vt 1.319336 0.842285
vt 1.310547 0.842285
vt 1.318359 0.821777
vt 1.310547 0.821777
vt 1.318359 0.814453
vt 1.309570 0.814941
vt 1.317383 0.807129
vt 1.309570 0.806641
vt 1.276367 0.821289
vt 1.283203 0.813965
vt 1.284180 0.821289
vt 1.291016 0.814453
vt 1.284180 0.806152
vt 1.291992 0.806152
vt 1.265625 0.842285
vt 1.228516 0.886719
vt 1.204102 0.935547
vt 1.204102 1.631836
vt 1.208984 1.681641
vt 1.222656 1.728516
vt 1.244141 1.773438
vt 1.323242 0.392578
vt 1.315430 0.392578
vt 1.296875 0.392090
vt 1.289063 0.391846
vt 1.289063 0.386719
vt 1.296875 0.386719
vt 1.291992 0.379883
vt 1.284180 0.379883
vt 1.224609 0.282715
vt 1.215820 0.283447
vt 1.219727 0.275879
vt 1.323242 0.387207
vt 1.315430 0.386963
vt 1.323242 0.380371
vt 1.315430 0.380127
vt 1.324219 0.313232
vt 1.315430 0.311523
vt 1.326172 0.307373
vt 1.320313 0.301270
vt 1.330078 0.297119
vt 1.332031 0.305176
vt 1.407227 0.297363
vt 1.406250 0.305420
vt 1.411133 0.307861
vt 1.219727 0.211670
vt 1.209961 0.267822
vt 1.209961 0.211548
vt 1.219727 0.267822
vt 1.517578 0.276855
vt 1.209961 0.275879
vt 1.513672 0.282959
vt 1.417969 0.301758
vt 1.421875 0.312012
vt 1.414063 0.313477
vt 1.421875 0.380859
vt 1.414063 0.380859
vt 1.421875 0.387939
vt 1.414063 0.387939
vt 1.414063 0.394043
vt 1.421875 0.394043
vt 1.440430 0.387939
vt 1.528320 0.276855
vt 1.522461 0.283936
vt 1.453125 0.381348
vt 1.445313 0.381104
vt 1.419922 0.807129
vt 1.427734 0.807129
vt 1.440430 0.394043
vt 1.448242 0.387939
vt 1.448242 0.394043
vt 1.446289 0.807129
vt 1.454102 0.807129
vt 1.446289 0.814941
vt 1.454102 0.814941
vt 1.427734 0.814941
vt 1.426758 0.935547
vt 1.426758 0.887207
vt 1.426758 0.842773
vt 1.427734 0.822266
vt 1.419922 0.814941
vt 1.418945 0.821777
vt 1.418945 0.842285
vt 1.417969 0.886719
vt 1.377930 1.963867
vt 1.384766 1.969727
vt 1.370117 1.972656
vt 1.369141 1.990234
vt 1.351563 1.967773
vt 1.358398 1.961914
vt 1.235352 1.773438
vt 1.213867 1.728516
vt 1.200195 1.681641
vt 1.195313 1.631836
vt 1.195313 0.935547
vt 1.219727 0.886719
vt 1.256836 0.842285
vt 3.970703 2.859375
vt 3.787109 2.859375
vt 4.093750 2.789063
vt 5.375000 -0.396484
vt 5.375000 -0.320801
vt 5.308594 -0.396484
vt 5.308594 -0.320801
vt 5.375000 -0.963867
vt 5.308594 -0.963867
vt 3.597656 2.859375
vt 3.199219 2.859375
vt -0.822754 6.535156
vt -0.823242 6.253906
vt -0.808594 6.535156
vt -0.808594 6.253906
vt -0.823242 6.226563
vt -0.808594 6.226563
vt -0.823242 6.210938
vt -0.808594 6.210938
vt -0.823242 5.671875
vt -0.808594 5.671875
vt -0.823242 5.656250
vt -0.808594 5.656250
vt -0.823242 5.628906
vt -0.963379 6.535156
vt -0.963867 6.253906
vt -0.963867 6.230469
vt -0.963867 6.210938
vt -0.963867 5.671875
vt -0.963867 5.656250
vt -0.963867 5.628906
vt -0.963867 5.378906
vt -0.823242 5.378906
vt -0.823242 5.351563
vt -0.963867 5.351563
vt -0.808594 5.628906
vt -0.808594 5.378906
vt -0.808594 5.351563
vt -0.808594 5.328125
vt -0.823242 5.328125
vt -0.808594 4.691406
vt -0.823242 4.691406
vt -0.808594 4.648438
vt -0.823242 4.648438
vt -0.808594 4.593750
vt -0.823242 4.593750
vt -0.817383 3.623047
vt -0.803711 3.623047
vt -0.694336 3.339844
vt -0.716309 3.310547
vt -0.697266 2.998047
vt -0.963867 5.328125
vt -0.963867 4.691406
vt -0.963867 4.648438
vt -0.963867 4.593750
vt -0.963379 2.998047
vt -0.719238 2.998047
vt -0.697266 2.953125
vt -0.719238 2.953125
vt -0.697266 2.914063
vt -0.719238 2.914063
vt -0.726074 2.658203
vt -0.963379 2.953125
vt -0.962891 2.914063
vt -0.748047 2.660156
vt -0.986328 2.681641
vt -1.008789 2.457031
vt -0.775391 2.414063
vt -0.754395 2.410156
vt -0.825195 2.216797
vt -0.844727 2.224609
vt -0.862305 2.169922
vt -0.842773 2.160156
vt -0.888184 2.125000
vt -1.307617 1.828125
vt -1.255859 1.864258
vt -1.310547 1.843750
vt -1.063477 2.318359
vt -1.338867 1.913086
vt -1.421875 1.900391
vt -1.418945 1.827148
vt -1.417969 1.812500
vt -1.436523 1.810547
vt -1.436523 1.825195
vt -1.438477 1.897461
vt -1.431641 1.908203
vt -2.175781 0.203857
vt -2.291016 0.234131
vt 3.199219 2.685547
vt 5.062500 3.265625
vt 2.255859 2.214844
vt 1.848633 2.214844
vt 1.840820 2.214844
vt 1.840820 2.191406
vt 1.848633 2.191406
vt 1.840820 2.166016
vt 1.848633 2.166016
vt 1.839844 2.011719
vt 1.847656 2.011719
vt 1.839844 2.003906
vt 1.847656 2.003906
vt 2.177734 2.011719
vt 2.179688 2.003906
vt 2.205078 2.015625
vt 2.201172 2.021484
vt 2.236328 2.041016
vt 2.232422 2.046875
vt 2.267578 2.080078
vt 2.259766 2.083984
vt 2.283203 2.113281
vt 2.275391 2.115234
vt 2.294922 2.167969
vt 2.302734 2.167969
vt 2.308594 2.193359
vt 2.318359 2.193359
vt 2.318359 2.216797
vt 2.326172 2.216797
vt 4.480469 1.988281
vt 4.488281 1.972656
vt 4.496094 1.988281
vt 4.507813 1.972656
vt 4.332031 2.224609
vt 4.347656 2.224609
vt 4.656250 2.460938
vt 4.507813 1.955078
vt 4.488281 1.955078
vt 4.339844 2.476563
vt 4.324219 2.460938
vt 4.339844 2.460938
vt 4.324219 2.476563
vt 4.335938 2.486328
vt 4.320313 2.486328
vt 4.324219 2.255859
vt 4.324219 2.238281
vt 4.339844 2.255859
vt 4.339844 2.238281
vt 4.671875 2.486328
vt 4.656250 2.486328
vt 4.671875 2.476563
vt 4.656250 2.476563
vt 4.367188 2.511719
vt 4.328125 2.511719
vt 4.308594 2.511719
vt 4.449219 2.962891
vt 4.664063 2.703125
vt 4.460938 2.976563
vt 4.671875 2.689453
vt 4.367188 3.007813
vt 4.367188 2.689453
vt 4.410156 2.994141
vt 4.367188 2.535156
vt 4.367188 2.597656
vt 4.367188 2.621094
vt 4.367188 2.650391
vt 4.417969 3.009766
vt 4.367188 3.023438
vt 4.812500 0.219727
vt 0.049377 -0.206665
vt 0.049377 0.391846
vt 0.049377 0.474854
vt 0.049377 0.697266
vt 0.034912 0.697266
vt 0.049377 0.759766
vt 0.034912 0.759766
vt 0.034912 0.839844
vt 0.049377 0.839844
vt 0.049377 0.909180
vt 0.034912 0.909180
vt 0.049377 0.973633
vt 0.034912 0.973633
vt 0.034912 -0.206665
vt 0.034912 0.071106
vt 0.034912 0.357178
vt 0.034912 0.391846
vt 0.034912 0.474854
vt 0.034912 1.069336
vt 0.034912 1.454102
vt 0.076172 -0.776367
vt 0.049377 -0.815918
vt 0.076172 -0.815918
vt 0.049377 -0.695801
vt 0.034912 -0.665527
vt 0.034912 -0.695801
vt 0.034912 -0.776367
vt 0.049377 -0.776367
vt 0.034912 -0.400635
vt 0.049377 -0.426758
vt 0.034912 -0.426758
vt 0.034912 -0.449951
vt 0.049377 -0.663086
vt 0.076172 -0.695801
vt 0.034912 -0.815918
vt 0.076172 -0.663086
vt 0.183594 2.759766
vt 0.187012 2.701172
vt 0.200562 2.773438
vt 0.169556 2.699219
vt 0.183838 2.677734
vt 0.167480 2.673828
vt 0.167847 2.093750
vt 0.184204 2.091797
vt 0.170044 2.068359
vt 0.187988 2.068359
vt 0.185425 2.007813
vt 0.203125 1.993164
vt 0.254150 2.701172
vt 0.251221 2.691406
vt 0.251221 2.078125
vt 0.257080 2.068359
vt 4.265625 -0.569336
vt 4.234375 -0.544434
vt 4.250000 -0.575684
vt 4.222656 -0.561523
vt 4.246094 -0.583008
vt 4.214844 -0.583008
vt 4.250000 -0.958496
vt 4.214844 -0.958496
vt 2.208984 -0.966309
vt 2.283203 -0.966309
vt 2.208984 -0.693359
vt 2.283203 -0.593262
vt 2.203125 -0.668457
vt 2.185547 -0.650391
vt 2.279297 -0.565430
vt 2.259766 -0.544434
vt 1.917969 -0.359863
vt 1.899414 -0.350098
vt 1.913086 -0.347168
vt 2.316406 0.599609
vt 2.615234 0.670410
vt 2.310547 2.066406
vt 2.306641 0.550781
vt 2.275391 0.511230
vt 2.316406 0.406738
vt 1.728516 0.030426
vt 1.808594 -0.023376
vt 1.792969 -0.044647
vt 1.713867 0.009941
vt 1.708008 -0.014992
vt 1.708008 -0.352295
vt 1.788086 -0.070435
vt 1.788086 -0.263428
vt 1.793945 -0.286377
vt 1.811523 -0.302734
vt 1.713867 -0.375488
vt 1.731445 -0.392090
vt 2.992188 2.775391
vt 2.951172 2.751953
vt 2.992188 1.350586
vt 2.742188 2.638672
vt 2.982422 1.281250
vt 2.957031 1.217773
vt 2.742188 0.840332
vt 2.718750 2.615234
vt 2.718750 0.804199
vt 2.695313 2.583984
vt 2.695313 0.770020
vt 2.615234 2.470703
vt 2.478516 2.310547
vt 2.335938 2.144531
vt 2.316406 2.109375
vt 0.335449 2.042969
vt 0.335449 2.726563
vt 0.132446 0.973633
vt 0.118591 0.973633
vt 0.132446 0.909180
vt 0.118591 0.839844
vt 0.118591 0.909180
vt 0.132446 0.839844
vt 0.118591 0.759766
vt 0.118591 0.697266
vt 0.118591 0.474854
vt 0.118591 0.391846
vt 0.132446 0.361084
vt 0.132446 0.391846
vt 0.132446 0.474854
vt 0.132446 0.697266
vt 0.132446 0.759766
vt 4.675781 0.219971
vt 4.703125 0.219849
vt 3.769531 2.859375
vt 3.742188 2.859375
vt 3.679688 2.859375
vt 3.650391 2.859375
vt 3.621094 2.859375
vt 4.093750 2.666016
vt 4.093750 2.654297
vt 4.093750 2.636719
vt 4.093750 2.542969
vt 4.105469 2.546875
vt 4.093750 2.697266
vt 4.093750 2.724609
vt 4.093750 2.759766
vt 4.011719 1.499023
vt 4.671875 1.392578
vt 4.656250 1.392578
vt 4.671875 1.379883
vt 4.671875 1.409180
vt 4.656250 1.379883
vt 4.671875 1.242188
vt 4.507813 1.392578
vt 4.656250 1.409180
vt 4.671875 2.460938
vt 4.507813 1.409180
vt 4.656250 0.718750
vt 4.671875 0.719727
vt 4.656250 1.211914
vt 4.671875 1.211914
vt 4.656250 1.228516
vt 4.671875 1.228516
vt 4.656250 1.242188
vt 4.496094 1.379883
vt 4.488281 1.392578
vt 4.488281 1.409180
vt 5.273438 0.081482
vt 5.257813 0.094360
vt 5.253906 0.073669
vt 5.273438 0.064758
vt 4.761719 0.488525
vt 4.773438 0.500488
vt 4.718750 0.562500
vt 4.703125 0.553223
vt 4.683594 0.637695
vt 4.402344 0.481201
vt 4.667969 0.632813
vt 4.480469 1.379883
vt 4.371094 1.211914
vt 4.355469 1.211914
vt 4.371094 0.554688
vt 4.355469 0.552734
vt 4.378906 0.514160
vt 4.363281 0.507324
vt 4.390625 0.469727
vt 4.371094 1.228516
vt 4.382813 1.242188
vt 4.363281 1.242188
vt 4.355469 1.228516
vt 3.910156 1.257813
vt 3.914063 1.273438
vt 4.000000 1.461914
vt 4.011719 1.479492
vt 5.253906 0.234375
vt 5.179688 0.296387
vt 5.246094 0.224121
vt 5.171875 0.286377
vt 5.218750 0.189575
vt 5.144531 0.251709
vt 5.062500 2.289063
vt 5.062500 2.304688
vt 5.062500 2.943359
vt 5.062500 2.986328
vt 5.062500 3.023438
vt 3.941406 0.533691
vt 3.921875 0.558105
vt 3.935547 0.530273
vt 3.912109 0.552734
vt 3.910156 0.589355
vt 3.898438 0.586914
vt 3.910156 1.244141
vt 3.898438 1.250000
vt 3.898438 1.266602
vt 3.904297 1.283203
vt 3.992188 1.471680
vt 4.000000 1.488281
vt 4.003906 1.504883
vt 3.847656 3.199219
vt 3.847656 3.261719
vt 3.912109 3.199219
vt 3.912109 3.175781
vt 3.847656 3.175781
vt 2.169922 1.843750
vt 2.169922 1.820313
vt 2.105469 1.820313
vt 4.246094 2.494141
vt 4.246094 1.865234
vt 4.203125 2.488281
vt 4.203125 2.232422
vt 4.203125 1.874023
vt 4.203125 1.857422
vt 4.246094 1.857422
vt 4.246094 1.819336
vt 4.203125 1.819336
vt 4.203125 1.760742
vt 4.246094 1.760742
vt 4.246094 1.736328
vt 4.203125 1.736328
vt 4.246094 1.136719
vt 4.203125 1.136719
vt 4.261719 2.496094
vt 4.261719 1.865234
vt 4.261719 1.857422
vt 4.261719 1.819336
vt 4.261719 1.760742
vt 4.261719 1.736328
vt 4.261719 1.136719
vt 4.261719 1.014648
vt 4.246094 1.014648
vt 4.203125 1.014648
vt 4.605469 0.148926
vt 4.578125 0.113831
vt 4.332031 0.379150
vt 4.300781 0.346436
vt 4.285156 0.431641
vt 4.250000 0.406738
vt 4.257813 0.496094
vt 4.214844 0.483643
vt 4.203125 0.562500
vt 4.246094 0.565430
vt 4.261719 0.565918
vt 4.269531 0.499756
vt 4.296875 0.438965
vt 4.343750 0.388916
vt 4.617188 0.159302
vt 4.777344 2.099609
vt 4.777344 2.171875
vt 4.765625 2.099609
vt 4.765625 2.171875
vt 4.859375 0.567383
vt 4.847656 0.558105
vt 4.816406 0.616699
vt 4.804688 0.609375
vt 4.789063 0.676270
vt 4.773438 0.672363
vt 4.765625 0.740234
vt 4.777344 0.740723
vt 2.332031 3.498047
vt 1.405273 3.398438
vt 1.403320 3.378906
vt 2.156250 3.378906
vt 2.220703 3.400391
vt 2.193359 3.378906
vt 0.449707 4.437500
vt 0.492432 4.437500
vt 0.449707 4.472656
vt 0.492432 4.472656
vt 0.703125 4.437500
vt 0.703125 4.472656
vt 1.184570 4.437500
vt 1.226563 4.437500
vt 1.184570 4.472656
vt 1.227539 4.472656
vt 1.437500 4.437500
vt 1.437500 4.472656
vt 1.901367 4.437500
vt 1.943359 4.437500
vt 1.901367 4.472656
vt 1.943359 4.472656
vt 2.154297 4.437500
vt 2.154297 4.472656
vt 2.619141 4.437500
vt 2.662109 4.437500
vt 2.619141 4.472656
vt 2.662109 4.472656
vt 2.873047 4.437500
vt 2.873047 4.472656
vt 3.324219 4.437500
vt 3.367188 4.437500
vt 3.324219 4.472656
vt 3.367188 4.472656
vt 3.578125 4.437500
vt 3.578125 4.472656
vt 4.027344 4.437500
vt 4.070313 4.437500
vt 4.027344 4.472656
vt 4.070313 4.472656
vt 4.281250 4.437500
vt 4.281250 4.472656
vt 4.730469 4.437500
vt 4.773438 4.437500
vt 4.730469 4.472656
vt 4.773438 4.472656
vt 4.984375 4.437500
vt 4.984375 4.472656
vt 4.023438 4.503906
vt 4.066406 4.503906
vt 4.023438 4.539063
vt 4.066406 4.539063
vt 4.277344 4.503906
vt 4.277344 4.539063
vt 3.312500 4.503906
vt 3.353516 4.503906
vt 3.312500 4.539063
vt 3.353516 4.539063
vt 3.564453 4.503906
vt 3.564453 4.539063
vt 2.625000 4.503906
vt 2.667969 4.503906
vt 2.625000 4.539063
vt 2.667969 4.539063
vt 2.878906 4.503906
vt 2.878906 4.539063
vt 1.909180 4.503906
vt 1.952148 4.503906
vt 1.909180 4.539063
vt 1.952148 4.539063
vt 2.162109 4.503906
vt 2.162109 4.539063
vt 1.184570 4.503906
vt 1.227539 4.503906
vt 1.184570 4.539063
vt 1.227539 4.539063
vt 1.438477 4.503906
vt 1.438477 4.539063
vt 0.460449 4.503906
vt 0.502930 4.503906
vt 0.460449 4.539063
vt 0.502930 4.539063
vt 0.713867 4.503906
vt 0.713867 4.539063
vt 1.815430 2.492188
vt 1.654297 2.492188
vt 1.815430 2.478516
vt 1.758789 2.427734
vt 1.557617 1.591797
vt 1.690430 1.468750
vt 1.758789 1.008789
vt 1.690430 1.008789
vt 1.690430 0.928223
vt 1.758789 0.928223
vt 1.690430 0.842285
vt 1.758789 0.842285
vt 1.690430 0.760742
vt 1.758789 0.760742
vt 1.690430 0.394043
vt 1.758789 0.321289
vt 1.646484 2.492188
vt 1.611328 2.478516
vt 1.557617 2.414063
vt 1.567383 2.437500
vt 3.693359 3.056641
vt 3.716797 3.113281
vt 3.693359 3.175781
vt 3.847656 3.113281
vt 1.952148 1.702148
vt 1.974609 1.757813
vt 1.952148 1.820313
vt 2.105469 1.757813
vt 3.679688 1.389648
vt 3.742188 1.428711
vt 3.650391 1.373047
vt 3.621094 1.354492
vt 3.597656 1.342773
vt 3.199219 2.697266
vt 3.199219 2.843750
vt 3.597656 1.330078
vt 3.621094 1.330078
vt 3.621094 1.341797
vt 3.650391 1.356445
vt 3.679688 1.372070
vt 3.742188 1.412109
vt 3.785156 1.450195
vt 3.785156 1.467773
vt 3.818359 1.479492
vt 3.818359 1.497070
vt 3.859375 1.488281
vt 3.826172 1.462891
vt 3.861328 1.472656
vt 3.505859 -0.319580
vt 3.496094 -0.316162
vt 3.488281 -0.331299
vt 3.505859 -0.327881
vt 3.470703 -0.306885
vt 3.419922 -0.282227
vt 3.462891 -0.322266
vt 3.488281 -0.764648
vt 3.410156 -0.295654
vt 3.388672 -0.241577
vt 3.388672 -0.854004
vt 3.396484 -0.848145
vt 3.623047 0.713867
vt 3.599609 0.720703
vt 3.599609 0.699219
vt 3.623047 0.734863
vt 3.505859 -0.768066
vt 3.505859 -0.773438
vt 3.498047 -0.778320
vt 3.371094 0.424561
vt 3.388672 0.423340
vt 3.394531 0.470215
vt 3.388672 0.498535
vt 3.412109 0.513672
vt 3.429688 0.562012
vt 3.441406 0.550781
vt 3.824219 -0.357666
vt 3.832031 -0.372559
vt 3.873047 -0.333984
vt 3.806641 -0.381104
vt 3.798828 -0.366455
vt 3.884766 -0.346924
vt 3.904297 -0.294434
vt 3.806641 -0.805176
vt 3.791016 -0.807129
vt 3.791016 -0.377686
vt 3.791016 -0.369629
vt 3.791016 -0.813477
vt 3.796875 -0.818359
vt 3.898438 -0.888184
vt 3.904297 -0.893066
vt 3.921875 -0.884277
vt 3.904297 -0.901367
vt 3.921875 -0.299805
vt 3.921875 0.356934
vt 3.904297 0.350830
vt 3.898438 0.397217
vt 3.904297 0.429199
vt 3.878906 0.440430
vt 3.863281 0.488281
vt 3.921875 -0.958496
vt 3.904297 -0.958496
vt 3.693359 0.645508
vt 3.671875 1.250000
vt 3.693359 1.250977
vt 3.669922 1.262695
vt 3.691406 1.264648
vt 3.687500 1.286133
vt 3.705078 1.281250
vt 3.710938 1.310547
vt 3.724609 1.300781
vt 3.757813 1.372070
vt 3.671875 0.659180
vt 3.849609 0.477539
vt 3.693359 0.625488
vt 3.671875 0.638184
vt 3.771484 1.363281
vt 3.798828 1.422852
vt 3.783203 1.430664
vt 3.882813 1.471680
vt 3.882813 1.488281
vt 3.884766 1.504883
vt 3.859375 1.504883
vt 3.878906 2.636719
vt 3.859375 2.636719
vt 3.818359 2.646484
vt 3.785156 2.673828
vt 3.742188 2.722656
vt 4.062500 2.527344
vt 4.054688 2.513672
vt 4.054688 2.148438
vt 4.062500 2.134766
vt 3.773438 2.724609
vt 3.769531 2.759766
vt 3.742188 2.759766
vt 3.787109 2.759766
vt 3.791016 2.724609
vt 3.785156 2.697266
vt 3.818359 2.664063
vt 3.859375 2.654297
vt 3.878906 2.654297
vt 3.880859 2.666016
vt 3.863281 2.666016
vt 3.828125 2.673828
vt 3.802734 2.697266
vt 0.078918 -0.823730
vt -0.996582 1.000000
vt -0.996582 0.967285
vt -0.823242 1.000000
vt -0.823242 0.967285
vt -0.774414 0.967285
vt -0.774414 1.000000
vt -0.750977 0.967285
vt -0.750977 1.000000
vt -0.996582 0.937988
vt -0.823242 0.937988
vt -0.774414 0.937988
vt -0.750977 0.937988
vt -0.996582 0.843750
vt -0.996582 0.812012
vt -0.823242 0.843750
vt -0.823242 0.812012
vt -0.774414 0.812012
vt -0.774414 0.843750
vt -0.750977 0.812012
vt -0.750977 0.843750
vt -0.996582 0.937500
vt -0.996582 0.905273
vt -0.823242 0.937500
vt -0.823242 0.905273
vt -0.774414 0.905273
vt -0.774414 0.937500
vt -0.750977 0.905273
vt -0.750977 0.937500
vt -0.996582 0.874512
vt -0.823242 0.874512
vt -0.774414 0.874512
vt -0.750977 0.874512
vt -1.897461 0.874512
vt -1.998047 0.906250
vt -1.998047 0.874512
vt -1.897461 0.906250
vt -1.826172 0.874512
vt -1.826172 0.906250
vt -1.750977 0.874512
vt -1.750977 0.906250
vt -1.750977 0.843262
vt -1.826172 0.843262
vt -1.897461 0.843262
vt -1.998047 0.843262
vt -1.826172 0.813477
vt -1.750977 0.781250
vt -1.750977 0.813477
vt -1.826172 0.781250
vt -1.897461 0.813477
vt -1.897461 0.781250
vt -1.998047 0.813477
vt -1.998047 0.781250
vt -1.826172 0.998047
vt -1.750977 0.967773
vt -1.750977 0.998047
vt -1.826172 0.967773
vt -1.897461 0.998047
vt -1.897461 0.967773
vt -1.998047 0.998047
vt -1.998047 0.967773
vt -1.415039 -2.253906
vt -1.460938 -2.392578
vt -1.415039 -2.392578
vt -1.460938 -2.253906
vt -1.415039 -2.123047
vt -1.460938 -2.123047
vt -1.415039 -1.939453
vt -1.460938 -1.939453
vt -1.826172 0.937500
vt -1.750977 0.937500
vt -1.897461 0.937500
vt -1.998047 0.937500
vt -1.463867 -4.308594
vt -1.410156 -4.308594
vt -1.463867 -3.900391
vt -1.410156 -3.898438
vt -1.410156 -3.875000
vt -1.463867 -3.873047
vt -1.410156 -3.849609
vt -1.463867 -3.843750
vt -1.410156 -3.408203
vt -1.463867 -3.402344
vt -1.463867 -1.763672
vt -1.410156 -2.207031
vt -1.410156 -1.762695
vt -1.463867 -2.210938
vt -1.410156 -2.945313
vt -1.463867 -2.949219
vt -1.410156 -2.974609
vt -1.463867 -2.976563
vt -1.410156 -3.001953
vt -1.463867 -3.001953
vt -1.410156 -3.212891
vt -1.463867 -3.212891
vt -1.463867 -3.236328
vt -1.410156 -3.240234
vt -1.463867 -3.261719
vt -1.410156 -3.267578
vt -1.463867 -3.373047
vt -1.410156 -3.376953
vt -1.463867 0.976563
vt -1.410156 -0.708984
vt -1.410156 0.977051
vt -1.463867 -0.708984
vt -1.410156 -0.786133
vt -1.463867 -0.788574
vt -1.410156 -0.865723
vt -1.463867 -0.870117
vt -1.463867 -1.468750
vt -1.410156 -1.473633
vt -1.463867 -1.527344
vt -1.410156 -1.530273
vt -1.410156 -1.582031
vt -1.463867 -1.583008
vt -0.663574 -0.187134
vt -0.663574 -0.247314
vt -0.605469 -0.187134
vt -0.605469 -0.247314
vt -0.663574 -0.124939
vt -0.663574 -0.185913
vt -0.605469 -0.124939
vt -0.605469 -0.185913
vt -0.605469 -0.246704
vt -0.605469 -0.003273
vt -0.663574 -0.246704
vt -0.663574 -0.003273
vt -0.605469 -0.062012
vt -0.663574 -0.062012
vt -0.605469 -0.188599
vt -0.663574 -0.188599
vt -0.682129 -0.125977
vt -0.682129 -0.003273
vt -0.740723 -0.125977
vt -0.740723 -0.003273
vt -0.682129 -0.188599
vt -0.740723 -0.188599
vt -0.682129 -0.246704
vt -0.682129 -0.187378
vt -0.740723 -0.246704
vt -0.740723 -0.187378
vt -0.682129 -0.126099
vt -0.740723 -0.126099
vt -0.663574 -0.125854
vt -0.605469 -0.125854
vt -0.663574 -0.002045
vt -0.663574 -0.060242
vt -0.605469 -0.002045
vt -0.605469 -0.060242
vt -0.741699 -0.187134
vt -0.741699 -0.247314
vt -0.680664 -0.187134
vt -0.680664 -0.247314
vt -0.741699 -0.124939
vt -0.741699 -0.185913
vt -0.680664 -0.124939
vt -0.680664 -0.185913
vt -0.682129 -0.061646
vt -0.682129 -0.001355
vt -0.740723 -0.061646
vt -0.740723 -0.001355
vt -0.682129 -0.062408
vt -0.740723 -0.062408
vt -0.682129 -0.125488
vt -0.740723 -0.125488
vt -0.741699 -0.064148
vt -0.741699 -0.125122
vt -0.680664 -0.064148
vt -0.680664 -0.125122
vt -0.741699 -0.001472
vt -0.741699 -0.062500
vt -0.680664 -0.001472
vt -0.680664 -0.062500
vt -0.413574 -6.816406
vt -0.458496 -6.191406
vt -0.458496 -6.816406
vt -0.413574 -6.187500
vt -0.458496 -6.136719
vt -0.413574 -6.132813
vt -0.458496 -6.085938
vt -0.413574 -6.070313
vt -0.458496 -4.843750
vt -0.413574 -4.828125
vt -0.458496 -4.785156
vt -0.413574 -4.777344
vt -0.458496 -4.726563
vt -0.413574 -4.726563
vt -0.413574 -3.958984
vt -0.458496 -3.958984
vt -0.413574 -3.904297
vt -0.458496 -3.900391
vt -0.413574 -3.843750
vt -0.458496 -3.832031
vt -0.413574 -3.060547
vt -0.458496 -3.048828
vt -0.458252 4.828125
vt -0.413574 4.839844
vt -0.458252 5.089844
vt -0.413574 5.089844
vt -0.413574 5.175781
vt -0.458252 5.175781
vt -0.413574 5.265625
vt -0.458252 5.265625
vt -0.458252 5.378906
vt -0.413574 5.375000
vt -0.458252 6.050781
vt -0.413574 6.050781
vt -1.000000 1.000000
vt -1.125000 1.000000
vt -1.000000 -2.000000
vt -1.125000 -2.000000
vt -1.412109 -4.722656
vt -1.412109 -4.285156
vt -1.463867 -4.722656
vt -1.463867 -4.285156
vt -1.412109 -4.210938
vt -1.463867 -4.210938
vt -1.412109 -4.132813
vt -1.463867 -4.132813
vt -1.463867 -4.058594
vt -1.412109 -4.054688
vt -1.463867 -2.644531
vt -1.412109 -2.644531
vt -0.605469 -0.124512
vt -0.605469 -0.062317
vt -0.663574 -0.124512
vt -0.663574 -0.062317
vt -1.463867 -3.386719
vt -1.410156 -3.388672
vt -0.458496 -3.015625
vt -0.413574 -3.019531
vt -0.458496 -2.923828
vt -0.413574 -2.935547
vt -0.458252 4.765625
vt -0.413574 4.773438
vt -0.413574 4.710938
vt -0.458252 4.703125
vt 0.000031 -0.148682
vt -0.125000 -0.148682
vt 0.000031 -0.179077
vt -0.125000 -0.179077
vt -0.125000 -0.354004
vt -0.125000 -0.323486
vt -0.375000 -0.354004
vt -0.375000 -0.323486
vt 0.000031 -0.323486
vt 0.000031 -0.354004
vt -0.125000 -0.545898
vt -0.125000 -0.515625
vt -0.375000 -0.545898
vt -0.375000 -0.515625
vt 0.000031 -0.515625
vt 0.000031 -0.545898
vt -0.125000 -0.679688
vt -0.125000 -0.648926
vt -0.375000 -0.679688
vt -0.375000 -0.648926
vt 0.000031 -0.648926
vt 0.000031 -0.679688
vt 0.000031 -0.759766
vt -0.125000 -0.759766
vt 0.000031 -0.790039
vt -0.125000 -0.790039
vt -0.375000 -0.790039
vt -0.375000 -0.759766
vt 0.000031 -0.820313
vt -0.125000 -0.820313
vt 0.000031 -0.851074
vt -0.125000 -0.851074
vt -0.375000 -0.851074
vt -0.375000 -0.820313
vt 0.000031 -0.382813
vt -0.125000 -0.382813
vt 0.000031 -0.413086
vt -0.125000 -0.413086
vt -0.375000 -0.413086
vt -0.375000 -0.382813
vt 0.000031 -0.258789
vt -0.125000 -0.258789
vt 0.000031 -0.289307
vt -0.125000 -0.289307
vt -0.375000 -0.289307
vt -0.375000 -0.258789
vt 0.000031 -0.079895
vt -0.125000 -0.079895
vt 0.000031 -0.110229
vt -0.125000 -0.110229
vt -0.375000 -0.110229
vt -0.375000 -0.079895
vt 0.000031 0.050171
vt -0.125000 0.050171
vt 0.000031 0.019836
vt -0.125000 0.019836
vt -0.458496 3.164063
vt -0.458496 3.111328
vt -0.413574 3.158203
vt -0.413574 3.107422
vt -0.458496 3.064453
vt -0.413574 3.064453
vt -0.413574 1.449219
vt -0.458496 1.449219
vt -0.458496 1.384766
vt -0.413574 1.403320
vt -0.413574 1.336914
vt -0.458496 1.291992
vt -0.413574 4.609375
vt -0.458252 4.585938
vt -0.413574 4.589844
vt -0.413574 4.562500
vt -0.458496 4.007813
vt -0.413574 4.007813
vt -0.413574 3.964844
vt -0.458496 3.923828
vt -0.413574 3.916016
vt -0.458496 3.966797
vt -0.458496 0.189697
vt -0.458496 -1.605469
vt -0.413574 0.189941
vt -0.413574 -1.605469
vt -0.458496 -1.730469
vt -0.413574 -1.736328
vt -0.458496 -1.857422
vt -0.413574 -1.868164
vt -0.413574 0.336914
vt -0.458496 0.281982
vt -0.413574 0.244507
vt -0.458496 0.226074
vt -1.412109 -2.570313
vt -1.463867 -2.570313
vt -0.125000 -0.046143
vt -0.125000 -0.015808
vt -0.375000 -0.046143
vt -0.375000 -0.015808
vt 0.000031 -0.015808
vt 0.000031 -0.046143
vt -0.375000 -0.179077
vt -0.375000 -0.148682
vt -0.375000 0.019836
vt -0.375000 0.050171
s 1
usemtl building_glow.001
f 591/2619/1960 590/2620/1961 588/2621/1962
f 588/2621/1962 590/2620/1961 589/2622/1963
f 589/2622/1963 587/2623/1964 588/2621/1962
f 588/2621/1962 587/2623/1964 586/2624/1965
f 587/2623/1964 585/2625/1966 586/2624/1965
f 586/2624/1965 585/2625/1966 584/2626/1967
f 583/2620/1960 582/2627/1968 580/2622/1969
f 580/2622/1969 582/2627/1968 581/2628/1963
f 581/2628/1963 579/2629/1970 580/2622/1969
f 580/2622/1969 579/2629/1970 578/2623/1965
f 579/2629/1970 577/2630/1966 578/2623/1965
f 578/2623/1965 577/2630/1966 576/2625/1967
f 575/2631/1960 574/2632/1971 572/2633/1972
f 572/2633/1972 574/2632/1971 573/2634/1963
f 573/2634/1963 571/2635/1964 572/2633/1972
f 572/2633/1972 571/2635/1964 570/2636/1965
f 571/2635/1964 569/2637/1966 570/2636/1965
f 570/2636/1965 569/2637/1966 568/2638/1967
f 567/2639/1960 566/2640/1973 564/2641/1974
f 564/2641/1974 566/2640/1973 565/2642/1963
f 565/2642/1963 563/2643/1964 564/2641/1974
f 564/2641/1974 563/2643/1964 562/2644/1965
f 563/2643/1964 561/2645/1966 562/2644/1965
f 562/2644/1965 561/2645/1966 560/2646/1967
f 559/2631/1960 558/2632/1968 556/2633/1969
f 556/2633/1969 558/2632/1968 557/2634/1963
f 557/2634/1963 555/2635/1964 556/2633/1969
f 556/2633/1969 555/2635/1964 554/2636/1965
f 555/2635/1964 553/2637/1966 554/2636/1965
f 554/2636/1965 553/2637/1966 552/2638/1967
f 551/2631/1960 550/2632/1968 548/2633/1975
f 548/2633/1975 550/2632/1968 549/2634/1963
f 549/2634/1963 547/2635/1964 548/2633/1975
f 548/2633/1975 547/2635/1964 546/2636/1965
f 547/2635/1964 545/2637/1966 546/2636/1965
f 546/2636/1965 545/2637/1966 544/2638/1967
f 543/2639/1960 542/2640/1976 540/2641/1962
f 540/2641/1962 542/2640/1976 541/2642/1963
f 541/2642/1963 539/2643/1977 540/2641/1962
f 540/2641/1962 539/2643/1977 538/2644/1965
f 539/2643/1977 537/2645/1966 538/2644/1965
f 538/2644/1965 537/2645/1966 536/2646/1967
f 535/2647/1960 534/2631/1973 532/2648/1974
f 532/2648/1974 534/2631/1973 533/2633/1963
f 533/2633/1963 531/2636/1964 532/2648/1974
f 532/2648/1974 531/2636/1964 530/2649/1965
f 531/2636/1964 529/2638/1966 530/2649/1965
f 530/2649/1965 529/2638/1966 528/2650/1967
f 527/2647/1960 526/2631/1976 524/2648/1975
f 524/2648/1975 526/2631/1976 525/2633/1963
f 525/2633/1963 523/2636/1964 524/2648/1975
f 524/2648/1975 523/2636/1964 522/2649/1965
f 523/2636/1964 521/2638/1966 522/2649/1965
f 522/2649/1965 521/2638/1966 520/2650/1978
f 517/2651/1979 518/2652/44 519/2653/44
f 516/2654/1980 518/2652/44 517/2651/1979
f 517/2651/1979 515/2655/1981 516/2654/1980
f 516/2654/1980 515/2655/1981 514/2656/1982
f 515/2655/1981 513/2657/1983 514/2656/1982
f 514/2656/1982 513/2657/1983 512/2658/1983
f 509/2655/1982 510/2659/1983 511/2657/1983
f 508/2660/1981 510/2659/1983 509/2655/1982
f 507/2651/1980 508/2660/1981 509/2655/1982
f 506/2661/1979 508/2660/1981 507/2651/1980
f 507/2651/1980 505/2653/44 506/2661/1979
f 506/2661/1979 505/2653/44 504/2662/44
f 501/2663/1982 502/2664/1983 503/2665/1983
f 500/2666/1981 502/2664/1983 501/2663/1982
f 499/2667/1980 500/2666/1981 501/2663/1982
f 498/2668/1979 500/2666/1981 499/2667/1980
f 499/2667/1980 497/2669/44 498/2668/1979
f 498/2668/1979 497/2669/44 496/2670/44
f 493/2671/1982 494/2672/1983 495/2673/1983
f 492/2674/1981 494/2672/1983 493/2671/1982
f 491/2675/1980 492/2674/1981 493/2671/1982
f 490/2676/1979 492/2674/1981 491/2675/1980
f 491/2675/1980 489/2677/44 490/2676/1979
f 490/2676/1979 489/2677/44 488/2678/44
f 485/2679/1982 486/2680/1983 487/2681/1983
f 484/2682/1981 486/2680/1983 485/2679/1982
f 483/2683/1980 484/2682/1981 485/2679/1982
f 482/2684/1979 484/2682/1981 483/2683/1980
f 483/2683/1980 481/2685/44 482/2684/1979
f 482/2684/1979 481/2685/44 480/2686/44
f 477/2660/1982 478/2665/1983 479/2659/1983
f 476/2663/1981 478/2665/1983 477/2660/1982
f 475/2661/1980 476/2663/1981 477/2660/1982
f 474/2667/1979 476/2663/1981 475/2661/1980
f 475/2661/1980 473/2662/44 474/2667/1979
f 474/2667/1979 473/2662/44 472/2669/44
f 469/2687/1982 470/2658/1983 471/2688/1983
f 468/2656/1981 470/2658/1983 469/2687/1982
f 467/2689/1980 468/2656/1981 469/2687/1982
f 466/2654/1979 468/2656/1981 467/2689/1980
f 467/2689/1980 465/2690/44 466/2654/1979
f 466/2654/1979 465/2690/44 464/2652/44
f 461/2663/1982 462/2664/1983 463/2665/1983
f 460/2666/1981 462/2664/1983 461/2663/1982
f 459/2667/1980 460/2666/1981 461/2663/1982
f 458/2668/1979 460/2666/1981 459/2667/1980
f 459/2667/1980 457/2669/44 458/2668/1979
f 458/2668/1979 457/2669/44 456/2670/44
f 453/2663/1982 454/2664/1983 455/2665/1983
f 452/2666/1981 454/2664/1983 453/2663/1982
f 451/2667/1980 452/2666/1981 453/2663/1982
f 450/2668/1979 452/2666/1981 451/2667/1980
f 451/2667/1980 449/2669/44 450/2668/1979
f 450/2668/1979 449/2669/44 448/2670/44
f 445/2661/1979 446/2653/44 447/2662/44
f 444/2651/1980 446/2653/44 445/2661/1979
f 445/2661/1979 443/2660/1981 444/2651/1980
f 444/2651/1980 443/2660/1981 442/2655/1982
f 443/2660/1981 441/2659/1983 442/2655/1982
f 442/2655/1982 441/2659/1983 440/2657/1983
f 439/2619/1960 438/2620/1973 436/2621/1974
f 436/2621/1974 438/2620/1973 437/2622/1963
f 437/2622/1963 435/2623/1964 436/2621/1974
f 436/2621/1974 435/2623/1964 434/2624/1965
f 435/2623/1964 433/2625/1966 434/2624/1965
f 434/2624/1965 433/2625/1966 432/2626/1967
f 431/2641/1984 429/2644/1964 430/2622/1984
f 430/2622/1984 429/2644/1964 428/2623/1965
f 429/2644/1964 427/2646/1985 428/2623/1965
f 428/2623/1965 427/2646/1985 426/2625/1967
f 425/2691/710 424/2692/920 422/2693/1986
f 422/2693/1986 424/2692/920 423/2694/1987
f 421/2695/1988 422/2693/1986 423/2694/1987
f 420/2696/1989 422/2693/1986 421/2695/1988
f 419/2697/1990 420/2696/1989 421/2695/1988
f 417/2698/1991 420/2696/1989 419/2697/1990
f 416/2699/1992 417/2698/1991 419/2697/1990
f 418/2700/1993 417/2698/1991 416/2699/1992
f 415/2701/1994 414/2702/1995 383/2703/1996
f 413/2704/1997 414/2702/1995 415/2701/1994
f 413/2704/1997 412/2705/1998 414/2702/1995
f 411/2706/1999 412/2705/1998 413/2704/1997
f 411/2706/1999 410/2707/2000 412/2705/1998
f 409/2708/2001 410/2707/2000 411/2706/1999
f 409/2708/2001 408/2709/2002 410/2707/2000
f 407/2710/2003 408/2709/2002 409/2708/2001
f 407/2710/2003 405/2711/2004 408/2709/2002
f 406/2712/2005 405/2711/2004 407/2710/2003
f 406/2712/2005 404/2713/2006 405/2711/2004
f 405/2711/2004 404/2713/2006 403/2714/2007
f 404/2713/2006 402/2715/2008 403/2714/2007
f 403/2714/2007 402/2715/2008 401/2716/2009
f 402/2715/2008 400/2717/2010 401/2716/2009
f 401/2716/2009 400/2717/2010 399/2718/2011
f 397/2719/356 396/2720/2012 398/2721/2013
f 395/2722/2014 396/2720/2012 397/2719/356
f 395/2722/2014 394/2723/2015 396/2720/2012
f 393/2724/2016 394/2723/2015 395/2722/2014
f 393/2724/2016 391/2725/2017 394/2723/2015
f 392/2726/2018 391/2725/2017 393/2724/2016
f 392/2726/2018 390/2727/2019 391/2725/2017
f 391/2725/2017 390/2727/2019 389/2728/128
f 390/2727/2019 387/2729/2020 389/2728/128
f 389/2728/128 387/2729/2020 388/2730/2021
f 387/2729/2020 385/2731/2022 388/2730/2021
f 386/2732/2023 385/2731/2022 387/2729/2020
f 386/2732/2023 384/2701/2024 385/2731/2022
f 385/2731/2022 384/2701/2024 383/2703/2025
f 382/2640/1960 381/2647/1976 379/2642/1969
f 379/2642/1969 381/2647/1976 380/2648/1963
f 380/2648/1963 378/2649/1970 379/2642/1969
f 379/2642/1969 378/2649/1970 377/2643/1965
f 378/2649/1970 376/2650/1966 377/2643/1965
f 377/2643/1965 376/2650/1966 375/2645/1967
f 372/2656/1982 373/2657/1983 374/2658/1983
f 371/2655/1981 373/2657/1983 372/2656/1982
f 370/2654/1980 371/2655/1981 372/2656/1982
f 369/2651/1979 371/2655/1981 370/2654/1980
f 370/2654/1980 368/2652/44 369/2651/1979
f 369/2651/1979 368/2652/44 367/2653/44
f 364/2655/1982 365/2659/1983 366/2657/1983
f 363/2660/1981 365/2659/1983 364/2655/1982
f 362/2651/1980 363/2660/1981 364/2655/1982
f 361/2661/1979 363/2660/1981 362/2651/1980
f 362/2651/1980 360/2653/44 361/2661/1979
f 361/2661/1979 360/2653/44 359/2662/44
f 356/2687/1982 357/2658/1983 358/2688/1983
f 355/2656/1981 357/2658/1983 356/2687/1982
f 354/2689/1980 355/2656/1981 356/2687/1982
f 353/2654/1979 355/2656/1981 354/2689/1980
f 354/2689/1980 352/2690/44 353/2654/1979
f 353/2654/1979 352/2690/44 351/2652/44
f 348/2674/1982 349/2688/1983 350/2672/1983
f 347/2687/1981 349/2688/1983 348/2674/1982
f 346/2676/1980 347/2687/1981 348/2674/1982
f 345/2689/1979 347/2687/1981 346/2676/1980
f 346/2676/1980 344/2678/44 345/2689/1979
f 345/2689/1979 344/2678/44 343/2690/44
f 342/2733/2026 340/2734/2026 341/2735/2026
f 341/2735/2026 340/2734/2026 339/2736/2026
f 338/2737/2026 336/2738/2026 337/2739/2026
f 337/2739/2026 336/2738/2026 335/2740/2026
f 334/2741/2026 332/2742/2026 333/2743/2026
f 333/2743/2026 332/2742/2026 331/2744/2026
f 330/2745/2027 328/2742/2027 329/2746/2027
f 329/2746/2027 328/2742/2027 327/2744/2027
f 326/2745/2027 324/2742/2027 325/2746/2027
f 325/2746/2027 324/2742/2027 323/2744/2027
f 322/2747/2027 320/2742/2027 321/2748/2027
f 321/2748/2027 320/2742/2027 319/2744/2027
f 318/2749/2028 316/2750/2028 317/2751/2028
f 317/2751/2028 316/2750/2028 315/2752/2028
f 314/2753/2028 312/2750/2028 313/2754/2028
f 313/2754/2028 312/2750/2028 311/2752/2028
f 310/2755/141 308/2756/141 309/2757/141
f 309/2757/141 308/2756/141 307/2758/141
f 306/2759/141 304/2750/141 305/2760/141
f 305/2760/141 304/2750/141 303/2752/141
f 302/2761/44 300/2738/44 301/2762/44
f 301/2762/44 300/2738/44 299/2740/44
f 298/2763/44 296/2764/44 297/2765/44
f 297/2765/44 296/2764/44 295/2766/44
f 294/2733/44 292/2734/44 293/2735/44
f 293/2735/44 292/2734/44 291/2736/44
f 290/2767/86 288/2768/86 289/2769/86
f 289/2769/86 288/2768/86 287/2770/86
f 286/2771/86 284/2772/86 285/2773/86
f 285/2773/86 284/2772/86 283/2774/86
f 282/2755/86 280/2750/86 281/2757/86
f 281/2757/86 280/2750/86 279/2752/86
f 278/2775/134 276/2776/134 277/2777/134
f 277/2777/134 276/2776/134 275/2778/134
f 274/2755/134 272/2779/134 273/2757/134
f 273/2757/134 272/2779/134 271/2780/134
f 270/2781/134 268/2750/134 269/2782/134
f 269/2782/134 268/2750/134 267/2752/134
f 266/2755/134 264/2750/134 265/2757/134
f 265/2757/134 264/2750/134 263/2752/134
f 262/2741/44 260/2742/44 261/2743/44
f 261/2743/44 260/2742/44 259/2744/44
f 258/2775/141 256/2776/141 257/2777/141
f 257/2777/141 256/2776/141 255/2778/141
f 254/2755/141 252/2779/141 253/2757/141
f 253/2757/141 252/2779/141 251/2780/141
f 250/2755/44 248/2750/44 249/2757/44
f 249/2757/44 248/2750/44 247/2752/44
f 246/2783/44 244/2784/44 245/2785/44
f 245/2785/44 244/2784/44 243/2786/44
f 242/2787/44 240/2788/44 241/2789/44
f 241/2789/44 240/2788/44 239/2790/44
f 237/2791/259 236/2792/2029 238/2793/163
f 235/2794/2030 236/2792/2029 237/2791/259
f 235/2794/2030 234/2795/2031 236/2792/2029
f 233/2796/2032 234/2795/2031 235/2794/2030
f 233/2796/2032 232/2797/2033 234/2795/2031
f 231/2798/2034 232/2797/2033 233/2796/2032
f 232/2797/2033 231/2798/2034 230/2799/174
f 230/2799/174 231/2798/2034 229/2800/249
f 229/2800/249 228/2801/176 230/2799/174
f 227/2802/2035 228/2801/176 229/2800/249
f 227/2802/2035 225/2803/2036 228/2801/176
f 226/2804/247 225/2803/2036 227/2802/2035
f 224/2805/2037 225/2803/2036 226/2804/247
f 223/2806/2038 225/2803/2036 224/2805/2037
f 222/2807/2039 223/2806/2038 224/2805/2037
f 221/2808/2040 223/2806/2038 222/2807/2039
f 220/2809/2041 221/2808/2040 222/2807/2039
f 219/2810/2042 221/2808/2040 220/2809/2041
f 220/2809/2041 218/2811/245 219/2810/2042
f 219/2810/2042 218/2811/245 217/2812/156
f 216/2813/2043 215/2814/2044 213/2815/2045
f 213/2815/2045 215/2814/2044 214/2816/94
f 214/2816/94 212/2817/2046 213/2815/2045
f 213/2815/2045 212/2817/2046 211/2818/2047
f 212/2817/2046 209/2819/2048 211/2818/2047
f 211/2818/2047 209/2819/2048 210/2820/2049
f 209/2819/2048 208/2821/2050 210/2820/2049
f 206/2822/2051 208/2821/2050 209/2819/2048
f 208/2821/2050 206/2822/2051 207/2823/2052
f 207/2823/2052 206/2822/2051 205/2824/87
f 204/2825/982 203/2826/982 200/2827/2053
f 203/2826/982 202/2828/982 200/2827/2053
f 202/2828/982 201/2828/982 200/2827/2053
f 201/2828/982 199/2828/2054 200/2827/2053
f 200/2827/2053 199/2828/2054 197/2828/982
f 199/2828/2054 198/2828/982 197/2828/982
f 196/2829/86 194/2830/86 195/2831/86
f 195/2831/86 194/2830/86 193/2832/86
f 194/2830/86 192/2833/86 193/2832/86
f 193/2832/86 192/2833/86 191/2834/86
f 192/2833/86 189/2835/86 191/2834/86
f 191/2834/86 189/2835/86 190/2836/86
f 189/2835/86 188/2837/86 190/2836/86
f 186/2838/86 188/2837/86 189/2835/86
f 188/2837/86 186/2838/86 187/2839/86
f 187/2839/86 186/2838/86 185/2840/86
f 184/2620/1960 183/2639/1961 181/2622/1974
f 181/2622/1974 183/2639/1961 182/2641/1963
f 182/2641/1963 180/2644/1964 181/2622/1974
f 181/2622/1974 180/2644/1964 179/2623/1965
f 180/2644/1964 178/2646/1966 179/2623/1965
f 179/2623/1965 178/2646/1966 177/2625/1967
f 176/2841/2055 174/2842/2055 175/2843/2055
f 175/2843/2055 174/2842/2055 173/2844/2055
f 174/2842/2055 172/2742/2055 173/2844/2055
f 173/2844/2055 172/2742/2055 171/2744/2055
f 168/2671/1982 169/2672/1983 170/2673/1983
f 167/2674/1981 169/2672/1983 168/2671/1982
f 166/2675/1980 167/2674/1981 168/2671/1982
f 165/2676/1979 167/2674/1981 166/2675/1980
f 166/2675/1980 164/2677/44 165/2676/1979
f 165/2676/1979 164/2677/44 163/2678/44
f 162/2845/2056 160/2700/2057 161/2846/2058
f 161/2846/2058 160/2700/2057 159/2699/744
f 158/2718/415 156/2717/2059 157/2846/2060
f 157/2846/2060 156/2717/2059 155/2845/2061
f 154/2847/2062 152/2848/2063 153/2849/2064
f 153/2849/2064 152/2848/2063 151/2850/2065
f 150/2851/2066 148/2852/2067 149/2813/2068
f 149/2813/2068 148/2852/2067 147/2814/2069
f 146/2853/1651 144/2852/2070 145/2854/1432
f 145/2854/1432 144/2852/2070 143/2851/2071
f 142/2811/2072 140/2848/2073 141/2812/2074
f 141/2812/2074 140/2848/2073 139/2847/1
f 138/2855/480 136/2856/44 137/2857/2075
f 137/2857/2075 136/2856/44 135/2858/44
f 134/2859/86 132/2860/86 133/2861/86
f 133/2861/86 132/2860/86 131/2862/86
f 130/2863/480 128/2860/44 129/2864/2075
f 129/2864/2075 128/2860/44 127/2859/44
f 126/2865/86 124/2866/86 125/2867/86
f 125/2867/86 124/2866/86 123/2868/86
f 122/2869/480 120/2866/44 121/2870/2076
f 121/2870/2076 120/2866/44 119/2865/44
f 118/2871/86 116/2872/86 117/2873/86
f 117/2873/86 116/2872/86 115/2874/86
f 114/2875/2077 112/2872/44 113/2876/2075
f 113/2876/2075 112/2872/44 111/2871/44
f 110/2877/2077 108/2878/44 109/2879/2078
f 109/2879/2078 108/2878/44 107/2880/44
f 106/2880/86 104/2878/86 105/2881/86
f 105/2881/86 104/2878/86 103/2882/86
f 102/2883/480 100/2884/44 101/2885/2075
f 101/2885/2075 100/2884/44 99/2886/44
f 98/2886/86 96/2884/86 97/2887/86
f 97/2887/86 96/2884/86 95/2888/86
f 94/2889/480 92/2890/44 93/2891/2075
f 93/2891/2075 92/2890/44 91/2892/44
f 90/2892/86 88/2890/86 89/2893/86
f 89/2893/86 88/2890/86 87/2894/86
f 86/2895/480 84/2896/44 85/2897/2076
f 85/2897/2076 84/2896/44 83/2898/44
f 82/2898/86 80/2896/86 81/2899/86
f 81/2899/86 80/2896/86 79/2900/86
f 78/2901/480 76/2902/44 77/2903/2075
f 77/2903/2075 76/2902/44 75/2904/44
f 74/2904/86 72/2902/86 73/2905/86
f 73/2905/86 72/2902/86 71/2906/86
f 70/2907/479 68/2908/44 69/2909/2075
f 69/2909/2075 68/2908/44 67/2910/44
f 40/2911/2079 65/2912/2080 66/2913/1466
f 66/2913/1466 65/2912/2080 64/2914/2081
f 65/2912/2080 62/2915/2082 64/2914/2081
f 64/2914/2081 62/2915/2082 63/2916/1470
f 63/2916/1470 62/2915/2082 60/2917/1725
f 60/2917/1725 62/2915/2082 61/2918/2083
f 61/2918/2083 57/2919/756 60/2917/1725
f 60/2917/1725 57/2919/756 59/2920/2084
f 59/2920/2084 57/2919/756 58/2921/2085
f 58/2921/2085 57/2919/756 56/2922/754
f 55/2853/2086 54/2854/2087 53/2923/96
f 53/2923/96 54/2854/2087 50/2924/2088
f 51/2925/2089 53/2923/96 50/2924/2088
f 50/2924/2088 52/2926/2090 51/2925/2089
f 50/2924/2091 43/2927/767 49/2926/1482
f 49/2926/1482 43/2927/767 48/2928/2092
f 46/2929/2093 42/2930/2094 47/2931/1477
f 45/2932/2095 42/2930/2094 46/2929/2093
f 46/2929/2093 44/2928/1475 45/2932/2095
f 45/2932/2095 44/2928/1475 43/2927/2096
f 42/2930/763 40/2911/2079 41/2931/1468
f 41/2931/1468 40/2911/2079 39/2913/2097
f 26/2933/163 37/2934/2098 38/2935/2099
f 38/2935/2099 37/2934/2098 36/2936/2100
f 35/2937/2101 36/2936/2100 37/2934/2098
f 34/2938/2102 36/2936/2100 35/2937/2101
f 33/2939/1766 34/2938/2102 35/2937/2101
f 31/2940/2103 34/2938/2102 33/2939/1766
f 30/2849/156 31/2940/2103 33/2939/1766
f 32/2850/1739 31/2940/2103 30/2849/156
f 29/2941/2104 21/2942/2105 27/2943/1746
f 27/2943/1746 21/2942/2105 28/2944/2106
f 28/2944/2106 26/2933/163 27/2943/1746
f 27/2943/1746 26/2933/163 25/2935/2107
f 24/2921/2108 22/2922/2109 23/2941/2110
f 23/2941/2110 22/2922/2109 21/2942/2105
f 20/2840/1830 18/2945/1830 19/2839/1830
f 19/2839/1830 18/2945/1830 17/2946/1830
f 16/2947/86 14/2948/86 15/2949/86
f 15/2949/86 14/2948/86 13/2950/86
f 12/2951/480 10/2948/44 11/2952/2075
f 11/2952/2075 10/2948/44 9/2947/44
f 8/2858/86 6/2856/86 7/2953/86
f 7/2953/86 6/2856/86 5/2954/86
f 4/2910/86 2/2908/86 3/2955/86
f 3/2955/86 2/2908/86 1/2956/86
usemtl metal.001
f 2958/773/662 2956/774/663 2957/775/664
f 2957/775/664 2956/774/663 2951/776/665
f 2956/774/663 2955/777/666 2951/776/665
f 2955/777/666 2954/778/667 2951/776/665
f 2954/778/667 2953/779/668 2951/776/665
f 2953/779/668 2952/780/669 2951/776/665
f 2950/781/83 2949/782/83 2947/783/83
f 2946/784/83 2947/783/83 2949/782/83
f 2948/785/83 2947/783/83 2946/784/83
f 2945/786/662 2943/787/670 2944/788/671
f 2944/788/671 2943/787/670 2938/789/665
f 2943/787/670 2942/790/666 2938/789/665
f 2942/790/666 2941/791/667 2938/789/665
f 2941/791/667 2940/792/668 2938/789/665
f 2940/792/668 2939/793/669 2938/789/665
f 2937/794/662 2935/795/670 2936/796/672
f 2936/796/672 2935/795/670 2930/797/665
f 2935/795/670 2934/798/666 2930/797/665
f 2934/798/666 2933/799/667 2930/797/665
f 2933/799/667 2932/800/668 2930/797/665
f 2932/800/668 2931/801/669 2930/797/665
f 2929/802/662 2927/803/670 2928/804/671
f 2928/804/671 2927/803/670 2922/805/665
f 2927/803/670 2926/806/666 2922/805/665
f 2926/806/666 2925/807/667 2922/805/665
f 2925/807/667 2924/808/668 2922/805/665
f 2924/808/668 2923/809/669 2922/805/665
f 2921/810/662 2919/811/670 2920/812/672
f 2920/812/672 2919/811/670 2914/813/665
f 2919/811/670 2918/814/666 2914/813/665
f 2918/814/666 2917/815/667 2914/813/665
f 2917/815/667 2916/816/668 2914/813/665
f 2916/816/668 2915/817/669 2914/813/665
f 2913/818/662 2911/819/670 2912/820/671
f 2912/820/671 2911/819/670 2906/821/665
f 2911/819/670 2910/822/666 2906/821/665
f 2910/822/666 2909/823/667 2906/821/665
f 2909/823/667 2908/824/673 2906/821/665
f 2908/824/673 2907/825/669 2906/821/665
f 2905/132/49 2903/826/49 2904/130/49
f 2904/130/49 2903/826/49 2902/827/49
f 2901/828/134 2899/826/134 2900/829/134
f 2900/829/134 2899/826/134 2898/782/134
f 2897/266/49 2895/830/49 2896/264/49
f 2896/264/49 2895/830/49 2894/831/49
f 2893/832/134 2891/830/134 2892/833/134
f 2892/833/134 2891/830/134 2890/834/134
f 2889/334/49 2887/835/49 2888/332/49
f 2888/332/49 2887/835/49 2886/836/49
f 2885/837/134 2883/835/134 2884/838/134
f 2884/838/134 2883/835/134 2882/839/134
f 2881/840/662 2879/841/670 2880/842/674
f 2880/842/674 2879/841/670 2874/843/665
f 2879/841/670 2878/844/666 2874/843/665
f 2878/844/666 2877/845/667 2874/843/665
f 2877/845/667 2876/846/675 2874/843/665
f 2876/846/675 2875/847/669 2874/843/665
f 2873/848/49 2872/849/49 2871/850/49
f 2872/849/49 2870/851/49 2871/850/49
f 2871/850/49 2870/851/49 2869/852/49
f 2868/853/662 2866/854/670 2867/855/672
f 2867/855/672 2866/854/670 2861/856/665
f 2866/854/670 2865/857/666 2861/856/665
f 2865/857/666 2864/858/667 2861/856/665
f 2864/858/667 2863/859/675 2861/856/665
f 2863/859/675 2862/860/669 2861/856/665
f 2860/861/49 2859/862/49 2858/863/49
f 2859/862/49 2857/864/49 2858/863/49
f 2858/863/49 2857/864/49 2856/865/49
f 2854/60/676 2852/866/677 2855/867/678
f 2853/58/679 2852/866/677 2854/60/676
f 2853/58/679 2851/56/679 2852/866/677
f 2852/866/677 2851/56/679 2850/868/679
f 2851/56/679 2849/7/679 2850/868/679
f 2850/868/679 2849/7/679 2848/869/679
f 2845/870/680 2846/100/676 2847/871/681
f 2844/102/680 2846/100/676 2845/870/680
f 2845/870/680 2843/872/680 2844/102/680
f 2844/102/680 2843/872/680 2842/50/680
f 2841/873/49 2840/874/49 2839/875/49
f 2840/874/49 2838/876/49 2839/875/49
f 2839/875/49 2838/876/49 2837/877/49
f 2836/878/662 2834/879/670 2835/880/674
f 2835/880/674 2834/879/670 2829/881/665
f 2834/879/670 2833/882/666 2829/881/665
f 2833/882/666 2832/883/667 2829/881/665
f 2832/883/667 2831/884/675 2829/881/665
f 2831/884/675 2830/885/669 2829/881/665
f 2828/886/49 2827/887/49 2826/888/49
f 2827/887/49 2825/889/49 2826/888/49
f 2826/888/49 2825/889/49 2824/890/49
f 2823/27/682 2822/891/683 2820/367/684
f 2820/367/684 2822/891/683 2821/892/685
f 2821/892/685 2819/893/686 2820/367/684
f 2820/367/684 2819/893/686 2818/368/687
f 2817/894/688 2818/368/687 2819/893/686
f 2816/371/689 2818/368/687 2817/894/688
f 2815/895/690 2816/371/689 2817/894/688
f 2814/373/691 2816/371/689 2815/895/690
f 2815/895/690 2813/896/692 2814/373/691
f 2814/373/691 2813/896/692 2812/374/693
f 2813/896/692 2811/897/694 2812/374/693
f 2812/374/693 2811/897/694 2810/376/695
f 2811/897/694 2809/898/696 2810/376/695
f 2810/376/695 2809/898/696 2808/378/697
f 2809/898/696 2807/899/698 2808/378/697
f 2808/378/697 2807/899/698 2806/12/699
f 2805/900/49 2804/901/49 2803/902/49
f 2804/901/49 2802/903/49 2803/902/49
f 2803/902/49 2802/903/49 2801/904/49
f 2800/905/662 2798/906/670 2799/907/672
f 2799/907/672 2798/906/670 2793/908/665
f 2798/906/670 2797/909/666 2793/908/665
f 2797/909/666 2796/910/667 2793/908/665
f 2796/910/667 2795/911/700 2793/908/665
f 2795/911/700 2794/912/669 2793/908/665
f 2792/913/701 2790/914/702 2791/915/703
f 2791/915/703 2790/914/702 2789/916/704
f 2790/914/702 2788/917/705 2789/916/704
f 2789/916/704 2788/917/705 2787/918/706
f 2788/917/705 2786/919/707 2787/918/706
f 2787/918/706 2786/919/707 2785/920/708
f 2786/919/707 1358/921/97 2785/920/708
f 2785/920/708 1358/921/97 2784/922/709
f 2783/923/49 2782/924/49 2781/925/49
f 2782/924/49 2780/926/49 2781/925/49
f 2781/925/49 2780/926/49 2779/927/49
f 2778/928/662 2776/929/670 2777/930/674
f 2777/930/674 2776/929/670 2771/931/665
f 2776/929/670 2775/932/666 2771/931/665
f 2775/932/666 2774/933/667 2771/931/665
f 2774/933/667 2773/934/668 2771/931/665
f 2773/934/668 2772/935/669 2771/931/665
f 2770/936/49 2769/937/49 2768/938/49
f 2769/937/49 2767/939/49 2768/938/49
f 2768/938/49 2767/939/49 2766/940/49
f 2765/941/710 2764/942/710 2762/943/711
f 2762/943/711 2764/942/710 2763/944/712
f 2763/944/712 2761/945/713 2762/943/711
f 2762/943/711 2761/945/713 2760/946/714
f 2761/945/713 2759/947/715 2760/946/714
f 2760/946/714 2759/947/715 2758/948/716
f 2759/947/715 2757/949/717 2758/948/716
f 2758/948/716 2757/949/717 2756/950/718
f 2753/951/719 2754/38/720 2755/952/721
f 2752/36/722 2754/38/720 2753/951/719
f 2753/951/719 2751/953/723 2752/36/722
f 2752/36/722 2751/953/723 2750/34/724
f 2751/953/723 2749/954/725 2750/34/724
f 2750/34/724 2749/954/725 2748/32/726
f 2747/38/727 2745/425/728 2746/952/729
f 2746/952/729 2745/425/728 2744/955/730
f 2745/425/728 2743/426/731 2744/955/730
f 2744/955/730 2743/426/731 2742/956/732
f 2743/426/731 2741/427/733 2742/956/732
f 2742/956/732 2741/427/733 2740/957/734
f 2739/428/735 2740/957/734 2741/427/733
f 2738/958/736 2740/957/734 2739/428/735
f 2739/428/735 2737/429/737 2738/958/736
f 2738/958/736 2737/429/737 2736/959/738
f 2737/429/737 2735/430/739 2736/959/738
f 2736/959/738 2735/430/739 2734/960/740
f 2735/430/739 2733/431/741 2734/960/740
f 2734/960/740 2733/431/741 2732/961/742
f 2733/431/741 2731/432/743 2732/961/742
f 2732/961/742 2731/432/743 2730/962/744
f 2729/963/49 2728/964/49 2727/965/49
f 2728/964/49 2726/966/49 2727/965/49
f 2727/965/49 2726/966/49 2725/967/49
f 2724/968/662 2722/969/670 2723/970/671
f 2723/970/671 2722/969/670 2717/971/665
f 2722/969/670 2721/972/666 2717/971/665
f 2721/972/666 2720/973/667 2717/971/665
f 2720/973/667 2719/974/668 2717/971/665
f 2719/974/668 2718/975/669 2717/971/665
f 2716/976/49 2715/977/49 2714/978/49
f 2715/977/49 2713/979/49 2714/978/49
f 2714/978/49 2713/979/49 2712/980/49
f 2710/981/745 2708/982/746 2711/983/747
f 2709/984/748 2708/982/746 2710/981/745
f 2709/984/748 2707/985/749 2708/982/746
f 2708/982/746 2707/985/749 2706/986/750
f 2705/987/49 2704/988/49 2703/989/49
f 2704/988/49 2702/990/49 2703/989/49
f 2703/989/49 2702/990/49 2701/991/49
f 2699/992/751 2698/891/752 2700/993/753
f 2697/994/754 2698/891/752 2699/992/751
f 2698/891/752 2697/994/754 2695/892/755
f 2695/892/755 2697/994/754 2696/995/756
f 2696/995/756 2694/996/757 2695/892/755
f 2695/892/755 2694/996/757 2693/893/433
f 2694/996/757 2692/997/758 2693/893/433
f 2693/893/433 2692/997/758 2691/894/433
f 2692/997/758 2690/998/759 2691/894/433
f 2691/894/433 2690/998/759 2689/895/760
f 2688/999/761 2689/895/760 2690/998/759
f 2687/896/762 2689/895/760 2688/999/761
f 2686/1000/763 2687/896/762 2688/999/761
f 2685/897/764 2687/896/762 2686/1000/763
f 2684/1001/765 2685/897/764 2686/1000/763
f 2683/898/766 2685/897/764 2684/1001/765
f 2684/1001/765 2682/1002/424 2683/898/766
f 2683/898/766 2682/1002/424 2680/899/767
f 2679/1003/768 2680/899/767 2682/1002/424
f 2681/1004/769 2680/899/767 2679/1003/768
f 2678/1005/49 2677/1006/49 2676/1007/49
f 2677/1006/49 2675/1008/49 2676/1007/49
f 2676/1007/49 2675/1008/49 2674/1009/49
f 2673/1010/662 2671/1011/670 2672/1012/672
f 2672/1012/672 2671/1011/670 2666/1013/665
f 2671/1011/670 2670/1014/666 2666/1013/665
f 2670/1014/666 2669/1015/667 2666/1013/665
f 2669/1015/667 2668/1016/668 2666/1013/665
f 2668/1016/668 2667/1017/669 2666/1013/665
f 2665/1018/49 2664/1019/49 2663/1020/49
f 2664/1019/49 2662/1021/49 2663/1020/49
f 2663/1020/49 2662/1021/49 2661/1022/49
f 2660/1023/770 2637/1024/771 2638/1025/772
f 2638/1025/772 2659/1026/773 2660/1023/770
f 2660/1023/770 2659/1026/773 1931/1027/774
f 2659/1026/773 2658/1028/775 1931/1027/774
f 1931/1027/774 2658/1028/775 1934/1029/776
f 2658/1028/775 2656/1030/777 1934/1029/776
f 1934/1029/776 2656/1030/777 2657/1031/778
f 2657/1031/778 2656/1030/777 1937/1032/44
f 1937/1032/44 2656/1030/777 2655/1033/779
f 1937/1032/44 2655/1033/779 1939/1034/44
f 1939/1034/44 2655/1033/779 2654/1035/780
f 2654/1035/780 1940/1036/44 1939/1034/44
f 2653/1037/781 1940/1036/44 2654/1035/780
f 2653/1037/781 2652/1038/782 1940/1036/44
f 1940/1036/44 2652/1038/782 1941/1039/783
f 2652/1038/782 2651/1040/784 1941/1039/783
f 1941/1039/783 2651/1040/784 1966/1041/785
f 1965/1042/786 1966/1041/785 2651/1040/784
f 1861/1043/787 1862/1044/788 2650/1045/789
f 2650/1045/789 2648/1046/545 1861/1043/787
f 1861/1043/787 2648/1046/545 2649/1047/553
f 2648/1046/545 1883/1048/552 2649/1047/553
f 2647/1049/790 1883/1048/552 2648/1046/545
f 2647/1049/790 2645/1050/791 1883/1048/552
f 2646/1051/792 2645/1050/791 2647/1049/790
f 2644/1052/793 2645/1050/791 2646/1051/792
f 1887/1053/141 2645/1050/791 2644/1052/793
f 2643/1054/793 1887/1053/141 2644/1052/793
f 1918/1055/141 1887/1053/141 2643/1054/793
f 2643/1054/793 2642/1056/794 1918/1055/141
f 1918/1055/141 2642/1056/794 2641/1057/795
f 2642/1056/794 2640/1058/796 2641/1057/795
f 2641/1057/795 2640/1058/796 2639/1059/797
f 2636/1060/798 2639/1059/797 2640/1058/796
f 2637/1024/771 2639/1059/797 2636/1060/798
f 2638/1025/772 2637/1024/771 2636/1060/798
f 2634/1061/799 2632/1062/800 2635/1063/801
f 2633/1064/802 2632/1062/800 2634/1061/799
f 2631/1065/803 2632/1062/800 2633/1064/802
f 2630/1066/804 2632/1062/800 2631/1065/803
f 2631/1065/803 2629/1067/805 2630/1066/804
f 2630/1066/804 2629/1067/805 2628/1068/806
f 2629/1067/805 2627/1069/807 2628/1068/806
f 2628/1068/806 2627/1069/807 2626/1070/808
f 2625/1071/809 2626/1070/808 2627/1069/807
f 2624/1072/810 2626/1070/808 2625/1071/809
f 2623/1073/811 2624/1072/810 2625/1071/809
f 2622/1074/812 2624/1072/810 2623/1073/811
f 2621/1075/813 2622/1074/812 2623/1073/811
f 2620/1076/814 2622/1074/812 2621/1075/813
f 2621/1075/813 2617/1077/815 2620/1076/814
f 2620/1076/814 2617/1077/815 2619/655/815
f 2619/655/815 2617/1077/815 2618/649/816
f 2618/649/816 2617/1077/815 2616/1078/816
f 2615/1079/49 2614/1080/49 2613/1081/49
f 2614/1080/49 2612/1082/49 2613/1081/49
f 2613/1081/49 2612/1082/49 2611/1083/49
f 2610/1084/817 2609/1085/818 1594/1086/819
f 1594/1086/819 2609/1085/818 2608/1087/820
f 2609/1085/818 2607/1088/821 2608/1087/820
f 2608/1087/820 2607/1088/821 2606/1089/822
f 2607/1088/821 1601/1090/823 2606/1089/822
f 2606/1089/822 1601/1090/823 2605/1091/824
f 1622/1092/825 2605/1091/824 1601/1090/823
f 2604/1093/826 2605/1091/824 1622/1092/825
f 2604/1093/826 1622/1092/825 2603/1094/827
f 2603/1094/827 1622/1092/825 2602/1095/828
f 2603/1094/827 2602/1095/828 2601/1096/829
f 2601/1096/829 2602/1095/828 2599/1097/830
f 2599/1097/830 2600/1098/831 2601/1096/829
f 1617/1099/832 2600/1098/831 2599/1097/830
f 2598/1100/49 2597/1101/49 2596/1102/49
f 2597/1101/49 2595/1103/49 2596/1102/49
f 2596/1102/49 2595/1103/49 2594/1104/49
f 2592/1105/833 2593/1106/834 1983/1107/835
f 2591/1108/836 2593/1106/834 2592/1105/833
f 2592/1105/833 2590/1109/837 2591/1108/836
f 2591/1108/836 2590/1109/837 2589/1110/786
f 2590/1109/837 2487/1111/838 2589/1110/786
f 2589/1110/786 2487/1111/838 2588/1112/839
f 2487/1111/838 2488/1113/840 2588/1112/839
f 2587/1114/841 2586/1115/842 2585/1116/843
f 2586/1115/842 2582/1117/844 2585/1116/843
f 2585/1116/843 2582/1117/844 2584/1118/845
f 2584/1118/845 2582/1117/844 2583/1119/846
f 2583/1119/846 2582/1117/844 2580/1120/847
f 2582/1117/844 2581/1121/848 2580/1120/847
f 2579/1122/841 2578/1123/842 2577/1124/843
f 2578/1123/842 2574/1125/849 2577/1124/843
f 2577/1124/843 2574/1125/849 2576/1126/845
f 2576/1126/845 2574/1125/849 2575/1127/846
f 2575/1127/846 2574/1125/849 2572/1128/850
f 2574/1125/849 2573/1129/848 2572/1128/850
f 2571/1130/841 2570/1131/842 2569/1132/843
f 2570/1131/842 2566/1133/844 2569/1132/843
f 2569/1132/843 2566/1133/844 2568/1134/845
f 2568/1134/845 2566/1133/844 2567/1135/846
f 2567/1135/846 2566/1133/844 2564/1136/847
f 2566/1133/844 2565/1137/848 2564/1136/847
f 2563/1138/841 2562/1139/842 2561/1140/843
f 2562/1139/842 2558/1141/844 2561/1140/843
f 2561/1140/843 2558/1141/844 2560/1142/845
f 2560/1142/845 2558/1141/844 2559/1143/846
f 2559/1143/846 2558/1141/844 2556/1144/850
f 2558/1141/844 2557/1145/848 2556/1144/850
f 2555/993/851 2554/29/852 2553/1146/853
f 2553/1146/853 2554/29/852 2552/120/854
f 2552/120/854 2550/1147/855 2553/1146/853
f 2551/123/856 2550/1147/855 2552/120/854
f 2551/123/856 2549/124/857 2550/1147/855
f 2550/1147/855 2549/124/857 2548/1148/858
f 2547/127/859 2548/1148/858 2549/124/857
f 2546/1149/860 2548/1148/858 2547/127/859
f 2542/129/861 2546/1149/860 2547/127/859
f 2545/1150/862 2546/1149/860 2542/129/861
f 2542/129/861 2543/1151/863 2545/1150/862
f 2544/2/864 2543/1151/863 2542/129/861
f 2541/1152/841 2540/1153/842 2539/1154/843
f 2540/1153/842 2536/1155/865 2539/1154/843
f 2539/1154/843 2536/1155/865 2538/1156/845
f 2538/1156/845 2536/1155/865 2537/1157/846
f 2537/1157/846 2536/1155/865 2534/1158/850
f 2536/1155/865 2535/1159/848 2534/1158/850
f 2533/1160/841 2532/1161/842 2531/1162/843
f 2532/1161/842 2528/1163/844 2531/1162/843
f 2531/1162/843 2528/1163/844 2530/1164/845
f 2530/1164/845 2528/1163/844 2529/1165/846
f 2529/1165/846 2528/1163/844 2526/1166/850
f 2528/1163/844 2527/1167/848 2526/1166/850
f 2525/1168/841 2524/1169/842 2523/1170/843
f 2524/1169/842 2520/1171/844 2523/1170/843
f 2523/1170/843 2520/1171/844 2522/1172/845
f 2522/1172/845 2520/1171/844 2521/1173/846
f 2521/1173/846 2520/1171/844 2518/1174/850
f 2520/1171/844 2519/1175/848 2518/1174/850
f 2517/1176/841 2516/1177/842 2515/1178/843
f 2516/1177/842 2512/1179/844 2515/1178/843
f 2515/1178/843 2512/1179/844 2514/1180/845
f 2514/1180/845 2512/1179/844 2513/1181/846
f 2513/1181/846 2512/1179/844 2510/1182/850
f 2512/1179/844 2511/1183/848 2510/1182/850
f 2509/1184/841 2508/1185/842 2507/1186/843
f 2508/1185/842 2504/1187/844 2507/1186/843
f 2507/1186/843 2504/1187/844 2506/1188/845
f 2506/1188/845 2504/1187/844 2505/1189/846
f 2505/1189/846 2504/1187/844 2502/1190/866
f 2504/1187/844 2503/1191/848 2502/1190/866
f 1819/1192/44 1821/1193/44 2501/1194/867
f 2501/1194/867 1821/1193/44 2500/1195/868
f 1819/1192/44 2499/1194/869 2498/1196/870
f 2497/1197/632 1819/1192/44 2498/1196/870
f 1819/1192/44 2497/1197/632 1817/1198/44
f 1817/1198/44 2497/1197/632 2496/1199/632
f 1817/1198/44 2496/1199/632 1816/1200/44
f 1816/1200/44 2496/1199/632 2495/1201/871
f 2495/1201/871 2494/1202/872 1816/1200/44
f 1816/1200/44 2494/1202/872 2493/1203/44
f 1816/1200/44 2493/1203/44 1815/1204/44
f 2493/1203/44 2491/1205/44 1815/1204/44
f 2494/1202/872 2492/1206/873 2493/1203/44
f 2493/1203/44 2492/1206/873 2491/1205/44
f 2492/1206/873 2490/1207/874 2491/1205/44
f 2474/1208/44 1815/1204/44 2491/1205/44
f 2491/1205/44 2490/1207/874 2474/1208/44
f 2474/1208/44 2490/1207/874 2473/1209/875
f 2490/1207/874 2489/1210/876 2473/1209/875
f 2489/1210/876 2488/1113/840 2473/1209/875
f 2473/1209/875 2488/1113/840 2487/1111/838
f 2471/1211/838 2473/1209/875 2487/1111/838
f 2486/1109/877 2471/1211/838 2487/1111/838
f 2485/1212/837 2471/1211/838 2486/1109/877
f 2484/1105/878 2485/1212/837 2486/1109/877
f 2481/1213/879 2485/1212/837 2484/1105/878
f 2484/1105/878 1983/1107/835 2481/1213/879
f 2481/1213/879 1983/1107/835 1984/1214/835
f 1984/1214/835 2483/1215/880 2481/1213/879
f 2481/1213/879 2483/1215/880 2482/1216/881
f 2482/1216/881 2480/1217/882 2481/1213/879
f 2481/1213/879 2480/1217/882 2472/1212/883
f 2480/1217/882 2470/1218/884 2472/1212/883
f 1798/1219/885 2479/1220/886 1800/1221/887
f 1829/1222/44 2479/1220/886 1798/1219/885
f 1829/1222/44 2478/1223/888 2479/1220/886
f 1822/1224/44 2478/1223/888 1829/1222/44
f 2477/1225/889 2478/1223/888 1822/1224/44
f 2477/1225/889 1822/1224/44 2476/1226/890
f 2476/1226/890 1822/1224/44 1820/1227/44
f 1818/1228/44 2476/1226/890 1820/1227/44
f 2475/1229/891 2476/1226/890 1818/1228/44
f 1818/1228/44 2466/1230/892 2475/1229/891
f 1815/1204/44 2466/1230/892 1818/1228/44
f 2465/1231/44 2466/1230/892 1815/1204/44
f 2465/1231/44 1815/1204/44 2474/1208/44
f 2469/1232/893 2465/1231/44 2474/1208/44
f 2473/1209/875 2469/1232/893 2474/1208/44
f 2469/1232/893 2473/1209/875 2471/1211/838
f 2470/1218/884 2469/1232/893 2471/1211/838
f 2472/1212/883 2470/1218/884 2471/1211/838
f 2468/1233/894 2469/1232/893 2470/1218/884
f 2468/1233/894 2465/1231/44 2469/1232/893
f 2467/1234/895 2465/1231/44 2468/1233/894
f 2467/1234/895 2466/1230/892 2465/1231/44
f 2464/1235/83 2462/1236/83 2463/1237/83
f 2463/1237/83 2462/1236/83 2460/1238/83
f 2462/1236/83 2461/1239/83 2460/1238/83
f 2459/1240/841 2458/1241/842 2457/1242/843
f 2458/1241/842 2454/1243/865 2457/1242/843
f 2457/1242/843 2454/1243/865 2456/1244/845
f 2456/1244/845 2454/1243/865 2455/1245/846
f 2455/1245/846 2454/1243/865 2452/1246/850
f 2454/1243/865 2453/1247/848 2452/1246/850
f 2451/1248/841 2450/1249/842 2449/1250/843
f 2450/1249/842 2446/1251/865 2449/1250/843
f 2449/1250/843 2446/1251/865 2448/1252/845
f 2448/1252/845 2446/1251/865 2447/1253/846
f 2447/1253/846 2446/1251/865 2444/1254/896
f 2446/1251/865 2445/1255/848 2444/1254/896
f 2443/1256/841 2442/1257/842 2441/1258/843
f 2442/1257/842 2438/1259/865 2441/1258/843
f 2441/1258/843 2438/1259/865 2440/1260/845
f 2440/1260/845 2438/1259/865 2439/1261/846
f 2439/1261/846 2438/1259/865 2436/1262/850
f 2438/1259/865 2437/1263/848 2436/1262/850
f 2435/1264/841 2434/1265/842 2433/1266/843
f 2434/1265/842 2430/1267/865 2433/1266/843
f 2433/1266/843 2430/1267/865 2432/1268/845
f 2432/1268/845 2430/1267/865 2431/1269/846
f 2431/1269/846 2430/1267/865 2428/1270/866
f 2430/1267/865 2429/1271/848 2428/1270/866
f 2423/1272/897 2427/1273/898 2424/1274/899
f 2427/1273/898 2426/1275/900 2424/1274/899
f 2424/1274/899 2426/1275/900 2425/1276/901
f 1467/1277/902 2424/1274/899 2425/1276/901
f 1467/1277/902 1468/1278/903 2424/1274/899
f 1468/1278/903 1470/1279/904 2424/1274/899
f 1470/1279/904 2423/1272/897 2424/1274/899
f 1470/1279/904 1473/1280/905 2423/1272/897
f 2422/1281/83 2418/1282/83 2421/1283/83
f 2421/1283/83 2418/1282/83 2419/834/83
f 2420/1284/83 2419/834/83 2418/1282/83
f 2417/1285/83 2413/1286/83 2416/1287/83
f 2416/1287/83 2413/1286/83 2414/839/83
f 2415/1288/83 2414/839/83 2413/1286/83
f 2412/1289/83 2410/1290/83 2411/1291/83
f 2411/1291/83 2410/1290/83 2408/1292/83
f 2410/1290/83 2409/1293/83 2408/1292/83
f 2407/1294/83 2405/1295/83 2406/1296/83
f 2406/1296/83 2405/1295/83 2403/1297/83
f 2405/1295/83 2404/1298/83 2403/1297/83
f 2402/1299/83 2400/1300/83 2401/1301/83
f 2401/1301/83 2400/1300/83 2398/1302/83
f 2400/1300/83 2399/1303/83 2398/1302/83
f 2397/1304/83 2395/1305/83 2396/1306/83
f 2396/1306/83 2395/1305/83 2393/1307/83
f 2395/1305/83 2394/1308/83 2393/1307/83
f 2392/1309/83 2390/1310/83 2391/1311/83
f 2391/1311/83 2390/1310/83 2388/1312/83
f 2390/1310/83 2389/1313/83 2388/1312/83
f 2387/1314/83 2385/1315/83 2386/1316/83
f 2386/1316/83 2385/1315/83 2383/1317/83
f 2385/1315/83 2384/1318/83 2383/1317/83
f 2382/1319/83 2380/1320/83 2381/1321/83
f 2381/1321/83 2380/1320/83 2378/1322/83
f 2380/1320/83 2379/1323/83 2378/1322/83
f 2377/1324/83 2375/1325/83 2376/1326/83
f 2376/1326/83 2375/1325/83 2373/1327/83
f 2375/1325/83 2374/1328/83 2373/1327/83
f 2372/1329/83 2370/1330/83 2371/1331/83
f 2371/1331/83 2370/1330/83 2368/1332/83
f 2370/1330/83 2369/1333/83 2368/1332/83
f 2367/1334/83 2365/1335/83 2366/1336/83
f 2366/1336/83 2365/1335/83 2363/1337/83
f 2365/1335/83 2364/1338/83 2363/1337/83
f 2362/1339/83 2360/1340/83 2361/1341/83
f 2361/1341/83 2360/1340/83 2358/1342/83
f 2360/1340/83 2359/1343/83 2358/1342/83
f 2357/1344/83 2355/1345/83 2356/1346/83
f 2356/1346/83 2355/1345/83 2353/1347/83
f 2355/1345/83 2354/1348/83 2353/1347/83
f 2352/1349/83 2350/1350/83 2351/1351/83
f 2351/1351/83 2350/1350/83 2348/1352/83
f 2350/1350/83 2349/1353/83 2348/1352/83
f 2347/1354/83 2345/1355/83 2346/1356/83
f 2346/1356/83 2345/1355/83 2343/1357/83
f 2345/1355/83 2344/1358/83 2343/1357/83
f 682/1359/86 685/1360/86 2342/1361/906
f 2342/1361/906 685/1360/86 2341/1362/907
f 2341/1362/907 2340/1363/908 2342/1361/906
f 2335/1364/909 2340/1363/908 2341/1362/907
f 2340/1363/908 2335/1364/909 2339/1365/909
f 2339/1365/909 2335/1364/909 2338/1366/909
f 2338/1366/909 2335/1364/909 2337/1367/909
f 2337/1367/909 2335/1364/909 2336/1368/909
f 2336/1368/909 2335/1364/909 2333/1369/909
f 2335/1364/909 2334/1370/909 2333/1369/909
f 2332/1371/49 2331/1372/49 2330/1373/49
f 2331/1372/49 2329/1374/49 2330/1373/49
f 2330/1373/49 2329/1374/49 2328/1375/49
f 2327/640/49 2325/1376/49 2326/641/49
f 2326/641/49 2325/1376/49 2324/1377/49
f 2323/1378/134 2321/1376/134 2322/1379/134
f 2322/1379/134 2321/1376/134 2320/1380/134
f 2319/304/49 2317/1381/49 2318/305/49
f 2318/305/49 2317/1381/49 2316/1382/49
f 2315/1383/134 2313/1381/134 2314/1384/134
f 2314/1384/134 2313/1381/134 2312/1385/134
f 2311/170/49 2309/1386/49 2310/171/49
f 2310/171/49 2309/1386/49 2308/1387/49
f 2307/1388/134 2305/1386/134 2306/1389/134
f 2306/1389/134 2305/1386/134 2304/1390/134
f 2303/118/49 2301/1391/49 2302/119/49
f 2302/119/49 2301/1391/49 2300/1392/49
f 2299/1393/134 2297/1391/134 2298/1394/134
f 2298/1394/134 2297/1391/134 2296/1395/134
f 2295/91/49 2293/1396/49 2294/92/49
f 2294/92/49 2293/1396/49 2292/1397/49
f 2291/1398/134 2289/1396/134 2290/1399/134
f 2290/1399/134 2289/1396/134 2288/1400/134
f 2287/771/49 2285/1401/49 2286/772/49
f 2286/772/49 2285/1401/49 2284/1402/49
f 2283/1403/134 2281/1401/134 2282/1404/134
f 2282/1404/134 2281/1401/134 2280/1405/134
f 2278/1406/910 2279/1407/911 1936/1408/912
f 1936/1408/912 2279/1407/911 1933/1409/913
f 1932/1410/914 1933/1409/913 2279/1407/911
f 1932/1410/914 2279/1407/911 1952/1411/915
f 1952/1411/915 2279/1407/911 1950/1412/916
f 2279/1407/911 2278/1406/910 1950/1412/916
f 1950/1412/916 2278/1406/910 1947/1413/917
f 1947/1413/917 2278/1406/910 1945/1414/918
f 1945/1414/918 2278/1406/910 1943/1415/838
f 2278/1406/910 1936/1408/912 1943/1415/838
f 1943/1415/838 1936/1408/912 1938/1416/875
f 2276/1417/919 2275/1418/134 2277/1419/919
f 730/1420/134 2275/1418/134 2276/1417/919
f 2258/1421/134 2275/1418/134 730/1420/134
f 2274/1422/920 2272/1423/141 2273/1424/921
f 2273/1424/921 2271/1425/141 2255/1426/922
f 2273/1424/921 2272/1423/141 2271/1425/141
f 2271/1425/141 2272/1423/141 2270/1427/923
f 2255/1426/922 2271/1425/141 2254/1428/141
f 2271/1425/141 2252/959/141 2254/1428/141
f 2252/959/141 2271/1425/141 2270/1427/923
f 2269/958/924 2252/959/141 2270/1427/923
f 2268/1429/925 2269/958/924 2270/1427/923
f 2267/957/926 2269/958/924 2268/1429/925
f 2268/1429/925 2266/1430/927 2267/957/926
f 2267/957/926 2266/1430/927 2265/956/138
f 2266/1430/927 2264/1431/127 2265/956/138
f 2265/956/138 2264/1431/127 2263/955/127
f 2264/1431/127 2262/1432/928 2263/955/127
f 2263/955/127 2262/1432/928 2261/952/929
f 2262/1432/928 2260/1433/930 2261/952/929
f 2261/952/929 2260/1433/930 2259/951/931
f 2260/1433/930 2258/1421/134 2259/951/931
f 2259/951/931 2258/1421/134 715/953/134
f 2258/1421/134 730/1420/134 715/953/134
f 730/1420/134 719/1434/134 715/953/134
f 2257/962/932 2256/1435/933 2250/961/141
f 2250/961/141 2256/1435/933 2253/1436/141
f 2256/1435/933 2255/1426/922 2253/1436/141
f 2253/1436/141 2255/1426/922 2254/1428/141
f 2254/1428/141 2252/959/141 2253/1436/141
f 2253/1436/141 2252/959/141 2250/961/141
f 2252/959/141 2251/960/141 2250/961/141
f 2249/1437/86 2228/1438/86 2229/1439/86
f 2246/1440/86 2249/1437/86 2229/1439/86
f 2248/1441/86 2246/1440/86 2229/1439/86
f 2247/1442/86 2246/1440/86 2248/1441/86
f 2245/1443/86 2246/1440/86 2247/1442/86
f 2243/1444/86 2246/1440/86 2245/1443/86
f 2244/1445/86 2243/1444/86 2245/1443/86
f 2241/1446/86 2243/1444/86 2244/1445/86
f 2242/1447/86 2243/1444/86 2241/1446/86
f 2238/1448/86 2242/1447/86 2241/1446/86
f 2240/1449/86 2238/1448/86 2241/1446/86
f 2239/1450/86 2238/1448/86 2240/1449/86
f 2232/1451/86 2238/1448/86 2239/1450/86
f 2237/1452/86 2238/1448/86 2232/1451/86
f 2236/1453/86 2237/1452/86 2232/1451/86
f 2235/1454/86 2236/1453/86 2232/1451/86
f 2233/1455/86 2235/1454/86 2232/1451/86
f 2234/1456/86 2233/1455/86 2232/1451/86
f 2190/1457/86 2224/1458/86 2231/1459/86
f 2231/1459/86 2224/1458/86 2230/1460/86
f 2224/1458/86 2228/1438/86 2230/1460/86
f 2229/1439/86 2228/1438/86 2224/1458/86
f 2227/1461/86 2226/1462/86 2212/1463/86
f 2226/1462/86 2225/1464/86 2212/1463/86
f 2212/1463/86 2225/1464/86 2190/1457/86
f 2225/1464/86 2220/1465/86 2190/1457/86
f 2220/1465/86 2224/1458/86 2190/1457/86
f 2223/1466/86 2224/1458/86 2220/1465/86
f 2221/1467/86 2223/1466/86 2220/1465/86
f 2222/1468/86 2221/1467/86 2220/1465/86
f 2219/1469/86 2218/1470/86 2217/1471/86
f 2218/1470/86 2213/1472/86 2217/1471/86
f 2217/1471/86 2213/1472/86 2190/1457/86
f 2216/1473/86 2217/1471/86 2190/1457/86
f 2204/1474/86 2216/1473/86 2190/1457/86
f 2214/1475/86 2216/1473/86 2204/1474/86
f 2215/1476/86 2214/1475/86 2204/1474/86
f 2213/1472/86 2212/1463/86 2190/1457/86
f 2211/1477/86 2210/1478/86 2196/1479/86
f 2210/1478/86 2209/1480/86 2196/1479/86
f 2196/1479/86 2209/1480/86 2190/1457/86
f 2209/1480/86 2206/1481/86 2190/1457/86
f 2206/1481/86 2205/1482/86 2190/1457/86
f 2207/1483/86 2205/1482/86 2206/1481/86
f 2208/1484/86 2207/1483/86 2206/1481/86
f 2205/1482/86 2204/1474/86 2190/1457/86
f 2203/1485/86 2202/1486/86 2198/1487/86
f 2202/1486/86 2197/1488/86 2198/1487/86
f 2201/1489/86 2200/1490/86 2191/1491/86
f 2200/1490/86 2199/1492/86 2191/1491/86
f 2191/1491/86 2199/1492/86 2190/1457/86
f 2199/1492/86 2198/1487/86 2190/1457/86
f 2198/1487/86 2197/1488/86 2190/1457/86
f 2197/1488/86 2196/1479/86 2190/1457/86
f 2195/1493/86 2194/1494/86 2193/1495/86
f 2194/1494/86 2192/1496/86 2193/1495/86
f 2189/1497/86 2193/1495/86 2190/1457/86
f 2193/1495/86 2192/1496/86 2190/1457/86
f 2192/1496/86 2191/1491/86 2190/1457/86
f 2178/1498/86 2179/1499/86 2190/1457/86
f 2179/1499/86 2189/1497/86 2190/1457/86
f 2187/1500/86 2189/1497/86 2179/1499/86
f 2188/1501/86 2187/1500/86 2179/1499/86
f 2186/1502/86 2185/1503/86 2182/1504/86
f 2185/1503/86 2180/1505/86 2182/1504/86
f 2184/1506/86 2183/1507/86 2160/1508/86
f 2160/1508/86 2183/1507/86 2159/1509/86
f 2183/1507/86 2182/1504/86 2159/1509/86
f 2159/1509/86 2182/1504/86 2181/1510/86
f 2182/1504/86 2180/1505/86 2181/1510/86
f 2181/1510/86 2180/1505/86 2178/1498/86
f 2180/1505/86 2179/1499/86 2178/1498/86
f 2177/1511/86 2176/1512/86 2174/1513/86
f 2176/1512/86 2175/1514/86 2174/1513/86
f 2175/1514/86 2168/1515/86 2174/1513/86
f 2174/1513/86 2168/1515/86 2173/1516/86
f 2173/1516/86 2168/1515/86 2172/1517/86
f 2172/1517/86 2168/1515/86 2171/1518/86
f 2171/1518/86 2168/1515/86 2170/1519/86
f 2170/1519/86 2168/1515/86 2169/1520/86
f 2169/1520/86 2168/1515/86 2165/1521/86
f 2168/1515/86 2167/1522/86 2165/1521/86
f 2167/1522/86 2166/1523/86 2165/1521/86
f 2166/1523/86 2162/1524/86 2165/1521/86
f 2165/1521/86 2162/1524/86 2164/1525/86
f 2164/1525/86 2162/1524/86 2163/1526/86
f 2163/1526/86 2162/1524/86 2159/1509/86
f 2162/1524/86 2161/1527/86 2159/1509/86
f 2161/1527/86 2160/1508/86 2159/1509/86
f 2158/1528/83 2156/1529/83 2157/1530/83
f 2157/1530/83 2156/1529/83 2154/1380/83
f 2156/1529/83 2155/1531/83 2154/1380/83
f 2153/1532/83 2151/1533/83 2152/1534/83
f 2152/1534/83 2151/1533/83 2149/1385/83
f 2151/1533/83 2150/1535/83 2149/1385/83
f 2148/1536/83 2146/1537/83 2147/1538/83
f 2147/1538/83 2146/1537/83 2144/1390/83
f 2146/1537/83 2145/1539/83 2144/1390/83
f 2143/1540/83 2141/1541/83 2142/1542/83
f 2142/1542/83 2141/1541/83 2139/1395/83
f 2141/1541/83 2140/1543/83 2139/1395/83
f 2138/1544/83 2136/1545/83 2137/1546/83
f 2137/1546/83 2136/1545/83 2134/1400/83
f 2136/1545/83 2135/1547/83 2134/1400/83
f 2133/1548/83 2131/1549/83 2132/1550/83
f 2132/1550/83 2131/1549/83 2129/1405/83
f 2131/1549/83 2130/1551/83 2129/1405/83
f 2128/1552/934 2122/1553/935 2118/1554/936
f 2104/1555/936 2120/1556/936 2127/1557/936
f 2125/1558/936 2127/1557/936 2120/1556/936
f 2123/1559/936 2125/1558/936 2120/1556/936
f 2121/1560/936 2123/1559/936 2120/1556/936
f 2103/1561/936 2104/1555/936 2110/1562/936
f 2110/1562/936 2104/1555/936 2127/1557/936
f 2112/1563/937 2110/1562/936 2127/1557/936
f 2125/1558/936 2112/1563/937 2127/1557/936
f 2126/1564/938 2112/1563/937 2125/1558/936
f 2126/1564/938 2125/1558/936 2124/1565/939
f 2124/1565/939 2125/1558/936 2123/1559/936
f 2124/1565/939 2123/1559/936 2122/1553/935
f 2122/1553/935 2123/1559/936 2121/1560/936
f 2118/1554/936 2122/1553/935 2121/1560/936
f 2118/1554/936 2121/1560/936 2120/1556/936
f 2117/1566/936 2118/1554/936 2120/1556/936
f 2119/1552/936 2118/1554/936 2117/1566/936
f 2108/1567/936 2115/1568/940 2116/1569/941
f 2108/1567/936 2114/1570/942 2115/1568/940
f 2108/1567/936 2109/1571/936 2114/1570/942
f 2114/1570/942 2109/1571/936 2113/1572/943
f 2113/1572/943 2109/1571/936 2111/1573/944
f 2111/1573/944 2110/1562/936 2112/1563/937
f 2111/1573/944 2109/1571/936 2110/1562/936
f 2109/1571/936 2103/1561/936 2110/1562/936
f 2108/1567/936 2103/1561/936 2109/1571/936
f 2106/1569/945 2103/1561/936 2108/1567/936
f 2107/1574/946 2103/1561/936 2106/1569/945
f 2105/1575/936 2104/1555/936 2098/1576/936
f 2098/1576/936 2104/1555/936 2103/1561/936
f 2100/1577/936 2098/1576/936 2103/1561/936
f 2103/1561/936 2102/1574/945 2100/1577/936
f 2100/1577/936 2102/1574/945 2101/1578/947
f 2101/1578/947 2099/1579/948 2100/1577/936
f 2100/1577/936 2099/1579/948 2098/1576/936
f 2099/1579/948 2097/1580/949 2098/1576/936
f 2098/1576/936 2097/1580/949 2096/1575/950
f 2097/1580/949 2076/1581/951 2096/1575/950
f 2096/1575/950 2076/1581/951 2074/1582/952
f 2096/1575/950 2074/1582/952 2095/1555/953
f 2095/1555/953 2074/1582/952 2094/1583/954
f 2074/1582/952 2077/1584/955 2094/1583/954
f 2094/1583/954 2077/1584/955 2093/1585/956
f 2077/1584/955 2079/1586/957 2093/1585/956
f 2093/1585/956 2079/1586/957 2092/1587/957
f 2092/1587/957 2079/1586/957 2091/1588/958
f 2091/1588/958 2079/1586/957 2080/1589/959
f 2091/1588/958 2080/1589/959 2090/1590/960
f 2090/1590/960 2080/1589/959 2082/1591/961
f 2089/1591/962 2084/1592/962 2054/1590/963
f 2084/1592/962 2063/1593/962 2054/1590/963
f 2086/1594/962 2063/1593/962 2084/1592/962
f 2086/1594/962 2088/1595/134 2063/1593/962
f 2087/1596/964 2088/1595/134 2086/1594/962
f 2087/1596/964 2086/1594/962 2085/1597/965
f 2085/1597/965 2086/1594/962 2084/1592/962
f 2085/1597/965 2084/1592/962 2083/1598/966
f 2083/1598/966 2084/1592/962 2082/1591/961
f 2083/1598/966 2082/1591/961 2081/1599/967
f 2081/1599/967 2082/1591/961 2080/1589/959
f 2081/1599/967 2080/1589/959 2078/1600/968
f 2078/1600/968 2080/1589/959 2079/1586/957
f 2077/1584/955 2078/1600/968 2079/1586/957
f 2075/1601/969 2078/1600/968 2077/1584/955
f 2074/1582/952 2075/1601/969 2077/1584/955
f 2076/1581/951 2075/1601/969 2074/1582/952
f 2071/1602/962 2072/1595/970 2073/1603/971
f 2063/1593/962 2072/1595/970 2071/1602/962
f 2071/1602/962 2064/1604/962 2063/1593/962
f 2066/1605/962 2064/1604/962 2071/1602/962
f 2068/1606/962 2066/1605/962 2071/1602/962
f 2071/1602/962 2070/1603/970 2068/1606/962
f 2068/1606/962 2070/1603/970 2069/1607/972
f 2069/1607/972 2067/1608/973 2068/1606/962
f 2068/1606/962 2067/1608/973 2066/1605/962
f 2067/1608/973 2065/1609/974 2066/1605/962
f 2066/1605/962 2065/1609/974 2064/1604/962
f 2065/1609/974 2052/1610/975 2064/1604/962
f 2064/1604/962 2052/1610/975 2050/1611/962
f 2064/1604/962 2050/1611/962 2063/1593/962
f 2063/1593/962 2050/1611/962 2054/1590/963
f 2062/1612/976 2058/1613/977 2056/1614/962
f 2062/1612/976 2056/1614/962 2051/1615/978
f 2051/1615/978 2056/1614/962 2053/1616/962
f 2059/1617/962 2055/1618/962 2057/1619/962
f 2061/1620/962 2060/1621/962 2048/1622/962
f 2060/1621/962 2055/1618/962 2048/1622/962
f 2048/1622/962 2055/1618/962 2059/1617/962
f 2047/1623/979 2048/1622/962 2059/1617/962
f 2057/1619/962 2047/1623/979 2059/1617/962
f 2058/1613/977 2047/1623/979 2057/1619/962
f 2056/1614/962 2058/1613/977 2057/1619/962
f 2057/1619/962 2055/1618/962 2056/1614/962
f 2055/1618/962 2053/1616/962 2056/1614/962
f 2054/1590/963 2053/1616/962 2055/1618/962
f 2050/1611/962 2053/1616/962 2054/1590/963
f 2050/1611/962 2051/1615/978 2053/1616/962
f 2052/1610/975 2051/1615/978 2050/1611/962
f 2049/1620/980 2048/1622/962 2047/1623/979
f 2046/1624/981 1645/1625/982 2045/1626/983
f 2045/1626/983 1645/1625/982 1662/1627/982
f 2044/1628/518 2043/1629/141 2035/1630/984
f 2035/1630/984 2043/1629/141 2034/1631/141
f 2042/1632/141 2034/1631/141 2043/1629/141
f 2037/1633/141 2034/1631/141 2042/1632/141
f 2041/1634/985 2037/1633/141 2042/1632/141
f 2040/1635/986 2037/1633/141 2041/1634/985
f 2040/1635/986 2036/1636/141 2037/1633/141
f 2039/1637/987 2036/1636/141 2040/1635/986
f 2039/1637/987 1724/1638/988 2036/1636/141
f 2036/1636/141 1724/1638/988 1722/1639/141
f 2036/1636/141 1722/1639/141 2034/1631/141
f 2034/1631/141 1722/1639/141 1726/1640/141
f 2033/1641/989 2034/1631/141 1726/1640/141
f 1727/1642/141 2033/1641/989 1726/1640/141
f 2038/1643/990 2033/1641/989 1727/1642/141
f 1729/1644/141 2038/1643/990 1727/1642/141
f 1751/1645/991 2038/1643/990 1729/1644/141
f 2037/1633/141 2036/1636/141 2034/1631/141
f 2035/1630/984 2034/1631/141 2033/1641/989
f 2030/1646/49 2031/1647/49 2032/1648/49
f 2028/1649/49 2031/1647/49 2030/1646/49
f 2030/1646/49 2029/1650/49 2028/1649/49
f 1292/1651/83 1295/1064/992 2027/1061/83
f 2026/1652/993 2005/1653/994 2003/1654/995
f 2008/1655/996 2005/1653/994 2026/1652/993
f 2025/1656/997 2008/1655/996 2026/1652/993
f 2010/1657/998 2008/1655/996 2025/1656/997
f 2025/1656/997 2012/1658/39 2010/1657/998
f 2024/1659/991 2012/1658/39 2025/1656/997
f 2023/1660/999 2012/1658/39 2024/1659/991
f 2014/1661/1000 2012/1658/39 2023/1660/999
f 2022/1662/1001 2014/1661/1000 2023/1660/999
f 2016/1663/1002 2014/1661/1000 2022/1662/1001
f 2022/1662/1001 2019/1664/1003 2016/1663/1002
f 2021/1665/1004 2019/1664/1003 2022/1662/1001
f 2019/1664/1003 2021/1665/1004 1970/1666/1005
f 1970/1666/1005 2021/1665/1004 2020/1667/1006
f 2019/1664/1003 1970/1666/1005 1968/1668/1007
f 2018/1669/1008 2019/1664/1003 1968/1668/1007
f 2019/1664/1003 2018/1669/1008 2016/1663/1002
f 2016/1663/1002 2018/1669/1008 2017/1670/1009
f 2017/1670/1009 2015/1671/1010 2016/1663/1002
f 2016/1663/1002 2015/1671/1010 2014/1661/1000
f 2015/1671/1010 2013/1672/39 2014/1661/1000
f 2014/1661/1000 2013/1672/39 2012/1658/39
f 2011/1673/1011 2012/1658/39 2013/1672/39
f 2010/1657/998 2012/1658/39 2011/1673/1011
f 2011/1673/1011 2009/1674/1012 2010/1657/998
f 2010/1657/998 2009/1674/1012 2008/1655/996
f 2009/1674/1012 2007/1675/1013 2008/1655/996
f 2008/1655/996 2007/1675/1013 2005/1653/994
f 2006/1676/44 2005/1653/994 2007/1675/1013
f 2002/1677/44 2005/1653/994 2006/1676/44
f 2002/1677/44 2003/1654/995 2005/1653/994
f 2004/1678/649 2003/1654/995 2002/1677/44
f 1998/869/1014 1968/1668/1007 1999/1679/1015
f 1999/1679/1015 1968/1668/1007 2000/1680/1016
f 2000/1680/1016 1968/1668/1007 2001/1681/1017
f 1968/1668/1007 1969/1682/1018 2001/1681/1017
f 1969/1682/1018 1973/1683/1019 2001/1681/1017
f 1973/1683/1019 2000/1680/1016 2001/1681/1017
f 1976/1684/1020 2000/1680/1016 1973/1683/1019
f 1976/1684/1020 1978/1685/1021 2000/1680/1016
f 2000/1680/1016 1978/1685/1021 1999/1679/1015
f 1978/1685/1021 1992/1686/1022 1999/1679/1015
f 1992/1686/1022 1998/869/1014 1999/1679/1015
f 1997/868/1023 1998/869/1014 1992/1686/1022
f 1989/1687/1024 1997/868/1023 1992/1686/1022
f 1997/868/1023 1989/1687/1024 1996/866/44
f 1996/866/44 1989/1687/1024 1987/1688/44
f 1996/866/44 1987/1688/44 1995/867/1025
f 1995/867/1025 1987/1688/44 1994/1689/1026
f 1993/1689/632 1987/1688/44 1990/1690/1027
f 1980/1691/1028 1992/1686/1022 1978/1685/1021
f 1980/1691/1028 1982/1692/1029 1992/1686/1022
f 1992/1686/1022 1982/1692/1029 1989/1687/1024
f 1982/1692/1029 1988/1693/1030 1989/1687/1024
f 1988/1693/1030 1982/1692/1029 1983/1107/835
f 1991/1106/1031 1988/1693/1030 1983/1107/835
f 1990/1690/1027 1988/1693/1030 1991/1106/1031
f 1990/1690/1027 1987/1688/44 1988/1693/1030
f 1989/1687/1024 1988/1693/1030 1987/1688/44
f 1984/1214/835 1985/1694/1032 1986/1215/1032
f 1961/1695/835 1985/1694/1032 1984/1214/835
f 1984/1214/835 1983/1107/835 1961/1695/835
f 1983/1107/835 1960/1696/835 1961/1695/835
f 1983/1107/835 1982/1692/1029 1960/1696/835
f 1960/1696/835 1982/1692/1029 1981/1697/1033
f 1981/1697/1033 1982/1692/1029 1980/1691/1028
f 1981/1697/1033 1980/1691/1028 1979/1698/1034
f 1979/1698/1034 1980/1691/1028 1978/1685/1021
f 1979/1698/1034 1978/1685/1021 1977/1699/1035
f 1977/1699/1035 1978/1685/1021 1976/1684/1020
f 1977/1699/1035 1976/1684/1020 1975/1700/1036
f 1975/1700/1036 1976/1684/1020 1973/1683/1019
f 1975/1700/1036 1973/1683/1019 1974/1701/1037
f 1974/1701/1037 1973/1683/1019 1972/1702/1038
f 1972/1702/1038 1973/1683/1019 1969/1682/1018
f 1969/1682/1018 1971/1667/1039 1972/1702/1038
f 1970/1666/1005 1971/1667/1039 1969/1682/1018
f 1970/1666/1005 1969/1682/1018 1968/1668/1007
f 1955/1703/1040 1956/1700/1041 1967/1701/1042
f 1964/1704/837 1966/1041/785 1965/1042/786
f 1963/1705/1043 1964/1704/837 1965/1042/786
f 1954/1706/879 1964/1704/837 1963/1705/1043
f 1962/1694/1044 1954/1706/879 1963/1705/1043
f 1961/1695/835 1954/1706/879 1962/1694/1044
f 1946/1707/1045 1954/1706/879 1961/1695/835
f 1960/1696/835 1946/1707/1045 1961/1695/835
f 1946/1707/1045 1960/1696/835 1948/1708/1046
f 1948/1708/1046 1960/1696/835 1959/1697/1047
f 1948/1708/1046 1959/1697/1047 1949/1709/1048
f 1949/1709/1048 1959/1697/1047 1958/1698/1049
f 1949/1709/1048 1958/1698/1049 1951/1710/1050
f 1951/1710/1050 1958/1698/1049 1957/1699/1051
f 1951/1710/1050 1957/1699/1051 1953/1711/1052
f 1953/1711/1052 1957/1699/1051 1956/1700/1041
f 1953/1711/1052 1956/1700/1041 1955/1703/1040
f 1955/1703/1040 1930/1712/1053 1953/1711/1052
f 1929/1713/1054 1930/1712/1053 1955/1703/1040
f 1954/1706/879 1946/1707/1045 1944/1704/1055
f 1928/1714/1056 1927/1715/1057 1932/1410/914
f 1928/1714/1056 1932/1410/914 1930/1712/1053
f 1930/1712/1053 1932/1410/914 1952/1411/915
f 1930/1712/1053 1952/1411/915 1953/1711/1052
f 1953/1711/1052 1952/1411/915 1951/1710/1050
f 1950/1412/916 1951/1710/1050 1952/1411/915
f 1949/1709/1048 1951/1710/1050 1950/1412/916
f 1950/1412/916 1947/1413/917 1949/1709/1048
f 1949/1709/1048 1947/1413/917 1948/1708/1046
f 1947/1413/917 1946/1707/1045 1948/1708/1046
f 1945/1414/918 1946/1707/1045 1947/1413/917
f 1944/1704/1055 1946/1707/1045 1945/1414/918
f 1945/1414/918 1943/1415/838 1944/1704/1055
f 1944/1704/1055 1943/1415/838 1942/1041/1058
f 1943/1415/838 1938/1416/875 1942/1041/1058
f 1942/1041/1058 1938/1416/875 1941/1039/783
f 1940/1036/44 1941/1039/783 1938/1416/875
f 1939/1034/44 1940/1036/44 1938/1416/875
f 1937/1032/44 1939/1034/44 1938/1416/875
f 1936/1408/912 1937/1032/44 1938/1416/875
f 1935/1031/1059 1937/1032/44 1936/1408/912
f 1933/1409/913 1935/1031/1059 1936/1408/912
f 1934/1029/776 1935/1031/1059 1933/1409/913
f 1934/1029/776 1933/1409/913 1931/1027/774
f 1931/1027/774 1933/1409/913 1927/1715/1057
f 1927/1715/1057 1933/1409/913 1932/1410/914
f 1931/1027/774 1927/1715/1057 1926/1023/1060
f 1929/1713/1054 1928/1714/1056 1930/1712/1053
f 1905/1716/1061 1928/1714/1056 1929/1713/1054
f 1905/1716/1061 1906/1717/1062 1928/1714/1056
f 1906/1717/1062 1927/1715/1057 1928/1714/1056
f 1927/1715/1057 1906/1717/1062 1909/1718/1063
f 1926/1023/1060 1927/1715/1057 1909/1718/1063
f 1925/1719/1064 1926/1023/1060 1909/1718/1063
f 1924/1024/1065 1926/1023/1060 1925/1719/1064
f 1923/1720/797 1924/1024/1065 1925/1719/1064
f 1921/1059/1066 1924/1024/1065 1923/1720/797
f 1923/1720/797 1914/1721/1067 1921/1059/1066
f 1914/1721/1067 1922/1722/1067 1921/1059/1066
f 1922/1722/1067 1920/1723/795 1921/1059/1066
f 1920/1723/795 1919/1057/1068 1921/1059/1066
f 1893/1724/141 1919/1057/1068 1920/1723/795
f 1918/1055/141 1919/1057/1068 1893/1724/141
f 1888/1725/141 1918/1055/141 1893/1724/141
f 1887/1053/141 1918/1055/141 1888/1725/141
f 1916/1722/1069 1890/1726/1070 1917/1723/1071
f 1915/1727/1072 1890/1726/1070 1916/1722/1069
f 1916/1722/1069 1914/1721/1067 1915/1727/1072
f 1915/1727/1072 1914/1721/1067 1913/1728/1073
f 1914/1721/1067 1912/1720/1074 1913/1728/1073
f 1913/1728/1073 1912/1720/1074 1911/1729/1075
f 1910/1719/1076 1911/1729/1075 1912/1720/1074
f 1908/1730/1077 1911/1729/1075 1910/1719/1076
f 1908/1730/1077 1910/1719/1076 1909/1718/1063
f 1909/1718/1063 1906/1717/1062 1908/1730/1077
f 1908/1730/1077 1906/1717/1062 1907/1731/1078
f 1907/1731/1078 1906/1717/1062 1905/1716/1061
f 1903/1732/1079 1904/1733/1080 1876/1734/134
f 1902/1735/1081 1904/1733/1080 1903/1732/1079
f 1903/1732/1079 1879/1736/554 1902/1735/1081
f 1902/1735/1081 1879/1736/554 1901/1737/1082
f 1879/1736/554 1880/1738/546 1901/1737/1082
f 1901/1737/1082 1880/1738/546 1900/1739/1083
f 1880/1738/546 1899/1740/1084 1900/1739/1083
f 1900/1739/1083 1899/1740/1084 1898/1741/1085
f 1884/1742/552 1898/1741/1085 1899/1740/1084
f 1897/1743/1086 1898/1741/1085 1884/1742/552
f 1884/1742/552 1896/1744/550 1897/1743/1086
f 1897/1743/1086 1896/1744/550 1895/1745/1087
f 1896/1744/550 1888/1725/141 1895/1745/1087
f 1895/1745/1087 1888/1725/141 1894/1746/1088
f 1888/1725/141 1893/1724/141 1894/1746/1088
f 1894/1746/1088 1893/1724/141 1892/1747/1089
f 1893/1724/141 1891/1723/141 1892/1747/1089
f 1892/1747/1089 1891/1723/141 1890/1726/1090
f 1889/1733/1091 1875/1748/1092 1876/1734/134
f 1886/1744/1093 1887/1053/141 1888/1725/141
f 1885/1050/550 1887/1053/141 1886/1744/1093
f 1884/1742/552 1885/1050/550 1886/1744/1093
f 1883/1048/552 1885/1050/550 1884/1742/552
f 1884/1742/552 1882/1740/1094 1883/1048/552
f 1883/1048/552 1882/1740/1094 1881/1047/1095
f 1880/1738/546 1881/1047/1095 1882/1740/1094
f 1861/1043/787 1881/1047/1095 1880/1738/546
f 1879/1736/554 1861/1043/787 1880/1738/546
f 1863/1749/554 1861/1043/787 1879/1736/554
f 1878/1732/1096 1863/1749/554 1879/1736/554
f 1877/1750/1079 1863/1749/554 1878/1732/1096
f 1876/1734/134 1877/1750/1079 1878/1732/1096
f 1857/1751/134 1877/1750/1079 1876/1734/134
f 1856/1752/982 1857/1751/134 1876/1734/134
f 1876/1734/134 1875/1748/1092 1856/1752/982
f 1856/1752/982 1875/1748/1092 1860/1753/86
f 1860/1753/86 1875/1748/1092 1873/1754/1097
f 1872/1755/86 1873/1754/1097 1874/1756/1098
f 1860/1753/86 1873/1754/1097 1872/1755/86
f 1871/1757/86 1860/1753/86 1872/1755/86
f 1859/1758/86 1860/1753/86 1871/1757/86
f 1870/1759/1099 1859/1758/86 1871/1757/86
f 1869/1760/1100 1859/1758/86 1870/1759/1099
f 1869/1760/1100 1868/1761/540 1859/1758/86
f 1867/1762/1101 1868/1761/540 1869/1760/1100
f 1867/1762/1101 1857/1751/134 1868/1761/540
f 1866/1763/1102 1857/1751/134 1867/1762/1101
f 1866/1763/1102 1864/1750/555 1857/1751/134
f 1865/1764/556 1864/1750/555 1866/1763/1102
f 1865/1764/556 1862/1044/788 1864/1750/555
f 1864/1750/555 1862/1044/788 1863/1749/554
f 1863/1749/554 1862/1044/788 1861/1043/787
f 1859/1758/86 1856/1752/982 1860/1753/86
f 1858/1761/982 1856/1752/982 1859/1758/86
f 1858/1761/982 1857/1751/134 1856/1752/982
f 1603/1765/1103 1600/1766/1104 1855/1767/976
f 1600/1766/1104 1854/1768/1105 1855/1767/976
f 1855/1767/976 1854/1768/1105 1853/1769/1106
f 1854/1768/1105 1849/1770/1107 1853/1769/1106
f 1853/1769/1106 1849/1770/1107 1852/1771/1108
f 1849/1770/1107 1850/1772/1109 1852/1771/1108
f 1851/1773/1110 1850/1772/1109 1849/1770/1107
f 1837/1774/1111 1838/1775/1112 1848/1776/1113
f 1838/1775/1112 1847/1777/1114 1848/1776/1113
f 1848/1776/1113 1847/1777/1114 1846/1778/1115
f 1847/1777/1114 1845/1779/1116 1846/1778/1115
f 1846/1778/1115 1845/1779/1116 1844/1780/1117
f 1845/1779/1116 1843/1781/770 1844/1780/1117
f 1844/1780/1117 1843/1781/770 1842/1782/1118
f 1843/1781/770 1841/1783/1119 1842/1782/1118
f 1842/1782/1118 1841/1783/1119 1840/1784/1120
f 1839/1785/1121 1840/1784/1120 1841/1783/1119
f 1775/1786/1122 1840/1784/1120 1839/1785/1121
f 1828/1787/44 1838/1775/1112 1837/1774/1111
f 1835/1788/1123 1828/1787/44 1837/1774/1111
f 1836/1789/1124 1828/1787/44 1835/1788/1123
f 1821/1193/44 1823/1790/44 1834/1195/1125
f 1834/1195/1125 1823/1790/44 1833/1791/708
f 1833/1791/708 1823/1790/44 1825/1792/1126
f 1826/1793/1127 1828/1787/44 1832/1789/1128
f 1827/1794/44 1824/1795/44 1829/1222/44
f 1829/1222/44 1824/1795/44 1822/1224/44
f 1831/1796/1129 1783/1797/1130 1784/1777/1131
f 1830/1775/1132 1831/1796/1129 1784/1777/1131
f 1798/1219/885 1831/1796/1129 1830/1775/1132
f 1798/1219/885 1830/1775/1132 1829/1222/44
f 1830/1775/1132 1828/1787/44 1829/1222/44
f 1828/1787/44 1827/1794/44 1829/1222/44
f 1827/1794/44 1828/1787/44 1826/1793/1127
f 1826/1793/1127 1824/1795/44 1827/1794/44
f 1825/1792/1126 1824/1795/44 1826/1793/1127
f 1825/1792/1126 1823/1790/44 1824/1795/44
f 1824/1795/44 1823/1790/44 1822/1224/44
f 1823/1790/44 1821/1193/44 1822/1224/44
f 1822/1224/44 1821/1193/44 1820/1227/44
f 1821/1193/44 1819/1192/44 1820/1227/44
f 1820/1227/44 1819/1192/44 1818/1228/44
f 1819/1192/44 1817/1198/44 1818/1228/44
f 1818/1228/44 1817/1198/44 1815/1204/44
f 1817/1198/44 1816/1200/44 1815/1204/44
f 1794/1798/141 1813/624/1133 1814/620/1134
f 1812/1799/1135 1813/624/1133 1794/1798/141
f 1811/1800/1136 1812/1799/1135 1794/1798/141
f 1810/1801/1137 1812/1799/1135 1811/1800/1136
f 1811/1800/1136 1809/1802/1138 1810/1801/1137
f 1810/1801/1137 1809/1802/1138 1808/1803/1139
f 1809/1802/1138 1807/1804/1140 1808/1803/1139
f 1808/1803/1139 1807/1804/1140 1806/1805/1141
f 1805/1806/1142 1806/1805/1141 1807/1804/1140
f 1804/1807/1143 1806/1805/1141 1805/1806/1142
f 1803/1797/1144 1804/1807/1143 1805/1806/1142
f 1802/1808/1145 1804/1807/1143 1803/1797/1144
f 1801/1796/1146 1802/1808/1145 1803/1797/1144
f 1799/1809/1147 1802/1808/1145 1801/1796/1146
f 1798/1219/885 1799/1809/1147 1801/1796/1146
f 1800/1221/887 1799/1809/1147 1798/1219/885
f 1797/620/1148 1796/621/1149 1794/1798/567
f 1794/1798/567 1796/621/1149 1795/622/1150
f 1781/600/1151 1794/1798/567 1795/622/1150
f 1793/1810/1152 1794/1798/567 1781/600/1151
f 1792/1800/1153 1794/1798/567 1793/1810/1152
f 1793/1810/1152 1791/1811/1154 1792/1800/1153
f 1792/1800/1153 1791/1811/1154 1789/1802/1155
f 1791/1811/1154 1790/1785/1156 1789/1802/1155
f 1790/1785/1156 1788/1783/1065 1789/1802/1155
f 1787/1804/1157 1789/1802/1155 1788/1783/1065
f 1786/1781/1142 1787/1804/1157 1788/1783/1065
f 1785/1806/770 1787/1804/1157 1786/1781/1142
f 1782/1779/1158 1785/1806/770 1786/1781/1142
f 1783/1797/1130 1785/1806/770 1782/1779/1158
f 1784/1777/1131 1783/1797/1130 1782/1779/1158
f 1781/600/1159 1780/602/549 1778/1810/1160
f 1778/1810/1160 1780/602/549 1779/602/1161
f 1779/602/1161 1777/1812/1162 1778/1810/1160
f 1778/1810/1160 1777/1812/1162 1776/1811/1163
f 1777/1812/1162 1775/1786/1164 1776/1811/1163
f 1776/1811/1163 1775/1786/1164 1774/1785/1165
f 1767/1813/1166 1773/1814/1167 1765/1815/1168
f 1773/1814/1167 1772/1816/1169 1765/1815/1168
f 1765/1815/1168 1772/1816/1169 1763/1817/141
f 1772/1816/1169 1771/1818/1170 1763/1817/141
f 1763/1817/141 1771/1818/1170 1762/1819/141
f 1771/1818/1170 1761/1820/1171 1762/1819/141
f 1768/1821/1172 1766/1822/1172 1764/1823/1168
f 1738/1824/141 1739/1825/1173 1755/1826/141
f 1739/1825/1173 1770/1827/1174 1755/1826/141
f 1755/1826/141 1770/1827/1174 1764/1823/1168
f 1768/1821/1172 1764/1823/1168 1770/1827/1174
f 1769/1828/1175 1768/1821/1172 1770/1827/1174
f 1769/1828/1175 1767/1813/1166 1768/1821/1172
f 1768/1821/1172 1767/1813/1166 1766/1822/1172
f 1766/1822/1172 1767/1813/1166 1765/1815/1168
f 1764/1823/1168 1766/1822/1172 1765/1815/1168
f 1765/1815/1168 1763/1817/141 1764/1823/1168
f 1764/1823/1168 1763/1817/141 1755/1826/141
f 1763/1817/141 1762/1819/141 1755/1826/141
f 1762/1819/141 1754/1829/141 1755/1826/141
f 1762/1819/141 1761/1820/1171 1754/1829/141
f 1761/1820/1171 1753/1830/141 1754/1829/141
f 1760/1831/1176 1753/1830/141 1761/1820/1171
f 1759/1832/1177 1753/1830/141 1760/1831/1176
f 1746/1833/141 1753/1830/141 1759/1832/1177
f 1758/1832/1178 1757/1834/1179 1746/1833/141
f 1746/1833/141 1757/1834/1179 1756/1835/1180
f 1755/1826/141 1754/1829/141 1738/1824/141
f 1738/1824/141 1754/1829/141 1742/1836/141
f 1742/1836/141 1754/1829/141 1744/1837/141
f 1754/1829/141 1753/1830/141 1744/1837/141
f 1753/1830/141 1746/1833/141 1744/1837/141
f 1744/1837/141 1746/1833/141 1745/1838/141
f 1746/1833/141 1752/1835/1181 1747/1839/141
f 1747/1839/141 1752/1835/1181 1748/1840/1182
f 1731/1841/141 1751/1645/991 1729/1644/141
f 1750/1842/1183 1751/1645/991 1731/1841/141
f 1732/1843/141 1750/1842/1183 1731/1841/141
f 1749/1844/1184 1750/1842/1183 1732/1843/141
f 1749/1844/1184 1732/1843/141 1748/1840/1182
f 1748/1840/1182 1732/1843/141 1747/1839/141
f 1747/1839/141 1732/1843/141 1730/1845/141
f 1746/1833/141 1747/1839/141 1730/1845/141
f 1733/1846/141 1746/1833/141 1730/1845/141
f 1745/1838/141 1746/1833/141 1733/1846/141
f 1733/1846/141 1734/1847/1185 1745/1838/141
f 1734/1847/1185 1744/1837/141 1745/1838/141
f 1743/1848/1186 1744/1837/141 1734/1847/1185
f 1743/1848/1186 1742/1836/141 1744/1837/141
f 1741/1849/1187 1742/1836/141 1743/1848/1186
f 1741/1849/1187 1738/1824/141 1742/1836/141
f 1740/1850/1188 1738/1824/141 1741/1849/1187
f 1740/1850/1188 1739/1825/1173 1738/1824/141
f 1723/1851/1189 1737/1852/1190 1725/1853/141
f 1725/1853/141 1737/1852/1190 1728/1854/141
f 1737/1852/1190 1730/1845/141 1728/1854/141
f 1736/1855/1191 1730/1845/141 1737/1852/1190
f 1736/1855/1191 1733/1846/141 1730/1845/141
f 1735/1856/1192 1733/1846/141 1736/1855/1191
f 1735/1856/1192 1734/1847/1185 1733/1846/141
f 1732/1843/141 1731/1841/141 1730/1845/141
f 1731/1841/141 1729/1644/141 1730/1845/141
f 1730/1845/141 1729/1644/141 1728/1854/141
f 1729/1644/141 1727/1642/141 1728/1854/141
f 1727/1642/141 1725/1853/141 1728/1854/141
f 1726/1640/141 1725/1853/141 1727/1642/141
f 1722/1639/141 1725/1853/141 1726/1640/141
f 1722/1639/141 1723/1851/1189 1725/1853/141
f 1724/1638/988 1723/1851/1189 1722/1639/141
f 1721/1857/1193 1718/1858/1194 1720/1859/1195
f 1720/1859/1195 1718/1858/1194 1719/1860/935
f 1719/1860/935 1718/1858/1194 1717/1861/1196
f 1717/1861/1196 1718/1858/1194 1716/1862/1197
f 1717/1861/1196 1716/1862/1197 1715/1863/938
f 1715/1863/938 1716/1862/1197 1695/1864/1198
f 1715/1863/938 1695/1864/1198 1714/1865/1199
f 1714/1865/1199 1695/1864/1198 1713/1866/1200
f 1714/1865/1199 1713/1866/1200 1712/1867/1201
f 1712/1867/1201 1713/1866/1200 1698/1868/1202
f 1698/1868/1202 1711/1869/943 1712/1867/1201
f 1700/1870/1203 1711/1869/943 1698/1868/1202
f 1711/1869/943 1700/1870/1203 1710/1871/1204
f 1710/1871/1204 1700/1870/1203 1701/1872/1205
f 1710/1871/1204 1701/1872/1205 1709/1873/1206
f 1709/1873/1206 1701/1872/1205 1707/1874/1207
f 1707/1874/1207 1708/1875/1208 1709/1873/1206
f 1688/1876/1209 1708/1875/1208 1707/1874/1207
f 1706/1877/1210 1704/1878/1211 1571/1879/1212
f 1571/1879/1212 1704/1878/1211 1702/1880/1213
f 1705/1881/1214 1687/1882/1215 1704/1878/1211
f 1704/1878/1211 1687/1882/1215 1702/1880/1213
f 1687/1882/1215 1688/1876/1209 1702/1880/1213
f 1702/1880/1213 1688/1876/1209 1703/1874/1216
f 1701/1872/1205 1702/1880/1213 1703/1874/1216
f 1571/1879/1212 1702/1880/1213 1701/1872/1205
f 1700/1870/1203 1571/1879/1212 1701/1872/1205
f 1699/1883/1217 1571/1879/1212 1700/1870/1203
f 1698/1868/1202 1699/1883/1217 1700/1870/1203
f 1697/1884/1218 1699/1883/1217 1698/1868/1202
f 1696/1866/1219 1697/1884/1218 1698/1868/1202
f 1577/1885/1220 1697/1884/1218 1696/1866/1219
f 1696/1866/1219 1580/1886/1221 1577/1885/1220
f 1695/1864/1222 1580/1886/1221 1696/1866/1219
f 1695/1864/1222 1694/1887/1223 1580/1886/1221
f 1693/1862/1224 1694/1887/1223 1695/1864/1222
f 1693/1862/1224 1692/1888/1225 1694/1887/1223
f 1691/1858/1226 1692/1888/1225 1693/1862/1224
f 1691/1858/1226 1586/1889/1227 1692/1888/1225
f 1567/1857/1228 1586/1889/1227 1691/1858/1226
f 1688/1876/1209 1689/1890/1229 1690/1875/1230
f 1676/1891/1209 1689/1890/1229 1688/1876/1209
f 1687/1882/1215 1676/1891/1209 1688/1876/1209
f 1675/1892/1215 1676/1891/1209 1687/1882/1215
f 1686/1881/1231 1675/1892/1215 1687/1882/1215
f 1685/1893/1232 1675/1892/1215 1686/1881/1231
f 1683/1894/1233 1675/1892/1215 1685/1893/1232
f 1684/1895/1234 1675/1892/1215 1683/1894/1233
f 1683/1894/1233 1671/1896/1235 1684/1895/1234
f 1682/1897/1236 1671/1896/1235 1683/1894/1233
f 1682/1897/1236 1654/1898/1237 1671/1896/1235
f 1660/1899/1238 1654/1898/1237 1682/1897/1236
f 1654/1898/1237 1660/1899/1238 1656/1900/1234
f 1676/1891/1209 1680/1901/947 1681/1890/1230
f 1679/1902/1239 1680/1901/947 1676/1891/1209
f 1679/1902/1239 1678/1903/1240 1680/1901/947
f 1672/1904/1241 1678/1903/1240 1679/1902/1239
f 1672/1904/1241 1677/1905/1242 1678/1903/1240
f 1670/1906/1243 1677/1905/1242 1672/1904/1241
f 1677/1905/1242 1670/1906/1243 1668/1907/1244
f 1668/1907/1244 1670/1906/1243 1669/1908/1245
f 1676/1891/1209 1675/1892/1215 1674/1902/1246
f 1674/1902/1246 1675/1892/1215 1673/1895/1247
f 1673/1895/1247 1672/1904/1241 1674/1902/1246
f 1671/1896/1235 1672/1904/1241 1673/1895/1247
f 1672/1904/1241 1671/1896/1235 1670/1906/1243
f 1671/1896/1235 1654/1898/1237 1670/1906/1243
f 1670/1906/1243 1654/1898/1237 1669/1908/1245
f 1661/1909/1248 1669/1908/1245 1654/1898/1237
f 1661/1909/1248 1668/1907/1244 1669/1908/1245
f 1667/1910/1249 1668/1907/1244 1661/1909/1248
f 1653/1911/1250 1667/1910/1249 1661/1909/1248
f 1666/1912/1251 1667/1910/1249 1653/1911/1250
f 1666/1912/1251 1653/1911/1250 1652/1913/1252
f 1663/1914/982 1664/1915/1214 1665/1916/1214
f 1657/1917/982 1664/1915/1214 1663/1914/982
f 1662/1627/982 1657/1917/982 1663/1914/982
f 1645/1625/982 1657/1917/982 1662/1627/982
f 1655/1918/1253 1657/1917/982 1645/1625/982
f 1653/1911/1250 1661/1909/1248 1654/1898/1237
f 1656/1900/1234 1660/1899/1238 1659/1919/1254
f 1659/1919/1254 1658/1915/1255 1656/1900/1234
f 1656/1900/1234 1658/1915/1255 1657/1917/982
f 1656/1900/1234 1657/1917/982 1655/1918/1253
f 1655/1918/1253 1654/1898/1237 1656/1900/1234
f 1640/1920/1256 1654/1898/1237 1655/1918/1253
f 1640/1920/1256 1653/1911/1250 1654/1898/1237
f 1647/1921/1257 1653/1911/1250 1640/1920/1256
f 1652/1913/1252 1653/1911/1250 1647/1921/1257
f 1639/1922/1258 1652/1913/1252 1647/1921/1257
f 1651/1923/1259 1652/1913/1252 1639/1922/1258
f 1639/1922/1258 1637/1924/1260 1651/1923/1259
f 1651/1923/1259 1637/1924/1260 1650/1925/1261
f 1637/1924/1260 1638/1926/1262 1650/1925/1261
f 1650/1925/1261 1638/1926/1262 1649/1927/1263
f 1638/1926/1262 1648/1928/1264 1649/1927/1263
f 1634/1929/1209 1648/1928/1264 1638/1926/1262
f 1638/1926/1262 1633/1930/1265 1634/1929/1209
f 1639/1922/1258 1647/1921/1257 1640/1920/1256
f 1644/1931/1266 1645/1625/982 1646/1624/1267
f 1643/1918/1268 1645/1625/982 1644/1931/1266
f 1644/1931/1266 1642/1932/1269 1643/1918/1268
f 1643/1918/1268 1642/1932/1269 1640/1920/1256
f 1642/1932/1269 1641/1933/1270 1640/1920/1256
f 1640/1920/1256 1641/1933/1270 1631/1934/1271
f 1631/1934/1271 1639/1922/1258 1640/1920/1256
f 1637/1924/1260 1639/1922/1258 1631/1934/1271
f 1633/1930/1265 1637/1924/1260 1631/1934/1271
f 1638/1926/1262 1637/1924/1260 1633/1930/1265
f 1636/1928/1272 1634/1929/1209 1635/1935/1273
f 1635/1935/1273 1634/1929/1209 1612/1936/1209
f 1634/1929/1209 1624/1937/1209 1612/1936/1209
f 1634/1929/1209 1633/1930/1265 1624/1937/1209
f 1633/1930/1265 1630/1938/1274 1624/1937/1209
f 1631/1934/1271 1630/1938/1274 1633/1930/1265
f 1632/1933/1275 1630/1938/1274 1631/1934/1271
f 1624/1937/1209 1630/1938/1274 1629/1939/1276
f 1615/1940/1209 1625/1941/1277 1628/1942/1278
f 1628/1942/1278 1625/1941/1277 1626/1943/1279
f 1626/1943/1279 1617/1099/1280 1628/1942/1278
f 1627/1098/1281 1617/1099/1280 1626/1943/1279
f 1612/1936/1209 1615/1940/1209 1616/1944/1282
f 1612/1936/1209 1624/1937/1209 1615/1940/1209
f 1615/1940/1209 1624/1937/1209 1625/1941/1277
f 1625/1941/1277 1624/1937/1209 1623/1939/981
f 1601/1090/823 1602/1945/1283 1622/1092/825
f 1602/1945/1283 1621/1095/1284 1622/1092/825
f 1620/1946/1285 1621/1095/1284 1602/1945/1283
f 1620/1946/1285 1619/1097/1286 1621/1095/1284
f 1618/1947/1287 1619/1097/1286 1620/1946/1285
f 1618/1947/1287 1617/1099/1288 1619/1097/1286
f 1608/1948/1289 1617/1099/1288 1618/1947/1287
f 1608/1948/1289 1614/1942/1290 1617/1099/1288
f 1616/1944/1282 1614/1942/1290 1608/1948/1289
f 1616/1944/1282 1615/1940/1209 1614/1942/1290
f 1613/1935/1272 1612/1936/1209 1611/1949/1291
f 1611/1949/1291 1612/1936/1209 1610/1944/1292
f 1610/1944/1292 1609/1950/1293 1611/1949/1291
f 1608/1948/1294 1609/1950/1293 1610/1944/1292
f 1609/1950/1293 1608/1948/1294 1607/1951/1295
f 1607/1951/1295 1608/1948/1294 1606/1947/1296
f 1606/1947/1296 1605/1952/1297 1607/1951/1295
f 1604/1946/1298 1605/1952/1297 1606/1947/1296
f 1604/1946/1298 1603/1765/1103 1605/1952/1297
f 1602/1945/1283 1603/1765/1103 1604/1946/1298
f 1602/1945/1283 1600/1766/1104 1603/1765/1103
f 1600/1766/1104 1602/1945/1283 1601/1090/823
f 1599/1088/1299 1600/1766/1104 1601/1090/823
f 1598/1768/1300 1600/1766/1104 1599/1088/1299
f 1597/1085/1301 1598/1768/1300 1599/1088/1299
f 1596/1770/1302 1598/1768/1300 1597/1085/1301
f 1593/1084/1303 1596/1770/1302 1597/1085/1301
f 1595/1773/1304 1596/1770/1302 1593/1084/1303
f 1593/1084/1303 1589/1953/1305 1595/1773/1304
f 1595/1773/1304 1589/1953/1305 1567/1857/1228
f 1592/1954/1306 1593/1084/1303 1594/1086/1307
f 1589/1953/1305 1593/1084/1303 1592/1954/1306
f 1592/1954/1306 1590/1955/1308 1589/1953/1305
f 1591/1956/1309 1590/1955/1308 1592/1954/1306
f 1591/1956/1309 1587/1957/1310 1590/1955/1308
f 1590/1955/1308 1587/1957/1310 1588/1958/1305
f 1590/1955/1308 1588/1958/1305 1589/1953/1305
f 1589/1953/1305 1588/1958/1305 1567/1857/1228
f 1586/1889/1227 1567/1857/1228 1588/1958/1305
f 1588/1958/1305 1587/1957/1310 1586/1889/1227
f 1586/1889/1227 1587/1957/1310 1585/1959/1311
f 1586/1889/1227 1585/1959/1311 1584/1888/1312
f 1584/1888/1312 1585/1959/1311 1583/1960/1313
f 1584/1888/1312 1583/1960/1313 1582/1887/1314
f 1582/1887/1314 1583/1960/1313 1581/1961/1315
f 1582/1887/1314 1581/1961/1315 1580/1886/1221
f 1580/1886/1221 1581/1961/1315 1579/1962/1316
f 1580/1886/1221 1579/1962/1316 1577/1885/1220
f 1577/1885/1220 1579/1962/1316 1578/1963/1317
f 1578/1963/1317 1576/1964/1318 1577/1885/1220
f 1577/1885/1220 1576/1964/1318 1575/1884/1319
f 1576/1964/1318 1574/1965/1320 1575/1884/1319
f 1575/1884/1319 1574/1965/1320 1573/1883/1321
f 1574/1965/1320 1572/1877/1322 1573/1883/1321
f 1573/1883/1321 1572/1877/1322 1571/1879/1212
f 1570/1772/1323 1568/1773/1305 1569/1859/1324
f 1569/1859/1324 1568/1773/1305 1567/1857/1228
f 1566/418/1325 1564/417/1326 1565/1966/1327
f 1565/1966/1327 1564/417/1326 1563/1967/1328
f 1562/419/1329 1560/418/1330 1561/1968/1330
f 1561/1968/1330 1560/418/1330 1559/1966/1331
f 1558/1969/49 1556/1970/49 1557/1971/49
f 1557/1971/49 1556/1970/49 1555/1972/49
f 1554/1973/1332 1552/1969/1333 1553/1974/1334
f 1553/1974/1334 1552/1969/1333 1551/1971/1333
f 1550/1975/1335 1548/576/1336 1549/1976/1337
f 1549/1976/1337 1548/576/1336 1547/575/1338
f 1535/1977/1339 1545/1978/1340 1546/1979/1341
f 1546/1979/1341 1545/1978/1340 1544/1980/1342
f 1545/1978/1340 1543/1981/1343 1544/1980/1342
f 1544/1980/1342 1543/1981/1343 1542/1982/1344
f 1543/1981/1343 1541/1983/1345 1542/1982/1344
f 1542/1982/1344 1541/1983/1345 1540/1984/1346
f 1541/1983/1345 1539/1985/1347 1540/1984/1346
f 1540/1984/1346 1539/1985/1347 1538/1986/1348
f 1539/1985/1347 1537/1987/1349 1538/1986/1348
f 1538/1986/1348 1537/1987/1349 1521/1988/1350
f 1537/1987/1349 1520/1989/1351 1521/1988/1350
f 1536/1990/1339 1534/1991/1352 1535/1977/1339
f 1535/1977/1339 1534/1991/1352 1533/1978/1353
f 1534/1991/1352 1532/1992/1354 1533/1978/1353
f 1533/1978/1353 1532/1992/1354 1531/1981/1355
f 1532/1992/1354 1530/1993/1356 1531/1981/1355
f 1531/1981/1355 1530/1993/1356 1529/1983/1357
f 1530/1993/1356 1528/1994/1347 1529/1983/1357
f 1529/1983/1357 1528/1994/1347 1527/1985/1358
f 1528/1994/1347 1526/1995/1349 1527/1985/1358
f 1527/1985/1358 1526/1995/1349 1525/1987/1359
f 1526/1995/1349 1524/1996/1351 1525/1987/1359
f 1525/1987/1359 1524/1996/1351 1523/1989/1360
f 1524/1996/1351 1522/1997/1361 1523/1989/1360
f 1523/1989/1360 1522/1997/1361 1517/1998/1362
f 1517/1998/1362 1522/1997/1361 1504/1999/1363
f 1504/1999/1363 1522/1997/1361 1503/2000/1364
f 1521/1988/1350 1520/1989/1351 1519/2001/1365
f 1520/1989/1351 1517/1998/1362 1519/2001/1365
f 1519/2001/1365 1517/1998/1362 1518/2002/1366
f 1518/2002/1366 1517/1998/1362 1516/2003/1367
f 1516/2003/1367 1517/1998/1362 1515/1999/1368
f 1516/2003/1367 1515/1999/1368 1514/2004/1369
f 1514/2004/1369 1515/1999/1368 1513/2005/1370
f 1513/2005/1370 1512/2006/1371 1514/2004/1369
f 1511/2007/1372 1512/2006/1371 1513/2005/1370
f 1512/2006/1371 1511/2007/1372 1510/2008/1373
f 1510/2008/1373 1511/2007/1372 1509/2009/1374
f 1510/2008/1373 1509/2009/1374 1508/2010/1375
f 1508/2010/1375 1509/2009/1374 1495/2011/1376
f 1495/2011/1376 1506/2012/1377 1508/2010/1375
f 1508/2010/1375 1506/2012/1377 1507/2013/1174
f 1506/2012/1377 1505/2014/1378 1507/2013/1174
f 1493/2015/1379 1505/2014/1378 1506/2012/1377
f 1493/2015/1379 1492/2016/1380 1505/2014/1378
f 1504/1999/1363 1503/2000/1364 1502/2005/1381
f 1502/2005/1381 1503/2000/1364 1501/2017/1382
f 1501/2017/1382 1500/2007/1383 1502/2005/1381
f 1499/2018/1384 1500/2007/1383 1501/2017/1382
f 1500/2007/1383 1499/2018/1384 1498/2009/1385
f 1498/2009/1385 1499/2018/1384 1497/2019/1386
f 1498/2009/1385 1497/2019/1386 1495/2011/1376
f 1495/2011/1376 1497/2019/1386 1496/2020/1387
f 1496/2020/1387 1488/2021/1388 1495/2011/1376
f 1495/2011/1376 1488/2021/1388 1494/2012/1389
f 1494/2012/1389 1488/2021/1388 1493/2015/1379
f 1488/2021/1388 1489/2022/1390 1493/2015/1379
f 1489/2022/1390 1492/2016/1380 1493/2015/1379
f 1492/2016/1380 1489/2022/1390 1491/2023/1391
f 1491/2023/1391 1489/2022/1390 1487/2024/1392
f 1487/2024/1392 1490/2025/1393 1491/2023/1391
f 1480/2026/1394 1490/2025/1393 1487/2024/1392
f 1490/2025/1393 1480/2026/1394 1479/2027/1395
f 1489/2022/1390 1488/2021/1388 1487/2024/1392
f 1487/2024/1392 1488/2021/1388 1486/2028/1396
f 1486/2028/1396 1480/2026/1394 1487/2024/1392
f 1485/2029/1397 1480/2026/1394 1486/2028/1396
f 1480/2026/1394 1485/2029/1397 1478/2030/1398
f 1478/2030/1398 1485/2029/1397 1484/2031/1399
f 1484/2031/1399 1476/2032/1400 1478/2030/1398
f 1479/2027/1395 1477/2033/1401 1483/2034/1402
f 1483/2034/1402 1477/2033/1401 1482/2035/1403
f 1482/2035/1403 1477/2033/1401 1474/2036/1404
f 1474/2036/1404 1472/2037/1405 1482/2035/1403
f 1482/2035/1403 1472/2037/1405 1481/2038/1406
f 1481/2038/1406 1472/2037/1405 1471/2039/1407
f 1462/2040/1408 1469/2041/1409 1464/2042/1410
f 1479/2027/1395 1480/2026/1394 1478/2030/1398
f 1478/2030/1398 1477/2033/1401 1479/2027/1395
f 1478/2030/1398 1476/2032/1400 1477/2033/1401
f 1477/2033/1401 1476/2032/1400 1474/2036/1404
f 1474/2036/1404 1476/2032/1400 1475/2043/1411
f 1473/1280/905 1474/2036/1404 1475/2043/1411
f 1472/2037/1405 1474/2036/1404 1473/1280/905
f 1472/2037/1405 1473/1280/905 1470/1279/904
f 1471/2039/1407 1472/2037/1405 1470/1279/904
f 1470/1279/904 1469/2041/1409 1471/2039/1407
f 1468/1278/903 1469/2041/1409 1470/1279/904
f 1464/2042/1410 1469/2041/1409 1468/1278/903
f 1464/2042/1410 1468/1278/903 1467/1277/902
f 1467/1277/902 1466/2044/1412 1464/2042/1410
f 1465/2045/1413 1464/2042/1410 1466/2044/1412
f 1458/2046/1414 1464/2042/1410 1465/2045/1413
f 1458/2046/1414 1462/2040/1408 1464/2042/1410
f 1463/2047/1415 1462/2040/1408 1458/2046/1414
f 1461/2048/1092 1460/2047/1416 1459/2049/1097
f 1459/2049/1097 1460/2047/1416 1458/2046/1414
f 1459/2049/1097 1458/2046/1414 1456/2050/1417
f 1458/2046/1414 1455/2045/1418 1456/2050/1417
f 1457/2051/1419 1456/2050/1417 1455/2045/1418
f 1454/400/1420 1452/402/1421 1453/2052/1421
f 1453/2052/1421 1452/402/1421 1451/2053/1422
f 1450/85/1423 1448/32/1424 1449/2054/1425
f 1449/2054/1425 1448/32/1424 1447/954/1426
f 1446/949/1427 1444/2052/1428 1445/950/1428
f 1445/950/1428 1444/2052/1428 1443/2053/1429
f 1442/11/1430 1440/12/1431 1441/1004/1432
f 1441/1004/1432 1440/12/1431 1439/899/1433
f 1438/7/1434 1436/8/1435 1437/869/1436
f 1437/869/1436 1436/8/1435 1435/1668/1437
f 1434/2/1438 1432/1/1439 1433/1151/1440
f 1433/1151/1440 1432/1/1439 1431/2055/1441
f 1430/82/1442 1427/81/1442 1429/2056/1442
f 1429/2056/1442 1427/81/1442 1428/2057/1442
f 1427/81/1442 1426/79/1443 1424/2057/1444
f 1424/2057/1444 1426/79/1443 1425/2058/1445
f 1423/2059/1446 1424/2057/1444 1425/2058/1445
f 1399/2060/1447 1424/2057/1444 1423/2059/1446
f 1422/2061/1448 1399/2060/1447 1423/2059/1446
f 1421/2062/1449 1399/2060/1447 1422/2061/1448
f 1420/2063/1450 1421/2062/1449 1422/2061/1448
f 1392/2064/1451 1421/2062/1449 1420/2063/1450
f 1420/2063/1450 1419/2065/1123 1392/2064/1451
f 1392/2064/1451 1419/2065/1123 1418/2066/1452
f 1418/2066/1452 1391/2067/1451 1392/2064/1451
f 1417/2068/1453 1391/2067/1451 1418/2066/1452
f 1417/2068/1453 1416/2069/1454 1391/2067/1451
f 1391/2067/1451 1416/2069/1454 1394/2070/1451
f 1416/2069/1454 1415/2071/1455 1394/2070/1451
f 1394/2070/1451 1415/2071/1455 1395/2072/1451
f 1415/2071/1455 1414/2073/1118 1395/2072/1451
f 1395/2072/1451 1414/2073/1118 1396/2074/1451
f 1414/2073/1118 1413/2075/1120 1396/2074/1451
f 1396/2074/1451 1413/2075/1120 1397/2076/1451
f 1397/2076/1451 1413/2075/1120 1412/2077/1449
f 1412/2077/1449 1413/2075/1120 1411/2078/1164
f 1411/2078/1164 1410/2079/1447 1412/2077/1449
f 1409/2080/1456 1410/2079/1447 1411/2078/1164
f 1409/2080/1456 1407/2081/1457 1410/2079/1447
f 1408/2082/1458 1407/2081/1457 1409/2080/1456
f 1406/243/228 1407/2081/1457 1408/2082/1458
f 1405/242/83 1407/2081/1457 1406/243/228
f 1404/83/83 1403/2081/1459 1405/242/83
f 1402/2056/1460 1403/2081/1459 1404/83/83
f 1403/2081/1459 1402/2056/1460 1400/2079/1461
f 1400/2079/1461 1402/2056/1460 1401/2057/1462
f 1399/2060/1463 1400/2079/1461 1401/2057/1462
f 1400/2079/1461 1399/2060/1463 1398/2077/1464
f 1398/2077/1464 1399/2060/1463 1393/2062/1465
f 1398/2077/1464 1393/2062/1465 1397/2076/1451
f 1397/2076/1451 1393/2062/1465 1396/2074/1451
f 1396/2074/1451 1393/2062/1465 1395/2072/1451
f 1395/2072/1451 1393/2062/1465 1394/2070/1451
f 1394/2070/1451 1393/2062/1465 1391/2067/1451
f 1393/2062/1465 1392/2064/1451 1391/2067/1451
f 1390/2083/1466 1386/2084/1467 1387/2085/86
f 1387/2085/86 1386/2084/1467 1385/2086/86
f 1389/2087/1468 1388/2083/1469 1378/2088/86
f 1378/2088/86 1388/2083/1469 1387/2085/86
f 1387/2085/86 1072/2089/86 1378/2088/86
f 1385/2086/86 1072/2089/86 1387/2085/86
f 1076/2090/86 1072/2089/86 1385/2086/86
f 1385/2086/86 1078/2091/1470 1076/2090/86
f 1386/2084/1467 1078/2091/1470 1385/2086/86
f 1383/2092/1471 1384/2093/1472 1372/2094/86
f 1382/2095/1473 1384/2093/1472 1383/2092/1471
f 1383/2092/1471 1366/2096/97 1382/2095/1473
f 1382/2095/1473 1366/2096/97 1365/2097/1474
f 1381/2098/1475 1380/2099/1476 1375/2100/86
f 1375/2100/86 1380/2099/1476 1377/2101/86
f 1380/2099/1476 1379/2087/1477 1377/2101/86
f 1377/2101/86 1379/2087/1477 1378/2088/86
f 1378/2088/86 1072/2089/86 1377/2101/86
f 1377/2101/86 1072/2089/86 1375/2100/86
f 1376/2102/1478 1367/2103/97 1073/2104/1479
f 1073/2104/1479 1367/2103/97 1371/2105/1480
f 1072/2089/86 1073/2104/1479 1371/2105/1480
f 1370/2092/1480 1072/2089/86 1371/2105/1480
f 1372/2094/86 1072/2089/86 1370/2092/1480
f 1072/2089/86 1372/2094/86 1375/2100/86
f 1372/2094/86 1373/2098/1481 1375/2100/86
f 1374/2093/1482 1373/2098/1481 1372/2094/86
f 1371/2105/1480 1367/2103/97 1370/2092/1480
f 1370/2092/1480 1367/2103/97 1366/2096/97
f 1369/2102/1483 1368/922/1484 1367/2103/97
f 1367/2103/97 1368/922/1484 1358/921/97
f 1367/2103/97 1358/921/97 1359/2106/97
f 1366/2096/97 1367/2103/97 1359/2106/97
f 1364/2107/97 1366/2096/97 1359/2106/97
f 1366/2096/97 1364/2107/97 1365/2097/1474
f 1365/2097/1474 1364/2107/97 1363/2108/1485
f 1348/2109/86 1362/2110/1486 1347/2111/1487
f 1350/913/1488 1362/2110/1486 1348/2109/86
f 1350/913/1488 1360/2112/1489 1362/2110/1486
f 1350/913/1488 1361/915/1490 1360/2112/1489
f 1345/2113/86 1349/2114/1491 1346/2115/86
f 1359/2106/97 1358/921/97 1357/2116/97
f 1356/919/1492 1357/2116/97 1358/921/97
f 1355/2117/1493 1357/2116/97 1356/919/1492
f 1354/917/1494 1355/2117/1493 1356/919/1492
f 1353/2118/1495 1355/2117/1493 1354/917/1494
f 1352/914/1496 1353/2118/1495 1354/917/1494
f 1351/2119/1497 1353/2118/1495 1352/914/1496
f 1350/913/1488 1351/2119/1497 1352/914/1496
f 1349/2114/1491 1351/2119/1497 1350/913/1488
f 1350/913/1488 1348/2109/86 1349/2114/1491
f 1349/2114/1491 1348/2109/86 1346/2115/86
f 1347/2111/1487 1346/2115/86 1348/2109/86
f 1344/2120/1498 1346/2115/86 1347/2111/1487
f 1344/2120/1498 1345/2113/86 1346/2115/86
f 1343/2121/1499 1345/2113/86 1344/2120/1498
f 1343/2121/1500 1342/25/1501 1340/2113/1502
f 1340/2113/1502 1342/25/1501 1341/23/1503
f 1341/23/1503 1338/21/1504 1340/2113/1502
f 1340/2113/1502 1338/21/1504 1339/2114/1505
f 1338/21/1504 1337/2119/1506 1339/2114/1505
f 1336/19/1507 1337/2119/1506 1338/21/1504
f 1336/19/1507 1335/2118/1508 1337/2119/1506
f 1334/17/1509 1335/2118/1508 1336/19/1507
f 1334/17/1509 1333/2117/1510 1335/2118/1508
f 1332/14/1511 1333/2117/1510 1334/17/1509
f 1332/14/1511 1330/2116/1512 1333/2117/1510
f 1329/13/1513 1330/2116/1512 1332/14/1511
f 1331/2106/1514 1330/2116/1512 1329/13/1513
f 1328/891/1515 1326/27/1516 1327/993/1517
f 1327/993/1517 1326/27/1516 1325/29/1518
f 1324/50/1519 1322/872/1520 1323/52/1520
f 1323/52/1520 1322/872/1520 1321/2122/1521
f 1320/1077/1522 1317/1075/1523 1319/2123/1524
f 1319/2123/1524 1317/1075/1523 1318/2124/1525
f 1318/2124/1525 1317/1075/1523 1316/2125/1526
f 1316/2125/1526 1317/1075/1523 1315/1073/1527
f 1316/2125/1526 1315/1073/1527 1302/2126/1528
f 1302/2126/1528 1315/1073/1527 1314/1071/1529
f 1314/1071/1529 1300/1069/1530 1302/2126/1528
f 1303/2127/1531 1301/2128/1532 1313/2129/1533
f 1313/2129/1533 1301/2128/1532 1312/2130/1534
f 1312/2130/1534 1301/2128/1532 1298/2131/1535
f 1296/2132/1536 1312/2130/1534 1298/2131/1535
f 1311/2133/1537 1312/2130/1534 1296/2132/1536
f 1294/2134/1538 1311/2133/1537 1296/2132/1536
f 1293/2135/1539 1311/2133/1537 1294/2134/1538
f 1287/2136/1540 1308/2123/1541 1310/2137/793
f 1309/2138/1542 1310/2137/793 1308/2123/1541
f 1307/2139/1543 1309/2138/1542 1308/2123/1541
f 1306/2124/1544 1307/2139/1543 1308/2123/1541
f 1307/2139/1543 1306/2124/1544 1305/2140/1545
f 1305/2140/1545 1306/2124/1544 1304/2125/1546
f 1305/2140/1545 1304/2125/1546 1303/2127/1531
f 1303/2127/1531 1304/2125/1546 1302/2126/1528
f 1302/2126/1528 1301/2128/1532 1303/2127/1531
f 1302/2126/1528 1300/1069/1530 1301/2128/1532
f 1301/2128/1532 1300/1069/1530 1298/2131/1535
f 1298/2131/1535 1300/1069/1530 1299/1067/1547
f 1297/1065/1548 1298/2131/1535 1299/1067/1547
f 1296/2132/1536 1298/2131/1535 1297/1065/1548
f 1295/1064/992 1296/2132/1536 1297/1065/1548
f 1294/2134/1538 1296/2132/1536 1295/1064/992
f 1294/2134/1538 1295/1064/992 1292/1651/83
f 1294/2134/1538 1292/1651/83 1293/2135/1539
f 1293/2135/1539 1292/1651/83 1290/2141/1549
f 1292/1651/83 1291/2142/1550 1290/2141/1549
f 1281/2143/83 1279/2144/1551 1289/2145/1552
f 1282/2146/83 1283/2147/237 1288/2148/239
f 1288/2148/239 1278/2149/1553 1282/2146/83
f 1282/2146/83 1278/2149/1553 1280/2150/83
f 1287/2136/1540 1286/2151/1554 1271/2123/83
f 1271/2123/83 1286/2151/1554 1273/2152/83
f 1286/2151/1554 1285/2153/1555 1273/2152/83
f 1285/2153/1555 1284/2154/1556 1273/2152/83
f 1273/2152/83 1284/2154/1556 1274/2155/83
f 1274/2155/83 1284/2154/1556 1283/2147/237
f 1274/2155/83 1283/2147/237 1282/2146/83
f 1276/2156/83 1274/2155/83 1282/2146/83
f 1282/2146/83 1280/2150/83 1276/2156/83
f 1276/2156/83 1280/2150/83 1281/2143/83
f 1280/2150/83 1279/2144/1551 1281/2143/83
f 1280/2150/83 1278/2149/1553 1279/2144/1551
f 1279/2144/1551 1278/2149/1553 1277/2157/1557
f 1275/2158/83 1274/2155/83 1276/2156/83
f 1275/2158/83 1270/1078/83 1274/2155/83
f 1274/2155/83 1270/1078/83 1273/2152/83
f 1270/1078/83 1271/2123/83 1273/2152/83
f 1272/1077/83 1271/2123/83 1270/1078/83
f 1269/2159/1558 1268/2160/1559 1260/2161/1560
f 1267/2162/1561 1268/2160/1559 1269/2159/1558
f 1267/2162/1561 1257/2163/1562 1268/2160/1559
f 1266/2164/1563 1257/2163/1562 1267/2162/1561
f 1265/2165/1564 1257/2163/1562 1266/2164/1563
f 1264/2166/1565 1257/2163/1562 1265/2165/1564
f 1263/2167/1566 1264/2166/1565 1265/2165/1564
f 1262/2168/1567 1264/2166/1565 1263/2167/1566
f 1263/2167/1566 1261/2169/1568 1262/2168/1567
f 1262/2168/1567 1261/2169/1568 1252/2170/1569
f 1258/2160/1570 1259/2171/1571 1260/2161/1560
f 1258/2160/1570 1256/2172/1572 1259/2171/1571
f 1257/2163/1562 1256/2172/1572 1258/2160/1570
f 1255/2166/1573 1256/2172/1572 1257/2163/1562
f 1254/2173/1574 1256/2172/1572 1255/2166/1573
f 1253/2168/1575 1254/2173/1574 1255/2166/1573
f 1251/2174/1576 1254/2173/1574 1253/2168/1575
f 1253/2168/1575 1252/2170/1569 1251/2174/1576
f 1250/1370/1577 1249/1364/1577 1246/2175/1578
f 1249/1364/1577 1248/1362/1579 1246/2175/1578
f 1248/1362/1579 1247/1360/1580 1246/2175/1578
f 1247/1360/1580 1245/2176/1581 1246/2175/1578
f 1245/2176/1581 1244/2177/1582 1246/2175/1578
f 1243/2178/1583 1244/2177/1582 1245/2176/1581
f 1243/2178/1583 1242/2179/1584 1244/2177/1582
f 1240/2180/1585 1242/2179/1584 1243/2178/1583
f 1242/2179/1584 1240/2180/1585 1241/2181/1586
f 1241/2181/1586 1240/2180/1585 1239/2182/1586
f 1238/2183/1587 1237/2184/1587 1236/2185/1588
f 1237/2184/1587 1234/2186/1589 1236/2185/1588
f 1236/2185/1588 1234/2186/1589 1235/2187/1590
f 1235/2187/1590 1234/2186/1589 1213/2188/1591
f 1234/2186/1589 1233/2189/1592 1213/2188/1591
f 1233/2189/1592 1232/2190/1593 1213/2188/1591
f 1232/2190/1593 1230/2191/1594 1213/2188/1591
f 1212/2192/1594 1213/2188/1591 1230/2191/1594
f 1231/2193/1595 1212/2192/1594 1230/2191/1594
f 1229/2194/1596 1195/2195/1597 1196/2196/1598
f 1195/2195/1597 1229/2194/1596 1228/2197/1599
f 1227/2198/1600 1195/2195/1597 1228/2197/1599
f 1226/2199/1601 1195/2195/1597 1227/2198/1600
f 1227/2198/1600 1224/2200/1602 1226/2199/1601
f 1226/2199/1601 1224/2200/1602 1225/2201/1603
f 1225/2201/1603 1224/2200/1602 1221/2202/1604
f 1224/2200/1602 1223/2203/1605 1221/2202/1604
f 1223/2203/1605 1222/2204/1606 1221/2202/1604
f 1222/2204/1606 1217/2205/1607 1221/2202/1604
f 1221/2202/1604 1217/2205/1607 1220/2206/1608
f 1220/2206/1608 1217/2205/1607 1219/2207/1609
f 1219/2207/1609 1217/2205/1607 1218/2208/1610
f 1218/2208/1610 1217/2205/1607 1214/2209/1611
f 1217/2205/1607 1216/2210/1592 1214/2209/1611
f 1216/2210/1592 1215/2211/1593 1214/2209/1611
f 1215/2211/1593 1213/2188/1591 1214/2209/1611
f 1214/2209/1611 1213/2188/1591 1212/2192/1594
f 1211/2212/1612 1210/2213/1612 1209/2214/1612
f 1209/2214/1612 1210/2213/1612 1206/2215/1612
f 1208/2216/1612 1209/2214/1612 1206/2215/1612
f 1207/2217/1612 1208/2216/1612 1206/2215/1612
f 1205/2218/1612 1207/2217/1612 1206/2215/1612
f 1206/2215/1612 1204/2219/1613 1205/2218/1612
f 1205/2218/1612 1204/2219/1613 1203/2220/1614
f 1202/2221/1615 1203/2220/1614 1204/2219/1613
f 1201/2222/1616 1203/2220/1614 1202/2221/1615
f 1200/2223/1617 1201/2222/1616 1202/2221/1615
f 1195/2195/1597 1201/2222/1616 1200/2223/1617
f 1200/2223/1617 1199/2224/1618 1195/2195/1597
f 1199/2224/1618 1198/2225/1618 1195/2195/1597
f 1198/2225/1618 1197/2226/1618 1195/2195/1597
f 1197/2226/1618 1196/2196/1598 1195/2195/1597
f 1194/2227/1619 1191/2228/1620 1193/2174/1621
f 1193/2174/1621 1191/2228/1620 1192/2173/1621
f 1192/2173/1621 1191/2228/1620 1189/2172/1621
f 1191/2228/1620 1190/2171/1621 1189/2172/1621
f 1188/2229/1622 1184/2230/1623 1182/2231/1624
f 1180/1070/1625 1181/2232/1626 1187/1068/1627
f 1181/2232/1626 1186/1066/1628 1187/1068/1627
f 1183/2233/1629 1186/1066/1628 1181/2232/1626
f 1183/2233/1629 1185/1062/1630 1186/1066/1628
f 1184/2230/1623 1185/1062/1630 1183/2233/1629
f 1182/2231/1624 1184/2230/1623 1183/2233/1629
f 1181/2232/1626 1182/2231/1624 1183/2233/1629
f 1163/2234/1631 1182/2231/1624 1181/2232/1626
f 1162/2235/1632 1163/2234/1631 1181/2232/1626
f 1162/2235/1632 1181/2232/1626 1180/1070/1625
f 1162/2235/1632 1180/1070/1625 1166/2236/1633
f 1166/2236/1633 1180/1070/1625 1179/1072/1634
f 1179/1072/1634 1178/1074/1635 1166/2236/1633
f 1166/2236/1633 1178/1074/1635 1177/2237/1636
f 1178/1074/1635 1175/1076/1637 1177/2237/1636
f 1177/2237/1636 1175/1076/1637 1169/2238/1638
f 1169/2238/1638 1175/1076/1637 1176/647/1639
f 1176/647/1639 1175/1076/1637 1174/655/1640
f 1173/647/1641 1172/646/1642 1169/2238/1638
f 1169/2238/1638 1172/646/1642 1171/2239/1135
f 1170/2240/1643 1169/2238/1638 1171/2239/1135
f 1168/2241/1644 1169/2238/1638 1170/2240/1643
f 1167/2237/1645 1169/2238/1638 1168/2241/1644
f 1165/2242/1646 1167/2237/1645 1168/2241/1644
f 1166/2236/1633 1167/2237/1645 1165/2242/1646
f 1165/2242/1646 1162/2235/1632 1166/2236/1633
f 1164/2243/1143 1162/2235/1632 1165/2242/1646
f 1164/2243/1143 1163/2234/1631 1162/2235/1632
f 1161/2106/1647 1160/13/1648 1159/2107/1649
f 1159/2107/1649 1160/13/1648 1157/412/1650
f 1159/2107/1649 1157/412/1650 1158/2108/1651
f 1158/2108/1651 1157/412/1650 1156/413/1652
f 1155/2244/1653 1154/327/1654 1153/2245/1655
f 1153/2245/1655 1154/327/1654 1150/328/1655
f 1150/328/1655 1151/2122/1656 1153/2245/1655
f 1152/52/1657 1151/2122/1656 1150/328/1655
f 1149/417/1658 1146/581/1659 1148/1967/1660
f 1148/1967/1660 1146/581/1659 1147/2246/1661
f 1146/581/1659 1144/2247/1662 1147/2246/1661
f 1145/580/1663 1144/2247/1662 1146/581/1659
f 1145/580/1663 1143/579/1664 1144/2247/1662
f 1144/2247/1662 1143/579/1664 1142/2248/1665
f 1141/578/1666 1142/2248/1665 1143/579/1664
f 1140/2249/1667 1142/2248/1665 1141/578/1666
f 1136/577/1668 1140/2249/1667 1141/578/1666
f 1139/2250/1669 1140/2249/1667 1136/577/1668
f 1136/577/1668 1137/1975/1670 1139/2250/1669
f 1138/576/1671 1137/1975/1670 1136/577/1668
f 1135/1668/1672 1134/8/1672 1132/1669/1673
f 1132/1669/1673 1134/8/1672 1133/62/1674
f 1131/64/1675 1132/1669/1673 1133/62/1674
f 1130/1670/1676 1132/1669/1673 1131/64/1675
f 1131/64/1675 1127/67/1677 1130/1670/1676
f 1130/1670/1676 1127/67/1677 1129/1671/1678
f 1127/67/1677 1126/1672/1679 1129/1671/1678
f 1128/69/1680 1126/1672/1679 1127/67/1677
f 1126/1672/1679 1125/69/1681 1124/1673/1682
f 1124/1673/1682 1125/69/1681 1123/76/1683
f 1123/76/1683 1121/1674/1684 1124/1673/1682
f 1122/75/1685 1121/1674/1684 1123/76/1683
f 1122/75/1685 1120/73/1686 1121/1674/1684
f 1121/1674/1684 1120/73/1686 1118/1675/1687
f 1117/70/1688 1118/1675/1687 1120/73/1686
f 1119/1676/936 1118/1675/1687 1117/70/1688
f 1109/2251/1689 1114/415/1690 1116/414/1691
f 1115/2252/1692 1114/415/1690 1109/2251/1689
f 1115/2252/1692 1113/2253/1693 1114/415/1690
f 1114/415/1690 1113/2253/1693 1112/416/1694
f 1113/2253/1693 1111/2254/1695 1112/416/1694
f 1112/416/1694 1111/2254/1695 1110/2255/1696
f 1109/2251/1689 1108/414/1697 1107/2256/1698
f 1107/2256/1698 1108/414/1697 1106/422/1699
f 1107/2256/1698 1106/422/1699 1104/2257/1700
f 1104/2257/1700 1106/422/1699 1105/421/1701
f 1105/421/1701 1100/420/1702 1104/2257/1700
f 1104/2257/1700 1100/420/1702 1103/2258/1703
f 1100/420/1702 1101/1968/1704 1103/2258/1703
f 1102/419/1705 1101/1968/1704 1100/420/1702
f 1099/2259/1706 1098/713/1707 1097/981/1708
f 1097/981/1708 1098/713/1707 1096/712/1709
f 1097/981/1708 1096/712/1709 1095/984/1710
f 1095/984/1710 1096/712/1709 1093/711/1711
f 1094/985/1712 1095/984/1710 1093/711/1711
f 1091/2255/1713 1094/985/1712 1093/711/1711
f 1090/350/1714 1091/2255/1713 1093/711/1711
f 1092/416/1715 1091/2255/1713 1090/350/1714
f 1089/2260/1716 1087/2261/1717 1088/2262/1718
f 1089/2260/1716 1086/2263/260 1087/2261/1717
f 1088/2262/1718 1081/2264/1719 1082/2265/1720
f 1088/2262/1718 1087/2261/1717 1081/2264/1719
f 1080/2266/1717 1081/2264/1719 1087/2261/1717
f 1087/2261/1717 1075/2267/86 1080/2266/1717
f 1087/2261/1717 1086/2263/260 1075/2267/86
f 1086/2263/260 1074/2268/260 1075/2267/86
f 1080/2266/1717 1075/2267/86 1077/2269/86
f 1043/2270/86 1057/2271/1721 1042/2272/86
f 1042/2272/86 1057/2271/1721 1085/2273/876
f 1042/2272/86 1085/2273/876 1084/2274/1722
f 1084/2274/1722 1085/2273/876 1083/2275/1723
f 1083/2275/1723 1039/2276/1719 1084/2274/1722
f 1082/2265/1720 1039/2276/1719 1083/2275/1723
f 1082/2265/1720 1081/2264/1719 1039/2276/1719
f 1081/2264/1719 1038/2277/1719 1039/2276/1719
f 1038/2277/1719 1081/2264/1719 1080/2266/1717
f 1054/2278/1724 1038/2277/1719 1080/2266/1717
f 1077/2269/86 1054/2278/1724 1080/2266/1717
f 1079/2279/1725 1054/2278/1724 1077/2269/86
f 1077/2269/86 1078/2091/1470 1079/2279/1725
f 1076/2090/86 1078/2091/1470 1077/2269/86
f 1077/2269/86 1075/2267/86 1076/2090/86
f 1075/2267/86 1072/2089/86 1076/2090/86
f 1075/2267/86 1074/2268/260 1072/2089/86
f 1074/2268/260 1073/2104/1479 1072/2089/86
f 1069/2280/1726 1071/2281/1727 1062/2282/86
f 1062/2282/86 1070/2283/1728 1069/2280/1726
f 1062/2282/86 1068/2281/1729 1059/2284/86
f 1059/2284/86 1068/2281/1729 1067/2285/836
f 1067/2285/836 1066/2286/1730 1059/2284/86
f 1059/2284/86 1066/2286/1730 1058/2287/86
f 1066/2286/1730 1056/2288/1731 1058/2287/86
f 1065/871/1732 1064/2283/1733 1063/870/86
f 1063/870/86 1064/2283/1733 1062/2282/86
f 1063/870/86 1062/2282/86 1061/872/86
f 1062/2282/86 1059/2284/86 1061/872/86
f 1061/872/86 1059/2284/86 1060/2122/86
f 1060/2122/86 1059/2284/86 1050/2245/86
f 1050/2245/86 1059/2284/86 1047/2289/86
f 1059/2284/86 1058/2287/86 1047/2289/86
f 1058/2287/86 1045/2290/86 1047/2289/86
f 1058/2287/86 1056/2288/1731 1045/2290/86
f 1056/2288/1731 1043/2270/86 1045/2290/86
f 1057/2271/1721 1043/2270/86 1056/2288/1731
f 1055/2291/1734 1038/2277/1719 1054/2278/1724
f 1035/2292/86 1053/2293/1735 1044/2294/86
f 1044/2294/86 1053/2293/1735 1052/2295/1736
f 1052/2295/1736 1046/2296/86 1044/2294/86
f 1051/2297/1737 1046/2296/86 1052/2295/1736
f 1051/2297/1737 1048/2298/1738 1046/2296/86
f 1047/2289/86 1049/2244/1739 1050/2245/86
f 1048/2298/1738 1049/2244/1739 1047/2289/86
f 1046/2296/86 1048/2298/1738 1047/2289/86
f 1047/2289/86 1045/2290/86 1046/2296/86
f 1046/2296/86 1045/2290/86 1044/2294/86
f 1045/2290/86 1043/2270/86 1044/2294/86
f 1043/2270/86 1035/2292/86 1044/2294/86
f 1042/2272/86 1035/2292/86 1043/2270/86
f 1035/2292/86 1042/2272/86 1041/2299/1740
f 1041/2299/1740 1042/2272/86 1040/2274/1741
f 1040/2274/1741 1032/2300/1719 1041/2299/1740
f 1039/2276/1719 1032/2300/1719 1040/2274/1741
f 1039/2276/1719 1038/2277/1719 1032/2300/1719
f 1038/2277/1719 1037/2291/1742 1032/2300/1719
f 1032/2300/1719 1037/2291/1742 1036/2301/1743
f 1035/2292/86 1030/2299/1744 1034/2293/1745
f 1034/2293/1745 1030/2299/1744 1033/2302/1746
f 1030/2299/1744 1031/2301/1747 1033/2302/1746
f 1032/2300/1719 1031/2301/1747 1030/2299/1744
f 1029/2303/1748 1028/725/397 1027/2304/1749
f 1027/2304/1749 1028/725/397 1026/716/612
f 1027/2304/1749 1026/716/612 1025/2305/1750
f 1025/2305/1750 1026/716/612 1024/715/1751
f 1025/2305/1750 1024/715/1751 1023/2306/1752
f 1023/2306/1752 1024/715/1751 1021/714/1753
f 1023/2306/1752 1021/714/1753 1022/2259/1754
f 1022/2259/1754 1021/714/1753 1020/713/1755
f 1019/2307/1756 1018/2308/1757 1017/2309/1758
f 1017/2309/1758 1018/2308/1757 1015/2310/1758
f 1017/2309/1758 1015/2310/1758 1016/2311/1758
f 1016/2311/1758 1015/2310/1758 1014/2312/1758
f 1013/992/1759 1012/993/1760 1011/2313/1761
f 1011/2313/1761 1012/993/1760 1010/1146/1762
f 1010/1146/1762 1009/2314/163 1011/2313/1761
f 1008/1147/163 1009/2314/163 1010/1146/1762
f 1009/2314/163 1008/1147/163 1006/2315/1763
f 1006/2315/1763 1008/1147/163 1007/1148/1764
f 1005/1149/160 1006/2315/1763 1007/1148/1764
f 1004/2316/1765 1006/2315/1763 1005/1149/160
f 1003/1150/1766 1004/2316/1765 1005/1149/160
f 1002/2317/1767 1004/2316/1765 1003/1150/1766
f 1003/1150/1766 1001/1151/156 1002/2317/1767
f 1002/2317/1767 1001/1151/156 1000/2055/156
f 999/2318/1768 997/2319/1769 998/2320/1770
f 998/2320/1770 997/2319/1769 996/2321/1771
f 997/2319/1769 995/2322/1772 996/2321/1771
f 996/2321/1771 995/2322/1772 994/2323/1773
f 995/2322/1772 993/2324/1774 994/2323/1773
f 994/2323/1773 993/2324/1774 991/2325/1775
f 992/2324/1776 990/2303/1777 991/2325/1778
f 991/2325/1778 990/2303/1777 989/2326/1779
f 988/2304/1780 989/2326/1779 990/2303/1777
f 987/2327/1781 989/2326/1779 988/2304/1780
f 986/2305/1782 987/2327/1781 988/2304/1780
f 985/2328/1783 987/2327/1781 986/2305/1782
f 984/2306/1784 985/2328/1783 986/2305/1782
f 983/2329/1785 985/2328/1783 984/2306/1784
f 984/2306/1784 981/2259/1786 983/2329/1785
f 983/2329/1785 981/2259/1786 982/2330/1787
f 981/2259/1788 979/981/1789 980/2330/1790
f 980/2330/1790 979/981/1789 978/983/1791
f 977/739/1792 975/748/1793 976/734/1794
f 976/734/1794 975/748/1793 974/733/39
f 973/649/1795 972/1078/1795 971/652/1795
f 971/652/1795 972/1078/1795 970/2158/1795
f 971/652/1795 970/2158/1795 969/653/1796
f 969/653/1796 970/2158/1795 967/2156/1797
f 969/653/1796 967/2156/1797 968/660/1798
f 968/660/1798 967/2156/1797 964/2143/1799
f 966/660/1800 964/2143/1801 965/661/1802
f 965/661/1802 964/2143/1801 963/2145/1803
f 962/55/49 960/2331/49 961/53/49
f 961/53/49 960/2331/49 959/2332/49
f 958/2333/134 956/2331/134 957/2334/134
f 957/2334/134 956/2331/134 955/2335/134
f 954/2336/134 952/1647/134 953/2337/134
f 953/2337/134 952/1647/134 951/2338/134
f 937/2339/1630 935/2340/49 950/2341/1804
f 950/2341/1804 935/2340/49 949/2342/49
f 935/2340/49 948/2343/49 949/2342/49
f 948/2343/49 935/2340/49 946/2344/1805
f 946/2344/1805 935/2340/49 947/2345/1806
f 947/2345/1806 944/2346/1807 946/2344/1805
f 946/2344/1805 944/2346/1807 945/2347/1807
f 945/2347/1807 944/2346/1807 942/2348/1808
f 942/2348/1808 944/2346/1807 943/2349/1808
f 943/2349/1808 941/2350/1809 942/2348/1808
f 942/2348/1808 941/2350/1809 939/2351/1810
f 927/2352/141 939/2351/1810 941/2350/1809
f 940/2353/141 939/2351/1810 927/2352/141
f 938/2354/1811 936/2355/1812 937/2339/1630
f 937/2339/1630 936/2355/1812 935/2340/49
f 936/2355/1812 934/2356/1813 935/2340/49
f 935/2340/49 934/2356/1813 933/2345/1814
f 934/2356/1813 932/2357/1815 933/2345/1814
f 933/2345/1814 932/2357/1815 931/2346/1816
f 930/2358/1817 931/2346/1816 932/2357/1815
f 929/2349/1818 931/2346/1816 930/2358/1817
f 930/2358/1817 928/2359/1819 929/2349/1818
f 929/2349/1818 928/2359/1819 926/2350/1820
f 925/2360/1821 926/2350/1820 928/2359/1819
f 927/2352/141 926/2350/1820 925/2360/1821
f 925/2360/892 914/2361/1822 924/2352/1823
f 924/2352/1823 914/2361/1822 922/2362/1823
f 924/2352/1823 922/2362/1823 923/2353/1823
f 923/2353/1823 922/2362/1823 921/2363/1823
f 904/2364/141 920/2365/141 906/2366/141
f 906/2366/141 920/2365/141 919/2367/141
f 906/2366/141 919/2367/141 908/2368/141
f 908/2368/141 919/2367/141 918/2369/141
f 908/2368/141 918/2369/141 910/2370/141
f 910/2370/141 918/2369/141 917/2371/141
f 916/2372/141 910/2370/141 917/2371/141
f 911/2373/141 910/2370/141 916/2372/141
f 915/2363/141 911/2373/141 916/2372/141
f 913/2362/141 911/2373/141 915/2363/141
f 913/2362/141 912/2374/1824 911/2373/141
f 914/2361/1825 912/2374/1824 913/2362/141
f 912/2374/1824 909/2375/1826 911/2373/141
f 911/2373/141 909/2375/1826 910/2370/141
f 909/2375/1826 908/2368/141 910/2370/141
f 907/2376/1827 908/2368/141 909/2375/1826
f 907/2376/1827 906/2366/141 908/2368/141
f 903/2377/881 906/2366/141 907/2376/1827
f 903/2377/881 904/2364/141 906/2366/141
f 905/2378/1828 904/2364/141 903/2377/881
f 890/2379/1829 901/2380/1550 902/2381/1830
f 902/2381/1830 901/2380/1550 900/2382/1830
f 899/2308/1831 897/2383/1832 898/2310/86
f 898/2310/86 897/2383/1832 896/2384/86
f 897/2383/1832 895/2385/1730 896/2384/86
f 896/2384/86 895/2385/1730 894/2386/86
f 895/2385/1730 892/2387/1833 894/2386/86
f 894/2386/86 892/2387/1833 893/2388/86
f 892/2387/1833 891/2389/86 893/2388/86
f 888/2390/1834 891/2389/86 892/2387/1833
f 888/2390/1834 889/2381/86 891/2389/86
f 890/2379/1835 889/2381/86 888/2390/1834
f 885/2391/1836 887/2392/1837 886/2393/1770
f 886/2393/1770 884/2394/1838 885/2391/1836
f 885/2391/1836 884/2394/1838 882/2395/1839
f 884/2394/1838 883/2396/1840 882/2395/1839
f 881/82/1841 880/2056/1841 879/83/1841
f 878/2397/1842 876/2398/1843 877/2399/1844
f 877/2399/1844 876/2398/1843 875/2400/1845
f 876/2398/1843 874/2401/1846 875/2400/1845
f 875/2400/1845 874/2401/1846 873/2402/1846
f 872/2403/1842 870/2404/1843 871/2405/1847
f 871/2405/1847 870/2404/1843 869/2406/1845
f 870/2404/1843 868/2407/1846 869/2406/1845
f 869/2406/1845 868/2407/1846 867/2408/1846
f 866/2409/1842 864/2410/1843 865/2411/1844
f 865/2411/1844 864/2410/1843 863/2412/1845
f 864/2410/1843 862/2413/1846 863/2412/1845
f 863/2412/1845 862/2413/1846 861/2414/1846
f 860/2415/1848 858/2416/1843 859/2417/1844
f 859/2417/1844 858/2416/1843 857/2418/1845
f 858/2416/1843 856/2419/1846 857/2418/1845
f 857/2418/1845 856/2419/1846 855/2420/1846
f 854/2421/1842 852/2422/1843 853/2423/1844
f 853/2423/1844 852/2422/1843 851/2424/1845
f 852/2422/1843 850/2425/1846 851/2424/1845
f 851/2424/1845 850/2425/1846 849/2426/1846
f 848/2427/1842 846/2428/1843 847/2429/1847
f 847/2429/1847 846/2428/1843 845/2430/1845
f 846/2428/1843 844/2431/1846 845/2430/1845
f 845/2430/1845 844/2431/1846 843/2432/1846
f 842/2433/1842 840/2434/1843 841/2435/1844
f 841/2435/1844 840/2434/1843 839/2436/1845
f 840/2434/1843 838/2437/1846 839/2436/1845
f 839/2436/1845 838/2437/1846 837/2438/1846
f 836/2439/1842 834/2440/1843 835/2441/1844
f 835/2441/1844 834/2440/1843 833/2442/1845
f 834/2440/1843 832/2443/1846 833/2442/1845
f 833/2442/1845 832/2443/1846 831/2444/1846
f 830/2445/1842 828/2446/1843 829/2447/1844
f 829/2447/1844 828/2446/1843 827/2448/1845
f 828/2446/1843 826/2449/1846 827/2448/1845
f 827/2448/1845 826/2449/1846 825/2450/1846
f 824/2451/1842 822/2452/1843 823/2453/1844
f 823/2453/1844 822/2452/1843 821/2454/1845
f 822/2452/1843 820/2455/1846 821/2454/1845
f 821/2454/1845 820/2455/1846 819/2456/1846
f 818/2457/1842 816/2458/1843 817/2459/1844
f 817/2459/1844 816/2458/1843 815/2460/1845
f 816/2458/1843 814/2461/1846 815/2460/1845
f 815/2460/1845 814/2461/1846 813/2462/1846
f 812/2463/1842 810/2464/1843 811/2465/1844
f 811/2465/1844 810/2464/1843 809/2466/1845
f 810/2464/1843 808/2467/1846 809/2466/1845
f 809/2466/1845 808/2467/1846 807/2468/1846
f 806/2469/1842 804/2470/1843 805/2471/1844
f 805/2471/1844 804/2470/1843 803/2472/1845
f 804/2470/1843 802/2473/1846 803/2472/1845
f 803/2472/1845 802/2473/1846 801/2474/1846
f 800/2475/801 786/2476/1849 799/2477/799
f 799/2477/799 786/2476/1849 798/2478/1850
f 798/2478/1850 786/2476/1849 784/2479/44
f 797/2480/1851 798/2478/1850 784/2479/44
f 795/2481/1852 798/2478/1850 797/2480/1851
f 796/2482/1853 795/2481/1852 797/2480/1851
f 796/2482/1853 794/2483/1854 795/2481/1852
f 795/2481/1852 794/2483/1854 793/2484/1855
f 792/2485/1856 793/2484/1855 794/2483/1854
f 791/2486/1857 793/2484/1855 792/2485/1856
f 790/2487/1858 791/2486/1857 792/2485/1856
f 788/2488/1859 791/2486/1857 790/2487/1858
f 787/2489/1860 788/2488/1859 790/2487/1858
f 789/2490/1861 788/2488/1859 787/2489/1860
f 786/2476/1849 785/2491/1862 784/2479/44
f 785/2491/1862 783/2492/1863 784/2479/44
f 784/2479/44 783/2492/1863 781/2493/44
f 783/2492/1863 782/2494/44 781/2493/44
f 780/2495/83 776/2496/83 779/2497/83
f 779/2497/83 776/2496/83 777/2335/83
f 778/2498/83 777/2335/83 776/2496/83
f 775/2499/83 771/2500/83 774/2501/83
f 774/2501/83 771/2500/83 772/2338/83
f 773/2502/83 772/2338/83 771/2500/83
f 770/2503/1864 636/2504/1865 626/2248/1866
f 769/2249/1867 770/2503/1864 626/2248/1866
f 756/2505/1868 770/2503/1864 769/2249/1867
f 768/2250/1869 756/2505/1868 769/2249/1867
f 767/2506/1870 756/2505/1868 768/2250/1869
f 763/1975/134 767/2506/1870 768/2250/1869
f 760/2507/134 767/2506/1870 763/1975/134
f 760/2507/134 763/1975/134 762/2054/134
f 766/2508/134 762/2054/134 763/1975/134
f 764/2509/134 766/2508/134 763/1975/134
f 765/1976/134 764/2509/134 763/1975/134
f 720/954/134 721/2510/134 762/2054/134
f 721/2510/134 760/2507/134 762/2054/134
f 761/2511/1871 760/2507/134 721/2510/134
f 759/2512/1872 760/2507/134 761/2511/1871
f 758/2506/1873 760/2507/134 759/2512/1872
f 759/2512/1872 757/2513/1874 758/2506/1873
f 758/2506/1873 757/2513/1874 756/2505/1875
f 757/2513/1874 755/2514/1876 756/2505/1875
f 756/2505/1875 755/2514/1876 754/2503/1877
f 755/2514/1876 753/2515/1878 754/2503/1877
f 754/2503/1877 753/2515/1878 752/2504/1879
f 753/2515/1878 751/2516/1880 752/2504/1879
f 752/2504/1879 751/2516/1880 750/2517/1881
f 751/2516/1880 655/2518/1882 750/2517/1881
f 750/2517/1881 655/2518/1882 653/2519/1883
f 655/2518/1882 652/2520/1884 653/2519/1883
f 655/2518/1882 650/2521/306 652/2520/1884
f 652/2520/1884 650/2521/306 649/2522/306
f 747/2523/1885 749/2524/1886 736/2525/134
f 736/2525/134 748/2526/919 747/2523/1885
f 745/2527/1320 743/2528/1887 744/2529/134
f 746/2524/1322 745/2527/1320 736/2525/134
f 736/2525/134 745/2527/1320 744/2529/134
f 731/2530/134 736/2525/134 744/2529/134
f 729/2531/134 731/2530/134 744/2529/134
f 744/2529/134 743/2528/1887 729/2531/134
f 743/2528/1887 728/2532/1888 729/2531/134
f 742/1417/1889 741/2533/1890 730/1420/134
f 741/2533/1890 732/2534/1238 730/1420/134
f 740/2535/1891 722/2536/134 723/2537/1892
f 738/2538/1893 722/2536/134 740/2535/1891
f 738/2538/1893 721/2510/134 722/2536/134
f 739/2511/1893 721/2510/134 738/2538/1893
f 736/2525/134 735/2539/1894 737/2526/1231
f 731/2530/134 735/2539/1894 736/2525/134
f 734/2540/1895 735/2539/1894 731/2530/134
f 731/2530/134 733/2541/1236 734/2540/1895
f 733/2541/1236 731/2530/134 732/2534/1238
f 732/2534/1238 731/2530/134 730/1420/134
f 730/1420/134 731/2530/134 729/2531/134
f 719/1434/134 730/1420/134 729/2531/134
f 729/2531/134 728/2532/1888 719/1434/134
f 728/2532/1888 718/2542/134 719/1434/134
f 727/2543/1896 718/2542/134 728/2532/1888
f 727/2543/1896 726/2544/1897 718/2542/134
f 718/2542/134 726/2544/1897 717/2545/134
f 726/2544/1897 725/2546/1898 717/2545/134
f 725/2546/1898 716/2547/134 717/2545/134
f 724/2548/1311 716/2547/134 725/2546/1898
f 724/2548/1311 723/2537/1892 716/2547/134
f 716/2547/134 723/2537/1892 722/2536/134
f 716/2547/134 722/2536/134 715/953/134
f 722/2536/134 721/2510/134 715/953/134
f 715/953/134 721/2510/134 720/954/134
f 719/1434/134 718/2542/134 715/953/134
f 718/2542/134 717/2545/134 715/953/134
f 717/2545/134 716/2547/134 715/953/134
f 714/2549/829 711/2550/86 712/2551/827
f 711/2550/86 714/2549/829 708/2552/86
f 708/2552/86 714/2549/829 713/2553/1899
f 712/2551/827 697/2554/86 696/2555/826
f 712/2551/827 711/2550/86 697/2554/86
f 697/2554/86 711/2550/86 698/2556/86
f 711/2550/86 708/2552/86 698/2556/86
f 708/2552/86 710/2557/1900 698/2556/86
f 709/2558/1901 710/2557/1900 708/2552/86
f 706/2559/1902 709/2558/1901 708/2552/86
f 708/2552/86 707/2553/1903 706/2559/1902
f 705/2557/1904 704/2560/1905 698/2556/86
f 704/2560/1905 703/2561/1906 698/2556/86
f 699/2562/1269 702/2563/1907 687/2564/86
f 702/2563/1907 701/2565/1908 687/2564/86
f 699/2562/1269 698/2556/86 700/2561/1909
f 687/2564/86 698/2556/86 699/2562/1269
f 687/2564/86 697/2554/86 698/2556/86
f 684/2566/86 697/2554/86 687/2564/86
f 696/2555/826 697/2554/86 684/2566/86
f 683/2567/86 696/2555/826 684/2566/86
f 695/2568/824 696/2555/826 683/2567/86
f 695/2568/824 683/2567/86 694/2569/1910
f 694/2569/1910 683/2567/86 681/2570/86
f 671/2571/1911 694/2569/1910 681/2570/86
f 669/2572/86 671/2571/1911 681/2570/86
f 691/2573/86 692/2565/1912 693/2574/1913
f 687/2564/86 692/2565/1912 691/2573/86
f 691/2573/86 690/2182/86 687/2564/86
f 687/2564/86 690/2182/86 689/2180/86
f 688/2178/86 687/2564/86 689/2180/86
f 686/2176/86 687/2564/86 688/2178/86
f 684/2566/86 687/2564/86 686/2176/86
f 685/1360/86 684/2566/86 686/2176/86
f 682/1359/86 684/2566/86 685/1360/86
f 683/2567/86 684/2566/86 682/1359/86
f 681/2570/86 683/2567/86 682/1359/86
f 680/2320/86 681/2570/86 682/1359/86
f 681/2570/86 680/2320/86 669/2572/86
f 680/2320/86 679/2321/86 669/2572/86
f 669/2572/86 679/2321/86 665/2575/86
f 679/2321/86 678/2323/86 665/2575/86
f 678/2323/86 663/2325/86 665/2575/86
f 677/2576/537 664/2577/86 676/2578/1914
f 676/2578/1914 664/2577/86 675/2579/1915
f 675/2579/1915 674/2580/1916 676/2578/1914
f 660/2581/306 674/2580/1916 675/2579/1915
f 674/2580/1916 660/2581/306 673/2582/1876
f 673/2582/1876 660/2581/306 659/2583/306
f 673/2582/1876 659/2583/306 658/2584/1917
f 666/2585/1215 664/2577/86 672/2576/1215
f 670/2586/1918 671/2571/1911 669/2572/86
f 669/2572/86 668/2587/1919 670/2586/1918
f 665/2575/86 668/2587/1919 669/2572/86
f 668/2587/1919 665/2575/86 667/2588/1920
f 667/2588/1920 665/2575/86 666/2585/1215
f 665/2575/86 664/2577/86 666/2585/1215
f 665/2575/86 663/2325/86 664/2577/86
f 664/2577/86 663/2325/86 662/2579/1921
f 662/2579/1921 663/2325/86 661/2326/1922
f 661/2326/1922 660/2581/306 662/2579/1921
f 648/2327/306 660/2581/306 661/2326/1922
f 660/2581/306 648/2327/306 659/2583/306
f 659/2583/306 648/2327/306 657/2589/306
f 658/2584/1917 659/2583/306 657/2589/306
f 656/2590/306 658/2584/1917 657/2589/306
f 654/2591/1880 658/2584/1917 656/2590/306
f 650/2521/306 654/2591/1880 656/2590/306
f 650/2521/306 656/2590/306 648/2327/306
f 657/2589/306 648/2327/306 656/2590/306
f 655/2518/1882 654/2591/1880 650/2521/306
f 647/2592/306 645/2593/1923 649/2522/306
f 649/2522/306 645/2593/1923 652/2520/1884
f 645/2593/1923 642/2594/86 652/2520/1884
f 652/2520/1884 642/2594/86 651/2595/1924
f 653/2519/1883 652/2520/1884 651/2595/1924
f 649/2522/306 650/2521/306 648/2327/306
f 647/2592/306 649/2522/306 648/2327/306
f 646/2328/306 647/2592/306 648/2327/306
f 647/2592/306 646/2328/306 645/2593/1923
f 645/2593/1923 646/2328/306 644/2329/1925
f 644/2329/1925 642/2594/86 645/2593/1923
f 643/2330/86 642/2594/86 644/2329/1925
f 643/2330/86 635/983/86 642/2594/86
f 642/2594/86 635/983/86 616/2596/86
f 616/2596/86 641/2595/1926 642/2594/86
f 640/2597/1927 641/2595/1926 616/2596/86
f 641/2595/1926 640/2597/1927 638/2519/1928
f 638/2519/1928 640/2597/1927 639/2598/1928
f 619/2599/1929 638/2519/1928 639/2598/1928
f 637/2517/1930 638/2519/1928 619/2599/1929
f 619/2599/1929 636/2504/1865 637/2517/1930
f 627/2600/1931 636/2504/1865 619/2599/1929
f 636/2504/1865 627/2600/1931 626/2248/1866
f 635/983/86 628/982/86 616/2596/86
f 615/2253/86 616/2596/86 634/2254/1932
f 634/2254/1932 616/2596/86 633/2601/1932
f 633/2601/1932 616/2596/86 632/2602/86
f 632/2602/86 616/2596/86 631/2603/1933
f 628/982/86 631/2603/1933 616/2596/86
f 629/2604/86 631/2603/1933 628/982/86
f 630/986/289 629/2604/86 628/982/86
f 619/2599/1929 620/2605/1934 627/2600/1931
f 620/2605/1934 622/2606/1935 627/2600/1931
f 627/2600/1931 622/2606/1935 625/2607/269
f 627/2600/1931 625/2607/269 626/2248/1866
f 624/2247/1936 626/2248/1866 625/2607/269
f 622/2606/1935 624/2247/1936 625/2607/269
f 623/2246/1937 624/2247/1936 622/2606/1935
f 622/2606/1935 607/1967/86 623/2246/1937
f 621/2608/1938 607/1967/86 622/2606/1935
f 620/2605/1934 621/2608/1938 622/2606/1935
f 610/2609/1939 621/2608/1938 620/2605/1934
f 620/2605/1934 609/2610/1940 610/2609/1939
f 609/2610/1940 620/2605/1934 619/2599/1929
f 619/2599/1929 611/2611/1941 609/2610/1940
f 618/2598/1942 611/2611/1941 619/2599/1929
f 618/2598/1942 612/2612/1943 611/2611/1941
f 617/2597/1926 612/2612/1943 618/2598/1942
f 612/2612/1943 617/2597/1926 613/2613/1944
f 613/2613/1944 617/2597/1926 616/2596/86
f 613/2613/1944 616/2596/86 614/2252/1945
f 614/2252/1945 616/2596/86 615/2253/86
f 597/2614/1946 614/2252/1945 596/2251/297
f 613/2613/1944 614/2252/1945 597/2614/1946
f 598/2615/1947 613/2613/1944 597/2614/1946
f 612/2612/1943 613/2613/1944 598/2615/1947
f 599/2616/1948 612/2612/1943 598/2615/1947
f 611/2611/1941 612/2612/1943 599/2616/1948
f 599/2616/1948 608/2617/1949 611/2611/1941
f 611/2611/1941 608/2617/1949 609/2610/1940
f 610/2609/1939 609/2610/1940 608/2617/1949
f 606/1966/86 607/1967/86 604/2608/1950
f 605/1968/1951 606/1966/86 604/2608/1950
f 603/2258/1952 605/1968/1951 604/2608/1950
f 604/2608/1950 602/2609/1953 603/2258/1952
f 603/2258/1952 602/2609/1953 601/2257/1954
f 602/2609/1953 600/2617/1955 601/2257/1954
f 601/2257/1954 600/2617/1955 595/2256/1956
f 600/2617/1955 599/2616/1948 595/2256/1956
f 599/2616/1948 598/2615/1947 595/2256/1956
f 598/2615/1947 597/2614/1946 595/2256/1956
f 597/2614/1946 596/2251/297 595/2256/1956
f 594/661/1957 593/2145/1958 592/2618/1959
usemtl metal_light.002
f 3888/1/1 3886/2/2 3887/3/3
f 3887/3/3 3886/2/2 3885/4/4
f 3884/5/5 3882/6/6 3883/7/7
f 3883/7/7 3882/6/6 3881/8/8
f 3880/9/9 3878/10/10 3879/11/11
f 3879/11/11 3878/10/10 3877/12/12
f 3876/13/13 3874/14/14 3875/15/15
f 3875/15/15 3874/14/14 3873/16/16
f 3872/17/17 3873/16/16 3874/14/14
f 3871/18/18 3873/16/16 3872/17/17
f 3870/19/19 3871/18/18 3872/17/17
f 3869/20/20 3871/18/18 3870/19/19
f 3868/21/21 3869/20/20 3870/19/19
f 3867/22/22 3869/20/20 3868/21/21
f 3866/23/23 3867/22/22 3868/21/21
f 3865/24/24 3867/22/22 3866/23/23
f 3866/23/23 3864/25/25 3865/24/24
f 3865/24/24 3864/25/25 3863/26/26
f 3862/27/27 3860/28/28 3861/29/29
f 3861/29/29 3860/28/28 3859/30/30
f 3856/31/31 3857/32/32 3858/33/33
f 3855/34/34 3857/32/32 3856/31/31
f 3854/35/35 3855/34/34 3856/31/31
f 3853/36/36 3855/34/34 3854/35/35
f 3854/35/35 3852/37/37 3853/36/36
f 3853/36/36 3852/37/37 3851/38/38
f 3849/39/39 3847/40/40 3850/41/39
f 3848/42/40 3847/40/40 3849/39/39
f 3848/42/40 3846/43/41 3847/40/40
f 3847/40/40 3846/43/41 3845/44/42
f 3846/43/41 3842/45/43 3845/44/42
f 3845/44/42 3842/45/43 3844/46/43
f 3844/46/43 3842/45/43 3843/47/44
f 3843/47/44 3842/45/43 3841/48/44
f 3840/49/45 3838/50/46 3839/51/47
f 3839/51/47 3838/50/46 3837/52/48
f 3836/53/49 3835/54/49 3834/55/49
f 3831/56/50 3832/5/50 3833/7/50
f 3830/57/50 3832/5/50 3831/56/50
f 3829/58/51 3830/57/50 3831/56/50
f 3828/59/51 3830/57/50 3829/58/51
f 3829/58/51 3827/60/52 3828/59/51
f 3828/59/51 3827/60/52 3826/61/53
f 3825/8/54 3824/6/54 3823/62/55
f 3823/62/55 3824/6/54 3822/63/56
f 3823/62/55 3822/63/56 3820/64/57
f 3820/64/57 3822/63/56 3821/65/58
f 3821/65/58 3819/66/59 3820/64/57
f 3820/64/57 3819/66/59 3818/67/60
f 3819/66/59 3807/68/61 3818/67/60
f 3818/67/60 3807/68/61 3817/69/62
f 3815/70/63 3814/71/64 3816/72/65
f 3813/73/66 3814/71/64 3815/70/63
f 3814/71/64 3813/73/66 3811/74/67
f 3811/74/67 3813/73/66 3812/75/68
f 3810/76/69 3811/74/67 3812/75/68
f 3809/77/70 3811/74/67 3810/76/69
f 3810/76/69 3808/69/71 3809/77/70
f 3809/77/70 3808/69/71 3807/68/61
f 3806/78/26 3805/79/25 3803/80/72
f 3803/80/72 3805/79/25 3804/81/72
f 3804/81/72 3802/82/72 3803/80/72
f 3803/80/72 3802/82/72 3801/83/72
f 3800/84/73 3798/33/74 3799/85/75
f 3799/85/75 3798/33/74 3797/32/76
f 3796/86/77 3794/87/49 3795/88/77
f 3795/88/77 3794/87/49 3793/89/49
f 3794/87/49 3792/39/49 3793/89/49
f 3793/89/49 3792/39/49 3791/41/49
f 3790/90/49 3789/91/49 3788/92/49
f 3787/93/78 3786/94/79 3586/95/80
f 3586/95/80 3786/94/79 3785/96/81
f 3785/96/81 3784/97/82 3586/95/80
f 3586/95/80 3784/97/82 3584/98/83
f 3783/99/52 3782/100/84 3780/101/85
f 3780/101/85 3782/100/84 3781/102/85
f 3781/102/85 3779/50/85 3780/101/85
f 3780/101/85 3779/50/85 3778/49/85
f 3460/103/86 3777/104/87 3760/105/88
f 3760/105/88 3777/104/87 3776/106/89
f 3776/106/89 3775/107/90 3760/105/88
f 3760/105/88 3775/107/90 3774/108/91
f 3775/107/90 3773/109/92 3774/108/91
f 3774/108/91 3773/109/92 3772/110/93
f 3773/109/92 3771/111/94 3772/110/93
f 3772/110/93 3771/111/94 3770/112/95
f 3769/113/96 3770/112/95 3771/111/94
f 3767/114/97 3770/112/95 3769/113/96
f 3766/16/98 3767/114/97 3768/15/97
f 3765/112/99 3767/114/97 3766/16/98
f 3764/18/100 3765/112/99 3766/16/98
f 3763/110/101 3765/112/99 3764/18/100
f 3762/20/102 3763/110/101 3764/18/100
f 3761/108/103 3763/110/101 3762/20/102
f 3759/22/104 3761/108/103 3762/20/102
f 3760/105/88 3761/108/103 3759/22/104
f 3759/22/104 3460/103/86 3760/105/88
f 3758/24/86 3460/103/86 3759/22/104
f 3758/24/86 3459/115/86 3460/103/86
f 3758/24/86 3757/26/105 3459/115/86
f 3459/115/86 3757/26/105 3476/116/106
f 3756/117/49 3755/118/49 3754/119/49
f 3753/29/107 3752/30/108 3750/120/109
f 3750/120/109 3752/30/108 3751/121/110
f 3748/122/111 3750/120/109 3751/121/110
f 3749/123/112 3750/120/109 3748/122/111
f 3748/122/111 3746/124/113 3749/123/112
f 3747/125/114 3746/124/113 3748/122/111
f 3745/126/115 3746/124/113 3747/125/114
f 3744/127/116 3746/124/113 3745/126/115
f 3743/128/117 3744/127/116 3745/126/115
f 3742/129/118 3744/127/116 3743/128/117
f 3743/128/117 3741/4/119 3742/129/118
f 3742/129/118 3741/4/119 3740/2/120
f 3739/130/49 3738/131/49 3737/132/49
f 3715/133/121 3697/134/122 3695/135/123
f 3736/136/124 3697/134/122 3715/133/121
f 3715/133/121 3735/137/125 3736/136/124
f 3736/136/124 3735/137/125 3734/138/126
f 3735/137/125 3719/139/127 3734/138/126
f 3734/138/126 3719/139/127 3733/140/128
f 3721/141/129 3733/140/128 3719/139/127
f 3732/142/130 3733/140/128 3721/141/129
f 3721/141/129 3723/143/131 3732/142/130
f 3732/142/130 3723/143/131 3731/144/132
f 3723/143/131 3730/145/133 3731/144/132
f 3725/146/134 3730/145/133 3723/143/131
f 3730/145/133 3725/146/134 3729/147/135
f 3729/147/135 3725/146/134 3728/148/134
f 3728/148/134 3725/146/134 3727/84/134
f 3726/33/134 3727/84/134 3725/146/134
f 3724/31/134 3726/33/134 3725/146/134
f 3723/143/131 3724/31/134 3725/146/134
f 3722/35/136 3724/31/134 3723/143/131
f 3723/143/131 3721/141/129 3722/35/136
f 3722/35/136 3721/141/129 3720/37/137
f 3721/141/129 3719/139/127 3720/37/137
f 3720/37/137 3719/139/127 3718/149/127
f 3719/139/127 3717/137/138 3718/149/127
f 3718/149/127 3717/137/138 3716/150/125
f 3715/133/121 3716/150/125 3717/137/138
f 3714/151/139 3716/150/125 3715/133/121
f 3695/135/123 3714/151/139 3715/133/121
f 3713/152/140 3714/151/139 3695/135/123
f 3698/153/141 3713/152/140 3695/135/123
f 3712/154/141 3713/152/140 3698/153/141
f 3698/153/141 3700/155/141 3712/154/141
f 3712/154/141 3700/155/141 3711/156/141
f 3700/155/141 3703/157/141 3711/156/141
f 3705/158/141 3711/156/141 3703/157/141
f 3708/159/141 3711/156/141 3705/158/141
f 3710/160/141 3711/156/141 3708/159/141
f 3708/159/141 3709/161/142 3710/160/141
f 3707/162/143 3709/161/142 3708/159/141
f 3705/158/141 3707/162/143 3708/159/141
f 3706/163/144 3707/162/143 3705/158/141
f 3706/163/144 3705/158/141 3704/164/145
f 3704/164/145 3705/158/141 3703/157/141
f 3703/157/141 3702/165/146 3704/164/145
f 3700/155/141 3702/165/146 3703/157/141
f 3701/166/147 3702/165/146 3700/155/141
f 3699/167/148 3701/166/147 3700/155/141
f 3700/155/141 3698/153/141 3699/167/148
f 3699/167/148 3698/153/141 3696/168/149
f 3695/135/123 3696/168/149 3698/153/141
f 3697/134/122 3696/168/149 3695/135/123
f 3694/169/49 3693/170/49 3692/171/49
f 3691/172/150 3660/173/151 3658/174/152
f 3690/175/153 3660/173/151 3691/172/150
f 3689/176/154 3690/175/153 3691/172/150
f 3686/177/155 3690/175/153 3689/176/154
f 3689/176/154 3688/3/156 3686/177/155
f 3687/4/156 3686/177/155 3688/3/156
f 3685/128/157 3686/177/155 3687/4/156
f 3684/178/158 3686/177/155 3685/128/157
f 3685/128/157 3683/126/159 3684/178/158
f 3684/178/158 3683/126/159 3682/179/160
f 3683/126/159 3681/125/161 3682/179/160
f 3682/179/160 3681/125/161 3680/180/162
f 3681/125/161 3678/122/163 3680/180/162
f 3680/180/162 3678/122/163 3679/181/163
f 3679/181/163 3678/122/163 3677/182/164
f 3677/182/164 3678/122/163 3674/121/165
f 3674/121/165 3675/183/166 3677/182/164
f 3676/30/167 3675/183/166 3674/121/165
f 3673/184/163 3672/185/163 3671/186/168
f 3671/186/168 3672/185/163 3670/187/169
f 3671/186/168 3670/187/169 3669/188/170
f 3669/188/170 3670/187/169 3668/189/171
f 3669/188/170 3668/189/171 3667/190/172
f 3667/190/172 3668/189/171 3666/191/173
f 3667/190/172 3666/191/173 3665/192/174
f 3665/192/174 3666/191/173 3664/193/175
f 3665/192/174 3664/193/175 3663/194/176
f 3663/194/176 3664/193/175 3662/195/177
f 3663/194/176 3662/195/177 3661/196/178
f 3661/196/178 3662/195/177 3659/197/179
f 3661/196/178 3659/197/179 3660/173/151
f 3660/173/151 3659/197/179 3658/174/152
f 3637/198/180 3623/199/181 3636/200/182
f 3657/201/183 3623/199/181 3637/198/180
f 3657/201/183 3656/202/184 3623/199/181
f 3655/203/185 3656/202/184 3657/201/183
f 3655/203/185 3653/204/186 3656/202/184
f 3654/205/187 3653/204/186 3655/203/185
f 3654/205/187 3652/206/188 3653/204/186
f 3653/204/186 3652/206/188 3617/207/189
f 3652/206/188 3651/208/190 3617/207/189
f 3617/207/189 3651/208/190 3616/209/191
f 3650/210/192 3616/209/191 3651/208/190
f 3615/211/193 3616/209/191 3650/210/192
f 3649/212/194 3615/211/193 3650/210/192
f 3648/213/195 3615/211/193 3649/212/194
f 3645/214/196 3648/213/195 3649/212/194
f 3647/215/197 3648/213/195 3645/214/196
f 3647/215/197 3645/214/196 3646/216/198
f 3646/216/198 3645/214/196 3644/217/199
f 3641/218/200 3633/219/201 3643/220/202
f 3642/221/203 3633/219/201 3641/218/200
f 3642/221/203 3641/218/200 3640/222/204
f 3640/222/204 3641/218/200 3639/223/205
f 3640/222/204 3639/223/205 3638/224/206
f 3638/224/206 3639/223/205 3635/225/207
f 3635/225/207 3636/200/182 3638/224/206
f 3637/198/180 3636/200/182 3635/225/207
f 3634/226/208 3633/219/201 3632/227/209
f 3632/227/209 3633/219/201 3631/221/210
f 3632/227/209 3631/221/210 3630/228/211
f 3630/228/211 3631/221/210 3629/222/212
f 3630/228/211 3629/222/212 3628/229/213
f 3628/229/213 3629/222/212 3627/224/214
f 3627/224/214 3625/230/215 3628/229/213
f 3626/200/216 3625/230/215 3627/224/214
f 3626/200/216 3623/199/217 3625/230/215
f 3625/230/215 3623/199/217 3624/231/218
f 3623/199/217 3622/232/219 3624/231/218
f 3621/202/220 3622/232/219 3623/199/217
f 3621/202/220 3620/233/221 3622/232/219
f 3619/204/222 3620/233/221 3621/202/220
f 3619/204/222 3618/234/223 3620/233/221
f 3617/207/189 3618/234/223 3619/204/222
f 3617/207/189 3614/235/224 3618/234/223
f 3616/209/191 3614/235/224 3617/207/189
f 3616/209/191 3615/211/193 3614/235/224
f 3613/236/225 3602/237/83 3601/238/226
f 3613/236/225 3612/239/227 3602/237/83
f 3602/237/83 3612/239/227 3603/240/83
f 3612/239/227 3611/78/227 3603/240/83
f 3603/240/83 3611/78/227 3610/80/83
f 3610/80/83 3609/83/83 3603/240/83
f 3609/83/83 3605/241/83 3603/240/83
f 3608/242/83 3605/241/83 3609/83/83
f 3608/242/83 3607/243/228 3605/241/83
f 3605/241/83 3607/243/228 3606/244/229
f 3605/241/83 3604/245/83 3603/240/83
f 3606/244/229 3578/246/230 3605/241/83
f 3605/241/83 3578/246/230 3604/245/83
f 3578/246/230 3579/247/83 3604/245/83
f 3604/245/83 3579/247/83 3603/240/83
f 3579/247/83 3582/248/83 3603/240/83
f 3603/240/83 3582/248/83 3602/237/83
f 3602/237/83 3582/248/83 3595/249/83
f 3601/238/226 3602/237/83 3595/249/83
f 3594/250/83 3601/238/226 3595/249/83
f 3600/251/231 3601/238/226 3594/250/83
f 3593/252/83 3600/251/231 3594/250/83
f 3599/253/232 3600/251/231 3593/252/83
f 3592/254/83 3599/253/232 3593/252/83
f 3598/255/233 3599/253/232 3592/254/83
f 3598/255/233 3592/254/83 3597/256/234
f 3597/256/234 3592/254/83 3591/257/235
f 3597/256/234 3591/257/235 3596/97/236
f 3596/97/236 3591/257/235 3584/98/83
f 3595/249/83 3582/248/83 3594/250/83
f 3594/250/83 3582/248/83 3593/252/83
f 3593/252/83 3582/248/83 3592/254/83
f 3592/254/83 3582/248/83 3591/257/235
f 3591/257/235 3582/248/83 3584/98/83
f 3590/258/237 3583/259/83 3581/260/238
f 3590/258/237 3585/261/83 3583/259/83
f 3589/262/239 3585/261/83 3590/258/237
f 3589/262/239 3588/93/240 3585/261/83
f 3585/261/83 3588/93/240 3587/95/241
f 3587/95/241 3586/95/80 3585/261/83
f 3586/95/80 3584/98/83 3585/261/83
f 3585/261/83 3584/98/83 3583/259/83
f 3582/248/83 3583/259/83 3584/98/83
f 3581/260/238 3583/259/83 3582/248/83
f 3579/247/83 3581/260/238 3582/248/83
f 3580/263/242 3581/260/238 3579/247/83
f 3580/263/242 3579/247/83 3578/246/230
f 3577/264/49 3576/265/49 3575/266/49
f 3569/267/86 3566/268/86 3565/49/86
f 3573/269/243 3568/270/244 3570/271/86
f 3574/272/245 3573/269/243 3572/273/86
f 3572/273/86 3573/269/243 3570/271/86
f 3572/273/86 3570/271/86 3571/51/86
f 3571/51/86 3570/271/86 3565/49/86
f 3570/271/86 3569/267/86 3565/49/86
f 3570/271/86 3568/270/244 3569/267/86
f 3568/270/244 3566/268/86 3569/267/86
f 3567/274/246 3566/268/86 3568/270/244
f 3567/274/246 3564/275/247 3566/268/86
f 3566/268/86 3564/275/247 3563/276/86
f 3566/268/86 3563/276/86 3565/49/86
f 3565/49/86 3563/276/86 3557/277/86
f 3558/101/86 3565/49/86 3557/277/86
f 3564/275/247 3561/278/248 3563/276/86
f 3563/276/86 3561/278/248 3562/279/86
f 3557/277/86 3563/276/86 3555/280/86
f 3555/280/86 3563/276/86 3552/281/86
f 3552/281/86 3563/276/86 3550/282/86
f 3563/276/86 3562/279/86 3550/282/86
f 3550/282/86 3562/279/86 3548/283/86
f 3562/279/86 3547/284/86 3548/283/86
f 3561/278/248 3547/284/86 3562/279/86
f 3560/285/249 3547/284/86 3561/278/248
f 3560/285/249 3546/286/250 3547/284/86
f 3558/101/86 3556/287/251 3559/99/251
f 3557/277/86 3556/287/251 3558/101/86
f 3555/280/86 3556/287/251 3557/277/86
f 3554/288/252 3556/287/251 3555/280/86
f 3552/281/86 3554/288/252 3555/280/86
f 3553/289/253 3554/288/252 3552/281/86
f 3553/289/253 3552/281/86 3551/290/254
f 3551/290/254 3552/281/86 3550/282/86
f 3551/290/254 3550/282/86 3549/291/255
f 3549/291/255 3550/282/86 3548/283/86
f 3549/291/255 3548/283/86 3540/292/256
f 3540/292/256 3548/283/86 3539/293/86
f 3539/293/86 3548/283/86 3547/284/86
f 3535/294/86 3539/293/86 3547/284/86
f 3547/284/86 3546/286/250 3535/294/86
f 3546/286/250 3545/295/257 3535/294/86
f 3545/295/257 3544/296/258 3535/294/86
f 3535/294/86 3544/296/258 3537/297/86
f 3537/297/86 3544/296/258 3543/298/259
f 3542/299/260 3541/300/261 3536/301/86
f 3536/301/86 3541/300/261 3538/302/86
f 3541/300/261 3540/292/256 3538/302/86
f 3538/302/86 3540/292/256 3539/293/86
f 3538/302/86 3539/293/86 3535/294/86
f 3536/301/86 3538/302/86 3535/294/86
f 3537/297/86 3536/301/86 3535/294/86
f 3534/303/49 3533/304/49 3532/305/49
f 3531/306/134 3522/307/134 3530/308/134
f 3522/307/134 3521/309/134 3530/308/134
f 3530/308/134 3521/309/134 3529/310/134
f 3529/310/134 3521/309/134 3528/311/262
f 3528/311/262 3521/309/134 3527/312/234
f 3527/312/234 3521/309/134 3525/313/263
f 3525/313/263 3521/309/134 3526/314/264
f 3526/314/264 3517/315/265 3525/313/263
f 3525/313/263 3517/315/265 3524/316/266
f 3517/315/265 3523/317/267 3524/316/266
f 3524/316/266 3523/317/267 3480/318/268
f 3523/317/267 3478/319/269 3480/318/268
f 3522/307/134 3520/320/270 3521/309/134
f 3521/309/134 3520/320/270 3519/314/271
f 3520/320/270 3518/321/272 3519/314/271
f 3519/314/271 3518/321/272 3517/315/265
f 3518/321/272 3516/322/267 3517/315/265
f 3517/315/265 3516/322/267 3515/317/273
f 3516/322/267 3514/323/274 3515/317/273
f 3515/317/273 3514/323/274 3513/319/275
f 3514/323/274 3512/324/276 3513/319/275
f 3513/319/275 3512/324/276 3475/325/277
f 3512/324/276 3474/326/86 3475/325/277
f 3511/327/278 3510/272/279 3509/328/280
f 3509/328/280 3510/272/279 3506/273/281
f 3506/273/281 3507/52/282 3509/328/280
f 3508/51/282 3507/52/282 3506/273/281
f 3505/329/49 3504/329/49 3503/330/49
f 3503/330/49 3504/329/49 3500/330/49
f 3501/331/283 3503/330/49 3500/330/49
f 3502/331/284 3501/331/283 3500/330/49
f 3499/332/49 3498/333/49 3497/334/49
f 3464/335/285 3495/336/286 3496/337/287
f 3496/337/287 3495/336/286 3494/338/288
f 3495/336/286 3485/339/289 3494/338/288
f 3494/338/288 3485/339/289 3484/340/290
f 3493/341/291 3470/342/292 3472/343/289
f 3493/341/291 3492/344/293 3470/342/292
f 3470/342/292 3492/344/293 3491/345/294
f 3492/344/293 3490/346/295 3491/345/294
f 3491/345/294 3490/346/295 3489/347/296
f 3490/346/295 3488/348/297 3489/347/296
f 3489/347/296 3488/348/297 3464/335/297
f 3488/348/297 3487/349/298 3464/335/297
f 3464/335/297 3487/349/298 3486/336/299
f 3487/349/298 3053/350/300 3486/336/299
f 3486/336/299 3053/350/300 3485/339/289
f 3485/339/289 3053/350/300 3049/351/301
f 3485/339/289 3049/351/301 3484/340/290
f 3484/340/290 3049/351/301 3483/352/302
f 3048/353/303 3483/352/302 3049/351/301
f 3482/354/304 3483/352/302 3048/353/303
f 3048/353/303 3481/355/305 3482/354/304
f 3046/356/306 3481/355/305 3048/353/303
f 3046/356/306 3066/357/307 3481/355/305
f 3480/318/268 3478/319/269 3479/358/308
f 3479/358/308 3478/319/269 3477/359/309
f 3477/359/309 3478/319/269 3475/325/277
f 3475/325/277 3476/116/106 3477/359/309
f 3459/115/86 3476/116/106 3475/325/277
f 3475/325/277 3474/326/86 3459/115/86
f 3459/115/86 3474/326/86 3458/360/86
f 3474/326/86 3473/361/310 3458/360/86
f 3473/361/310 3472/343/289 3458/360/86
f 3470/342/292 3458/360/86 3472/343/289
f 3458/360/86 3470/342/292 3471/362/311
f 3471/362/311 3470/342/292 3469/363/312
f 3470/342/292 3468/345/313 3469/363/312
f 3469/363/312 3468/345/313 3467/364/314
f 3468/345/313 3466/347/315 3467/364/314
f 3467/364/314 3466/347/315 3465/365/316
f 3466/347/315 3464/335/285 3465/365/316
f 3465/365/316 3464/335/285 3463/337/317
f 3462/362/318 3461/104/319 3458/360/86
f 3458/360/86 3461/104/319 3460/103/86
f 3460/103/86 3459/115/86 3458/360/86
f 3457/28/320 3456/27/321 3454/366/322
f 3454/366/322 3456/27/321 3455/367/323
f 3455/367/323 3452/368/324 3454/366/322
f 3454/366/322 3452/368/324 3453/369/325
f 3453/369/325 3452/368/324 3451/370/326
f 3451/370/326 3452/368/324 3450/371/327
f 3451/370/326 3450/371/327 3448/372/328
f 3448/372/328 3450/371/327 3449/373/329
f 3449/373/329 3447/374/330 3448/372/328
f 3448/372/328 3447/374/330 3446/375/331
f 3447/374/330 3445/376/332 3446/375/331
f 3446/375/331 3445/376/332 3444/377/333
f 3445/376/332 3440/378/334 3444/377/333
f 3444/377/333 3440/378/334 3443/379/335
f 3440/378/334 3441/10/336 3443/379/335
f 3442/12/337 3441/10/336 3440/378/334
f 3410/380/338 3439/381/339 3409/382/340
f 3438/383/341 3439/381/339 3410/380/338
f 3438/383/341 3436/384/342 3439/381/339
f 3437/385/343 3436/384/342 3438/383/341
f 3437/385/343 3434/386/344 3436/384/342
f 3436/384/342 3434/386/344 3435/387/345
f 3434/386/344 3432/388/346 3435/387/345
f 3433/389/347 3432/388/346 3434/386/344
f 3433/389/347 3431/390/348 3432/388/346
f 3432/388/346 3431/390/348 3430/391/349
f 3431/390/348 3428/392/350 3430/391/349
f 3430/391/349 3428/392/350 3429/393/351
f 3428/392/350 3427/394/352 3429/393/351
f 3426/395/353 3427/394/352 3428/392/350
f 3426/395/353 3425/396/354 3427/394/352
f 3423/397/355 3425/396/354 3426/395/353
f 3425/396/354 3423/397/355 3424/398/356
f 3424/398/356 3423/397/355 3422/399/356
f 3421/400/357 3419/401/358 3420/402/359
f 3420/402/359 3419/401/358 3418/403/360
f 3419/401/358 3417/404/361 3418/403/360
f 3418/403/360 3417/404/361 3416/405/362
f 3417/404/361 3414/406/363 3416/405/362
f 3416/405/362 3414/406/363 3415/407/364
f 3414/406/363 3413/408/365 3415/407/364
f 3412/409/366 3413/408/365 3414/406/363
f 3412/409/366 3411/410/367 3413/408/365
f 3408/411/368 3411/410/367 3412/409/366
f 3408/411/368 3409/382/340 3411/410/367
f 3410/380/338 3409/382/340 3408/411/368
f 3407/13/369 3406/15/370 3405/412/371
f 3405/412/371 3406/15/370 3403/114/372
f 3405/412/371 3403/114/372 3404/413/373
f 3404/413/373 3403/114/372 3402/113/374
f 3401/414/375 3397/415/376 3383/348/377
f 3383/348/377 3397/415/376 3400/349/378
f 3397/415/376 3398/350/379 3400/349/378
f 3399/416/380 3398/350/379 3397/415/376
f 3395/417/381 3393/361/382 3396/326/383
f 3394/418/384 3393/361/382 3395/417/381
f 3394/418/384 3391/419/385 3393/361/382
f 3393/361/382 3391/419/385 3392/343/386
f 3391/419/385 3390/341/387 3392/343/386
f 3389/420/388 3390/341/387 3391/419/385
f 3389/420/388 3387/344/389 3390/341/387
f 3388/421/390 3387/344/389 3389/420/388
f 3388/421/390 3386/422/391 3387/344/389
f 3387/344/389 3386/422/391 3385/346/392
f 3386/422/391 3384/414/393 3385/346/392
f 3385/346/392 3384/414/393 3383/348/377
f 3382/216/394 3380/217/395 3381/423/396
f 3381/423/396 3380/217/395 3379/424/397
f 3378/37/398 3376/149/399 3377/38/400
f 3377/38/400 3376/149/399 3375/425/401
f 3376/149/399 3374/150/402 3375/425/401
f 3375/425/401 3374/150/402 3373/426/403
f 3374/150/402 3372/151/404 3373/426/403
f 3373/426/403 3372/151/404 3371/427/405
f 3370/152/406 3371/427/405 3372/151/404
f 3369/428/407 3371/427/405 3370/152/406
f 3368/154/408 3369/428/407 3370/152/406
f 3367/429/409 3369/428/407 3368/154/408
f 3368/154/408 3366/156/410 3367/429/409
f 3367/429/409 3366/156/410 3365/430/411
f 3366/156/410 3361/160/412 3365/430/411
f 3365/430/411 3361/160/412 3364/431/413
f 3361/160/412 3362/432/414 3364/431/413
f 3363/161/415 3362/432/414 3361/160/412
f 3360/433/416 3354/434/417 3359/435/418
f 3359/435/418 3354/434/417 3355/436/419
f 3358/9/420 3357/437/421 3352/10/422
f 3352/10/422 3357/437/421 3356/438/423
f 3355/436/419 3352/10/422 3356/438/423
f 3354/434/417 3352/10/422 3355/436/419
f 3353/439/424 3352/10/422 3354/434/417
f 3351/440/425 3352/10/422 3353/439/424
f 3350/379/426 3352/10/422 3351/440/425
f 3349/441/427 3350/379/426 3351/440/425
f 3348/377/428 3350/379/426 3349/441/427
f 3347/442/429 3348/377/428 3349/441/427
f 3346/375/430 3348/377/428 3347/442/429
f 3344/443/431 3346/375/430 3347/442/429
f 3345/372/432 3346/375/430 3344/443/431
f 3344/443/431 3342/370/433 3345/372/432
f 3343/444/433 3342/370/433 3344/443/431
f 3341/445/434 3342/370/433 3343/444/433
f 3340/369/435 3342/370/433 3341/445/434
f 3338/446/436 3340/369/435 3341/445/434
f 3339/366/437 3340/369/435 3338/446/436
f 3338/446/436 3337/28/438 3339/366/437
f 3335/447/439 3337/28/438 3338/446/436
f 3337/28/438 3335/447/439 3336/30/440
f 3336/30/440 3335/447/439 3334/183/441
f 3333/448/442 3327/449/443 3328/450/444
f 3333/448/442 3325/451/445 3327/449/443
f 3332/452/446 3325/451/445 3333/448/442
f 3332/452/446 3323/453/447 3325/451/445
f 3331/454/448 3323/453/447 3332/452/446
f 3323/453/447 3331/454/448 3321/455/449
f 3321/455/449 3331/454/448 3330/456/450
f 3321/455/449 3330/456/450 3318/457/451
f 3318/457/451 3330/456/450 3316/458/452
f 3240/459/453 3329/460/454 3242/461/455
f 3242/461/455 3329/460/454 3303/462/456
f 3329/460/454 3328/450/444 3303/462/456
f 3303/462/456 3328/450/444 3301/463/457
f 3328/450/444 3327/449/443 3301/463/457
f 3327/449/443 3300/464/458 3301/463/457
f 3327/449/443 3326/465/459 3300/464/458
f 3325/451/445 3326/465/459 3327/449/443
f 3325/451/445 3324/466/460 3326/465/459
f 3323/453/447 3324/466/460 3325/451/445
f 3324/466/460 3323/453/447 3322/467/461
f 3322/467/461 3323/453/447 3321/455/449
f 3322/467/461 3321/455/449 3320/468/462
f 3320/468/462 3321/455/449 3318/457/451
f 3320/468/462 3318/457/451 3319/469/463
f 3319/469/463 3318/457/451 3317/470/463
f 3318/457/451 3316/458/452 3317/470/463
f 3317/470/463 3316/458/452 3315/471/464
f 3314/472/463 3313/473/463 3311/474/465
f 3313/473/463 3312/475/466 3311/474/465
f 3291/476/465 3248/477/467 3312/475/466
f 3312/475/466 3248/477/467 3311/474/465
f 3310/478/465 3311/474/465 3248/477/467
f 3309/479/463 3310/478/465 3248/477/467
f 3308/480/468 3309/479/463 3248/477/467
f 3248/477/467 3246/481/469 3308/480/468
f 3308/480/468 3246/481/469 3307/482/470
f 3246/481/469 3244/483/471 3307/482/470
f 3307/482/470 3244/483/471 3306/484/472
f 3244/483/471 3241/485/473 3306/484/472
f 3306/484/472 3241/485/473 3305/486/474
f 3242/461/455 3305/486/474 3241/485/473
f 3304/487/475 3305/486/474 3242/461/455
f 3242/461/455 3303/462/456 3304/487/475
f 3304/487/475 3303/462/456 3302/488/476
f 3303/462/456 3301/463/457 3302/488/476
f 3302/488/476 3301/463/457 3299/489/477
f 3301/463/457 3300/464/458 3299/489/477
f 3298/490/463 3297/491/463 3295/492/465
f 3297/491/463 3296/493/466 3295/492/465
f 3283/494/465 3248/477/467 3296/493/466
f 3296/493/466 3248/477/467 3295/492/465
f 3295/492/465 3248/477/467 3294/495/478
f 3294/495/478 3248/477/467 3291/476/465
f 3292/496/463 3294/495/478 3291/476/465
f 3293/497/463 3292/496/463 3291/476/465
f 3290/498/463 3289/499/463 3287/500/465
f 3289/499/463 3288/501/466 3287/500/465
f 3275/502/465 3248/477/467 3288/501/466
f 3288/501/466 3248/477/467 3287/500/465
f 3287/500/465 3248/477/467 3286/503/466
f 3286/503/466 3248/477/467 3283/494/465
f 3284/504/463 3286/503/466 3283/494/465
f 3285/505/463 3284/504/463 3283/494/465
f 3282/506/463 3281/507/463 3279/508/465
f 3281/507/463 3280/509/478 3279/508/465
f 3267/510/479 3248/477/467 3280/509/478
f 3280/509/478 3248/477/467 3279/508/465
f 3279/508/465 3248/477/467 3278/511/466
f 3278/511/466 3248/477/467 3275/502/465
f 3276/512/463 3278/511/466 3275/502/465
f 3277/513/463 3276/512/463 3275/502/465
f 3274/514/463 3273/515/463 3271/516/465
f 3273/515/463 3272/517/480 3271/516/465
f 3257/518/465 3248/477/467 3272/517/480
f 3272/517/480 3248/477/467 3271/516/465
f 3271/516/465 3248/477/467 3270/519/478
f 3270/519/478 3248/477/467 3267/510/479
f 3268/520/463 3270/519/478 3267/510/479
f 3269/521/463 3268/520/463 3267/510/479
f 3256/522/481 3254/523/482 3266/524/483
f 3266/524/483 3254/523/482 3265/525/484
f 3254/523/482 3252/526/485 3265/525/484
f 3265/525/484 3252/526/485 3264/527/486
f 3250/528/463 3264/527/486 3252/526/485
f 3263/529/463 3264/527/486 3250/528/463
f 3263/529/463 3250/528/463 3262/530/463
f 3262/530/463 3250/528/463 3261/531/487
f 3250/528/463 3248/477/467 3261/531/487
f 3261/531/487 3248/477/467 3260/532/480
f 3260/532/480 3248/477/467 3257/518/465
f 3258/533/463 3260/532/480 3257/518/465
f 3259/534/463 3258/533/463 3257/518/465
f 3233/535/305 3255/536/488 3256/522/481
f 3256/522/481 3255/536/488 3254/523/482
f 3255/536/488 3253/537/489 3254/523/482
f 3254/523/482 3253/537/489 3252/526/485
f 3251/538/464 3252/526/485 3253/537/489
f 3250/528/463 3252/526/485 3251/538/464
f 3249/539/490 3250/528/463 3251/538/464
f 3248/477/467 3250/528/463 3249/539/490
f 3249/539/490 3247/540/491 3248/477/467
f 3248/477/467 3247/540/491 3246/481/469
f 3247/540/491 3245/541/492 3246/481/469
f 3246/481/469 3245/541/492 3244/483/471
f 3245/541/492 3243/542/493 3244/483/471
f 3244/483/471 3243/542/493 3241/485/473
f 3240/459/453 3241/485/473 3243/542/493
f 3242/461/455 3241/485/473 3240/459/453
f 3239/543/494 3238/544/495 3227/545/496
f 3227/545/496 3238/544/495 3237/546/497
f 3227/545/496 3237/546/497 3228/547/498
f 3228/547/498 3237/546/497 3235/548/499
f 3228/547/498 3235/548/499 3231/549/500
f 3230/550/501 3232/522/502 3236/524/503
f 3222/551/504 3224/552/505 3223/553/506
f 3231/549/500 3235/548/499 3234/554/507
f 3234/554/507 3233/535/508 3231/549/500
f 3231/549/500 3233/535/508 3232/522/502
f 3231/549/500 3232/522/502 3230/550/501
f 3231/549/500 3230/550/501 3228/547/498
f 3228/547/498 3230/550/501 3229/555/509
f 3218/556/510 3228/547/498 3229/555/509
f 3227/545/496 3228/547/498 3218/556/510
f 3227/545/496 3218/556/510 3219/557/511
f 3219/557/511 3226/543/317 3227/545/496
f 3225/558/512 3226/543/317 3219/557/511
f 3225/558/512 3219/557/511 3224/552/505
f 3224/552/505 3219/557/511 3216/559/513
f 3223/553/506 3224/552/505 3216/559/513
f 3216/559/513 3217/329/514 3223/553/506
f 3217/329/514 3221/330/515 3223/553/506
f 3223/553/506 3221/330/515 3222/551/504
f 3222/551/504 3221/330/515 3220/331/311
f 3219/557/511 3218/556/510 3216/559/513
f 3218/556/510 3217/329/514 3216/559/513
f 3203/560/516 3214/561/141 3215/562/517
f 3201/563/141 3214/561/141 3203/560/516
f 3201/563/141 3213/564/141 3214/561/141
f 3212/565/141 3213/564/141 3201/563/141
f 3201/563/141 3204/566/141 3212/565/141
f 3212/565/141 3204/566/141 3211/567/141
f 3204/566/141 3206/568/141 3211/567/141
f 3211/567/141 3206/568/141 3210/569/141
f 3210/569/141 3206/568/141 3209/570/141
f 3209/570/141 3206/568/141 3208/571/141
f 3208/571/141 3206/568/141 3207/572/518
f 3207/572/518 3206/568/141 3205/573/519
f 3204/566/141 3205/573/519 3206/568/141
f 3202/574/520 3205/573/519 3204/566/141
f 3201/563/141 3202/574/520 3204/566/141
f 3203/560/516 3202/574/520 3201/563/141
f 3200/575/521 3198/576/522 3199/306/523
f 3199/306/523 3198/576/522 3197/307/524
f 3198/576/522 3195/577/525 3197/307/524
f 3197/307/524 3195/577/525 3196/320/264
f 3195/577/525 3194/321/526 3196/320/264
f 3193/578/527 3194/321/526 3195/577/525
f 3193/578/527 3192/322/528 3194/321/526
f 3191/579/529 3192/322/528 3193/578/527
f 3191/579/529 3189/323/530 3192/322/528
f 3190/580/531 3189/323/530 3191/579/529
f 3190/580/531 3185/581/532 3189/323/530
f 3189/323/530 3185/581/532 3188/324/533
f 3185/581/532 3186/326/534 3188/324/533
f 3187/417/535 3186/326/534 3185/581/532
f 3155/582/134 3184/583/536 3183/584/537
f 3183/584/537 3184/583/536 3182/585/538
f 3183/584/537 3182/585/538 3180/586/86
f 3180/586/86 3182/585/538 3178/587/539
f 3157/588/537 3155/582/134 3181/584/540
f 3157/588/537 3181/584/540 3173/589/86
f 3173/589/86 3181/584/540 3180/586/86
f 3173/589/86 3180/586/86 3175/590/86
f 3175/590/86 3180/586/86 3179/591/86
f 3180/586/86 3178/587/539 3179/591/86
f 3179/591/86 3178/587/539 3177/592/541
f 3174/593/81 3175/590/86 3176/594/542
f 3173/589/86 3175/590/86 3174/593/81
f 3159/595/543 3173/589/86 3174/593/81
f 3157/588/537 3173/589/86 3159/595/543
f 3172/596/544 3167/597/545 3166/598/546
f 3166/598/546 3165/599/547 3172/596/544
f 3146/600/141 3170/601/548 3171/602/549
f 3169/603/550 3170/601/548 3146/600/141
f 3170/601/548 3169/603/550 3168/604/551
f 3168/604/551 3169/603/550 3148/605/552
f 3168/604/551 3148/605/552 3167/597/545
f 3167/597/545 3148/605/552 3149/606/553
f 3166/598/546 3167/597/545 3149/606/553
f 3166/598/546 3149/606/553 3150/607/546
f 3150/607/546 3161/608/554 3166/598/546
f 3161/608/554 3165/599/547 3166/598/546
f 3162/609/555 3165/599/547 3161/608/554
f 3164/610/556 3165/599/547 3162/609/555
f 3164/610/556 3162/609/555 3163/611/557
f 3163/611/557 3162/609/555 3156/612/134
f 3162/609/555 3154/613/555 3156/612/134
f 3162/609/555 3161/608/554 3154/613/555
f 3154/613/555 3161/608/554 3151/614/554
f 3151/614/554 3161/608/554 3150/607/546
f 3155/582/134 3153/615/558 3160/583/559
f 3158/611/560 3157/588/537 3159/595/543
f 3156/612/134 3157/588/537 3158/611/560
f 3156/612/134 3155/582/134 3157/588/537
f 3156/612/134 3154/613/555 3155/582/134
f 3154/613/555 3153/615/558 3155/582/134
f 3154/613/555 3151/614/554 3153/615/558
f 3153/615/558 3151/614/554 3152/616/561
f 3152/616/561 3151/614/554 3139/617/562
f 3139/617/562 3151/614/554 3150/607/546
f 3150/607/546 3138/618/553 3139/617/562
f 3150/607/546 3149/606/553 3138/618/553
f 3149/606/553 3141/619/552 3138/618/553
f 3148/605/552 3141/619/552 3149/606/553
f 3148/605/552 3142/620/563 3141/619/552
f 3144/603/564 3142/620/563 3148/605/552
f 3147/621/565 3142/620/563 3144/603/564
f 3145/622/566 3147/621/565 3144/603/564
f 3146/600/567 3145/622/566 3144/603/564
f 3140/623/568 3142/620/563 3143/624/569
f 3141/619/552 3142/620/563 3140/623/568
f 3141/619/552 3140/623/568 3138/618/553
f 3138/618/553 3140/623/568 3137/625/570
f 3139/617/562 3138/618/553 3137/625/570
f 3136/626/571 3129/627/86 3135/628/572
f 3135/628/572 3129/627/86 3127/629/86
f 3135/628/572 3127/629/86 3134/630/573
f 3134/630/573 3127/629/86 3125/631/86
f 3134/630/573 3125/631/86 3133/632/574
f 3133/632/574 3125/631/86 3124/633/86
f 3133/632/574 3124/633/86 3132/634/260
f 3132/634/260 3124/633/86 3131/635/86
f 3124/633/86 3122/46/86 3131/635/86
f 3131/635/86 3122/46/86 3130/47/86
f 3129/627/86 3128/636/86 3127/629/86
f 3127/629/86 3128/636/86 3126/637/86
f 3127/629/86 3126/637/86 3125/631/86
f 3125/631/86 3126/637/86 3123/638/86
f 3125/631/86 3123/638/86 3124/633/86
f 3124/633/86 3123/638/86 3122/46/86
f 3121/639/49 3120/640/49 3119/641/49
f 3118/642/575 3101/643/49 3117/644/576
f 3117/644/576 3101/643/49 3100/645/577
f 3116/646/578 3112/647/49 3111/648/579
f 3113/649/49 3107/650/49 3109/651/49
f 3115/652/49 3107/650/49 3113/649/49
f 3102/653/49 3107/650/49 3115/652/49
f 3103/654/49 3107/650/49 3102/653/49
f 3113/649/49 3112/647/49 3114/655/49
f 3109/651/49 3112/647/49 3113/649/49
f 3111/648/579 3112/647/49 3109/651/49
f 3110/656/580 3111/648/579 3109/651/49
f 3108/657/581 3110/656/580 3109/651/49
f 3109/651/49 3107/650/49 3108/657/581
f 3108/657/581 3107/650/49 3106/658/561
f 3107/650/49 3103/654/49 3106/658/561
f 3106/658/561 3103/654/49 3105/659/582
f 3103/654/49 3104/642/583 3105/659/582
f 3101/643/49 3104/642/583 3103/654/49
f 3102/653/49 3101/643/49 3103/654/49
f 3099/660/49 3101/643/49 3102/653/49
f 3101/643/49 3099/660/49 3100/645/577
f 3100/645/577 3099/660/49 3098/661/577
f 3097/662/584 3056/663/86 3059/664/585
f 3056/663/86 3097/662/584 3055/665/86
f 3097/662/584 3096/666/586 3055/665/86
f 3096/666/586 3088/667/86 3055/665/86
f 3096/666/586 3095/668/587 3088/667/86
f 3095/668/587 3094/669/588 3088/667/86
f 3088/667/86 3094/669/588 3075/670/86
f 3075/670/86 3094/669/588 3093/671/589
f 3093/671/589 3092/672/590 3075/670/86
f 3092/672/590 3073/673/200 3075/670/86
f 3091/674/464 3089/675/591 3090/676/86
f 3074/677/86 3090/676/86 3076/678/86
f 3090/676/86 3089/675/591 3076/678/86
f 3089/675/591 3078/679/592 3076/678/86
f 3079/680/86 3075/670/86 3077/681/86
f 3088/667/86 3075/670/86 3079/680/86
f 3081/682/86 3088/667/86 3079/680/86
f 3088/667/86 3081/682/86 3055/665/86
f 3055/665/86 3081/682/86 3083/683/86
f 3086/684/86 3055/665/86 3083/683/86
f 3087/685/86 3055/665/86 3086/684/86
f 3069/686/86 3057/687/86 3055/665/86
f 3087/685/86 3069/686/86 3055/665/86
f 3068/688/593 3069/686/86 3087/685/86
f 3086/684/86 3068/688/593 3087/685/86
f 3085/689/594 3068/688/593 3086/684/86
f 3083/683/86 3085/689/594 3086/684/86
f 3084/690/595 3085/689/594 3083/683/86
f 3084/690/595 3083/683/86 3082/691/596
f 3082/691/596 3083/683/86 3081/682/86
f 3082/691/596 3081/682/86 3080/692/597
f 3080/692/597 3081/682/86 3079/680/86
f 3080/692/597 3079/680/86 3078/679/592
f 3078/679/592 3079/680/86 3077/681/86
f 3076/678/86 3078/679/592 3077/681/86
f 3077/681/86 3075/670/86 3076/678/86
f 3075/670/86 3074/677/86 3076/678/86
f 3075/670/86 3073/673/200 3074/677/86
f 3074/677/86 3073/673/200 3072/693/598
f 3071/694/599 3067/695/600 3057/687/86
f 3069/686/86 3071/694/599 3057/687/86
f 3070/696/601 3071/694/599 3069/686/86
f 3070/696/601 3069/686/86 3068/688/593
f 3067/695/600 3062/697/602 3061/698/86
f 3057/687/86 3067/695/600 3061/698/86
f 3061/698/86 3060/699/86 3057/687/86
f 3060/699/86 3058/700/86 3057/687/86
f 3044/701/306 3066/357/307 3046/356/306
f 3044/701/306 3065/702/489 3066/357/307
f 3042/703/303 3065/702/489 3044/701/306
f 3065/702/489 3042/703/303 3064/704/464
f 3064/704/464 3042/703/303 3040/705/86
f 3064/704/464 3040/705/86 3063/706/603
f 3063/706/603 3040/705/86 3039/707/86
f 3063/706/603 3039/707/86 3062/697/602
f 3062/697/602 3039/707/86 3054/708/86
f 3061/698/86 3062/697/602 3054/708/86
f 3054/708/86 3037/709/86 3061/698/86
f 3037/709/86 3060/699/86 3061/698/86
f 3037/709/86 3038/710/604 3060/699/86
f 3038/710/604 3059/664/585 3060/699/86
f 3060/699/86 3059/664/585 3058/700/86
f 3059/664/585 3056/663/86 3058/700/86
f 3056/663/86 3057/687/86 3058/700/86
f 3057/687/86 3056/663/86 3055/665/86
f 3039/707/86 3037/709/86 3054/708/86
f 3053/350/300 3052/711/605 3049/351/301
f 3052/711/605 3051/712/606 3049/351/301
f 3051/712/606 3050/713/86 3049/351/301
f 3047/714/303 3049/351/301 3050/713/86
f 3048/353/303 3049/351/301 3047/714/303
f 3047/714/303 3046/356/306 3048/353/303
f 3045/715/306 3046/356/306 3047/714/303
f 3045/715/306 3044/701/306 3046/356/306
f 3043/716/306 3044/701/306 3045/715/306
f 3043/716/306 3042/703/303 3044/701/306
f 3041/717/607 3042/703/303 3043/716/306
f 3041/717/607 3040/705/86 3042/703/303
f 3027/718/86 3040/705/86 3041/717/607
f 3027/718/86 3031/719/86 3040/705/86
f 3040/705/86 3031/719/86 3039/707/86
f 3031/719/86 3035/720/86 3039/707/86
f 3035/720/86 3037/709/86 3039/707/86
f 3037/709/86 3035/720/86 3036/721/608
f 3036/721/608 3038/710/604 3037/709/86
f 3036/721/608 3035/720/86 3034/722/609
f 3035/720/86 3031/719/86 3034/722/609
f 3034/722/609 3031/719/86 3033/723/610
f 3033/723/610 3031/719/86 3032/724/611
f 3032/724/611 3031/719/86 3027/718/86
f 3030/716/612 3026/725/613 3029/717/303
f 3026/725/613 3027/718/86 3029/717/303
f 3028/724/614 3027/718/86 3026/725/613
f 3025/65/615 3017/726/616 3018/66/617
f 3015/727/618 3017/726/616 3025/65/615
f 3025/65/615 3024/63/619 3015/727/618
f 3015/727/618 3024/63/619 3013/728/620
f 3024/63/619 3023/6/621 3013/728/620
f 3023/6/621 3022/5/622 3013/728/620
f 3022/5/622 3012/57/622 3013/728/620
f 3021/74/623 2973/729/624 2971/71/625
f 2976/730/626 2973/729/624 3021/74/623
f 3020/77/627 2976/730/626 3021/74/623
f 2978/731/628 2976/730/626 3020/77/627
f 3020/77/627 3019/68/39 2978/731/628
f 2978/731/628 3019/68/39 2980/732/39
f 3018/66/617 2980/732/39 3019/68/39
f 3017/726/616 2980/732/39 3018/66/617
f 3017/726/616 2981/733/39 2980/732/39
f 3016/734/629 2981/733/39 3017/726/616
f 3015/727/618 3016/734/629 3017/726/616
f 3014/735/630 3016/734/629 3015/727/618
f 3015/727/618 3013/728/620 3014/735/630
f 3014/735/630 3013/728/620 3009/736/631
f 3013/728/620 3012/57/622 3009/736/631
f 3009/736/631 3012/57/622 3011/59/44
f 3009/736/631 3011/59/44 3008/737/632
f 3008/737/632 3011/59/44 3010/61/632
f 3009/736/631 3008/737/632 3006/735/633
f 3006/735/633 3008/737/632 3007/738/252
f 3007/738/252 3005/739/634 3006/735/633
f 3006/735/633 3005/739/634 3004/734/635
f 3003/740/632 2995/741/44 3002/742/636
f 3002/742/636 2995/741/44 3001/743/637
f 3001/743/637 3000/744/638 3002/742/636
f 2999/745/639 3000/744/638 3001/743/637
f 3000/744/638 2999/745/639 2998/746/640
f 2998/746/640 2999/745/639 2996/747/641
f 2998/746/640 2996/747/641 2997/748/642
f 2997/748/642 2996/747/641 2981/733/39
f 2995/741/44 2992/749/44 2993/743/643
f 2993/743/643 2992/749/44 2990/750/644
f 2994/745/645 2983/751/646 2982/747/647
f 2993/743/643 2983/751/646 2994/745/645
f 2990/750/644 2983/751/646 2993/743/643
f 2984/752/648 2983/751/646 2990/750/644
f 2990/750/644 2991/753/649 2984/752/648
f 2992/749/44 2991/753/649 2990/750/644
f 2969/754/39 2989/755/650 2979/756/651
f 2979/756/651 2989/755/650 2988/757/652
f 2988/757/652 2987/758/653 2979/756/651
f 2979/756/651 2987/758/653 2977/759/654
f 2987/758/653 2986/760/655 2977/759/654
f 2977/759/654 2986/760/655 2975/761/656
f 2985/762/632 2975/761/656 2986/760/655
f 2974/763/44 2975/761/656 2985/762/632
f 2963/764/657 2983/751/646 2984/752/648
f 2983/751/646 2963/764/657 2964/765/658
f 2982/747/647 2983/751/646 2964/765/658
f 2982/747/647 2964/765/658 2966/766/39
f 2981/733/39 2982/747/647 2966/766/39
f 2969/754/39 2981/733/39 2966/766/39
f 2980/732/39 2981/733/39 2969/754/39
f 2979/756/651 2980/732/39 2969/754/39
f 2978/731/628 2980/732/39 2979/756/651
f 2979/756/651 2977/759/654 2978/731/628
f 2978/731/628 2977/759/654 2976/730/626
f 2977/759/654 2975/761/656 2976/730/626
f 2976/730/626 2975/761/656 2973/729/624
f 2974/763/44 2973/729/624 2975/761/656
f 2970/767/44 2973/729/624 2974/763/44
f 2970/767/44 2971/71/625 2973/729/624
f 2972/72/44 2971/71/625 2970/767/44
f 2969/754/39 2966/766/39 2968/755/659
f 2968/755/659 2966/766/39 2967/768/659
f 2966/766/39 2964/765/658 2965/768/660
f 2965/768/660 2964/765/658 2962/769/661
f 2964/765/658 2963/764/657 2962/769/661
f 2961/770/49 2960/771/49 2959/772/49
