# Blender 5.0.0
# www.blender.org
mtllib building2.mtl
o Tower_02.smd
v -49.892342 83.648079 -56.585606
v -49.892342 83.343285 -56.585606
v -49.781158 83.648079 -56.870213
v -49.781158 83.343285 -56.870213
v -49.892643 39.275417 -56.586227
v -49.892643 38.970619 -56.586227
v -49.780659 39.275417 -56.872776
v -49.780659 38.970619 -56.872776
v -49.892300 80.988594 -56.585606
v -49.892300 80.683800 -56.585606
v -49.781292 80.988594 -56.870213
v -49.781292 80.683800 -56.870213
v -50.071388 83.648079 -56.126045
v -50.071388 83.343285 -56.126045
v -49.959362 83.648079 -56.411469
v -49.959362 83.343285 -56.411469
v -56.492424 20.882521 -51.059902
v -56.492420 21.114744 -50.756893
v -56.568672 20.857206 -51.021839
v -56.568672 21.089424 -50.718830
v -56.568672 20.857206 -51.021839
v -56.568672 21.089424 -50.718830
v -56.601501 20.742348 -50.919888
v -56.601501 20.974747 -50.617016
v -56.337646 15.522927 -45.599274
v -56.337631 15.683874 -45.248631
v -54.384926 13.056172 -43.215870
v -54.467674 13.312137 -42.773750
v -56.601501 20.742348 -50.919888
v -56.601501 20.974747 -50.617016
v -56.426956 15.770613 -45.845901
v -56.426956 15.931369 -45.495167
v -56.426956 15.640965 -45.716736
v -56.426956 15.802182 -45.366215
v -56.337631 15.683874 -45.248631
v -49.751141 37.339882 -56.196678
v -49.752342 26.839581 -56.202232
v -49.613873 37.139534 -56.578278
v -49.601559 26.598455 -56.621750
v -34.962486 13.287200 -42.865345
v -33.092865 15.663547 -45.226669
v -35.039944 13.104926 -43.191082
v -33.092850 15.502600 -45.577312
v -33.034065 20.857162 -51.030518
v -33.034065 20.754961 -50.928562
v -33.034065 21.089380 -50.727505
v -33.034065 20.987360 -50.625690
v -33.003540 15.750284 -45.823940
v -33.003540 15.911041 -45.473206
v -33.003540 15.620638 -45.694775
v -33.003540 15.781855 -45.344254
v -33.092865 15.663547 -45.226669
v -39.757046 37.339882 -56.196682
v -39.894314 37.139534 -56.578281
v -39.755844 26.839579 -56.202236
v -39.906624 26.598455 -56.621750
v -49.894180 40.740032 -56.581772
v -49.894180 39.825630 -56.581772
v -49.782509 40.740032 -56.867195
v -49.782509 39.825630 -56.867195
v -33.608044 14.836819 -38.835194
v -33.608055 15.361702 -37.702942
v -33.608047 14.898662 -38.835083
v -33.608059 15.427427 -37.703037
v -33.598999 0.007124 -44.349483
v -33.598999 1.267535 -44.367081
v -33.598999 0.007122 -44.900654
v -33.598999 1.602526 -44.900654
v -33.598999 1.602526 -44.900654
v -33.598999 1.267535 -44.367081
v -33.598999 1.619302 -44.844036
v -33.598999 1.285639 -44.304497
v -33.607117 3.468281 -38.855549
v -33.607113 3.279751 -37.685532
v -33.608044 14.836819 -38.835194
v -33.608055 15.361702 -37.702942
v -33.607117 3.468281 -38.855549
v -33.598991 3.393569 -38.855682
v -33.607113 3.279751 -37.685532
v -33.598991 3.200351 -37.685417
v -33.598999 1.619302 -44.844036
v -33.598999 1.285639 -44.304497
v -33.598991 3.393569 -38.855682
v -33.598991 3.200351 -37.685417
v -32.935436 69.974113 -36.878864
v -32.935436 69.974113 -37.212898
v -35.923927 43.638443 -44.292786
v -35.923923 43.638443 -44.516880
v -35.583439 79.061111 -28.798643
v -35.583439 77.451332 -28.798641
v -35.597420 79.061111 -25.720030
v -35.597420 77.451332 -25.720030
v -53.901550 79.061111 -29.146885
v -53.885769 79.061111 -25.720030
v -53.901550 77.451332 -29.146885
v -53.885769 77.451332 -25.720030
v -53.885769 77.451332 -25.720030
v -53.885769 79.061111 -25.720030
v -35.597420 77.451332 -25.720030
v -35.597420 79.061111 -25.720030
v -46.068085 6.273799 -26.380213
v -46.068085 31.822758 -26.380217
v -43.440102 6.273795 -26.380213
v -43.440102 31.822752 -26.380217
v -55.898571 3.513827 -38.893089
v -55.898567 3.230048 -37.562767
v -55.973095 3.434023 -38.893410
v -55.973091 3.144444 -37.561829
v -55.973099 0.007124 -44.344460
v -55.973099 0.007122 -44.890198
v -55.973099 1.274737 -44.344460
v -55.973099 1.600543 -44.890198
v -55.973099 1.619349 -44.828690
v -55.973095 3.434023 -38.893410
v -55.973099 1.293915 -44.274887
v -55.973091 3.144444 -37.561829
v -55.899494 14.763421 -38.847595
v -55.899502 14.848338 -38.847252
v -55.899506 15.297248 -37.695030
v -55.899513 15.388336 -37.696026
v -55.898571 3.513827 -38.893089
v -55.899494 14.763421 -38.847595
v -55.898567 3.230048 -37.562767
v -55.899506 15.297248 -37.695030
v -55.973099 1.600543 -44.890198
v -55.973099 1.619349 -44.828690
v -55.973099 1.274737 -44.344460
v -55.973099 1.293915 -44.274887
v -36.115589 34.016853 -45.123154
v -36.115589 33.026386 -45.123154
v -36.828575 34.016861 -27.302713
v -36.828575 33.026394 -27.302713
v -52.917915 34.016861 -27.302713
v -52.917915 33.026390 -27.302713
v -53.434700 34.016861 -45.027729
v -53.434700 33.026386 -45.027729
v -56.572750 69.974113 -36.878864
v -53.584263 43.638443 -44.292786
v -56.572750 69.974113 -37.212898
v -53.584263 43.638443 -44.516880
v -49.892090 38.846695 -56.586636
v -49.892090 38.541893 -56.586636
v -49.780441 38.846695 -56.872776
v -49.780441 38.541893 -56.872776
v -56.749123 92.111549 -27.951305
v -56.749123 91.806747 -27.951305
v -56.748718 92.111549 -28.256105
v -56.748718 91.806747 -28.256105
v -56.748718 91.035896 -28.256105
v -56.749123 91.035896 -27.951305
v -56.748718 89.812126 -28.256104
v -56.749123 89.812126 -27.951305
v -56.748718 87.413956 -28.256104
v -56.749123 87.413956 -27.951305
v -56.748718 86.800667 -28.256104
v -56.749123 86.800667 -27.951305
v -39.492638 72.286057 -56.309765
v -39.388939 72.286057 -56.022186
v -39.492638 73.496971 -56.309769
v -39.388939 73.496971 -56.022190
v -39.492668 52.603699 -56.309887
v -39.388988 52.603699 -56.022327
v -39.492668 53.814621 -56.309887
v -39.388988 53.814621 -56.022327
v -39.492153 50.070484 -56.308517
v -39.388821 50.070484 -56.021870
v -39.492153 51.281399 -56.308517
v -39.388821 51.281399 -56.021870
v -39.389000 45.838387 -56.022343
v -39.492725 45.838387 -56.309952
v -39.389000 45.226776 -56.022343
v -39.492725 45.226776 -56.309952
v -39.490990 42.473446 -56.305473
v -39.490990 42.168648 -56.305473
v -39.388962 42.473446 -56.022266
v -39.388962 42.168648 -56.022266
v -39.491417 41.803665 -56.306572
v -39.491417 41.498863 -56.306572
v -39.389462 41.803665 -56.023579
v -39.389462 41.498863 -56.023579
v -50.226910 55.110619 -55.725761
v -49.783764 55.110619 -56.863937
v -50.226910 55.415421 -55.725761
v -49.783764 55.415421 -56.863937
v -49.894394 80.378410 -56.580708
v -49.894394 79.464012 -56.580708
v -49.782368 80.378410 -56.867203
v -49.782368 79.464012 -56.867203
v -39.491180 83.648079 -56.306385
v -39.491180 83.343285 -56.306385
v -39.388100 83.648079 -56.019543
v -39.388100 83.343285 -56.019543
v -39.491352 75.357086 -56.306236
v -39.491352 75.052292 -56.306236
v -39.388271 75.357086 -56.019398
v -39.388271 75.052292 -56.019398
v -35.923923 43.638443 -44.516880
v -35.923923 43.210670 -45.010136
v -35.923927 43.638443 -44.292786
v -35.923923 43.210667 -45.276344
v -35.923923 32.920044 -45.010132
v -35.923923 32.920048 -45.276344
v -49.601559 26.598455 -56.621750
v -49.752342 26.839581 -56.202232
v -50.637089 22.839470 -52.986488
v -50.757809 23.021093 -52.652840
v -50.657707 22.764620 -52.914101
v -50.777821 22.945097 -52.582199
v -50.828587 22.708902 -52.859329
v -50.920040 22.899094 -52.535454
v -56.492424 20.882521 -51.059902
v -56.492420 21.114744 -50.756893
v -34.481365 66.191818 -33.286011
v -33.071617 66.174019 -33.286011
v -34.481365 83.423828 -33.272873
v -33.071617 83.589287 -33.323853
v -34.481365 83.842674 -33.347034
v -33.071617 83.939445 -33.385857
v -34.481365 84.193024 -33.583794
v -33.071617 84.232353 -33.583794
v -33.071617 84.426247 -33.859180
v -34.481365 84.424942 -33.913193
v -33.071617 84.432899 -37.904377
v -34.328953 84.432899 -38.660164
v -56.572750 82.155586 -37.212902
v -56.572750 69.974113 -36.878864
v -56.572750 69.974113 -37.212898
v -56.572750 82.155586 -36.878868
v -56.572750 82.299820 -37.071796
v -53.584263 43.210670 -45.010136
v -53.584263 43.638443 -44.516880
v -53.584263 43.638443 -44.292786
v -53.584263 43.210667 -45.276344
v -53.584263 32.920044 -45.010132
v -53.584263 32.920048 -45.276344
v -38.772755 22.777414 -52.915836
v -38.662647 22.739080 -52.877415
v -38.657089 22.951214 -52.596214
v -38.546921 22.912344 -52.555943
v -33.143139 20.895138 -51.068577
v -33.143143 21.127359 -50.765572
v -33.034065 20.857162 -51.030518
v -33.034065 21.089380 -50.727505
v -39.906624 26.598455 -56.621750
v -38.806362 22.872320 -53.011303
v -39.755844 26.839579 -56.202236
v -38.689522 23.048115 -52.688366
v -38.772755 22.777414 -52.915836
v -38.657089 22.951214 -52.596214
v -32.935436 82.155586 -37.212902
v -32.935436 82.155586 -36.878868
v -32.935436 82.299820 -37.071796
v -32.935436 69.974113 -36.878864
v -32.935436 69.974113 -37.212898
v -56.444031 84.432899 -38.660164
v -56.596443 84.424942 -33.913193
v -55.186695 84.432899 -37.904377
v -55.186695 84.426247 -33.859180
v -56.596443 84.193024 -33.583794
v -55.186695 84.232353 -33.583794
v -55.186695 83.939445 -33.385857
v -56.596443 83.842674 -33.347034
v -55.186695 83.589287 -33.323853
v -56.596443 83.423828 -33.272873
v -55.186695 66.174019 -33.286011
v -56.596443 66.191818 -33.286011
v -49.609009 89.780197 -57.175819
v -49.544785 89.781456 -57.214428
v -49.638008 89.780197 -57.096230
v -47.907810 89.780197 -58.198479
v -47.907822 89.780197 -58.114101
v -48.012947 89.780281 -58.135277
v -47.907810 89.780197 -31.815916
v -49.544785 89.781456 -57.214428
v -56.672523 89.780197 -31.815916
v -56.672523 89.780197 -38.552326
v -56.672523 89.780197 -38.646297
v -56.635277 89.780197 -38.757717
v -36.527267 12.864526 -43.383781
v -32.949780 12.864526 -43.383785
v -32.923462 14.620697 -39.613152
v -33.027027 14.663087 -39.522137
v -56.480736 14.663261 -39.521767
v -33.493011 14.853812 -39.112637
v -56.005894 14.857612 -39.104477
v -33.818729 14.987128 -38.826397
v -55.689457 14.987128 -38.826397
v -33.829735 15.440944 -37.852020
v -55.678452 15.440944 -37.852020
v -33.829735 15.501266 -37.722500
v -55.678452 15.501268 -37.722500
v -33.829735 15.430727 -37.620789
v -55.678452 15.430728 -37.620789
v -52.877159 12.783493 -43.557766
v -36.631027 12.783493 -43.557766
v -52.980919 12.864526 -43.383785
v -56.584724 14.620699 -39.613152
v -56.558407 12.864526 -43.383785
v -56.109337 15.335815 -46.294804
v -54.201828 12.825874 -43.795956
v -52.614185 12.834136 -43.804180
v -56.194244 20.432735 -51.369194
v -50.379311 22.469864 -53.397324
v -47.501984 23.888863 -54.810051
v -49.362667 25.913912 -56.826149
v -47.860386 26.894577 -57.802479
v -42.006203 23.888863 -54.810051
v -41.647800 26.894575 -57.802479
v -40.145519 25.913912 -56.826149
v -39.128876 22.469862 -53.397320
v -36.894005 12.834134 -43.804180
v -33.313942 20.432734 -51.369194
v -33.398849 15.335814 -46.294804
v -35.306358 12.825874 -43.795956
v -33.703491 0.000020 -44.872650
v -33.652557 0.000020 -44.900005
v -33.765022 0.000020 -44.872650
v -56.392502 0.000005 -45.306683
v -56.405872 0.000020 -45.195549
v -33.115685 0.000005 -45.306683
v -33.102318 0.000020 -45.195549
v -55.855629 0.000020 -44.900005
v -55.743168 0.000020 -44.872650
v -55.743168 0.000020 -44.344460
v -33.765022 0.000020 -44.344460
v -55.804695 0.000020 -44.872650
v -56.481121 0.000020 -45.235970
v -56.654186 0.000020 -45.328922
v -56.672523 0.000020 -45.357574
v -56.672523 0.000020 -45.399227
v -56.672523 0.000020 -45.513187
v -56.672523 0.000020 -45.549728
v -56.610756 0.000020 -45.549728
v -32.897430 0.000020 -45.549728
v -32.835663 0.000020 -45.549728
v -32.835663 0.000019 -45.513187
v -32.835667 0.000020 -45.399227
v -32.835667 0.000020 -45.357574
v -32.854000 0.000020 -45.328922
v -33.027065 0.000020 -45.235970
v -48.407230 4.061726 -50.440414
v -48.359348 3.975171 -50.299274
v -48.299595 4.061726 -50.440414
v -41.183445 4.061726 -50.440414
v -41.095501 3.975171 -50.299274
v -41.114658 4.061726 -50.440414
v -41.241806 4.154955 -50.440414
v -41.112495 4.154955 -50.440414
v -32.952133 4.154955 -50.440414
v -32.952133 4.061726 -50.440414
v -32.950539 3.975171 -50.299274
v -32.897430 1.090647 -45.595711
v -56.610756 1.090646 -45.595711
v -56.557648 3.975171 -50.299274
v -56.556053 4.061726 -50.440414
v -56.556053 4.154955 -50.440414
v -48.395691 4.154955 -50.440414
v -48.266380 4.154955 -50.440414
v -41.241806 7.110446 -50.440414
v -48.266380 7.110447 -50.440414
v -41.241806 7.210593 -50.440414
v -48.266380 7.210594 -50.440414
v -48.028248 84.424942 -58.126080
v -48.025841 84.424942 -58.019157
v -49.517296 84.424942 -57.230953
v -49.556671 84.429176 -57.112953
v -49.635506 37.056725 -57.101463
v -49.557693 37.038422 -57.112892
v -49.609009 37.018055 -57.175812
v -49.517296 36.989319 -57.230946
v -48.028244 36.522865 -58.126072
v -47.907814 36.546360 -58.080978
v -49.557693 37.038422 -57.112892
v -47.798737 36.694149 -58.198471
v -47.907810 36.694149 -58.198471
v -47.798737 36.485138 -58.198471
v -47.907810 36.485138 -58.198471
v -41.709450 36.694149 -58.198471
v -41.709450 36.485134 -58.198471
v -47.798737 36.485138 -58.198471
v -41.709450 36.485134 -58.198471
v -41.600376 36.694149 -58.198471
v -41.600376 36.485134 -58.198467
v -49.609009 54.362938 -57.175812
v -49.609009 37.220818 -57.175812
v -49.517296 54.362938 -57.230949
v -49.517296 37.192421 -57.230946
v -48.028248 54.362938 -58.126076
v -48.028244 36.731434 -58.126072
v -47.907810 54.362938 -58.198471
v -47.907810 36.694149 -58.198471
v -47.798737 54.362938 -58.198471
v -41.709450 54.362938 -58.198471
v -41.600376 54.362938 -58.198471
v -41.600376 36.694149 -58.198471
v -41.479942 36.731434 -58.126072
v -41.479939 54.362938 -58.126076
v -39.990891 37.192421 -57.230946
v -39.990891 54.362938 -57.230946
v -39.899178 37.220818 -57.175812
v -39.899178 54.362938 -57.175812
v -41.479942 36.522865 -58.126072
v -39.990891 36.989319 -57.230946
v -39.899178 37.018055 -57.175812
v -39.899178 37.220818 -57.175812
v -41.600376 36.485134 -58.198467
v -41.479942 36.522865 -58.126072
v -41.600376 36.694149 -58.198471
v -49.517296 84.424942 -57.230953
v -49.556671 84.429176 -57.112953
v -49.609009 84.424942 -57.175819
v -49.626968 84.410728 -57.089268
v -47.907810 84.424942 -58.198479
v -47.907822 84.432869 -58.114098
v -48.028248 84.424942 -58.126080
v -48.025841 84.424942 -58.019157
v -49.609009 37.018055 -57.175812
v -49.609009 37.220818 -57.175812
v -49.635506 37.056725 -57.101463
v -49.635506 37.259045 -57.101463
v -53.445473 42.626133 -46.413776
v -49.635506 37.056725 -57.101463
v -53.463150 42.842541 -46.356537
v -49.642979 54.362938 -57.077656
v -49.609009 54.362938 -57.175812
v -49.609009 37.220818 -57.175812
v -54.402740 54.362934 -43.313889
v -41.600376 58.374828 -58.198471
v -41.600372 58.374836 -58.088577
v -41.709450 58.374828 -58.198471
v -47.907814 58.374836 -58.088577
v -47.907810 58.374836 -58.198471
v -47.798737 58.374836 -58.198471
v -41.709450 58.374828 -58.198471
v -47.908024 58.374840 -46.913780
v -41.600163 58.374844 -46.913784
v -49.626968 84.340813 -57.089268
v -49.626968 84.410728 -57.089268
v -56.328751 84.341278 -39.282990
v -56.323032 84.439659 -39.264496
v -56.509098 84.341286 -38.761402
v -56.328751 84.341278 -39.282990
v -54.665165 57.137630 -42.575523
v -49.642979 57.137627 -57.077656
v -56.353558 70.057076 -39.245865
v -56.328751 84.341278 -39.282990
v -49.609009 57.137627 -57.175819
v -49.626968 84.340813 -57.089268
v -49.609009 84.355011 -57.175819
v -49.517296 84.355034 -57.230953
v -49.517296 57.137627 -57.230949
v -49.609009 84.424942 -57.175819
v -49.517296 84.424942 -57.230953
v -49.609009 84.355011 -57.175819
v -49.626968 84.410728 -57.089268
v -49.626968 84.340813 -57.089268
v -39.856411 84.355026 -57.052147
v -39.899178 84.355011 -57.175819
v -39.865208 57.137630 -57.077656
v -39.899178 57.137627 -57.175819
v -39.990891 84.355034 -57.230953
v -39.990891 57.137627 -57.230949
v -41.479942 58.383148 -58.126076
v -41.479942 57.137627 -58.126076
v -41.600376 58.314610 -58.198471
v -41.600376 57.137627 -58.198471
v -41.709450 58.314610 -58.198471
v -41.709450 57.137627 -58.198471
v -47.798737 58.314610 -58.198471
v -47.798737 57.137627 -58.198471
v -47.907810 57.137627 -58.198471
v -47.907810 58.314610 -58.198471
v -48.028248 57.137627 -58.126076
v -48.028248 58.344952 -58.126076
v -48.028248 84.355309 -58.126080
v -49.517296 84.424942 -57.230953
v -48.028248 84.424942 -58.126080
v -47.907810 84.424942 -58.198479
v -47.907810 84.355331 -58.198479
v -41.709450 58.374828 -58.198471
v -47.798737 58.374836 -58.198471
v -47.907810 58.374836 -58.198471
v -47.907810 84.355331 -58.198479
v -49.544785 87.142380 -57.214428
v -49.125069 86.980240 -57.074295
v -48.012695 87.142380 -58.135429
v -47.973373 86.980179 -58.003403
v -49.125069 86.980240 -57.074295
v -49.267441 86.980247 -56.955868
v -49.544785 86.820297 -57.214428
v -49.609009 86.820305 -57.175819
v -49.609009 56.842457 -57.175819
v -49.642979 54.638454 -57.077656
v -49.609009 54.638447 -57.175812
v -49.642979 56.842457 -57.077656
v -54.429054 54.638451 -43.239830
v -54.636917 56.842468 -42.655014
v -56.635277 87.142380 -38.757717
v -49.638008 87.142380 -57.096230
v -56.635277 89.780197 -38.757717
v -49.638008 89.780197 -57.096230
v -49.609009 87.142380 -57.175819
v -49.609009 89.780197 -57.175819
v -49.544785 87.142380 -57.214428
v -49.544785 89.781456 -57.214428
v -48.012695 87.142380 -58.135429
v -48.012947 89.780281 -58.135277
v -47.907810 89.780197 -58.198479
v -47.907810 87.142380 -58.198479
v -56.647717 92.469658 -30.962395
v -56.647717 92.469658 -30.863146
v -56.672523 89.780197 -31.815916
v -56.672523 87.142380 -32.514137
v -49.556671 84.429176 -57.112953
v -47.981155 84.432899 -58.070930
v -49.544785 84.433411 -57.214428
v -47.979912 84.432899 -58.155136
v -47.907810 84.432869 -58.198479
v -47.979912 84.432899 -58.155136
v -47.907822 84.432869 -58.114098
v -47.907810 36.485138 -58.198471
v -47.907810 36.694149 -58.198471
v -48.028244 36.522865 -58.126072
v -48.028244 36.522865 -58.126072
v -49.517296 36.989319 -57.230946
v -49.609009 37.018055 -57.175812
v -49.609009 37.220818 -57.175812
v -53.109394 14.665418 -40.015713
v -54.514046 14.665418 -37.888287
v -53.173798 14.562463 -40.050972
v -54.589493 14.562463 -37.906822
v -56.618454 60.095123 -27.347256
v -56.207169 59.660740 -26.915819
v -32.889732 60.095119 -27.347256
v -33.301018 59.660736 -26.915819
v -56.029305 86.980247 -38.727352
v -56.635277 87.142380 -38.757717
v -56.059589 86.980247 -38.646297
v -56.672523 87.142380 -38.646297
v -49.340324 86.980247 -56.880650
v -49.638008 87.142380 -57.096230
v -56.029305 86.980247 -38.727352
v -56.029305 86.980247 -38.727352
v -56.059589 86.980247 -38.646297
v -56.635277 86.820312 -38.757717
v -56.672523 86.820305 -38.646297
v -49.340324 86.980247 -56.880650
v -56.029305 86.980247 -38.727352
v -49.638008 86.820305 -57.096230
v -56.672523 89.780197 -31.815916
v -56.672523 87.142380 -32.514137
v -56.672523 89.780197 -38.552326
v -56.672523 87.142380 -38.552326
v -56.672523 87.142380 -38.646297
v -56.672523 89.780197 -38.646297
v -56.635277 87.142380 -38.757717
v -56.635277 89.780197 -38.757717
v -56.672523 3.443060 -30.586590
v -56.672523 17.471329 -30.637257
v -56.672523 17.668316 -30.566208
v -56.672523 3.492727 -30.636391
v -56.672523 3.492727 -30.636391
v -56.672523 3.443042 -30.636389
v -56.635277 84.432869 -38.757717
v -56.432182 84.432907 -38.757717
v -49.638008 84.432869 -57.096226
v -49.556671 84.429176 -57.112953
v -49.609009 84.432869 -57.175819
v -49.544785 84.433411 -57.214428
v -47.973373 86.980179 -58.003403
v -47.904530 86.980179 -58.004181
v -48.012695 87.142380 -58.135429
v -47.907810 87.142380 -58.198479
v -47.907810 86.820305 -58.198479
v -47.904530 86.980179 -58.004181
v -47.979973 86.820305 -58.155098
v -47.973373 86.980179 -58.003403
v -56.672523 61.831718 -27.347256
v -56.561943 61.734619 -27.238333
v -56.456116 61.727703 -27.347256
v -56.384590 61.663574 -27.274075
v -56.008705 61.326588 -26.889500
v -56.101418 61.353878 -26.784683
v -56.006714 59.686588 -26.878456
v -56.101418 59.595768 -26.784683
v -56.101418 59.529633 -26.784683
v -56.006588 59.622696 -26.877764
v -56.006714 59.686588 -26.878456
v -39.865208 57.137630 -57.077656
v -40.058681 56.983383 -56.806541
v -34.843021 57.137627 -42.575523
v -35.249058 56.947479 -42.221806
v -41.600376 57.137627 -58.198471
v -41.599560 56.983734 -57.800262
v -41.479942 57.137627 -58.126076
v -41.554493 56.983730 -57.774494
v -39.990891 57.137627 -57.230949
v -40.173782 56.983730 -56.985046
v -40.104477 56.983730 -56.945419
v -39.899178 57.137627 -57.175819
v -40.058681 56.983383 -56.806541
v -35.249058 56.947479 -42.221806
v -40.058681 56.983383 -56.806541
v -34.871269 56.842468 -42.655014
v -39.865208 56.842457 -57.077660
v -41.600376 56.842464 -58.198475
v -41.479939 56.842457 -58.126076
v -41.599560 56.983734 -57.800262
v -41.554493 56.983730 -57.774494
v -39.990891 56.842457 -57.230949
v -40.173782 56.983730 -56.985046
v -40.104477 56.983730 -56.945419
v -39.899178 56.842457 -57.175819
v -40.058681 56.983383 -56.806541
v -41.600376 84.424942 -58.198479
v -41.479939 84.424942 -58.126080
v -41.600365 84.432869 -58.114098
v -41.482346 84.424942 -58.019157
v -39.872681 37.259041 -57.101463
v -39.899178 37.220818 -57.175812
v -39.872681 37.056725 -57.101463
v -39.899178 37.018055 -57.175812
v -39.865208 54.362938 -57.077656
v -39.899178 54.362938 -57.175812
v -39.899178 37.220818 -57.175812
v -35.105446 54.362934 -43.313889
v -36.020233 42.828323 -46.393658
v -36.037910 42.611916 -46.450897
v -39.872681 37.056725 -57.101463
v -39.872681 37.056725 -57.101463
v -39.899178 37.018055 -57.175812
v -39.950493 37.038422 -57.112892
v -39.990891 36.989319 -57.230946
v -39.950493 37.038422 -57.112892
v -41.600372 36.546360 -58.080978
v -41.479942 36.522865 -58.126072
v -41.479942 36.522865 -58.126072
v -41.600376 36.485134 -58.198467
v -41.600372 36.546360 -58.080978
v -41.600376 36.485134 -58.198467
v -41.709450 36.485134 -58.198471
v -47.907814 36.546360 -58.080978
v -41.709450 36.485134 -58.198471
v -47.798737 36.485138 -58.198471
v -47.907810 36.485138 -58.198471
v -47.798737 36.485138 -58.198471
v -47.907810 36.485138 -58.198471
v -48.028244 36.522865 -58.126072
v -39.950493 37.038422 -57.112892
v -36.071793 42.623905 -46.428108
v -39.872681 37.056725 -57.101463
v -36.037910 42.611916 -46.450897
v -39.990891 84.424942 -57.230953
v -39.899178 84.424942 -57.175819
v -39.950493 84.424942 -57.112900
v -39.856415 84.424942 -57.052147
v -41.479939 84.424942 -58.126080
v -39.990891 84.424942 -57.230953
v -41.482346 84.424942 -58.019157
v -39.856415 84.424942 -57.052147
v -33.022491 84.410728 -38.615723
v -32.882496 84.410728 -38.590889
v -40.030594 86.980179 -56.957207
v -39.899178 87.142380 -57.175819
v -41.534813 86.980179 -58.003403
v -41.495491 87.142380 -58.135429
v -39.899178 86.820305 -57.175819
v -40.030594 86.980179 -56.957207
v -39.963402 86.820297 -57.214428
v -32.835663 89.780197 -38.552326
v -32.835663 87.142380 -32.514137
v -32.835663 89.780197 -31.815916
v -32.835663 87.142380 -38.552326
v -32.835663 87.142380 -38.646297
v -32.835663 89.780197 -38.646297
v -32.872913 87.142387 -38.757717
v -32.872913 89.780212 -38.757721
v -39.963402 84.433403 -57.214428
v -39.952541 84.433403 -57.113003
v -39.899178 84.432861 -57.175819
v -39.870178 84.432869 -57.096226
v -33.076004 84.432907 -38.757717
v -32.872913 84.432861 -38.757717
v -41.528275 84.432899 -58.155136
v -41.527031 84.432892 -58.070930
v -39.963402 84.433403 -57.214428
v -41.600376 84.432861 -58.198479
v -41.600365 84.432869 -58.114098
v -41.528275 84.432899 -58.155136
v -56.672523 87.142380 -38.646297
v -56.672523 87.142380 -38.552326
v -56.059589 86.980247 -38.646297
v -56.061012 86.980247 -38.482285
v -56.672523 87.142380 -32.514137
v -56.112926 86.980247 -32.507385
v -32.835663 0.000020 -44.253132
v -32.835663 1.167736 -44.351055
v -32.835663 0.000020 -44.350620
v -32.835663 1.197273 -44.253559
v -32.835663 0.000021 -37.805473
v -32.835663 3.045620 -37.805481
v -32.835667 0.000021 -37.703968
v -32.835663 3.076040 -37.703968
v -32.835663 3.143037 -37.805481
v -32.835663 1.295067 -44.253597
v -32.835663 1.295067 -44.253597
v -32.835663 1.263117 -44.351089
v -32.835663 3.076040 -37.703968
v -32.835663 3.143037 -37.805481
v -32.835663 3.176303 -37.703968
v -32.909317 14.546398 -37.703972
v -32.835663 14.426483 -37.703972
v -32.835663 14.505817 -37.703972
v -32.835663 14.626875 -37.703972
v -32.909317 3.255639 -37.703968
v -32.835663 14.426483 -37.703972
v -32.835663 3.255639 -37.703968
v -32.835663 3.176303 -37.703968
v -32.835663 3.255639 -37.703968
v -32.909317 3.176303 -37.703968
v -32.835663 15.380597 -37.703972
v -32.909317 15.380597 -37.703972
v -32.835663 14.626875 -37.703972
v -56.598869 14.546398 -37.703972
v -56.598869 3.255639 -37.703968
v -32.909317 3.176303 -37.703968
v -56.598869 3.176303 -37.703968
v -56.672523 3.255639 -37.703968
v -56.672523 14.426483 -37.703972
v -56.672523 14.426483 -37.703972
v -56.672523 14.505817 -37.703972
v -56.672523 14.626875 -37.703972
v -56.672523 14.626875 -37.703972
v -56.598869 15.380597 -37.703972
v -56.672523 15.380597 -37.703972
v -56.598869 15.453805 -37.703972
v -32.909317 15.453805 -37.703972
v -56.672523 3.176303 -37.703968
v -56.672523 3.255639 -37.703968
v -56.598869 3.176303 -37.703968
v -56.598869 15.453805 -37.703972
v -56.672523 15.380597 -37.703972
v -56.672523 15.453805 -37.703972
v -32.835663 84.527077 -38.552326
v -32.835663 84.525810 -33.805378
v -32.835667 86.820305 -38.552307
v -32.835663 86.818481 -32.411419
v -39.899178 87.142380 -57.175819
v -40.030594 86.980179 -56.957207
v -39.870178 87.142372 -57.096226
v -32.982925 19.552694 -27.966537
v -32.904716 19.606485 -28.046783
v -32.880188 19.552683 -27.966568
v -32.835663 19.606472 -28.046814
v -32.896660 19.568752 -28.139301
v -32.835663 19.568920 -28.138897
v -32.835663 15.499516 -37.599030
v -32.835663 19.568920 -28.138897
v -32.909317 15.499516 -37.599030
v -34.625771 19.568752 -28.139301
v -54.826805 19.568752 -28.139301
v -32.904716 19.606485 -28.046783
v -34.653866 19.606619 -28.046459
v -34.733585 19.552830 -27.966217
v -34.653866 19.606619 -28.046459
v -54.854321 19.606619 -28.046459
v -32.909317 15.453805 -37.703972
v -56.598869 15.499516 -37.599030
v -56.598869 15.453805 -37.703972
v -56.611526 19.568752 -28.139301
v -54.854321 19.606619 -28.046459
v -56.603470 19.606485 -28.046783
v -56.672523 15.499516 -37.599030
v -56.672523 19.568920 -28.138897
v -56.672523 19.606472 -28.046814
v -56.603470 19.606485 -28.046783
v -56.672523 19.568920 -28.138897
v -56.672523 15.453805 -37.703972
v -56.598869 15.453805 -37.703972
v -56.672523 15.499516 -37.599030
v -43.524055 6.457424 -26.175177
v -43.497646 6.428229 -26.116770
v -45.984131 6.457424 -26.175177
v -46.010540 6.428229 -26.116770
v -43.480160 6.408893 -26.078087
v -46.028027 6.408893 -26.078087
v -46.300488 6.146899 -26.155237
v -46.216908 6.146899 -26.155237
v -46.300488 6.146898 -29.839310
v -46.196259 6.146899 -29.839310
v -43.289608 6.146899 -26.155237
v -43.289803 6.146899 -26.078087
v -46.218384 6.146899 -26.078087
v -43.207699 6.146898 -29.839310
v -43.207699 6.146899 -26.155237
v -43.286903 6.146898 -29.839310
v -43.207699 6.146899 -26.155237
v -43.207699 6.146899 -26.078087
v -43.289803 6.146899 -26.078087
v -46.300488 6.146899 -26.155237
v -46.218384 6.146899 -26.078087
v -46.300488 6.146899 -26.078087
v -40.030594 86.980179 -56.957207
v -39.870178 86.820305 -57.096230
v -33.226112 86.980186 -38.746044
v -32.872910 86.820305 -38.757717
v -32.835663 86.820305 -38.646297
v -33.188843 86.980186 -38.646297
v -33.226112 86.980186 -38.746044
v -32.872913 87.142387 -38.757717
v -32.872913 89.780212 -38.757721
v -39.870178 87.142372 -57.096226
v -39.870178 89.780190 -57.096230
v -39.899178 87.142380 -57.175819
v -39.899178 89.780212 -57.175819
v -41.495491 87.142380 -58.135429
v -41.495239 89.780296 -58.135277
v -41.600376 89.780212 -58.198479
v -41.600376 87.142380 -58.198479
v -38.430794 16.158691 -42.446869
v -38.430794 16.245054 -42.446869
v -36.800293 16.158691 -38.445065
v -36.800293 16.361731 -38.445065
v -38.430794 24.282618 -42.446869
v -36.800293 24.273802 -38.445068
v -38.430794 24.500265 -42.446869
v -36.800293 24.500265 -38.445068
v -38.430794 24.500265 -42.446869
v -38.346107 24.500265 -42.511078
v -36.800293 24.500265 -38.445068
v -36.694973 24.500265 -38.458313
v -37.476711 24.500265 -43.170242
v -35.606598 24.500265 -38.595207
v -37.347244 24.500265 -43.268398
v -35.451134 24.500265 -38.614761
v -56.672523 1.295067 -44.253597
v -56.672523 3.045620 -37.805481
v -56.672523 1.197273 -44.253559
v -56.672523 3.143037 -37.805481
v -56.672523 1.167736 -44.351055
v -56.672523 0.000020 -44.253132
v -56.672523 0.000020 -44.350620
v -56.672523 0.000021 -37.805473
v -56.672523 0.000021 -37.703968
v -56.672523 3.076040 -37.703968
v -56.672523 1.295067 -44.253597
v -56.672523 1.263117 -44.351089
v -56.672523 3.143037 -37.805481
v -56.672523 3.076040 -37.703968
v -56.672523 3.176303 -37.703968
v -40.030594 86.980179 -56.957207
v -41.534813 86.980179 -58.003403
v -39.963402 86.820297 -57.214428
v -41.528214 86.820305 -58.155098
v -41.534813 86.980179 -58.003403
v -41.495491 87.142380 -58.135429
v -41.603657 86.980179 -58.004181
v -41.600376 87.142380 -58.198479
v -41.534813 86.980179 -58.003403
v -41.603657 86.980179 -58.004181
v -41.528214 86.820305 -58.155098
v -41.600376 86.820305 -58.198479
v -32.888180 1.693152 -29.987982
v -32.835663 1.693152 -29.987982
v -32.888180 1.693152 -29.909185
v -32.835663 1.693152 -29.987982
v -32.835663 1.693152 -26.851519
v -32.888180 1.693152 -26.851519
v -56.620007 1.693152 -26.851519
v -56.620007 1.693152 -26.776310
v -32.888180 1.693152 -26.776312
v -56.672523 1.693152 -26.851519
v -56.672523 1.693152 -26.776310
v -56.620007 1.693152 -26.776310
v -32.835663 1.693152 -26.851519
v -32.835663 1.693152 -26.776310
v -32.888180 1.693152 -26.776312
v -56.620007 1.693152 -29.909185
v -56.672523 1.693152 -26.851519
v -56.672523 1.693152 -29.987982
v -32.888180 1.693152 -29.987982
v -56.620007 1.693152 -29.987982
v -56.672523 1.693152 -29.987982
v -56.620007 1.693152 -29.987982
v -56.672523 0.000020 -44.350620
v -56.598869 0.000020 -44.350620
v -56.672523 1.167736 -44.351055
v -56.598869 1.167736 -44.351055
v -32.909317 1.167736 -44.351055
v -56.598869 1.263117 -44.351089
v -32.909317 1.263117 -44.351089
v -32.835663 1.263117 -44.351089
v -32.835663 1.167736 -44.351055
v -32.909317 0.000020 -44.350620
v -32.835663 0.000020 -44.350620
v -56.672523 1.263117 -44.351089
v -56.598869 1.263117 -44.351089
v -32.835663 3.143037 -37.805481
v -32.835663 3.176303 -37.703968
v -32.909317 3.143037 -37.805481
v -32.909317 3.176303 -37.703968
v -32.909317 3.176303 -37.703968
v -56.598869 3.176303 -37.703968
v -56.598869 3.143037 -37.805481
v -56.672523 3.143037 -37.805481
v -56.672523 3.176303 -37.703968
v -56.598869 3.176303 -37.703968
v -32.835663 1.617788 -26.851515
v -32.835663 1.617788 -26.776310
v -32.835663 1.693152 -26.851519
v -32.835663 1.693152 -26.776310
v -32.835663 1.617788 -30.078991
v -32.835663 1.693152 -29.987982
v -32.835663 1.693152 -26.851519
v -32.835663 1.617788 -26.776310
v -32.835663 0.000023 -26.776310
v -32.835663 0.000024 -26.851454
v -32.835667 0.000023 -31.449198
v -32.835663 2.667707 -31.447300
v -32.835663 3.443060 -30.586590
v -32.835663 3.485586 -30.080158
v -32.835663 17.668316 -30.566208
v -32.835663 19.490160 -28.139034
v -32.835663 15.426190 -37.599030
v -32.835663 15.499516 -37.599030
v -32.835663 19.568920 -28.138897
v -32.835663 2.707361 -31.480297
v -32.835663 2.736340 -31.447056
v -32.835663 3.418699 -30.664312
v -32.835663 3.443042 -30.636389
v -32.835663 3.492727 -30.636391
v -32.835663 17.471329 -30.637257
v -32.835663 15.453805 -37.703972
v -32.835663 15.380597 -37.703972
v -32.835663 15.499516 -37.599030
v -32.835663 1.693152 -29.987982
v -32.835663 3.443270 -29.989866
v -32.835663 17.548761 -30.637268
v -32.835663 17.471329 -30.637257
v -32.835663 17.511782 -30.723537
v -32.835663 15.380597 -37.703972
v -32.835663 14.671591 -37.599030
v -32.835663 17.511782 -30.723537
v -32.835663 14.551005 -37.599030
v -32.835663 14.626875 -37.703972
v -32.835663 14.505817 -37.703972
v -32.835663 14.626875 -37.703972
v -35.788876 15.749689 -37.272572
v -35.869896 15.860488 -37.252640
v -37.077217 15.749712 -39.644352
v -37.146385 15.860487 -39.606445
v -36.130291 15.860490 -37.189827
v -37.407352 15.860487 -39.466610
v -39.134567 15.860487 -41.140739
v -39.303013 15.860487 -40.972557
v -41.639824 15.860487 -42.125816
v -41.732491 15.860486 -41.929554
v -44.754093 15.860483 -42.464729
v -44.754093 15.860485 -42.276943
v -47.775696 15.860486 -41.929554
v -50.205173 15.860486 -40.972557
v -52.100834 15.860487 -39.466610
v -53.377895 15.860489 -37.189827
v -52.361801 15.860487 -39.606445
v -53.638290 15.860487 -37.252640
v -52.431038 15.749807 -39.644348
v -53.719395 15.749807 -37.272568
v -47.868362 15.860486 -42.125816
v -50.373619 15.860486 -41.140739
v -32.888180 1.693152 -26.776312
v -32.835663 1.693152 -26.776310
v -32.888180 1.617788 -26.776312
v -32.835663 1.617788 -26.776310
v -32.888180 0.000023 -26.776310
v -32.835663 1.617788 -26.776310
v -32.835663 0.000023 -26.776310
v -56.620007 0.000023 -26.776310
v -56.620007 1.617788 -26.776310
v -32.888180 1.693152 -26.776312
v -56.620007 1.693152 -26.776310
v -56.672523 1.617788 -26.776310
v -56.672523 0.000023 -26.776310
v -56.620007 1.693152 -26.776310
v -56.672523 1.693152 -26.776310
v -56.672523 1.617788 -26.776310
v -41.599636 66.001846 -33.104187
v -41.598507 64.727219 -31.860950
v -33.003525 66.001839 -33.100529
v -32.889732 60.095119 -27.347256
v -56.618454 60.095123 -27.347256
v -47.907810 64.727219 -31.860950
v -56.504662 66.001846 -33.100533
v -47.907810 66.001846 -33.104187
v -32.835663 63.722385 -29.187469
v -32.835663 61.914955 -27.436218
v -32.835663 68.116554 -27.436218
v -32.835663 61.831715 -27.347256
v -32.835663 68.274986 -27.347256
v -40.364712 22.295069 -45.566864
v -40.520885 22.192200 -45.685825
v -40.364712 16.245054 -45.566864
v -37.347244 16.245054 -43.268398
v -37.347244 24.282618 -43.268398
v -40.364712 16.158691 -45.566864
v -37.347244 16.158691 -43.268398
v -37.347244 16.245054 -43.268398
v -41.740383 22.313354 -45.143291
v -40.678947 22.190622 -45.615505
v -40.678947 22.324369 -45.615505
v -41.740383 22.180031 -45.143291
v -40.678947 16.245054 -45.615505
v -40.520885 16.245054 -45.685825
v -40.520885 16.158691 -45.685825
v -40.364712 16.158691 -45.566864
v -40.678947 16.158689 -45.615505
v -41.740383 16.158689 -45.143291
v -41.740383 16.245054 -45.143291
v -41.843773 16.245054 -45.097294
v -41.843773 22.178997 -45.097294
v -41.843773 16.158689 -45.097294
v -41.740383 22.313354 -45.143291
v -41.843773 22.312279 -45.097294
v -41.843773 22.178997 -45.097294
v -40.520885 22.192200 -45.685825
v -40.678947 22.324369 -45.615505
v -40.520885 22.326012 -45.685825
v -40.364712 22.433008 -45.566864
v -37.347244 24.282618 -43.268398
v -37.347244 24.500265 -43.268398
v -32.835663 87.142380 -38.646297
v -32.872913 87.142387 -38.757717
v -33.188843 86.980186 -38.646297
v -33.226112 86.980186 -38.746044
v -39.870178 87.142372 -57.096226
v -33.226112 86.980186 -38.746044
v -40.030594 86.980179 -56.957207
v -32.835663 87.142380 -38.646297
v -33.188843 86.980186 -38.646297
v -32.835663 87.142380 -38.552326
v -33.187870 86.980186 -38.534393
v -32.835663 87.142380 -32.514137
v -33.135502 86.980179 -32.507385
v -43.207699 6.202183 -29.839312
v -43.207699 31.882475 -26.155239
v -43.207699 31.882475 -29.839310
v -43.207699 31.949659 -29.839310
v -43.207699 31.949659 -26.155239
v -43.207699 6.146898 -29.839310
v -43.207699 6.146899 -26.155237
v -43.207699 6.202184 -26.155237
v -43.207699 31.882475 -26.078089
v -43.207699 31.949659 -26.078089
v -43.207699 6.202184 -26.078087
v -43.207699 6.146899 -26.078087
v -43.207699 6.202184 -26.078087
v -43.207699 6.146899 -26.155237
v -49.609009 87.142380 -57.175819
v -49.638008 87.142380 -57.096230
v -49.267441 86.980247 -56.955868
v -49.340324 86.980247 -56.880650
v -49.609009 86.820305 -57.175819
v -49.267441 86.980247 -56.955868
v -49.638008 86.820305 -57.096230
v -49.340324 86.980247 -56.880650
v -47.973373 86.980179 -58.003403
v -49.125069 86.980240 -57.074295
v -47.979973 86.820305 -58.155098
v -49.544785 86.820297 -57.214428
v -49.609009 87.142380 -57.175819
v -49.267441 86.980247 -56.955868
v -49.544785 87.142380 -57.214428
v -49.125069 86.980240 -57.074295
v -32.881660 3.387792 -29.989861
v -32.881371 3.443270 -29.989944
v -32.835663 3.443270 -29.989866
v -32.835663 1.693152 -29.987982
v -32.887814 1.773997 -29.988087
v -32.835663 3.443270 -29.989866
v -32.888180 1.693152 -29.987982
v -32.835663 1.693152 -29.987982
v -32.888180 1.693152 -29.987982
v -56.620007 1.693152 -29.987982
v -56.620373 1.773997 -29.988087
v -56.626526 3.387792 -29.989861
v -32.881371 3.443270 -29.989944
v -56.626816 3.443270 -29.989944
v -56.672523 1.693152 -29.987982
v -56.672523 3.443270 -29.989866
v -56.626816 3.443270 -29.989944
v -56.672523 3.443270 -29.989866
v -56.620007 1.693152 -29.987982
v -56.672523 1.693152 -29.987982
v -46.300488 6.146899 -26.078087
v -46.300488 6.202184 -26.078087
v -46.218384 6.202184 -26.078087
v -46.218384 6.146899 -26.078087
v -43.289803 6.202184 -26.078087
v -46.218384 6.146899 -26.078087
v -43.289803 6.146899 -26.078087
v -43.207699 6.146899 -26.078087
v -43.289803 6.146899 -26.078087
v -43.207699 6.202184 -26.078087
v -46.028027 6.408893 -26.078087
v -46.088959 31.771530 -26.078089
v -46.028027 31.687662 -26.078091
v -43.480160 31.687662 -26.078091
v -43.419228 31.771530 -26.078089
v -43.419228 6.325027 -26.078087
v -46.088959 6.325027 -26.078085
v -46.218384 31.882475 -26.078091
v -46.300488 31.882475 -26.078091
v -46.300488 6.202184 -26.078087
v -43.480160 6.408893 -26.078087
v -43.289803 31.882475 -26.078091
v -43.207699 6.202184 -26.078087
v -46.218384 31.949659 -26.078091
v -43.289803 31.949659 -26.078091
v -43.207699 31.949659 -26.078089
v -43.289803 31.949659 -26.078091
v -43.207699 31.882475 -26.078089
v -46.300488 31.882475 -26.078091
v -46.300488 31.949659 -26.078091
v -46.218384 31.949659 -26.078091
v -49.143475 16.158689 -45.566864
v -48.986820 16.158689 -45.495174
v -48.987301 16.158689 -45.685825
v -48.829239 16.158689 -45.615505
v -47.934834 16.158689 -45.013760
v -47.767803 16.158689 -45.143291
v -47.832363 16.158689 -44.966866
v -47.664413 16.158689 -45.097294
v -47.832363 16.158689 -44.966866
v -51.077393 16.158689 -42.446869
v -51.162079 16.158689 -42.511078
v -52.031479 16.158689 -43.170238
v -49.143475 16.158689 -45.566864
v -52.160942 16.158691 -43.268398
v -52.707893 16.158689 -38.445065
v -51.077393 16.158689 -42.446869
v -52.805378 16.158689 -38.457329
v -53.900139 16.158689 -38.595024
v -52.160942 16.158691 -43.268398
v -54.057053 16.158689 -38.614758
v -34.653370 3.917441 -28.047108
v -34.664848 3.892917 -28.147591
v -54.854816 3.917442 -28.047106
v -54.874954 3.892918 -28.147591
v -56.626781 3.463838 -29.905672
v -56.612309 3.892918 -28.147591
v -56.672523 3.892918 -28.147585
v -56.672523 3.443270 -29.989866
v -56.609722 3.917442 -28.047106
v -54.854816 3.917442 -28.047106
v -56.672523 3.917442 -28.047106
v -56.609722 3.917442 -28.047106
v -56.672523 3.892918 -28.147585
v -56.672523 3.443270 -29.989866
v -56.626816 3.443270 -29.989944
v -32.881371 3.443270 -29.989944
v -56.626816 3.443270 -29.989944
v -32.881405 3.463838 -29.905674
v -32.895878 3.892918 -28.147591
v -34.653370 3.917441 -28.047108
v -32.898464 3.917442 -28.047106
v -32.977753 3.976948 -27.966854
v -34.733101 3.976947 -27.966854
v -36.983055 6.940937 -23.969427
v -38.704357 6.940937 -23.969429
v -37.069847 7.006077 -23.881573
v -38.791634 7.006078 -23.881575
v -32.835663 3.892918 -28.147585
v -32.835663 3.443270 -29.989866
v -32.879906 3.976947 -27.966854
v -36.827160 6.940938 -23.969427
v -36.913910 7.006078 -23.881575
v -37.069847 7.006077 -23.881573
v -32.835663 3.443270 -29.989866
v -32.881371 3.443270 -29.989944
v -32.879906 3.976947 -27.966854
v -32.898464 3.917442 -28.047106
v -32.835663 3.917442 -28.047104
v -32.835663 3.892918 -28.147585
v -38.704369 16.659758 -23.969416
v -34.733585 19.552830 -27.966217
v -36.983059 16.659752 -23.969421
v -32.982925 19.552694 -27.966537
v -36.827164 16.659754 -23.969421
v -32.880188 19.552683 -27.966568
v -36.913910 16.600874 -23.881575
v -36.983059 16.659752 -23.969421
v -37.069847 16.600872 -23.881575
v -38.791634 16.600874 -23.881575
v -38.704369 16.659758 -23.969416
v -37.069847 16.600872 -23.881575
v -33.136097 86.980179 -32.411419
v -33.135502 86.980179 -32.507385
v -32.835663 86.818481 -32.411419
v -32.835667 86.820305 -38.552307
v -33.187870 86.980186 -38.534393
v -33.188843 86.980186 -38.646297
v -32.835663 86.820305 -38.646297
v -52.594276 16.600874 -23.881575
v -52.681023 16.512875 -23.969421
v -52.681023 16.659754 -23.969421
v -52.525127 16.659754 -23.969419
v -52.438339 16.600874 -23.881573
v -52.594276 16.455868 -23.881575
v -52.438339 16.455868 -23.881573
v -50.716553 16.455868 -23.881575
v -50.716553 16.600874 -23.881575
v -52.438339 16.600874 -23.881573
v -50.803818 16.659758 -23.969414
v -56.609722 3.917442 -28.047106
v -56.530434 3.976947 -27.966854
v -54.854816 3.917442 -28.047106
v -54.775085 3.976947 -27.966854
v -52.525131 6.940938 -23.969427
v -50.803829 6.940938 -23.969427
v -52.438339 7.006078 -23.881573
v -50.716553 7.006078 -23.881575
v -52.438339 7.142319 -23.881573
v -50.716553 7.142319 -23.881575
v -52.594276 7.142319 -23.881575
v -52.594276 16.455868 -23.881575
v -52.681026 7.078939 -23.969427
v -56.628002 19.477085 -27.966572
v -56.627998 19.552683 -27.966568
v -56.525261 19.552694 -27.966537
v -52.525127 16.659754 -23.969419
v -54.774601 19.552828 -27.966217
v -50.803818 16.659758 -23.969414
v -56.628277 4.044459 -27.966850
v -52.681026 6.940938 -23.969427
v -52.594276 7.006078 -23.881575
v -52.438339 7.006078 -23.881573
v -52.594276 7.142319 -23.881575
v -56.628281 3.976947 -27.966854
v -56.672523 3.917442 -28.047106
v -56.628281 3.976947 -27.966854
v -56.609722 3.917442 -28.047106
v -54.854809 4.030849 -28.047096
v -54.775085 4.090834 -27.966850
v -54.854328 19.372744 -28.046467
v -54.774612 19.316460 -27.966228
v -50.803829 7.078939 -23.969427
v -50.803818 16.512878 -23.969414
v -54.774601 19.552828 -27.966217
v -54.854321 19.606619 -28.046459
v -50.803818 16.659758 -23.969414
v -50.716553 16.600874 -23.881575
v -50.716553 16.455868 -23.881575
v -50.716553 7.142319 -23.881575
v -50.716553 7.006078 -23.881575
v -50.803829 6.940938 -23.969427
v -54.775085 3.976947 -27.966854
v -54.854816 3.917442 -28.047106
v -32.835663 1.263117 -44.351089
v -32.835663 1.295067 -44.253597
v -32.909317 1.263117 -44.351089
v -32.909317 1.295067 -44.253597
v -56.598869 1.295067 -44.253597
v -56.598869 1.263117 -44.351089
v -56.672523 1.263117 -44.351089
v -56.598869 1.263117 -44.351089
v -56.672523 1.295067 -44.253597
v -34.810463 19.262175 -27.888838
v -34.653378 4.030849 -28.047096
v -34.653858 19.372744 -28.046467
v -34.733673 4.091265 -27.966274
v -38.704357 7.078939 -23.969429
v -38.704369 16.512878 -23.969416
v -34.653370 3.917441 -28.047108
v -34.733101 3.976947 -27.966854
v -38.704357 6.940937 -23.969429
v -38.791634 7.006078 -23.881575
v -38.791634 7.142319 -23.881575
v -38.791634 16.455868 -23.881577
v -38.791634 16.600874 -23.881575
v -38.704369 16.659758 -23.969416
v -34.733585 19.552830 -27.966217
v -34.653866 19.606619 -28.046459
v -36.913910 7.142320 -23.881575
v -37.069847 7.006077 -23.881573
v -37.069847 7.142319 -23.881573
v -36.913910 7.006078 -23.881575
v -36.827160 7.078940 -23.969425
v -36.827160 6.940938 -23.969427
v -32.879910 4.044460 -27.966848
v -32.880184 19.477087 -27.966568
v -32.879906 3.976947 -27.966854
v -37.069847 7.006077 -23.881573
v -38.791634 7.006078 -23.881575
v -38.791634 7.142319 -23.881575
v -38.791634 16.455868 -23.881577
v -37.069847 16.455868 -23.881573
v -36.913910 7.142320 -23.881575
v -36.913910 16.455870 -23.881575
v -36.827164 16.512877 -23.969419
v -38.791634 16.600874 -23.881575
v -37.069847 16.600872 -23.881575
v -37.069847 16.600872 -23.881575
v -36.913910 16.455870 -23.881575
v -36.913910 16.600874 -23.881575
v -36.827164 16.659754 -23.969421
v -32.880188 19.552683 -27.966568
v -32.835663 15.380597 -37.703972
v -32.909317 15.453805 -37.703972
v -32.835663 15.453805 -37.703972
v -56.672520 17.509657 -30.728500
v -56.672523 17.668316 -30.566208
v -56.672523 17.548761 -30.637268
v -56.672523 17.471329 -30.637257
v -56.672523 3.892918 -28.147585
v -56.672523 3.443270 -29.989866
v -56.672523 3.961830 -28.147461
v -56.672523 3.485586 -30.080158
v -56.672523 19.490160 -28.139034
v -56.672523 15.426190 -37.599030
v -56.672523 14.671591 -37.599030
v -56.672523 15.380597 -37.703972
v -56.672523 14.626875 -37.703972
v -56.672523 15.499516 -37.599030
v -56.672523 19.568920 -28.138897
v -56.672523 14.626875 -37.703972
v -56.672523 14.551005 -37.599030
v -56.672523 14.505817 -37.703972
v -56.672520 17.509657 -30.728500
v -56.672523 1.617788 -30.078991
v -56.672523 1.693152 -29.987982
v -56.672523 3.443270 -29.989866
v -56.672523 15.499516 -37.599030
v -56.672523 15.453805 -37.703972
v -56.672523 15.380597 -37.703972
v -56.672523 1.693152 -26.851519
v -56.672523 1.617788 -26.851515
v -56.672523 1.693152 -29.987982
v -56.672523 0.000023 -26.851454
v -56.672523 0.000022 -31.449198
v -56.672523 1.617788 -26.776310
v -56.672523 0.000023 -26.776310
v -56.672523 1.693152 -26.851519
v -56.672523 1.617788 -26.776310
v -56.672523 1.693152 -26.776310
v -56.672523 3.443060 -30.586590
v -56.672523 2.667707 -31.447300
v -56.672523 0.000022 -31.480297
v -56.672523 2.686259 -31.480297
v -56.672523 2.707361 -31.480297
v -56.672523 2.736341 -31.447056
v -56.672523 3.418699 -30.664312
v -56.672523 3.418699 -30.664312
v -56.672523 3.443042 -30.636389
v -32.835663 19.529160 -28.046818
v -32.835663 19.568920 -28.138897
v -32.835663 19.606472 -28.046814
v -32.880188 19.552683 -27.966568
v -32.880184 19.477087 -27.966568
v -32.835663 19.529160 -28.046818
v -32.879910 4.044460 -27.966848
v -32.835667 3.986562 -28.047104
v -32.835663 3.961830 -28.147461
v -32.835663 3.443270 -29.989866
v -32.835663 3.892918 -28.147585
v -32.835663 3.917442 -28.047104
v -32.835663 3.892918 -28.147585
v -32.835667 3.986562 -28.047104
v -32.879906 3.976947 -27.966854
v -32.835663 15.453805 -37.703972
v -32.835663 15.499516 -37.599030
v -32.909317 15.453805 -37.703972
v -56.525261 19.552694 -27.966537
v -56.627998 19.552683 -27.966568
v -56.603470 19.606485 -28.046783
v -56.672523 19.606472 -28.046814
v -54.774601 19.552828 -27.966217
v -54.854321 19.606619 -28.046459
v -56.603470 19.606485 -28.046783
v -32.974274 84.355499 -38.724281
v -32.882496 84.410728 -38.590889
v -33.154633 84.355476 -39.245869
v -57.049339 32.358730 -30.625713
v -57.049339 32.268963 -30.555475
v -57.049339 32.267990 -30.626286
v -57.049339 32.358730 -30.555475
v -56.974670 32.436764 -30.555475
v -56.974670 32.436764 -30.626604
v -57.049339 32.267891 -33.040630
v -57.049339 32.358730 -30.625713
v -57.049339 32.358730 -33.041161
v -56.974670 32.436764 -33.072681
v -57.049339 32.269028 -33.097862
v -57.049339 32.358730 -33.041161
v -57.049339 32.358730 -33.097862
v -56.974670 32.436764 -33.130100
v -57.049339 26.545935 -30.662315
v -56.974670 26.467903 -30.663671
v -57.049339 26.546028 -33.007290
v -56.974670 26.467997 -33.038452
v -57.049339 26.546034 -33.102898
v -57.049339 26.635122 -33.007812
v -57.049339 26.634876 -33.102695
v -57.049339 32.269028 -33.097862
v -57.049335 26.641197 -30.661715
v -57.049335 26.641472 -30.555473
v -57.049339 32.268963 -30.555475
v -56.974670 26.468000 -33.135273
v -57.049339 26.545935 -30.662315
v -56.974670 26.467897 -30.555473
v -57.049339 26.545931 -30.555473
v -57.049335 26.641472 -30.555473
v -56.672523 19.568920 -28.138897
v -56.672523 19.529160 -28.046820
v -56.672523 19.606472 -28.046814
v -56.627998 19.552683 -27.966568
v -56.628002 19.477085 -27.966572
v -56.672523 3.986562 -28.047104
v -56.672523 19.529160 -28.046820
v -56.628277 4.044459 -27.966850
v -56.672523 3.892918 -28.147585
v -56.672523 3.917442 -28.047106
v -56.672523 3.986562 -28.047104
v -56.628281 3.976947 -27.966854
v -41.479942 84.355309 -58.126080
v -41.600376 84.424942 -58.198479
v -41.600376 84.355331 -58.198479
v -41.479939 84.424942 -58.126080
v -39.990891 84.424942 -57.230953
v -41.600376 58.374828 -58.198471
v -41.709450 58.374828 -58.198471
v -41.600376 84.355331 -58.198479
v -39.899178 84.424942 -57.175819
v -39.990891 84.424942 -57.230953
v -39.899178 84.355011 -57.175819
v -39.856415 84.424942 -57.052147
v -33.154633 84.355476 -39.245869
v -39.856415 84.424942 -57.052147
v -32.882496 84.410728 -38.590889
v -33.154633 70.057060 -39.245865
v -34.843021 57.137627 -42.575523
v -33.154633 84.355476 -39.245869
v -34.653370 3.917441 -28.047108
v -54.854816 3.917442 -28.047106
v -34.653378 4.030849 -28.047096
v -54.854809 4.030849 -28.047096
v -34.653858 19.372744 -28.046467
v -54.854328 19.372744 -28.046467
v -34.653866 19.606619 -28.046459
v -54.854321 19.606619 -28.046459
v -32.835663 89.780197 -31.815916
v -41.597549 89.780197 -31.815916
v -32.835663 89.780197 -38.552326
v -41.600376 89.780212 -58.198479
v -41.495239 89.780296 -58.135277
v -41.600365 89.780212 -58.114101
v -39.870178 89.780190 -57.096230
v -32.872913 89.780212 -38.757721
v -32.835663 89.780197 -38.646297
v -39.899178 89.780212 -57.175819
v -39.899178 86.820305 -57.175819
v -39.870178 86.820305 -57.096230
v -40.030594 86.980179 -56.957207
v -39.899178 54.638447 -57.175812
v -39.990891 54.638447 -57.230946
v -40.165833 54.494987 -56.877724
v -39.865208 54.638454 -57.077656
v -41.600376 54.638447 -58.198471
v -41.599789 54.494984 -57.677441
v -41.479939 54.638454 -58.126076
v -41.577686 54.494984 -57.665115
v -40.165833 54.494987 -56.877724
v -40.165833 54.494987 -56.877724
v -35.079132 54.638451 -43.239830
v -35.461105 54.494991 -42.868313
v -56.101418 61.353878 -26.784683
v -54.329437 57.896400 -25.039171
v -56.101418 59.595768 -26.784683
v -56.101418 59.529633 -26.784683
v -54.329437 57.805897 -25.039171
v -54.293236 57.861729 -25.003386
v -54.293236 57.770115 -25.003386
v -54.231232 57.770344 -25.003386
v -56.672523 61.831718 -27.347256
v -56.672523 68.274994 -27.347258
v -56.561943 61.734619 -27.238333
v -56.561943 68.498688 -27.238335
v -54.345730 74.250633 -25.055222
v -54.293110 74.390533 -25.003387
v -54.231232 57.861954 -25.003386
v -35.276955 57.861954 -25.003386
v -35.276955 57.770344 -25.003386
v -35.214951 57.861729 -25.003386
v -35.214951 57.770123 -25.003386
v -35.178749 57.805897 -25.039173
v -35.178749 57.896404 -25.039173
v -33.406769 59.529629 -26.784685
v -33.406769 59.595768 -26.784683
v -33.406769 61.353882 -26.784683
v -35.162457 74.250641 -25.055223
v -32.946239 68.498688 -27.238331
v -35.215076 74.390533 -25.003389
v -35.276955 74.390533 -25.003387
v -54.231232 74.390533 -25.003387
v -32.946239 61.734619 -27.238331
v -32.835663 68.274986 -27.347256
v -32.835663 61.831715 -27.347256
v -39.899178 54.362938 -57.175812
v -39.865208 54.362938 -57.077656
v -40.165833 54.494987 -56.877724
v -39.990891 54.362938 -57.230946
v -40.165833 54.494987 -56.877724
v -41.577686 54.494984 -57.665115
v -41.479939 54.362938 -58.126076
v -41.599789 54.494984 -57.677441
v -41.600376 54.362938 -58.198471
v -35.461105 54.494991 -42.868313
v -40.165833 54.494987 -56.877724
v -35.105446 54.362934 -43.313889
v -32.533516 26.467903 -30.663671
v -32.835663 26.218739 -30.555668
v -32.533516 26.467897 -30.555473
v -32.835663 26.218746 -30.668007
v -32.533516 26.467997 -33.038452
v -32.835663 26.218851 -33.238647
v -32.533516 26.468000 -33.135273
v -32.994843 83.416039 -33.171989
v -33.197540 66.171539 -33.173630
v -33.002861 66.181000 -33.178196
v -32.533516 26.559948 -33.135067
v -32.835663 26.218851 -33.238647
v -32.533516 26.468000 -33.135273
v -32.835663 32.685925 -33.233044
v -32.533516 32.354076 -33.130100
v -32.533516 32.436764 -33.130100
v -32.835667 32.685925 -30.555670
v -32.533516 26.566778 -30.555473
v -32.835663 26.218739 -30.555668
v -32.533516 32.344578 -30.555475
v -32.533516 32.436764 -30.555475
v -32.458847 32.358730 -30.555475
v -32.458847 32.268963 -30.555475
v -32.458847 32.268963 -30.555475
v -32.458851 26.641472 -30.555473
v -32.458851 26.641472 -30.555473
v -32.458847 26.545931 -30.555475
v -32.533516 26.467897 -30.555473
v -32.533516 26.467897 -30.555473
v -32.835663 26.218739 -30.555668
v -43.524055 6.457424 -26.175177
v -43.524055 31.639130 -26.175180
v -43.497646 6.428229 -26.116770
v -43.497646 31.668327 -26.116774
v -43.480160 6.408893 -26.078087
v -43.480160 31.687662 -26.078091
v -47.664413 22.312281 -45.097294
v -47.767803 22.180031 -45.143291
v -47.664413 22.178997 -45.097294
v -47.767803 22.313354 -45.143291
v -47.664413 16.245054 -45.097294
v -47.664413 22.178997 -45.097294
v -47.767803 22.313354 -45.143291
v -48.829239 22.190622 -45.615505
v -48.829239 22.324369 -45.615505
v -47.767803 16.245054 -45.143291
v -48.829239 16.245054 -45.615505
v -48.987301 22.192200 -45.685825
v -52.160942 24.282618 -43.268398
v -52.160942 16.245054 -43.268398
v -49.143475 22.295069 -45.566864
v -49.143475 16.245054 -45.566864
v -48.987301 16.245054 -45.685825
v -48.987301 16.158689 -45.685825
v -48.829239 16.158689 -45.615505
v -47.767803 16.158689 -45.143291
v -47.664413 16.158689 -45.097294
v -49.143475 16.158689 -45.566864
v -52.160942 24.282618 -43.268398
v -49.143475 22.433008 -45.566864
v -52.160942 24.500265 -43.268398
v -48.987301 22.326012 -45.685825
v -48.987301 22.192200 -45.685825
v -48.829239 22.324369 -45.615505
v -52.160942 16.158691 -43.268398
v -52.160942 16.245054 -43.268398
v -49.143475 16.158689 -45.566864
v -47.907810 54.638447 -58.198471
v -48.028248 54.638454 -58.126076
v -47.908398 54.494987 -57.677441
v -47.955334 54.494991 -57.651264
v -49.517296 54.638447 -57.230949
v -49.255775 54.494987 -56.926010
v -49.342354 54.494987 -56.877724
v -49.609009 54.638447 -57.175812
v -49.642979 54.638454 -57.077656
v -49.381870 54.494991 -56.760059
v -54.429054 54.638451 -43.239830
v -49.381870 54.494991 -56.760059
v -54.047081 54.494991 -42.868313
v -47.908627 56.983730 -57.800262
v -47.907810 57.137627 -58.198471
v -48.028248 57.137627 -58.126076
v -47.922874 56.983730 -57.792118
v -49.517296 57.137627 -57.230949
v -49.397980 56.983730 -56.948692
v -49.403709 56.983730 -56.945419
v -49.609009 57.137627 -57.175819
v -49.642979 57.137627 -57.077656
v -49.511826 56.982925 -56.617561
v -54.665165 57.137630 -42.575523
v -49.511826 56.982925 -56.617561
v -54.259132 56.947479 -42.221806
v -41.600376 54.638447 -58.198471
v -41.709450 54.638447 -58.198471
v -41.599789 54.494984 -57.677441
v -41.834320 54.494984 -57.677441
v -47.798737 54.638447 -58.198471
v -47.705288 54.494987 -57.677441
v -47.908398 54.494987 -57.677441
v -47.907810 54.638447 -58.198471
v -46.028027 6.408893 -26.078087
v -46.028027 31.687662 -26.078091
v -46.010540 6.428229 -26.116770
v -46.010540 31.668327 -26.116774
v -45.984131 6.457424 -26.175177
v -45.984131 31.639130 -26.175180
v -43.291245 31.949659 -26.155239
v -43.289803 31.949659 -26.078091
v -46.216972 31.949659 -26.155241
v -46.218384 31.949659 -26.078091
v -46.300488 31.949659 -26.078091
v -46.300488 31.949659 -26.155241
v -46.218384 31.949659 -26.078091
v -46.300488 31.949659 -29.839314
v -46.197224 31.949659 -29.839314
v -43.311436 31.949659 -29.839310
v -43.207699 31.949659 -29.839310
v -43.207699 31.949659 -26.155239
v -43.289803 31.949659 -26.078091
v -43.207699 31.949659 -26.078089
v -45.723572 6.578948 -26.547724
v -45.723572 31.517607 -26.547728
v -43.784615 6.578948 -26.547726
v -43.784615 31.517607 -26.547728
v -37.347244 16.245054 -43.268398
v -35.451134 16.366863 -38.614758
v -37.347244 24.282618 -43.268398
v -35.451134 24.274179 -38.614761
v -35.451134 24.500265 -38.614761
v -37.347244 24.500265 -43.268398
v -37.347244 24.282618 -43.268398
v -37.347244 16.158691 -43.268398
v -35.451134 16.158691 -38.614758
v -37.347244 16.245054 -43.268398
v -40.678947 22.324369 -45.615505
v -40.520885 22.326012 -45.685825
v -40.521366 22.431450 -45.495174
v -40.364712 22.433008 -45.566864
v -37.476711 24.500265 -43.170242
v -37.347244 24.500265 -43.268398
v -41.740383 22.313354 -45.143291
v -40.678947 22.324369 -45.615505
v -41.573353 22.420973 -45.013760
v -40.521366 22.431450 -45.495174
v -38.346107 24.500265 -42.511078
v -37.476711 24.500265 -43.170242
v -41.843773 22.312279 -45.097294
v -41.740383 22.313354 -45.143291
v -41.675823 22.419952 -44.966866
v -41.675823 22.419952 -44.966866
v -41.573353 22.420973 -45.013760
v -38.430794 24.500265 -42.446869
v -38.346107 24.500265 -42.511078
v -41.843773 22.178997 -45.097294
v -41.843773 22.312279 -45.097294
v -41.675823 22.282518 -44.966866
v -41.675823 22.419952 -44.966866
v -38.430794 16.158691 -42.446869
v -41.675823 16.158689 -44.966866
v -38.430794 16.245054 -42.446869
v -41.675823 16.245054 -44.966866
v -38.430794 24.282618 -42.446869
v -41.675823 22.419952 -44.966866
v -38.430794 24.500265 -42.446869
v -41.675823 16.158689 -44.966866
v -41.843773 16.158689 -45.097294
v -41.843773 16.245054 -45.097294
v -41.843773 22.178997 -45.097294
v -41.675823 16.158689 -44.966866
v -41.740383 16.158689 -45.143291
v -41.843773 16.158689 -45.097294
v -41.573353 16.158689 -45.013760
v -40.678947 16.158689 -45.615505
v -41.675823 16.158689 -44.966866
v -38.430794 16.158691 -42.446869
v -38.346107 16.158691 -42.511078
v -40.521366 16.158689 -45.495174
v -40.520885 16.158691 -45.685825
v -40.364712 16.158691 -45.566864
v -36.800293 16.158691 -38.445065
v -36.711071 16.158691 -38.456287
v -38.430794 16.158691 -42.446869
v -37.476707 16.158691 -43.170238
v -40.364712 16.158691 -45.566864
v -37.347244 16.158691 -43.268398
v -35.575562 16.158691 -38.599110
v -35.451134 16.158691 -38.614758
v -37.347244 16.158691 -43.268398
v -53.719395 15.749807 -37.272568
v -54.514046 14.665418 -37.888287
v -52.431038 15.749807 -39.644348
v -53.109394 14.665418 -40.015713
v -32.835663 1.295067 -44.253597
v -32.835663 3.143037 -37.805481
v -32.909317 1.295067 -44.253597
v -32.909317 3.143037 -37.805481
v -56.598869 3.143037 -37.805481
v -56.598869 1.295067 -44.253597
v -56.672523 3.143037 -37.805481
v -56.672523 1.295067 -44.253597
v -41.600376 57.137627 -58.198471
v -41.709450 57.137627 -58.198471
v -41.599560 56.983734 -57.800262
v -41.804886 56.983734 -57.800262
v -47.798737 57.137627 -58.198471
v -47.801327 56.983730 -57.800262
v -47.907810 57.137627 -58.198471
v -47.908627 56.983730 -57.800262
v -41.600372 58.374836 -58.088577
v -41.603146 69.824257 -37.073296
v -41.600163 58.374844 -46.913784
v -41.600365 84.432869 -58.114098
v -41.600376 84.355331 -58.198479
v -41.600376 58.374828 -58.198471
v -41.600376 84.355331 -58.198479
v -41.600376 84.424942 -58.198479
v -41.600376 86.820305 -58.198479
v -41.600365 86.820305 -58.114098
v -41.600376 84.527077 -58.198479
v -41.600376 84.432861 -58.198479
v -41.598507 64.727219 -31.860950
v -41.599636 66.001846 -33.104187
v -41.598148 84.432869 -31.860954
v -41.599716 66.083298 -33.178196
v -41.600689 84.432869 -33.475983
v -41.603657 86.966057 -57.919804
v -41.603657 86.980179 -58.004181
v -41.600376 86.820305 -58.198479
v -41.597549 89.780197 -31.815916
v -41.600365 89.780212 -58.114101
v -41.600365 87.142387 -58.114101
v -41.600376 87.142380 -58.198479
v -41.600376 89.780212 -58.198479
v -41.603657 86.980179 -58.004181
v -41.600376 87.142380 -58.198479
v -37.077217 15.749712 -39.644352
v -37.146385 15.860487 -39.606445
v -39.083817 15.749807 -41.192909
v -39.134567 15.860487 -41.140739
v -41.612366 15.749806 -42.187149
v -41.639824 15.860487 -42.125816
v -44.754093 15.749807 -42.529217
v -44.754093 15.860483 -42.464729
v -47.868362 15.860486 -42.125816
v -47.895821 15.749806 -42.187149
v -50.373619 15.860486 -41.140739
v -50.424370 15.749806 -41.192909
v -52.361801 15.860487 -39.606445
v -52.431038 15.749807 -39.644348
v -50.921600 14.665417 -41.704052
v -52.431038 15.749807 -39.644348
v -53.109394 14.665418 -40.015713
v -50.424370 15.749806 -41.192909
v -48.164822 14.665417 -42.788033
v -47.895821 15.749806 -42.187149
v -44.754093 14.665418 -43.161018
v -41.612366 15.749806 -42.187149
v -41.343365 14.665417 -42.788033
v -39.083817 15.749807 -41.192909
v -38.586586 14.665417 -41.704052
v -37.077217 15.749712 -39.644352
v -36.398869 14.665318 -40.015705
v -34.918694 14.562463 -37.906822
v -36.334389 14.562461 -40.050972
v -34.918694 14.397476 -37.906822
v -36.334389 14.397475 -40.050972
v -38.539375 14.562460 -41.752583
v -36.398869 14.665318 -40.015705
v -38.586586 14.665417 -41.704052
v -41.317825 14.562463 -42.845081
v -41.343365 14.665417 -42.788033
v -44.754093 14.562462 -43.221004
v -48.164822 14.665417 -42.788033
v -38.539375 14.397475 -41.752583
v -41.317825 14.397475 -42.845081
v -44.754093 14.397474 -43.221004
v -48.190361 14.397475 -42.845081
v -48.190361 14.562462 -42.845081
v -50.921600 14.665417 -41.704052
v -50.968811 14.562462 -41.752583
v -50.968811 14.397475 -41.752583
v -53.173798 14.397476 -40.050972
v -53.173798 14.562463 -40.050972
v -54.589493 14.397476 -37.906822
v -54.589493 14.562463 -37.906822
v -38.539375 14.397475 -41.752583
v -38.539375 13.610121 -41.752583
v -36.334389 14.397475 -40.050972
v -41.317825 14.397475 -42.845081
v -41.317825 13.071338 -42.845081
v -44.754093 12.885118 -43.221123
v -48.190361 13.071338 -42.845081
v -48.190361 14.397475 -42.845081
v -50.968811 13.610121 -41.752583
v -50.968811 14.397475 -41.752583
v -53.173798 14.397476 -40.050972
v -49.609009 56.842457 -57.175819
v -49.609009 54.638447 -57.175812
v -49.517296 56.842457 -57.230949
v -49.517296 54.638447 -57.230949
v -48.028248 56.842457 -58.126076
v -48.028248 54.638454 -58.126076
v -47.907810 56.842457 -58.198471
v -47.907810 54.638447 -58.198471
v -47.798737 54.638447 -58.198471
v -47.798737 56.842457 -58.198471
v -41.709450 54.638447 -58.198471
v -41.709450 56.842464 -58.198475
v -41.600376 56.842464 -58.198475
v -41.600376 54.638447 -58.198471
v -41.479939 54.638454 -58.126076
v -41.479939 56.842457 -58.126076
v -39.990891 54.638447 -57.230946
v -39.990891 56.842457 -57.230949
v -39.899178 54.638447 -57.175812
v -39.899178 56.842457 -57.175819
v -52.160942 24.500265 -43.268398
v -49.143475 22.433008 -45.566864
v -52.031479 24.500265 -43.170242
v -48.986820 22.431450 -45.495174
v -48.987301 22.326012 -45.685825
v -48.829239 22.324369 -45.615505
v -48.829239 22.324369 -45.615505
v -47.934834 22.420973 -45.013760
v -47.767803 22.313354 -45.143291
v -47.767803 22.313354 -45.143291
v -47.832363 22.419952 -44.966866
v -47.664413 22.312281 -45.097294
v -52.031479 24.500265 -43.170242
v -48.986820 22.431450 -45.495174
v -51.162079 24.500265 -42.511078
v -47.832363 16.158689 -44.966866
v -47.832363 16.245054 -44.966866
v -47.664413 16.158689 -45.097294
v -47.664413 16.245054 -45.097294
v -47.664413 22.178997 -45.097294
v -47.832363 22.282518 -44.966866
v -51.077393 16.245054 -42.446869
v -47.832363 16.158689 -44.966866
v -51.077393 16.158689 -42.446869
v -51.077393 24.500265 -42.446869
v -47.832363 22.419952 -44.966866
v -51.077393 24.282618 -42.446869
v -47.664413 22.178997 -45.097294
v -47.664413 22.312281 -45.097294
v -47.832363 22.419952 -44.966866
v -47.907810 84.432869 -33.475979
v -47.907822 84.432869 -58.114098
v -47.905041 69.824257 -37.073296
v -47.907822 86.820305 -58.114101
v -47.904530 86.966057 -57.919804
v -47.904530 86.980179 -58.004181
v -47.907810 86.820305 -58.198479
v -47.907810 66.083298 -33.178196
v -47.908024 58.374840 -46.913780
v -47.907814 58.374836 -58.088577
v -47.907810 84.355331 -58.198479
v -47.907810 58.374836 -58.198471
v -47.907810 86.820305 -58.198479
v -47.907810 84.527077 -58.198479
v -47.907810 84.432869 -58.198479
v -47.907810 84.424942 -58.198479
v -47.907810 84.355331 -58.198479
v -47.907810 89.780197 -58.198479
v -47.907810 87.142380 -58.198479
v -47.907822 89.780197 -58.114101
v -47.907822 87.142380 -58.114101
v -47.907810 89.780197 -31.815916
v -47.907810 84.432869 -31.860954
v -47.907810 66.001846 -33.104187
v -47.907810 64.727219 -31.860950
v -47.907810 87.142380 -58.198479
v -47.904530 86.980179 -58.004181
v -56.600883 84.355499 -38.587746
v -56.509098 84.341286 -38.761402
v -56.576080 84.440506 -38.590889
v -57.049339 26.545931 -30.555473
v -56.974670 26.566778 -30.555473
v -56.974670 26.467897 -30.555473
v -57.049335 26.641472 -30.555473
v -56.672523 26.218742 -30.555668
v -56.974670 26.467897 -30.555473
v -56.672523 32.685928 -30.555670
v -56.672523 26.218742 -30.555668
v -57.049339 32.268963 -30.555475
v -57.049339 32.358730 -30.555475
v -56.974670 32.344578 -30.555475
v -56.974670 32.436764 -30.555475
v -57.049339 32.268963 -30.555475
v -57.049335 26.641472 -30.555473
v -46.300488 6.146898 -29.839310
v -46.300488 6.202183 -29.839310
v -46.300488 6.146899 -26.155237
v -46.300488 31.882475 -26.078091
v -46.300488 31.949659 -26.155241
v -46.300488 31.949659 -26.078091
v -46.300488 31.882475 -26.155241
v -46.300488 31.949659 -29.839314
v -46.300488 31.882475 -29.839314
v -46.300488 6.202184 -26.155237
v -46.300488 6.202184 -26.078087
v -46.300488 31.882475 -26.078091
v -46.300488 6.146899 -26.155237
v -46.300488 6.146899 -26.078087
v -46.300488 6.202184 -26.078087
v -56.576080 84.440506 -38.590889
v -56.509098 84.341286 -38.761402
v -56.323032 84.439659 -39.264496
v -56.606743 0.000021 -37.805473
v -32.901321 0.000021 -37.703968
v -32.901443 0.000021 -37.805473
v -56.598988 0.000020 -44.253132
v -32.909199 0.000020 -44.253132
v -56.614288 0.000022 -31.532162
v -32.893799 0.000022 -31.449198
v -32.893898 0.000022 -31.532162
v -56.606865 0.000021 -37.703968
v -56.672523 0.000021 -37.805473
v -56.672523 0.000020 -44.253132
v -56.672523 0.000020 -44.350620
v -56.598869 0.000020 -44.350620
v -32.909317 0.000020 -44.350620
v -32.835663 0.000020 -44.350620
v -32.835663 0.000020 -44.253132
v -32.835663 0.000021 -37.805473
v -32.835667 0.000021 -37.703968
v -32.727219 0.000021 -37.611641
v -56.672523 0.000021 -37.703968
v -56.672523 0.000022 -31.532162
v -56.780968 0.000021 -37.611641
v -32.727219 0.000022 -31.480297
v -32.835667 0.000022 -31.480297
v -32.835667 0.000023 -31.449198
v -32.888268 0.000023 -26.851454
v -32.835663 0.000024 -26.851454
v -32.888180 0.000023 -26.776310
v -32.835663 0.000023 -26.776310
v -56.672523 0.000023 -26.851454
v -56.614388 0.000022 -31.449198
v -56.672523 0.000022 -31.449198
v -56.672523 0.000022 -31.480297
v -56.619919 0.000023 -26.851454
v -56.620007 0.000023 -26.776310
v -56.672523 0.000023 -26.776310
v -32.321209 0.000021 -37.265972
v -32.321209 0.000022 -31.480297
v -32.246670 0.000022 -37.105713
v -32.246674 0.000022 -31.532162
v -32.246670 0.000022 -31.480297
v -32.246670 0.000022 -37.202511
v -57.261517 0.000022 -31.480297
v -57.186977 0.000022 -31.480297
v -57.261517 0.000022 -31.532162
v -57.186977 0.000022 -31.532162
v -57.261517 0.000021 -37.105713
v -57.186977 0.000021 -37.265972
v -56.780968 0.000022 -31.532162
v -57.261517 0.000021 -37.202511
v -56.780968 0.000022 -31.480297
v -49.556671 84.429176 -57.112953
v -56.323032 84.439659 -39.264496
v -49.626968 84.410728 -57.089268
v -39.963402 86.820297 -57.214428
v -41.528214 86.820305 -58.155098
v -39.963402 84.527565 -57.214428
v -39.899178 84.527077 -57.175819
v -39.899178 86.820305 -57.175819
v -39.870178 86.820305 -57.096230
v -39.870178 84.527077 -57.096230
v -32.872913 84.527061 -38.757717
v -39.870178 84.432869 -57.096226
v -32.872913 84.432861 -38.757717
v -32.872910 86.820305 -38.757717
v -41.528275 84.432899 -58.155136
v -39.963402 84.433403 -57.214428
v -41.528275 84.527100 -58.155136
v -41.600376 84.527077 -58.198479
v -41.600376 86.820305 -58.198479
v -41.600376 84.432861 -58.198479
v -41.528275 84.432899 -58.155136
v -39.899178 84.432861 -57.175819
v -39.899178 84.527077 -57.175819
v -39.963402 84.433403 -57.214428
v -32.533516 32.354076 -33.130100
v -32.533516 26.559948 -33.135067
v -32.458847 32.269028 -33.097862
v -32.458847 26.634876 -33.102695
v -32.458847 26.546034 -33.102898
v -32.533516 26.468000 -33.135273
v -32.458847 32.269028 -33.097862
v -32.458847 32.358730 -33.097862
v -32.533516 32.436764 -33.130100
v -52.160942 16.158691 -43.268398
v -52.160942 16.245054 -43.268398
v -54.057053 16.158689 -38.614758
v -54.057053 16.385120 -38.614758
v -54.057053 24.289789 -38.614761
v -52.160942 24.282618 -43.268398
v -52.160942 16.245054 -43.268398
v -54.057053 24.500265 -38.614761
v -52.160942 24.500265 -43.268398
v -52.160942 24.282618 -43.268398
v -52.160942 24.500265 -43.268398
v -53.895149 24.500265 -38.594395
v -54.057053 24.500265 -38.614761
v -52.031479 24.500265 -43.170242
v -52.788773 24.500265 -38.455238
v -51.162079 24.500265 -42.511078
v -51.077393 24.500265 -42.446869
v -52.707893 24.500265 -38.445068
v -52.877159 12.783493 -43.557766
v -52.877159 12.665246 -43.557777
v -36.631027 12.783493 -43.557766
v -36.631027 12.665246 -43.557777
v -52.877159 10.930603 -43.557911
v -36.631031 10.930603 -43.557911
v -52.877159 10.213615 -43.718391
v -36.631031 10.213614 -43.718391
v -52.877159 9.811556 -44.246304
v -36.631031 9.811555 -44.246304
v -56.610756 1.069499 -45.549732
v -56.610756 1.006870 -45.549732
v -32.897430 1.069499 -45.549732
v -32.897430 1.006870 -45.549732
v -32.897430 0.000020 -45.549728
v -56.610756 0.000020 -45.549728
v -57.049339 32.269028 -33.097862
v -56.974670 32.354076 -33.130100
v -57.049339 32.358730 -33.097862
v -56.974670 32.436764 -33.130100
v -57.049339 32.269028 -33.097862
v -56.974670 26.559948 -33.135067
v -57.049339 26.634876 -33.102695
v -57.049339 26.546034 -33.102898
v -56.974670 26.468000 -33.135273
v -52.877159 9.811556 -44.246304
v -52.877159 9.640773 -44.615551
v -36.631031 9.811555 -44.246304
v -36.631031 9.640773 -44.615551
v -52.803886 9.521940 -44.872475
v -36.704300 9.521940 -44.872475
v -52.541698 9.380907 -45.212219
v -36.966488 9.380907 -45.212219
v -48.551346 7.703284 -49.253544
v -40.956841 7.703282 -49.253544
v -48.337963 7.583479 -49.542149
v -41.170223 7.583479 -49.542149
v -48.266380 7.425185 -49.923473
v -41.241806 7.425185 -49.923473
v -48.266380 7.269182 -50.299278
v -41.241806 7.269182 -50.299274
v -48.266380 7.210594 -50.440414
v -41.241806 7.210593 -50.440414
v -39.865208 54.638454 -57.077656
v -39.899178 56.842457 -57.175819
v -39.899178 54.638447 -57.175812
v -39.865208 56.842457 -57.077660
v -35.079132 54.638451 -43.239830
v -34.871269 56.842468 -42.655014
v -45.984131 31.639130 -26.175180
v -46.010540 31.668327 -26.116774
v -43.524055 31.639130 -26.175180
v -43.497646 31.668327 -26.116774
v -46.028027 31.687662 -26.078091
v -43.480160 31.687662 -26.078091
v -32.533516 26.467997 -33.038452
v -32.458847 26.546034 -33.102898
v -32.533516 26.468000 -33.135273
v -32.458847 26.546028 -33.007290
v -32.533516 26.467903 -30.663671
v -32.458847 26.545935 -30.662315
v -32.458851 26.641197 -30.661716
v -32.458847 26.635122 -33.007812
v -32.458847 32.267891 -33.040630
v -32.458847 32.269028 -33.097862
v -32.458847 26.634876 -33.102695
v -32.533516 32.436764 -33.072681
v -32.458847 32.358730 -33.041161
v -32.533516 32.436764 -30.626604
v -32.458851 32.358730 -30.625713
v -32.458847 32.267990 -30.626286
v -32.458851 26.641472 -30.555473
v -32.458847 32.268963 -30.555475
v -32.458847 26.545931 -30.555475
v -32.458851 26.641472 -30.555473
v -32.458847 26.545935 -30.662315
v -32.533516 26.467897 -30.555473
v -32.458847 32.358730 -33.041161
v -32.458847 32.269028 -33.097862
v -32.458847 32.358730 -33.097862
v -32.533516 32.436764 -33.130100
v -32.458851 32.358730 -30.625713
v -32.533516 32.436764 -30.555475
v -32.458847 32.358730 -30.555475
v -32.458847 32.268963 -30.555475
v -56.207169 59.660740 -26.915819
v -56.006588 59.622696 -26.877764
v -33.301018 59.660736 -26.915819
v -33.501598 59.622696 -26.877764
v -35.225906 57.819469 -25.052752
v -33.406769 59.529629 -26.784685
v -35.178749 57.805897 -25.039173
v -35.214951 57.770123 -25.003386
v -35.276955 57.770344 -25.003386
v -54.282280 57.819469 -25.052752
v -54.231232 57.770344 -25.003386
v -56.101418 59.529633 -26.784683
v -54.329437 57.805897 -25.039171
v -56.672523 32.685925 -33.233044
v -56.974670 32.436764 -33.072681
v -56.974670 32.436764 -33.130100
v -56.672523 32.685928 -30.629448
v -56.974670 32.436764 -30.626604
v -56.672523 32.685928 -30.555670
v -56.974670 32.436764 -30.555475
v -56.610756 1.090646 -45.595711
v -56.610756 1.069499 -45.549732
v -32.897430 1.090647 -45.595711
v -32.897430 1.069499 -45.549732
v -47.671150 56.502892 -23.843573
v -47.671135 56.603600 -23.843573
v -47.758320 56.587948 -23.938677
v -47.758305 56.698036 -23.938677
v -50.883076 33.093277 -27.347900
v -50.883076 59.897202 -27.347580
v -38.625111 33.093277 -27.347900
v -38.625111 59.897205 -27.347580
v -33.824783 3.796480 -37.540482
v -33.824783 1.603436 -45.189030
v -33.824783 0.000021 -37.540482
v -33.824783 0.000020 -45.189030
v -55.683403 3.796481 -37.540482
v -55.683403 0.000022 -37.540482
v -55.683403 1.603436 -45.189030
v -55.683403 0.000020 -45.189030
v -53.766159 77.451324 -25.850510
v -53.766159 79.061104 -25.850510
v -35.742027 77.451324 -25.850510
v -35.742027 79.061104 -25.850510
v -53.766159 79.061104 -29.569035
v -53.766159 79.061104 -25.850510
v -53.766159 77.451324 -29.569035
v -53.766159 77.451324 -25.850510
v -35.742027 79.061104 -29.569036
v -35.742027 77.451324 -29.569035
v -35.742027 79.061104 -25.850510
v -35.742027 77.451324 -25.850510
v -35.039944 13.104926 -43.191082
v -34.743729 13.097692 -43.170025
v -34.962486 13.287200 -42.865345
v -34.744122 13.273800 -42.774059
v -54.384926 13.056172 -43.215870
v -54.467674 13.312137 -42.773750
v -54.764458 13.097692 -43.170025
v -54.764065 13.273798 -42.770683
v -49.926491 37.297798 -56.276836
v -49.751141 37.339882 -56.196678
v -49.836788 37.166874 -56.526203
v -49.613873 37.139534 -56.578278
v -51.077393 16.158689 -42.446869
v -52.707893 16.158689 -38.445065
v -51.077393 16.245054 -42.446869
v -52.707893 16.408348 -38.445065
v -51.077393 24.282618 -42.446869
v -52.707893 24.245070 -38.445068
v -51.077393 24.500265 -42.446869
v -52.707893 24.500265 -38.445068
v -34.918694 14.562463 -37.906822
v -34.994240 14.665294 -37.888275
v -36.334389 14.562461 -40.050972
v -36.398869 14.665318 -40.015705
v -35.788876 15.749689 -37.272572
v -37.077217 15.749712 -39.644352
v -34.994240 14.665294 -37.888275
v -36.398869 14.665318 -40.015705
v -53.445473 42.626133 -46.413776
v -53.411591 42.638123 -46.390987
v -49.635506 37.056725 -57.101463
v -49.557693 37.038422 -57.112892
v -56.635277 86.820312 -38.757717
v -56.672523 84.527077 -38.646297
v -56.635277 84.527069 -38.757717
v -56.672523 86.820305 -38.646297
v -56.672523 86.820305 -38.552307
v -56.672523 84.527077 -38.552326
v -56.672523 84.525810 -33.805378
v -56.672523 86.818481 -32.411419
v -56.672523 26.218742 -30.555668
v -56.974670 26.467903 -30.663671
v -56.974670 26.467897 -30.555473
v -56.672523 26.218746 -30.668007
v -56.974670 26.467997 -33.038452
v -56.672523 26.218851 -33.238647
v -56.974670 26.468000 -33.135273
v -32.810860 92.469658 -30.962395
v -32.835663 89.780197 -31.815916
v -32.810860 92.469658 -30.863146
v -32.835663 87.142380 -32.514137
v -51.162079 24.500265 -42.511078
v -47.934834 22.420973 -45.013760
v -51.077393 24.500265 -42.446869
v -47.832363 22.419952 -44.966866
v -45.723572 31.517607 -26.547728
v -45.984131 31.639130 -26.175180
v -43.784615 31.517607 -26.547728
v -43.524055 31.639130 -26.175180
v -43.784615 6.578948 -26.547726
v -43.784615 31.517607 -26.547728
v -43.524055 6.457424 -26.175177
v -43.524055 31.639130 -26.175180
v -43.784615 6.578948 -26.547726
v -43.524055 6.457424 -26.175177
v -45.723572 6.578948 -26.547724
v -45.984131 6.457424 -26.175177
v -45.984131 6.457424 -26.175177
v -45.984131 31.639130 -26.175180
v -45.723572 6.578948 -26.547724
v -45.723572 31.517607 -26.547728
v -47.501984 23.888863 -54.810051
v -52.660507 12.733964 -43.704453
v -54.786430 27.111498 -37.238712
v -54.786430 15.533620 -37.238708
v -34.721756 15.533612 -37.238708
v -36.847679 12.733964 -43.704453
v -34.721756 27.111498 -37.238712
v -42.006203 23.888863 -54.810051
v -34.721756 15.533612 -37.238708
v -34.721756 27.111498 -37.238712
v -54.786430 15.533620 -37.238708
v -54.786430 27.111498 -37.238712
v -34.721756 27.111498 -37.238712
v -42.006203 23.888863 -54.810051
v -54.786430 27.111498 -37.238712
v -47.501984 23.888863 -54.810051
v -41.600376 56.842464 -58.198475
v -41.599560 56.983734 -57.800262
v -41.709450 56.842464 -58.198475
v -41.804886 56.983734 -57.800262
v -47.798737 56.842457 -58.198471
v -47.801327 56.983730 -57.800262
v -47.907810 56.842457 -58.198471
v -47.908627 56.983730 -57.800262
v -41.600376 54.362938 -58.198471
v -41.599789 54.494984 -57.677441
v -41.709450 54.362938 -58.198471
v -41.834320 54.494984 -57.677441
v -47.798737 54.362938 -58.198471
v -47.705288 54.494987 -57.677441
v -47.908398 54.494987 -57.677441
v -47.907810 54.362938 -58.198471
v -47.979973 86.820305 -58.155098
v -47.907810 84.527077 -58.198479
v -47.907810 86.820305 -58.198479
v -56.635277 84.432869 -38.757717
v -49.638008 84.432869 -57.096226
v -56.635277 84.527069 -38.757717
v -49.638008 84.527077 -57.096226
v -49.638008 86.820305 -57.096230
v -49.609009 84.527077 -57.175819
v -49.609009 86.820305 -57.175819
v -49.544785 86.820297 -57.214428
v -49.544785 84.527565 -57.214428
v -47.979912 84.527100 -58.155132
v -47.907810 84.432869 -58.198479
v -47.979912 84.432899 -58.155136
v -56.635277 86.820312 -38.757717
v -47.979912 84.432899 -58.155136
v -49.544785 84.433411 -57.214428
v -49.609009 84.432869 -57.175819
v -49.609009 84.527077 -57.175819
v -49.544785 84.433411 -57.214428
v -47.907810 56.842457 -58.198471
v -47.908627 56.983730 -57.800262
v -48.028248 56.842457 -58.126076
v -47.922874 56.983730 -57.792118
v -49.517296 56.842457 -57.230949
v -49.397980 56.983730 -56.948692
v -49.403709 56.983730 -56.945419
v -49.609009 56.842457 -57.175819
v -49.642979 56.842457 -57.077656
v -49.511826 56.982925 -56.617561
v -49.511826 56.982925 -56.617561
v -54.636917 56.842468 -42.655014
v -54.259132 56.947479 -42.221806
v -47.907810 54.362938 -58.198471
v -47.908398 54.494987 -57.677441
v -48.028248 54.362938 -58.126076
v -47.955334 54.494991 -57.651264
v -49.517296 54.362938 -57.230949
v -49.255775 54.494987 -56.926010
v -49.342354 54.494987 -56.877724
v -49.609009 54.362938 -57.175812
v -49.642979 54.362938 -57.077656
v -49.381870 54.494991 -56.760059
v -49.381870 54.494991 -56.760059
v -54.402740 54.362934 -43.313889
v -54.047081 54.494991 -42.868313
v -56.672523 86.820305 -38.646297
v -56.059589 86.980247 -38.646297
v -56.672523 86.820305 -38.552307
v -56.061012 86.980247 -38.482285
v -56.112926 86.980247 -32.507385
v -56.672523 86.818481 -32.411419
v -56.112331 86.980247 -32.411419
v -56.008705 61.326588 -26.889500
v -56.384590 61.663574 -27.274075
v -56.101418 61.353878 -26.784683
v -56.561943 61.734619 -27.238333
v -33.197540 66.171539 -33.173630
v -33.221275 66.093391 -33.194641
v -33.002857 66.072609 -33.178196
v -33.223660 66.072868 -33.174198
v -56.672523 26.218851 -33.238647
v -56.974670 26.559948 -33.135067
v -56.974670 26.468000 -33.135273
v -56.672523 32.685925 -33.233044
v -56.974670 32.354076 -33.130100
v -56.974670 32.436764 -33.130100
v -32.533516 32.436764 -30.555475
v -32.835667 32.685925 -30.555670
v -32.533516 32.436764 -30.626604
v -32.835663 32.685928 -30.629448
v -32.533516 32.436764 -33.072681
v -32.835663 32.685925 -33.233044
v -32.533516 32.436764 -33.130100
v -56.672523 68.274994 -27.347258
v -56.672523 61.831718 -27.347256
v -56.672523 68.116554 -27.436220
v -56.672523 61.914955 -27.436218
v -56.672523 63.722382 -29.187471
v -53.016479 25.298998 -27.347900
v -52.909504 25.343269 -27.238327
v -52.870071 25.297640 -27.347900
v -52.909504 25.343269 -27.238327
v -49.688122 26.676464 -23.938671
v -49.463409 26.714890 -23.843567
v -49.555862 26.676428 -23.938671
v -49.595276 26.714890 -23.843567
v -51.027775 25.280558 -27.347900
v -47.924244 26.675974 -23.938671
v -49.463409 26.714890 -23.843567
v -47.837662 26.714890 -23.843567
v -50.883076 25.279215 -27.347900
v -47.760822 26.675926 -23.938671
v -47.837662 26.714890 -23.843567
v -47.673725 26.714890 -23.843567
v -32.835663 63.197750 -32.679394
v -32.554764 63.250153 -32.593990
v -32.835663 63.250153 -32.593990
v -32.554764 63.197750 -32.679394
v -32.554764 33.989105 -39.516392
v -32.835663 33.989109 -39.516392
v -32.835663 33.895851 -39.539043
v -32.554764 33.895851 -39.539043
v -32.485790 33.895851 -39.539043
v -32.485790 33.989109 -39.516392
v -32.485790 33.989109 -39.516392
v -32.485794 63.197742 -32.679394
v -32.485794 63.250153 -32.593990
v -32.554764 63.250153 -32.593990
v -32.485794 63.250153 -32.593990
v -32.485794 63.222862 -32.481541
v -32.554764 63.250153 -32.593990
v -32.554764 63.222862 -32.481537
v -32.485794 63.222862 -32.481541
v -32.485794 61.937462 -31.070469
v -32.554764 63.222862 -32.481537
v -32.554764 61.937466 -31.070467
v -32.485794 61.937462 -31.070469
v -32.485794 61.925636 -31.057486
v -32.554764 61.925640 -31.057486
v -32.485794 61.881027 -31.057486
v -32.554764 61.878300 -31.057486
v -32.554764 63.222862 -32.481537
v -32.835663 63.222862 -32.481537
v -32.835663 61.937466 -31.070467
v -32.554764 61.925640 -31.057486
v -32.835667 61.925640 -31.057486
v -32.835663 61.881710 -31.057486
v -32.835663 33.989109 -31.057480
v -32.554764 33.895855 -31.057480
v -32.835663 33.895855 -31.057480
v -32.554764 33.989109 -31.057480
v -32.485794 61.881027 -31.057486
v -32.485794 33.989109 -31.057482
v -32.485794 33.989109 -31.057482
v -32.485794 33.895855 -31.057480
v -39.360291 60.083897 -27.347256
v -39.360291 60.222622 -27.487288
v -38.625111 60.083900 -27.347258
v -38.625111 60.222622 -27.487289
v -33.636848 69.763252 -36.823421
v -38.443096 60.083897 -27.347256
v -36.491749 60.222622 -27.487289
v -39.952499 56.698067 -23.938677
v -36.598682 59.968262 -27.238331
v -39.820065 56.698071 -23.938677
v -41.749882 56.698040 -23.938675
v -38.625111 60.083900 -27.347258
v -41.585239 56.698040 -23.938675
v -40.044956 56.603600 -23.843573
v -39.912910 56.603607 -23.843573
v -39.820065 56.698071 -23.938677
v -39.820065 56.595516 -23.938677
v -41.672894 56.603600 -23.843573
v -41.749882 56.698040 -23.938675
v -41.837051 56.603600 -23.843571
v -41.837036 56.502888 -23.843573
v -41.672882 56.501469 -23.843573
v -40.044956 56.501472 -23.843573
v -39.912910 56.501472 -23.843573
v -39.820065 26.778490 -23.938673
v -36.598682 33.986156 -27.238327
v -36.598682 25.464651 -27.238327
v -36.491707 33.895855 -27.347900
v -36.491707 25.421021 -27.347900
v -41.837036 56.502888 -23.843573
v -41.834461 26.816359 -23.843567
v -41.670525 26.714891 -23.843567
v -41.834465 26.714890 -23.843567
v -41.670525 26.816359 -23.843567
v -40.044777 26.816359 -23.843565
v -39.912910 26.816359 -23.843567
v -41.670525 26.714891 -23.843567
v -40.044777 26.714890 -23.843567
v -39.912910 26.816359 -23.843567
v -40.044777 26.714890 -23.843567
v -39.912910 26.714890 -23.843567
v -39.820065 26.676464 -23.938673
v -36.598682 25.343269 -27.238327
v -36.491707 25.421021 -27.347900
v -36.598682 25.343269 -27.238327
v -36.491707 25.298998 -27.347900
v -36.491707 33.986156 -27.347900
v -36.491707 33.895855 -27.347900
v -36.362404 33.986153 -27.347900
v -36.362404 59.963772 -27.347260
v -32.937920 33.989113 -27.347900
v -32.937920 59.966106 -27.347260
v -32.835663 33.989113 -27.347900
v -32.835663 59.966206 -27.347260
v -36.362404 33.895855 -27.347902
v -32.915787 33.895855 -27.347900
v -32.835663 33.989113 -27.347900
v -32.915787 33.895855 -27.347900
v -32.835663 33.895855 -27.347900
v -36.598682 59.848660 -27.238329
v -36.491707 59.963772 -27.347260
v -36.362404 60.083897 -27.347256
v -32.937920 60.083897 -27.347256
v -32.835663 59.966206 -27.347260
v -32.835663 60.083897 -27.347256
v -32.835663 60.168530 -27.434170
v -32.937923 60.170612 -27.436218
v -36.491707 60.083893 -27.347256
v -32.814430 69.798561 -36.858574
v -32.903526 69.907997 -36.965069
v -32.814835 69.907997 -36.965069
v -32.896393 69.772034 -36.832020
v -33.448433 69.907997 -36.965065
v -32.912304 66.093513 -33.232277
v -32.835663 66.058716 -33.219223
v -32.896393 69.772034 -36.832020
v -32.912304 66.093513 -33.232277
v -32.937923 60.170612 -27.436218
v -32.835663 60.168530 -27.434170
v -32.485794 33.895851 -39.420238
v -32.485790 33.895851 -39.539043
v -32.554764 33.895851 -39.420238
v -32.554764 33.895851 -39.539043
v -32.835663 33.895851 -39.539043
v -32.875153 33.895851 -39.610657
v -32.895191 33.895855 -30.998865
v -32.835663 33.895851 -39.539043
v -32.835663 33.895855 -31.057480
v -32.554764 33.895855 -31.127056
v -32.835663 33.895855 -31.057480
v -32.554764 33.895855 -31.057480
v -32.485794 33.895855 -31.057480
v -32.485794 33.895855 -31.127056
v -32.485794 33.895851 -39.420238
v -32.835663 33.895855 -31.057480
v -32.835663 33.895855 -27.445480
v -32.869991 33.895855 -41.828163
v -35.258572 33.895855 -44.180798
v -32.870213 33.895851 -41.732765
v -35.395088 33.895855 -44.180798
v -36.491741 33.895855 -27.457491
v -32.903458 33.895855 -27.445816
v -32.835663 33.895851 -39.539043
v -32.835663 33.895851 -41.666924
v -36.491707 33.895855 -27.347900
v -36.362404 33.895855 -27.347902
v -32.915787 33.895855 -27.347900
v -32.915787 33.895855 -27.347900
v -32.835663 33.895855 -27.347900
v -32.835663 33.895855 -27.445480
v -32.835663 33.895851 -41.666924
v -32.835663 33.895851 -41.758457
v -32.869991 33.895855 -41.828163
v -35.512882 33.895851 -44.931213
v -35.635479 33.895851 -44.931213
v -35.352436 33.895851 -44.458729
v -35.316162 33.895851 -44.351906
v -35.258572 33.895855 -44.180798
v -35.512882 33.895851 -44.931213
v -35.546082 33.895851 -45.027168
v -35.673813 33.895851 -45.027168
v -36.334686 33.895847 -44.931213
v -36.638145 33.895855 -27.461628
v -36.638115 33.895855 -27.347900
v -36.491707 33.895855 -27.347900
v -36.305035 33.895847 -45.027168
v -56.570641 14.686859 -39.471096
v -56.480736 14.663261 -39.521767
v -56.544888 14.697683 -39.447857
v -56.123650 14.874729 -39.067722
v -56.005894 14.857612 -39.104477
v -56.072453 14.896248 -39.021523
v -55.846672 14.991144 -38.817772
v -55.689457 14.987128 -38.826397
v -55.806431 15.008059 -38.781456
v -55.846672 14.991144 -38.817772
v -55.806419 15.044768 -38.702641
v -55.678452 15.440944 -37.852020
v -55.806419 15.440940 -37.852028
v -55.806419 15.440940 -37.852028
v -55.806419 15.501268 -37.722500
v -55.678452 15.501268 -37.722500
v -56.672523 14.644039 -39.563034
v -56.672523 14.595710 -39.666801
v -56.584724 14.620699 -39.613152
v -56.636234 14.659290 -39.530289
v -56.570641 14.686859 -39.471096
v -56.672523 12.864526 -43.383785
v -56.558407 12.864526 -43.383785
v -56.672523 14.595710 -39.666801
v -56.672523 12.864526 -43.383785
v -56.672523 12.783493 -43.557766
v -56.557182 12.783493 -43.557766
v -53.053207 12.783493 -43.557766
v -52.980919 12.864526 -43.383785
v -32.950386 4.062687 -39.459507
v -32.951355 4.037621 -39.529182
v -33.041695 4.098428 -39.498386
v -33.027161 2.006094 -45.199532
v -33.041695 4.098428 -39.498386
v -33.114315 1.993727 -45.308174
v -33.027649 1.993049 -45.235943
v -33.027161 2.006094 -45.199532
v -32.990162 4.025474 -39.423615
v -33.041695 4.098428 -39.498386
v -32.991474 4.002130 -39.488083
v -33.041695 4.098428 -39.498386
v -33.103851 1.960778 -45.158314
v -33.114315 1.993727 -45.308174
v -33.104576 1.947670 -45.194725
v -33.103851 1.960778 -45.158314
v -32.990162 4.025474 -39.423615
v -32.990158 4.130146 -39.423615
v -33.041695 4.098428 -39.498386
v -56.654045 2.095403 -45.328915
v -56.654053 2.057638 -45.328915
v -56.672523 2.126955 -45.357574
v -56.654163 2.108480 -45.292568
v -56.672523 4.176799 -39.666801
v -56.637089 4.133092 -39.600834
v -56.672523 2.126955 -45.357574
v -56.672523 2.221091 -45.403667
v -56.672523 4.279156 -39.666561
v -56.672523 9.257226 -45.160595
v -56.672523 9.397403 -44.819302
v -56.672523 9.518492 -44.520432
v -56.672523 9.694211 -44.145332
v -56.672523 10.135394 -43.550358
v -56.672523 10.932419 -43.375538
v -56.672523 14.477684 -39.666801
v -56.672523 4.304950 -39.563034
v -56.672523 14.526019 -39.563034
v -56.636234 14.541273 -39.530289
v -56.636234 4.262641 -39.530289
v -56.557800 14.574242 -39.459511
v -56.557800 4.166828 -39.459507
v -56.636234 4.159220 -39.530289
v -56.557800 4.062688 -39.459507
v -56.556831 4.037621 -39.529182
v -56.637089 4.133092 -39.600834
v -56.672523 10.930591 -43.557766
v -56.672523 12.665251 -43.557766
v -56.672523 12.747316 -43.381584
v -56.672523 12.864526 -43.383785
v -56.672523 14.595710 -39.666801
v -56.672523 12.864526 -43.383785
v -56.672523 12.783493 -43.557766
v -56.672523 12.665251 -43.557766
v -56.672523 14.595710 -39.666801
v -56.672523 14.526019 -39.563034
v -56.672523 14.644039 -39.563034
v -56.636234 14.659290 -39.530289
v -56.570641 14.686859 -39.471096
v -56.654163 2.108480 -45.292568
v -56.637089 4.133092 -39.600834
v -56.481026 2.006094 -45.199532
v -56.481026 2.006094 -45.199532
v -56.480537 1.993049 -45.235943
v -56.654045 2.095403 -45.328915
v -56.570641 14.686859 -39.471096
v -56.518024 14.590962 -39.423615
v -56.544888 14.697683 -39.447857
v -32.917942 14.678620 -39.488785
v -32.937847 14.686988 -39.470825
v -33.027027 14.663087 -39.522137
v -33.380783 14.873154 -39.071110
v -33.410320 14.885569 -39.044456
v -33.493011 14.853812 -39.112637
v -32.937847 14.686988 -39.470825
v -33.818729 14.987128 -38.826397
v -33.661514 14.991144 -38.817772
v -33.410320 14.885569 -39.044456
v -33.701767 15.440940 -37.852028
v -33.829735 15.440944 -37.852020
v -33.701767 15.044768 -38.702641
v -33.701756 15.008059 -38.781456
v -33.661514 14.991144 -38.817772
v -33.701767 15.440940 -37.852028
v -33.701767 15.501266 -37.722500
v -33.829735 15.501266 -37.722500
v -32.871952 14.659290 -39.530289
v -32.917942 14.678620 -39.488785
v -32.923462 14.620697 -39.613152
v -32.835667 14.595710 -39.666801
v -32.835663 14.644039 -39.563034
v -32.871952 14.659290 -39.530289
v -32.835663 12.864526 -43.383785
v -32.835667 14.595710 -39.666801
v -32.949780 12.864526 -43.383785
v -36.527267 12.864526 -43.383781
v -36.454979 12.783495 -43.557766
v -32.951004 12.783495 -43.557766
v -32.835663 12.783493 -43.557766
v -32.835663 12.864526 -43.383785
v -56.393871 1.993727 -45.308174
v -56.394539 2.013109 -45.254673
v -56.403610 1.947670 -45.194725
v -56.404335 1.960778 -45.158314
v -56.465420 4.067278 -39.584373
v -56.404335 1.960778 -45.158314
v -56.516712 4.002130 -39.488083
v -56.518024 4.025474 -39.423615
v -56.466492 4.098428 -39.498386
v -56.465420 4.067278 -39.584373
v -56.393871 1.993727 -45.308174
v -56.480537 1.993049 -45.235943
v -56.394539 2.013109 -45.254673
v -56.481026 2.006094 -45.199532
v -56.481026 2.006094 -45.199532
v -56.465420 4.067278 -39.584373
v -56.556831 4.037621 -39.529182
v -56.465420 4.067278 -39.584373
v -56.466492 4.098428 -39.498386
v -56.557800 4.062688 -39.459507
v -32.950386 4.062687 -39.459507
v -33.041695 4.098428 -39.498386
v -32.950386 4.166828 -39.459507
v -36.538334 10.930626 -43.375538
v -36.529320 12.505718 -43.382252
v -36.631031 10.930603 -43.557911
v -36.631027 12.665246 -43.557777
v -36.528584 12.634769 -43.382805
v -36.631027 12.783493 -43.557766
v -48.395691 7.210594 -50.440414
v -48.395691 7.114061 -50.440414
v -48.333408 7.144060 -50.372505
v -48.333191 7.102163 -50.372105
v -48.395691 4.154955 -50.440414
v -48.317772 4.163724 -50.344051
v -56.610756 0.000020 -45.549728
v -56.610756 1.006870 -45.549732
v -56.672523 0.000020 -45.549728
v -56.672523 1.069499 -45.549732
v -56.610756 1.069499 -45.549732
v -55.982735 69.845436 -36.864525
v -53.090523 43.796841 -44.120060
v -55.982819 70.057068 -37.195221
v -53.048645 43.738083 -44.595875
v -53.073586 43.607925 -44.170845
v -53.022884 43.542648 -44.654953
v -54.047081 54.494991 -42.868313
v -53.061501 42.983162 -45.886963
v -54.402740 54.362934 -43.313889
v -53.463150 42.842541 -46.356537
v -53.445473 42.626133 -46.413776
v -55.744568 1.567301 -44.874504
v -55.806107 1.567288 -44.874512
v -55.744614 1.595228 -44.874565
v -55.806152 1.595216 -44.874577
v -55.856731 1.596563 -44.901646
v -55.856770 1.625075 -44.901699
v -55.743168 0.000020 -44.872650
v -55.806107 1.567288 -44.874512
v -55.804695 0.000020 -44.872650
v -55.855629 0.000020 -44.900005
v -56.405872 0.000020 -45.195549
v -56.403687 1.912832 -45.194752
v -56.403610 1.947670 -45.194725
v -48.266380 7.210594 -50.440414
v -48.266380 7.269182 -50.299278
v -48.333408 7.144060 -50.372505
v -48.333408 7.219811 -50.181786
v -48.266380 7.425185 -49.923473
v -48.333408 7.338818 -49.882156
v -52.969852 10.930626 -43.375538
v -52.978668 12.471395 -43.382107
v -53.053207 10.930602 -43.557903
v -53.053207 12.665246 -43.557777
v -52.979397 12.598772 -43.382648
v -53.053207 12.783493 -43.557766
v -52.980919 12.864526 -43.383785
v -55.806431 3.359683 -38.781456
v -55.852142 3.387121 -38.873344
v -55.852013 3.402427 -38.822590
v -56.516712 4.002130 -39.488083
v -56.518024 4.025474 -39.423615
v -55.852013 3.402427 -38.822590
v -56.404335 1.960778 -45.158314
v -56.516712 4.002130 -39.488083
v -55.856735 1.638357 -44.856262
v -55.856770 1.625075 -44.901699
v -56.403610 1.947670 -45.194725
v -55.856735 1.638357 -44.856262
v -55.806152 1.595216 -44.874577
v -55.806156 1.608409 -44.829002
v -55.744255 1.606406 -44.835773
v -55.744614 1.595228 -44.874565
v -55.852142 3.387121 -38.873344
v -55.806156 1.608409 -44.829002
v -55.806431 3.359683 -38.781456
v -55.744255 1.606406 -44.835773
v -55.678452 3.655736 -37.621487
v -56.086342 14.772422 -39.034054
v -56.025257 14.798099 -38.978931
v -55.977764 14.752546 -39.076721
v -32.897430 1.006870 -45.549732
v -32.835663 1.069499 -45.549732
v -32.897430 1.069499 -45.549732
v -32.835663 1.006870 -45.549732
v -32.835663 1.006870 -45.549732
v -32.835663 0.000020 -45.549728
v -32.897430 0.000020 -45.549728
v -33.016396 84.410744 -36.541565
v -32.906841 84.424957 -36.351032
v -33.078346 84.424957 -36.351032
v -32.858894 84.410744 -36.541561
v -32.858734 84.410744 -36.655907
v -33.016396 84.410744 -36.541565
v -33.022491 84.410728 -38.615723
v -32.882496 84.410728 -38.590889
v -32.835667 2.126955 -45.357574
v -32.835663 2.221091 -45.403667
v -32.835667 2.088568 -45.357574
v -32.835663 2.140034 -45.321266
v -32.854141 2.095403 -45.328915
v -32.854027 2.108479 -45.292568
v -32.854134 2.057638 -45.328915
v -32.835663 0.000019 -45.513187
v -32.835663 1.006870 -45.549732
v -32.835663 0.000020 -45.549728
v -32.835663 1.130458 -45.509216
v -32.835667 0.000020 -45.399227
v -32.835667 2.088568 -45.357574
v -32.835667 0.000020 -45.357574
v -32.854000 0.000020 -45.328922
v -32.835663 1.069499 -45.549732
v -32.835663 1.006870 -45.549732
v -32.835663 1.090654 -45.595726
v -32.835663 4.068389 -50.299274
v -32.835663 1.090654 -45.595726
v -32.835663 3.975172 -50.299278
v -32.835663 4.061726 -50.440414
v -32.835663 4.154955 -50.440414
v -32.835663 9.397402 -44.819302
v -32.835663 9.257225 -45.160595
v -32.835667 7.172220 -50.299274
v -32.835663 4.154955 -50.440414
v -32.835663 7.114955 -50.440414
v -32.835663 4.176800 -39.666801
v -32.854027 2.108479 -45.292568
v -32.871098 4.133092 -39.600834
v -32.835663 2.140034 -45.321266
v -32.835663 4.279157 -39.666561
v -32.835663 9.518492 -44.520432
v -32.835663 9.640010 -44.615849
v -32.835663 9.521939 -44.872467
v -32.835663 9.380416 -45.212448
v -32.835663 7.269171 -50.299278
v -32.835663 7.210594 -50.440414
v -32.835663 7.114955 -50.440414
v -32.835663 9.811548 -44.246201
v -32.835663 9.694211 -44.145332
v -32.835663 10.135394 -43.550358
v -32.835663 14.477685 -39.666801
v -32.835663 10.932419 -43.375538
v -32.835663 12.747316 -43.381584
v -32.835663 12.665251 -43.557766
v -32.835663 10.930591 -43.557766
v -32.835663 10.213596 -43.718182
v -32.835667 14.595710 -39.666801
v -32.835663 12.864526 -43.383785
v -32.835663 12.864526 -43.383785
v -32.835663 12.783493 -43.557766
v -32.835663 12.665251 -43.557766
v -32.835663 14.526019 -39.563034
v -32.835667 14.595710 -39.666801
v -32.835663 14.644039 -39.563034
v -32.871952 14.541273 -39.530289
v -32.871952 14.659290 -39.530289
v -32.950386 14.574242 -39.459511
v -32.871952 14.659290 -39.530289
v -32.917942 14.678620 -39.488785
v -32.937847 14.686988 -39.470825
v -32.990162 14.590962 -39.423615
v -32.917942 14.678620 -39.488785
v -32.835663 4.176800 -39.666801
v -32.871098 4.133092 -39.600834
v -32.835663 4.202809 -39.563034
v -32.835663 4.304950 -39.563034
v -32.835663 14.526019 -39.563034
v -32.871952 4.262641 -39.530289
v -32.950386 4.166828 -39.459507
v -32.871952 4.159220 -39.530289
v -32.950386 4.062687 -39.459507
v -32.951355 4.037621 -39.529182
v -32.871098 4.133092 -39.600834
v -32.854027 2.108479 -45.292568
v -33.027161 2.006094 -45.199532
v -32.871098 4.133092 -39.600834
v -32.854141 2.095403 -45.328915
v -33.027649 1.993049 -45.235943
v -33.027161 2.006094 -45.199532
v -36.421883 42.968945 -45.924080
v -35.105446 54.362934 -43.313889
v -36.020233 42.828323 -46.393658
v -35.461105 54.494991 -42.868313
v -36.071793 42.623905 -46.428108
v -36.440010 42.754189 -45.980484
v -56.557800 14.574242 -39.459511
v -56.518024 14.590962 -39.423615
v -56.466000 14.555689 -39.499340
v -41.602882 43.608231 -44.529392
v -41.602886 43.796841 -44.477737
v -36.434601 43.607922 -44.329578
v -36.417664 43.796841 -44.278793
v -41.603146 69.824257 -37.073296
v -33.525452 69.845436 -36.868717
v -34.604122 54.239983 -42.725994
v -35.786758 43.215931 -45.633911
v -35.880543 43.738083 -44.595860
v -35.897919 43.546707 -44.647179
v -35.804676 43.003330 -45.689926
v -36.454979 9.811555 -44.246300
v -32.951004 10.213596 -43.718189
v -36.454979 10.213614 -43.718384
v -32.951004 9.811548 -44.246204
v -32.951004 9.640521 -44.614746
v -36.454979 9.640773 -44.615547
v -32.951004 9.521941 -44.872467
v -36.528252 9.521940 -44.872475
v -32.952133 9.380577 -45.212059
v -36.793839 9.380907 -45.212219
v -32.952133 7.269171 -50.299278
v -40.824638 7.703284 -49.253544
v -41.040909 7.583478 -49.542149
v -41.112495 7.425185 -49.923473
v -41.112495 7.269181 -50.299274
v -41.112495 7.210594 -50.440414
v -32.952133 7.210594 -50.440414
v -32.835663 7.210594 -50.440414
v -32.835663 7.269171 -50.299278
v -32.835663 9.380416 -45.212448
v -32.835663 9.521939 -44.872467
v -32.835663 9.640010 -44.615849
v -32.835663 9.811548 -44.246201
v -32.951004 9.811548 -44.246204
v -32.835663 10.213596 -43.718182
v -32.951004 10.213596 -43.718189
v -41.174778 7.338818 -49.882156
v -41.174778 7.215855 -50.191746
v -41.112495 7.425185 -49.923473
v -41.112495 7.269181 -50.299274
v -41.174778 7.144060 -50.372505
v -41.112495 7.210594 -50.440414
v -33.033623 69.809837 -36.829334
v -32.858803 69.550140 -36.627522
v -32.858227 69.795616 -36.866455
v -33.073502 69.475494 -36.499599
v -32.858227 69.795616 -36.866455
v -32.858227 69.831215 -36.901642
v -55.977764 14.752546 -39.076721
v -56.025257 14.798099 -38.978931
v -55.981564 3.748733 -39.085243
v -56.025257 3.675680 -38.978928
v -55.981564 3.748733 -39.085243
v -56.086342 3.732014 -39.034050
v -55.977764 14.752546 -39.076721
v -56.086342 14.772422 -39.034054
v -52.978668 12.471395 -43.382107
v -52.877159 12.665246 -43.557777
v -52.979397 12.598772 -43.382648
v -52.877159 12.783493 -43.557766
v -52.980919 12.864526 -43.383785
v -36.485302 43.542648 -44.654953
v -36.459541 43.738083 -44.595875
v -35.897919 43.546707 -44.647179
v -35.880543 43.738083 -44.595860
v -33.525368 70.057068 -37.195221
v -32.883034 70.057076 -37.223301
v -56.672523 33.989109 -39.516392
v -56.672523 63.197750 -32.679394
v -56.953423 33.989109 -39.516392
v -56.672523 33.895851 -39.539043
v -56.953423 33.895851 -39.539043
v -56.953423 33.895851 -39.539043
v -57.022392 33.895851 -39.539043
v -57.022392 33.989109 -39.516392
v -57.022392 63.250153 -32.593990
v -56.953423 63.197754 -32.679394
v -56.953423 63.250153 -32.593990
v -57.022392 63.197750 -32.679394
v -57.022392 33.989109 -39.516392
v -56.953423 63.250153 -32.593990
v -56.672523 63.250153 -32.593990
v -54.182457 43.394012 -44.380085
v -54.155994 33.988556 -44.458019
v -53.995308 43.118622 -44.931213
v -53.995781 43.295727 -44.929817
v -53.962723 43.244606 -45.027168
v -53.962723 43.068516 -45.027168
v -53.995308 33.988556 -44.931213
v -53.962963 33.985607 -45.026455
v -54.155750 33.895851 -44.458729
v -53.995308 33.895851 -44.931213
v -54.182934 43.575882 -44.378685
v -54.214260 43.817551 -44.221962
v -54.249615 43.783920 -44.180801
v -54.219208 43.638138 -44.271862
v -54.218735 43.455181 -44.273262
v -54.182934 43.575882 -44.378685
v -54.192268 33.989109 -44.351196
v -54.192024 33.895851 -44.351906
v -54.249615 33.895851 -44.180798
v -54.249615 33.989109 -44.180798
v -54.249615 43.783920 -44.180801
v -53.995308 33.895851 -44.931213
v -53.962963 33.985607 -45.026455
v -53.962105 33.895851 -45.027168
v -50.883076 59.897202 -27.347580
v -50.883076 33.895851 -27.347900
v -47.758320 56.587948 -23.938677
v -47.758305 56.698036 -23.938677
v -50.883076 60.083897 -27.347256
v -47.671150 56.502892 -23.843573
v -47.673725 26.816359 -23.843567
v -47.760822 26.675926 -23.938671
v -50.883076 25.279215 -27.347900
v -47.673725 26.714890 -23.843567
v -56.466000 14.555689 -39.499340
v -56.557800 4.166828 -39.459507
v -56.557800 14.574242 -39.459511
v -56.466492 4.110370 -39.498386
v -56.557800 4.062688 -39.459507
v -56.466492 4.098428 -39.498386
v -32.883034 70.057076 -37.223301
v -32.883034 82.155586 -37.223415
v -32.907303 70.057076 -38.553776
v -32.882496 84.410728 -38.590889
v -32.883034 82.299820 -37.073318
v -32.858734 84.410744 -36.655907
v -32.883034 82.155586 -36.864529
v -32.858803 69.611305 -36.627533
v -32.858894 84.410744 -36.541561
v -32.883701 69.530945 -36.504440
v -32.858894 84.410744 -36.541561
v -32.906841 84.424957 -36.351032
v -32.894428 69.459183 -36.433323
v -32.858803 69.611305 -36.627533
v -32.858803 69.550140 -36.627522
v -32.883701 69.468895 -36.504440
v -32.894428 69.397026 -36.433323
v -32.869701 33.989109 -41.792431
v -32.826797 69.670723 -36.899940
v -35.258572 43.783920 -44.180801
v -35.258572 33.989109 -44.180798
v -33.003525 66.001839 -33.100529
v -33.002857 66.072609 -33.178196
v -33.223660 66.072868 -33.174198
v -33.300915 66.072891 -33.173134
v -33.221275 66.093391 -33.194641
v -33.306091 66.096367 -33.192513
v -33.003525 66.001839 -33.100529
v -41.599636 66.001846 -33.104187
v -41.599716 66.083298 -33.178196
v -32.835663 66.001846 -33.099091
v -33.002857 66.072609 -33.178196
v -32.835663 66.083298 -33.178196
v -32.835663 66.191818 -33.178196
v -33.002861 66.181000 -33.178196
v -33.002857 66.072609 -33.178196
v -33.197540 66.171539 -33.173630
v -32.835663 68.548210 -27.347258
v -33.128345 68.640869 -27.276218
v -32.946243 68.781494 -27.238331
v -33.055740 68.446945 -27.347256
v -32.835663 68.364838 -27.436220
v -33.055618 68.222527 -27.438139
v -32.835663 68.364838 -27.436220
v -32.835663 63.688896 -29.337502
v -33.053192 63.708523 -29.266121
v -33.055740 68.446945 -27.347256
v -32.946239 68.498688 -27.238331
v -33.128345 68.640869 -27.276218
v -32.835663 68.274986 -27.347256
v -33.055618 68.222527 -27.438139
v -32.835663 68.116554 -27.436218
v -32.800720 61.631996 -27.347336
v -32.946320 61.539398 -27.238434
v -33.052071 61.727703 -27.347256
v -33.090961 61.692833 -27.307463
v -33.308594 61.228882 -26.881388
v -33.499481 61.326588 -26.889498
v -33.053192 63.708523 -29.266121
v -33.052185 61.935589 -27.548637
v -32.835663 63.722385 -29.187469
v -32.835663 61.914955 -27.436218
v -33.052071 61.727703 -27.347256
v -32.835663 61.831715 -27.347256
v -56.625153 82.299820 -37.073318
v -56.576080 84.440506 -38.590889
v -56.599838 84.434586 -36.655907
v -56.625153 82.155586 -36.864525
v -56.624485 69.530945 -36.504440
v -56.624577 69.625519 -36.590412
v -56.599678 84.434586 -36.541565
v -56.624577 69.564362 -36.590405
v -56.625153 69.809837 -36.829338
v -56.625153 69.923645 -36.864525
v -56.625153 69.809837 -36.829338
v -56.625153 69.842201 -36.864525
v -56.625153 82.155586 -36.864525
v -56.624577 69.625519 -36.590412
v -56.599838 84.434586 -36.655907
v -56.614784 69.459183 -36.433323
v -56.624485 69.530945 -36.504440
v -56.603558 84.434586 -36.351032
v -56.624577 69.564362 -36.590405
v -56.624485 69.468903 -36.504440
v -56.614784 69.397026 -36.433323
v -56.179070 83.842674 -33.239220
v -56.256302 84.428833 -33.805378
v -56.211369 84.192719 -33.475979
v -56.168953 83.423828 -33.165058
v -56.603558 84.434586 -36.351032
v -56.169628 66.156281 -33.169991
v -56.176716 66.150894 -33.221966
v -56.169628 66.083298 -33.178196
v -56.176716 66.150894 -33.221966
v -35.325253 43.575882 -44.378685
v -35.457573 43.575882 -44.378685
v -35.512405 43.295727 -44.929817
v -35.615437 43.295727 -44.929817
v -36.043518 43.575882 -44.378685
v -36.202011 43.295727 -44.929817
v -35.647514 43.244606 -45.027168
v -36.235847 43.244606 -45.027168
v -35.545464 43.244606 -45.027168
v -35.647514 43.244606 -45.027168
v -47.905041 69.824257 -37.073296
v -56.038174 66.150887 -33.220810
v -47.907810 66.083298 -33.178196
v -56.434776 69.476234 -36.500332
v -55.982735 69.845436 -36.864525
v -56.474564 69.809837 -36.829338
v -56.624577 69.564362 -36.590405
v -56.625153 69.809837 -36.829338
v -56.518024 4.130145 -39.423615
v -56.518024 4.025474 -39.423615
v -56.466492 4.098428 -39.498386
v -56.466492 4.110370 -39.498386
v -56.466000 14.555689 -39.499340
v -56.518024 14.590962 -39.423615
v -35.545219 33.985607 -45.026455
v -35.545464 43.068516 -45.027168
v -35.673813 33.985611 -45.026455
v -35.646027 43.068516 -45.027168
v -35.545464 43.244606 -45.027168
v -35.647514 43.244606 -45.027168
v -35.647514 43.244606 -45.027168
v -36.235847 43.244606 -45.027168
v -36.237057 43.068512 -45.027168
v -36.304420 33.985607 -45.026455
v -35.673813 33.895851 -45.027168
v -36.305035 33.895847 -45.027168
v -35.545219 33.985607 -45.026455
v -35.546082 33.895851 -45.027168
v -32.974274 70.057076 -38.724281
v -34.631908 54.438007 -42.805168
v -32.907303 70.057076 -38.553776
v -34.604122 54.239983 -42.725994
v -35.829208 43.156433 -45.752773
v -35.786758 43.215931 -45.633911
v -35.804676 43.003330 -45.689926
v -35.847210 42.941162 -45.809238
v -32.882496 84.410728 -38.590889
v -32.974274 84.355499 -38.724281
v -32.907303 70.057076 -38.553776
v -56.025257 3.675680 -38.978928
v -56.086342 3.732014 -39.034050
v -55.981564 3.748733 -39.085243
v -53.203152 33.895847 -45.027168
v -53.203766 33.985607 -45.026455
v -53.271156 33.895847 -45.027168
v -53.277718 33.985607 -45.026455
v -53.271130 43.068516 -45.027168
v -53.393684 43.068516 -45.027168
v -53.272339 43.244606 -45.027168
v -53.395935 43.244606 -45.027168
v -53.862160 43.068516 -45.027168
v -53.860672 43.244606 -45.027168
v -53.962723 43.244606 -45.027168
v -53.962723 43.068516 -45.027168
v -53.834373 33.985611 -45.026455
v -53.962963 33.985607 -45.026455
v -53.962105 33.895851 -45.027168
v -53.962963 33.985607 -45.026455
v -53.834373 33.895851 -45.027168
v -53.271156 33.895847 -45.027168
v -54.050613 43.575882 -44.378685
v -54.083149 43.638138 -44.271862
v -54.182934 43.575882 -44.378685
v -54.219208 43.638138 -44.271862
v -54.099415 43.817551 -44.221962
v -54.214260 43.817551 -44.221962
v -56.586597 69.774391 -37.002232
v -54.214260 43.817551 -44.221962
v -56.680660 69.774391 -37.002232
v -53.464668 43.575882 -44.378685
v -53.500816 43.638138 -44.271862
v -54.083149 43.638138 -44.271862
v -53.517597 43.817551 -44.221962
v -55.945675 69.774391 -37.002232
v -55.958172 69.907997 -36.965069
v -56.604660 69.907997 -36.965069
v -56.693352 69.907997 -36.965069
v -33.701767 3.655736 -37.723206
v -33.701767 3.619524 -37.852425
v -33.829735 3.655736 -37.621490
v -57.022392 61.892773 -31.070557
v -57.022392 61.925640 -31.057486
v -57.022392 61.881031 -31.057486
v -57.022392 61.937466 -31.070467
v -57.022392 63.220116 -32.530212
v -57.022392 63.177673 -32.656677
v -57.022396 33.989113 -31.125389
v -57.022392 61.881031 -31.057486
v -57.022392 33.989113 -31.057480
v -57.022392 33.989109 -39.397903
v -57.022392 63.197750 -32.679394
v -57.022392 63.250153 -32.593990
v -57.022392 63.222862 -32.481537
v -57.022392 61.937466 -31.070467
v -57.022392 33.989109 -39.516392
v -57.022392 33.895855 -31.057480
v -57.022392 33.989113 -31.057480
v -57.022392 33.895855 -31.127056
v -57.022392 33.895851 -39.420238
v -57.022392 33.895851 -39.539043
v -57.022392 33.989109 -39.516392
v -57.022392 33.895851 -39.420238
v -48.395691 4.154955 -50.440414
v -48.266380 4.154955 -50.440414
v -48.317772 4.163724 -50.344051
v -56.352913 84.432899 -38.552345
v -56.484631 84.432907 -38.646297
v -56.672523 84.432869 -38.552326
v -56.672523 84.432869 -38.646297
v -56.635277 84.432869 -38.757717
v -56.432182 84.432907 -38.757717
v -56.179070 83.842674 -33.239220
v -56.211369 84.192719 -33.475979
v -56.672523 83.842674 -33.239220
v -56.672523 84.193024 -33.475979
v -56.256302 84.428833 -33.805378
v -56.672523 84.428833 -33.805378
v -56.672523 84.432869 -38.552326
v -48.333191 7.102163 -50.372105
v -48.317772 4.163724 -50.344051
v -48.266380 7.110447 -50.440414
v -48.266380 4.154955 -50.440414
v -48.266380 7.210594 -50.440414
v -48.333408 7.144060 -50.372505
v -48.266380 7.110447 -50.440414
v -56.610756 1.069499 -45.549732
v -56.610756 1.090646 -45.595711
v -56.672523 1.069499 -45.549732
v -56.672523 84.432869 -38.552326
v -56.672523 84.432869 -38.646297
v -56.672523 84.527077 -38.552326
v -56.672523 84.527077 -38.646297
v -56.635277 84.432869 -38.757717
v -56.635277 84.527069 -38.757717
v -56.672523 78.481110 -28.995375
v -56.672523 78.597099 -27.436222
v -56.672523 78.481110 -27.436222
v -56.672523 78.597099 -29.094164
v -56.672523 87.241219 -31.229309
v -56.672523 83.423828 -33.067791
v -56.672523 86.928818 -31.510515
v -56.672523 83.842674 -33.150848
v -56.672523 86.831429 -32.041328
v -56.672523 84.193024 -33.353230
v -56.672523 86.818481 -32.411419
v -56.672523 84.525810 -33.805378
v -56.672523 84.193024 -33.475979
v -56.672523 84.428833 -33.805378
v -56.672523 84.432869 -38.552326
v -56.672523 83.423828 -33.165058
v -56.672523 66.191818 -33.178196
v -56.168953 83.423828 -33.165058
v -56.179070 83.842674 -33.239220
v -56.672523 83.842674 -33.239220
v -56.672523 66.083298 -33.178196
v -56.672523 66.111145 -33.099091
v -56.672523 66.001846 -33.099091
v -56.672523 77.654564 -29.227135
v -56.672523 77.748253 -29.099884
v -56.672523 78.481110 -28.995375
v -56.171387 66.083298 -33.178196
v -56.169628 66.156281 -33.169991
v -56.505325 66.083298 -33.178196
v -56.505325 66.191818 -33.178196
v -56.672523 61.716511 -27.436218
v -56.672523 60.241909 -27.436218
v -56.672523 63.688896 -29.337500
v -56.672523 68.364838 -27.436220
v -56.672523 77.654564 -27.436222
v -56.672523 77.748253 -29.099884
v -56.672523 77.748253 -27.436222
v -56.672523 77.748253 -27.347260
v -56.672523 77.654564 -27.347260
v -56.561943 77.748253 -27.238335
v -56.561943 77.654564 -27.238335
v -54.345730 77.748253 -25.055223
v -54.345734 77.654564 -25.055225
v -54.293110 77.748253 -25.003389
v -54.293110 77.654564 -25.003389
v -54.293110 74.515289 -25.003387
v -54.345730 74.383026 -25.055222
v -56.561943 68.781494 -27.238335
v -56.672523 68.548210 -27.347258
v -53.411591 42.638123 -46.390987
v -53.061501 42.983162 -45.886963
v -53.043369 42.768406 -45.943367
v -53.445473 42.626133 -46.413776
v -36.020233 42.828323 -46.393658
v -36.071793 42.623905 -46.428108
v -36.421883 42.968945 -45.924080
v -36.037910 42.611916 -46.450897
v -32.835663 68.548210 -27.347258
v -32.946243 68.781494 -27.238331
v -32.835663 77.654564 -27.347260
v -32.946243 77.654564 -27.238335
v -35.162457 74.383026 -25.055222
v -35.162457 77.654572 -25.055225
v -35.215076 74.515289 -25.003387
v -35.215076 77.654564 -25.003391
v -35.276955 74.515312 -25.003389
v -35.276955 77.654564 -25.003389
v -54.231232 74.515320 -25.003387
v -54.231232 77.654564 -25.003389
v -54.293110 77.654564 -25.003389
v -54.231232 77.748253 -25.003389
v -54.293110 77.748253 -25.003389
v -54.293110 74.515289 -25.003387
v -32.835663 77.748238 -27.347260
v -32.946243 77.748245 -27.238333
v -35.162457 77.748253 -25.055223
v -35.215076 77.748253 -25.003391
v -35.276955 77.748253 -25.003389
v -56.780968 14.396460 -37.611641
v -56.672523 14.426483 -37.703972
v -56.780968 14.463166 -37.611641
v -56.672523 14.505817 -37.703972
v -56.672523 14.426483 -37.703972
v -56.672523 3.255639 -37.703968
v -57.186977 14.283392 -37.265972
v -56.780968 3.255921 -37.611641
v -56.672523 3.076040 -37.703968
v -56.672523 3.176303 -37.703968
v -56.780968 3.074171 -37.611641
v -57.186977 0.000021 -37.265972
v -57.261517 14.261138 -37.202515
v -57.261517 14.332528 -37.202515
v -57.186977 14.352792 -37.265972
v -56.780968 14.463166 -37.611641
v -56.780968 0.000021 -37.611641
v -56.672523 3.255639 -37.703968
v -57.261517 0.000021 -37.202511
v -56.672523 3.076040 -37.703968
v -56.672523 0.000021 -37.703968
v -35.352196 33.988556 -44.458019
v -35.512878 43.118622 -44.931213
v -35.512878 33.988556 -44.931213
v -35.352436 33.895851 -44.458729
v -35.512882 33.895851 -44.931213
v -35.545464 43.068516 -45.027168
v -35.545219 33.985607 -45.026455
v -35.545464 43.244606 -45.027168
v -35.512405 43.295727 -44.929817
v -35.325729 43.394012 -44.380085
v -35.325253 43.575882 -44.378685
v -35.293926 43.817551 -44.221962
v -35.288979 43.638138 -44.271862
v -35.258572 43.783920 -44.180801
v -35.289452 43.455181 -44.273262
v -35.325253 43.575882 -44.378685
v -35.315918 33.989109 -44.351196
v -35.316162 33.895851 -44.351906
v -35.258572 43.783920 -44.180801
v -35.258572 33.989109 -44.180798
v -35.258572 33.895855 -44.180798
v -50.921600 14.665417 -41.704052
v -53.109394 14.665418 -40.015713
v -50.968811 14.562462 -41.752583
v -53.173798 14.562463 -40.050972
v -47.905483 43.525360 -44.688431
v -53.022884 43.542648 -44.654953
v -47.905304 43.608231 -44.529388
v -53.073586 43.607925 -44.170845
v -53.721428 43.215931 -45.633911
v -53.703510 43.003330 -45.689926
v -53.678978 43.156433 -45.752773
v -53.651398 42.941776 -45.808048
v -56.600883 70.057076 -38.553776
v -55.161156 56.636501 -42.093845
v -56.533913 70.057076 -38.724281
v -55.106445 56.606750 -42.238525
v -53.678978 43.156433 -45.752773
v -56.600883 84.355499 -38.587746
v -56.600883 70.057076 -38.553776
v -56.509098 84.341286 -38.761402
v -56.353558 70.057076 -39.245865
v -55.938667 70.057076 -38.966194
v -54.665165 57.137630 -42.575523
v -54.259132 56.947479 -42.221806
v -54.259132 56.947479 -42.221806
v -54.047081 54.494991 -42.868313
v -54.636917 56.842468 -42.655014
v -54.429054 54.638451 -43.239830
v -56.176716 66.150894 -33.221966
v -56.169628 66.083298 -33.178196
v -56.038174 66.150887 -33.220810
v -56.038174 66.083298 -33.178196
v -47.907810 66.083298 -33.178196
v -54.284058 77.748253 -25.055216
v -56.561298 77.748253 -27.238335
v -35.224129 77.748253 -25.055216
v -32.946888 77.748245 -27.238335
v -56.629559 77.748253 -27.347260
v -32.878628 77.748245 -27.347260
v -56.629559 77.748253 -27.436222
v -32.878628 77.748245 -27.436222
v -32.835663 77.748238 -27.347260
v -32.835663 77.748253 -27.436222
v -32.835663 77.748253 -29.099884
v -32.997223 77.714378 -29.099886
v -56.672523 77.748253 -29.099884
v -56.510963 77.714386 -29.099884
v -56.672523 77.748253 -27.436222
v -56.672523 77.748253 -27.347260
v -56.561943 77.748253 -27.238335
v -54.345730 77.748253 -25.055223
v -54.293110 77.748253 -25.003389
v -54.231232 77.748253 -25.003389
v -35.276955 77.748253 -25.003389
v -35.215076 77.748253 -25.003391
v -35.162457 77.748253 -25.055223
v -32.946243 77.748245 -27.238333
v -33.308601 59.626320 -26.881388
v -32.946270 59.978348 -27.238371
v -33.301018 59.660736 -26.915819
v -32.889732 60.095119 -27.347256
v -32.800682 60.095314 -27.347286
v -32.835667 60.173214 -27.436218
v -33.003525 66.001839 -33.100529
v -32.835663 66.001846 -33.099091
v -56.561943 59.978088 -27.238331
v -56.199589 59.684807 -26.881388
v -56.199585 59.626320 -26.881386
v -56.561943 60.040569 -27.238331
v -56.707527 60.095123 -27.347256
v -56.707527 60.157433 -27.347256
v -56.672523 60.173222 -27.436218
v -56.672523 60.241909 -27.436218
v -56.672523 66.001846 -33.099091
v -56.561943 61.539425 -27.238333
v -56.707527 61.632015 -27.347256
v -56.672523 61.716511 -27.436218
v -56.561943 60.040569 -27.238331
v -56.199589 61.228882 -26.881390
v -56.561943 61.539425 -27.238333
v -56.481121 0.000020 -45.235970
v -56.654186 0.000020 -45.328922
v -56.480556 1.957304 -45.235943
v -56.654053 2.057638 -45.328915
v -56.480537 1.993049 -45.235943
v -56.654045 2.095403 -45.328915
v -56.953423 33.989113 -31.057480
v -56.672523 61.881710 -31.057486
v -56.672523 33.989113 -31.057480
v -56.953423 33.895855 -31.057480
v -56.672523 33.895855 -31.057480
v -56.953423 63.222862 -32.481537
v -56.672523 63.222862 -32.481537
v -56.953423 61.937466 -31.070467
v -56.672523 61.937466 -31.070467
v -56.953423 61.925640 -31.057486
v -56.672523 61.925640 -31.057486
v -56.953423 61.878304 -31.057486
v -57.022392 61.881031 -31.057486
v -57.022392 33.989113 -31.057480
v -57.022392 61.937466 -31.070467
v -57.022392 61.925640 -31.057486
v -56.953423 61.925640 -31.057486
v -57.022392 61.881031 -31.057486
v -57.022392 63.222862 -32.481537
v -56.953423 63.222862 -32.481537
v -57.022392 61.937466 -31.070467
v -55.806419 15.501268 -37.722500
v -55.678452 15.501268 -37.722500
v -55.806419 15.383348 -37.722507
v -55.678452 15.430728 -37.620789
v -55.806419 15.501268 -37.722500
v -55.806419 15.383348 -37.722507
v -55.806419 15.440940 -37.852028
v -55.806419 15.323015 -37.852028
v -55.846672 14.991144 -38.817772
v -55.806416 14.890089 -38.781445
v -55.846661 14.873173 -38.817760
v -55.806431 15.008059 -38.781456
v -55.806419 14.926802 -38.702629
v -55.806419 15.044768 -38.702641
v -55.806419 15.440940 -37.852028
v -56.072453 14.896248 -39.021523
v -55.846672 14.991144 -38.817772
v -56.025257 3.675680 -38.978928
v -56.025257 14.798099 -38.978931
v -56.086342 14.772422 -39.034054
v -56.123650 14.874729 -39.067722
v -56.544888 14.697683 -39.447857
v -56.518024 14.590962 -39.423615
v -56.518024 4.130145 -39.423615
v -56.086342 3.732014 -39.034050
v -56.518024 4.025474 -39.423615
v -55.852013 3.402427 -38.822590
v -55.846672 3.510966 -38.817772
v -55.806416 14.890089 -38.781445
v -55.806431 3.473850 -38.781456
v -55.806419 3.496006 -38.701050
v -55.806419 3.735118 -37.852421
v -55.806419 3.771528 -37.723198
v -55.806419 15.383348 -37.722507
v -55.678452 15.430728 -37.620789
v -55.678452 3.655736 -37.621487
v -55.806419 3.655736 -37.723206
v -55.806431 3.359683 -38.781456
v -55.806431 3.473850 -38.781456
v -55.806431 3.359683 -38.781456
v -55.852013 3.402427 -38.822590
v -32.952133 4.154955 -50.440414
v -32.952133 4.061726 -50.440414
v -32.835663 4.154955 -50.440414
v -32.835663 4.061726 -50.440414
v -32.950539 3.975171 -50.299274
v -32.835663 3.975172 -50.299278
v -32.835663 1.090654 -45.595726
v -32.897430 1.090647 -45.595711
v -32.835663 7.114955 -50.440414
v -32.952133 7.114955 -50.440414
v -32.835663 4.154955 -50.440414
v -41.112495 4.154955 -50.440414
v -41.112495 7.114061 -50.440414
v -32.952133 7.210594 -50.440414
v -41.112495 7.210594 -50.440414
v -32.835663 7.210594 -50.440414
v -32.835663 7.114955 -50.440414
v -56.601501 20.974747 -50.617016
v -56.568672 21.089424 -50.718830
v -56.672523 21.169535 -50.658348
v -56.672523 21.271305 -50.759972
v -56.563435 21.309290 -50.798042
v -56.492420 21.114744 -50.756893
v -56.672523 9.521940 -44.872467
v -56.556053 9.380577 -45.212059
v -56.557182 9.521941 -44.872467
v -56.672523 9.640010 -44.615849
v -56.557182 9.640521 -44.614746
v -56.672523 9.811548 -44.246201
v -56.557182 9.811548 -44.246204
v -56.672523 10.213596 -43.718182
v -56.557182 10.213596 -43.718189
v -56.672523 9.380416 -45.212448
v -56.672523 7.269171 -50.299278
v -56.556053 7.269171 -50.299278
v -56.672523 7.210594 -50.440414
v -56.556053 7.210594 -50.440414
v -48.395691 7.210594 -50.440414
v -48.395691 7.269182 -50.299274
v -48.395691 7.425185 -49.923473
v -48.467278 7.583479 -49.542149
v -48.683548 7.703284 -49.253544
v -52.714348 9.380907 -45.212219
v -52.979935 9.521940 -44.872475
v -53.053207 9.640773 -44.615547
v -53.053207 9.811555 -44.246300
v -56.557182 9.811548 -44.246204
v -56.557182 10.213596 -43.718189
v -53.053207 10.213614 -43.718384
v -32.321209 3.491467 -30.636391
v -32.321209 3.443043 -30.636389
v -32.727219 3.492534 -30.636391
v -32.727219 3.443042 -30.636389
v -32.321209 3.418700 -30.664312
v -32.727219 3.418699 -30.664312
v -32.727219 2.735826 -31.447645
v -32.321209 2.733901 -31.449856
v -32.727219 2.707361 -31.480297
v -32.321209 2.707361 -31.480297
v -32.727219 2.686259 -31.480297
v -32.321209 2.686259 -31.480297
v -32.246670 2.707361 -31.480297
v -32.246670 2.686259 -31.480297
v -32.321209 0.000022 -31.480297
v -32.727219 0.000022 -31.480297
v -32.835667 0.000022 -31.480297
v -32.835663 2.686259 -31.480297
v -32.727219 2.707361 -31.480297
v -32.835663 2.707361 -31.480297
v -32.835663 2.736340 -31.447056
v -32.835663 3.418699 -30.664312
v -32.835663 3.443042 -30.636389
v -32.727219 3.443042 -30.636389
v -32.835663 3.492727 -30.636391
v -32.727207 17.395119 -30.637257
v -32.835663 17.471329 -30.637257
v -32.246670 0.000022 -31.480297
v -32.835663 17.548761 -30.637268
v -32.727219 17.478479 -30.637268
v -32.835663 17.471329 -30.637257
v -32.321205 17.215357 -30.637268
v -32.321205 17.135475 -30.637257
v -32.246674 17.080429 -30.637257
v -32.246670 3.491271 -30.636391
v -32.321209 3.443043 -30.636389
v -32.246670 3.443043 -30.636389
v -32.246670 3.418700 -30.664312
v -32.246670 2.733547 -31.450260
v -32.321209 2.707361 -31.480297
v -32.246666 17.167051 -30.637268
v -32.246674 17.080429 -30.637257
v -32.321209 14.352793 -37.265976
v -32.246670 14.332528 -37.202515
v -32.321209 14.395301 -37.168144
v -32.246670 14.374620 -37.105717
v -32.246674 14.301627 -37.105713
v -32.246670 14.261138 -37.202515
v -32.246670 0.000022 -37.105713
v -32.246670 0.000022 -37.202511
v -32.727219 14.463167 -37.611641
v -32.727219 14.507944 -37.508202
v -32.727219 17.441591 -30.722424
v -32.321205 17.180008 -30.719130
v -32.246666 17.131630 -30.719524
v -32.246670 17.048590 -30.714157
v -32.246670 3.443024 -30.683853
v -32.246674 2.713759 -31.530323
v -32.246674 0.000022 -31.532162
v -32.246670 2.686259 -31.480297
v -32.246670 0.000022 -31.480297
v -32.246674 17.080429 -30.637257
v -32.246666 17.131630 -30.719524
v -32.246666 17.167051 -30.637268
v -32.321205 17.215357 -30.637268
v -32.727219 17.478479 -30.637268
v -32.835663 17.511782 -30.723537
v -32.835663 17.548761 -30.637268
v -32.835663 14.551005 -37.599030
v -32.727219 14.507944 -37.508202
v -32.835663 17.511782 -30.723537
v -32.835663 14.505817 -37.703972
v -32.727219 14.463167 -37.611641
v -32.727219 14.507944 -37.508202
v -47.905304 43.608231 -44.529388
v -53.073586 43.607925 -44.170845
v -47.905300 43.796841 -44.477737
v -53.090523 43.796841 -44.120060
v -47.905041 69.824257 -37.073296
v -55.982735 69.845436 -36.864525
v -52.969852 10.930626 -43.375538
v -52.877159 10.930603 -43.557911
v -52.978668 12.471395 -43.382107
v -52.877159 12.665246 -43.557777
v -52.877159 9.811556 -44.246304
v -52.877159 10.213615 -43.718391
v -52.970512 9.694210 -44.145332
v -52.970512 10.135396 -43.550358
v -52.541698 9.380907 -45.212219
v -52.803886 9.521940 -44.872475
v -52.633141 9.257226 -45.160595
v -52.897240 9.397401 -44.819302
v -52.979935 9.521940 -44.872475
v -52.714348 9.380907 -45.212219
v -52.897240 9.397401 -44.819302
v -52.633141 9.257226 -45.160595
v -56.600883 70.057076 -38.553776
v -56.625153 70.057076 -37.223305
v -55.161156 56.636501 -42.093845
v -39.905071 26.274874 -57.185513
v -38.675854 22.766506 -53.692650
v -39.876904 26.319475 -57.107136
v -38.638493 22.822384 -53.589386
v -38.642418 22.671078 -53.597645
v -38.604885 22.727478 -53.493919
v -39.905071 26.397709 -57.185402
v -39.905071 26.274874 -57.185513
v -39.867897 37.050716 -57.072464
v -39.706341 37.115875 -56.623344
v -39.706108 37.286533 -56.622700
v -39.868084 36.879803 -57.072990
v -39.905071 36.996532 -57.175812
v -39.905071 36.825634 -57.175812
v -39.905071 26.397709 -57.185402
v -39.718334 26.573044 -56.665966
v -38.521648 22.998178 -53.266449
v -38.604885 22.727478 -53.493919
v -38.489220 22.901278 -53.174297
v -39.671398 37.166874 -56.526203
v -39.706108 37.286533 -56.622700
v -39.671158 37.337482 -56.525536
v -39.581696 37.297798 -56.276836
v -39.671158 37.337482 -56.525536
v -39.583721 37.464905 -56.282467
v -39.531658 37.540771 -56.137733
v -39.583721 37.464905 -56.282467
v -39.529652 37.373760 -56.132149
v -39.528900 26.875973 -56.138920
v -38.361347 23.239359 -52.823402
v -35.690247 33.014492 -45.458805
v -35.704105 42.957340 -45.497219
v -39.531658 37.540771 -56.137733
v -35.703388 43.120838 -45.495228
v -35.640984 33.093273 -45.321735
v -35.640354 43.050373 -45.319992
v -34.573437 28.785126 -42.353622
v -38.329750 23.140900 -52.733627
v -34.580486 28.927822 -42.373581
v -34.552258 28.816946 -42.295101
v -34.536659 28.899500 -42.251736
v -33.761383 33.002537 -40.096485
v -33.818214 33.002327 -40.254482
v -34.536659 28.899500 -42.251736
v -35.640984 33.093273 -45.321735
v -33.801201 33.093273 -40.207184
v -33.744236 33.093269 -40.048824
v -33.801201 33.093273 -40.207184
v -33.761383 33.002537 -40.096485
v -35.640354 43.050373 -45.319992
v -35.703388 43.120838 -45.495228
v -35.640343 43.212734 -45.319962
v -33.003540 15.620638 -45.694775
v -32.924992 15.442949 -45.706829
v -33.092850 15.502600 -45.577312
v -32.835663 15.561256 -45.824417
v -33.003540 15.750284 -45.823940
v -32.835663 15.690441 -45.953369
v -33.034065 20.754961 -50.928562
v -32.835663 15.690441 -45.953369
v -32.835667 20.849117 -51.075928
v -35.039944 13.104926 -43.191082
v -33.092850 15.502600 -45.577312
v -34.743591 13.034617 -43.313049
v -32.944744 20.989122 -51.215809
v -33.034065 20.857162 -51.030518
v -33.143139 20.895138 -51.068577
v -32.835663 20.951141 -51.177742
v -33.034065 20.754961 -50.928562
v -38.662647 22.739080 -52.877415
v -38.379047 22.862898 -53.135876
v -33.143139 20.895138 -51.068577
v -38.489220 22.901278 -53.174297
v -38.379047 22.862898 -53.135876
v -38.772755 22.777414 -52.915836
v -38.806362 22.872320 -53.011303
v -38.521648 22.998178 -53.266449
v -39.906624 26.598455 -56.621750
v -39.718334 26.573044 -56.665966
v -33.034065 21.089380 -50.727505
v -32.944752 21.309288 -50.798038
v -33.143143 21.127359 -50.765572
v -32.835663 21.271305 -50.759975
v -32.835663 21.169535 -50.658348
v -33.034065 20.987360 -50.625690
v -33.003540 15.911041 -45.473206
v -32.835663 16.008886 -45.258598
v -33.034065 20.987360 -50.625690
v -38.219494 23.102455 -52.695198
v -33.143143 21.127359 -50.765572
v -38.546921 22.912344 -52.555943
v -38.219494 23.102455 -52.695198
v -38.329750 23.140900 -52.733627
v -38.657089 22.951214 -52.596214
v -38.689522 23.048115 -52.688366
v -38.361347 23.239359 -52.823402
v -38.361347 23.239359 -52.823402
v -39.755844 26.839579 -56.202236
v -39.528900 26.875973 -56.138920
v -33.003540 15.781855 -45.344254
v -32.835663 16.008886 -45.258598
v -32.835663 15.880611 -45.130062
v -32.925026 15.761769 -45.012230
v -33.092865 15.663547 -45.226669
v -34.744274 13.343003 -42.613758
v -32.925026 15.761769 -45.012230
v -34.962486 13.287200 -42.865345
v -49.595276 56.603600 -23.843573
v -49.688122 56.595516 -23.938677
v -49.688122 56.698071 -23.938677
v -49.595276 56.501472 -23.843573
v -49.463230 56.501472 -23.843573
v -49.463230 56.603600 -23.843573
v -49.555687 56.698067 -23.938677
v -47.922947 56.698036 -23.938677
v -51.065086 60.083897 -27.347256
v -50.883076 60.083897 -27.347256
v -47.758305 56.698036 -23.938677
v -50.883076 60.222622 -27.487289
v -50.883076 60.083897 -27.347256
v -50.147896 60.083897 -27.347256
v -50.147896 60.222622 -27.487289
v -55.871338 69.763252 -36.823425
v -56.604660 69.907997 -36.965069
v -56.693756 69.798561 -36.858574
v -56.693352 69.907997 -36.965069
v -56.611794 69.772041 -36.832020
v -55.958172 69.907997 -36.965069
v -56.595795 66.073235 -33.212429
v -53.016438 60.222622 -27.487289
v -53.016479 60.083897 -27.347256
v -53.145782 60.083897 -27.347256
v -53.016438 60.222622 -27.487289
v -52.909504 59.968262 -27.238331
v -52.909504 59.848656 -27.238331
v -53.016479 59.963772 -27.347260
v -53.145782 59.963772 -27.347260
v -53.016438 60.222622 -27.487289
v -52.909504 59.968262 -27.238331
v -49.688122 56.698071 -23.938677
v -56.611794 69.772041 -36.832020
v -56.672523 66.058716 -33.219223
v -56.595795 66.073235 -33.212429
v -56.672523 60.168530 -27.434170
v -56.672523 66.058716 -33.219223
v -56.570263 60.170612 -27.436218
v -56.570267 59.966106 -27.347260
v -53.145782 60.083897 -27.347256
v -56.570267 33.989113 -27.347900
v -56.672523 33.989113 -27.347900
v -56.672523 59.966206 -27.347260
v -56.672523 60.168530 -27.434170
v -56.570267 60.083897 -27.347256
v -56.672523 60.083897 -27.347256
v -56.672523 59.966206 -27.347260
v -56.570263 60.170612 -27.436218
v -56.672523 33.895855 -27.347900
v -56.672523 33.989113 -27.347900
v -56.592400 33.895855 -27.347900
v -56.592400 33.895855 -27.347900
v -53.145782 33.895855 -27.347900
v -53.145782 33.986153 -27.347900
v -53.016479 59.963772 -27.347260
v -53.016479 33.992302 -27.347898
v -52.909504 33.984413 -27.238327
v -49.688122 26.778490 -23.938671
v -49.595276 26.816359 -23.843567
v -49.463409 26.816359 -23.843567
v -47.835304 56.501472 -23.843573
v -47.835293 56.603600 -23.843573
v -47.758305 56.698036 -23.938677
v -47.671135 56.603600 -23.843573
v -47.671150 56.502892 -23.843573
v -53.016479 33.895855 -27.347900
v -52.909504 25.464651 -27.238327
v -49.688122 26.676464 -23.938671
v -49.595276 26.714890 -23.843567
v -49.595276 26.816359 -23.843567
v -49.463409 26.714890 -23.843567
v -52.909504 25.343269 -27.238327
v -53.016479 25.421021 -27.347900
v -49.463409 26.714890 -23.843567
v -47.837662 26.714890 -23.843567
v -47.837662 26.816359 -23.843567
v -47.673725 26.816359 -23.843567
v -47.673725 26.714890 -23.843567
v -47.837662 26.714890 -23.843567
v -47.671150 56.502892 -23.843573
v -52.909504 25.343269 -27.238327
v -53.016479 25.421021 -27.347900
v -53.016479 25.298998 -27.347900
v -53.053207 9.811555 -44.246300
v -52.970512 9.694210 -44.145332
v -53.053207 10.213614 -43.718384
v -52.970512 10.135396 -43.550358
v -48.395691 7.210594 -50.440414
v -48.333408 7.144060 -50.372505
v -48.395691 7.269182 -50.299274
v -48.333408 7.219811 -50.181786
v -48.395691 7.425185 -49.923473
v -48.333408 7.338818 -49.882156
v -55.982735 69.845436 -36.864525
v -56.625153 69.842201 -36.864525
v -56.474564 69.809837 -36.829338
v -56.625153 69.842201 -36.864525
v -56.625153 69.809837 -36.829338
v -55.806419 3.655736 -37.723206
v -55.678452 3.655736 -37.621487
v -55.806431 3.359683 -38.781456
v -53.272339 43.244606 -45.027168
v -53.306175 43.295727 -44.929817
v -53.395935 43.244606 -45.027168
v -53.892750 43.295727 -44.929817
v -53.464668 43.575882 -44.378685
v -54.050613 43.575882 -44.378685
v -53.995781 43.295727 -44.929817
v -53.962723 43.244606 -45.027168
v -53.860672 43.244606 -45.027168
v -54.182934 43.575882 -44.378685
v -56.625153 70.057076 -37.223305
v -56.600883 70.057076 -38.553776
v -56.625153 82.155586 -37.223415
v -56.600883 84.355499 -38.587746
v -56.600883 84.355499 -38.587746
v -56.625153 82.299820 -37.073318
v -56.576080 84.440506 -38.590889
v -55.982735 82.299820 -37.071796
v -55.982735 82.155586 -37.195335
v -56.625153 82.299820 -37.073318
v -56.625153 82.155586 -37.223415
v -55.982819 70.057068 -37.195221
v -56.625153 70.057076 -37.223305
v -55.982735 82.155586 -37.195335
v -56.625153 82.155586 -37.223415
v -55.982735 82.155586 -36.864525
v -55.982735 82.299820 -37.071796
v -56.625153 82.155586 -36.864525
v -56.625153 82.299820 -37.073318
v -55.982819 70.057068 -37.195221
v -53.627644 43.738083 -44.595860
v -56.625153 70.057076 -37.223305
v -53.048645 43.738083 -44.595875
v -53.610268 43.546707 -44.647179
v -53.022884 43.542648 -44.654953
v -53.995308 33.895851 -44.931213
v -53.872707 33.895851 -44.931213
v -53.962105 33.895851 -45.027168
v -53.834373 33.895851 -45.027168
v -53.251331 33.895847 -44.931213
v -53.271156 33.895847 -45.027168
v -52.870041 33.895855 -27.461628
v -53.173500 33.895847 -44.931213
v -53.203152 33.895847 -45.027168
v -53.271156 33.895847 -45.027168
v -53.995308 33.895851 -44.931213
v -54.155750 33.895851 -44.458729
v -54.113098 33.895851 -44.180798
v -56.613132 33.895855 -31.057365
v -53.016445 33.895855 -27.457491
v -52.870071 33.895855 -27.347900
v -53.016479 33.895855 -27.347900
v -54.192024 33.895851 -44.351906
v -54.249615 33.895851 -44.180798
v -53.016479 33.895855 -27.347900
v -53.145782 33.895855 -27.347900
v -56.604729 33.895855 -27.445816
v -56.672523 33.895855 -31.057480
v -56.592400 33.895855 -27.347900
v -56.672523 33.895855 -27.445480
v -56.672523 33.895855 -27.347900
v -56.592400 33.895855 -27.347900
v -56.707527 33.895855 -31.127056
v -56.672523 33.895855 -31.057480
v -56.953423 33.895855 -31.127056
v -56.953423 33.895855 -31.057480
v -56.672523 33.895855 -31.057480
v -56.638195 33.895851 -41.828163
v -56.637974 33.895851 -41.732765
v -54.249615 33.895851 -44.180798
v -56.632839 33.895851 -39.526230
v -56.707527 33.895851 -39.420238
v -56.953423 33.895851 -39.420238
v -57.022392 33.895855 -31.127056
v -57.022392 33.895855 -31.057480
v -56.953423 33.895855 -31.057480
v -56.672523 33.895851 -39.539043
v -56.953423 33.895851 -39.539043
v -57.022392 33.895851 -39.420238
v -56.672523 33.895851 -39.539043
v -56.672523 33.895851 -41.666924
v -56.672523 33.895851 -39.539043
v -57.022392 33.895851 -39.539043
v -56.953423 33.895851 -39.539043
v -57.022392 33.895851 -39.420238
v -33.701767 15.044768 -38.702641
v -33.701767 15.323015 -37.852028
v -33.701767 15.440940 -37.852028
v -33.701767 14.926802 -38.702629
v -33.701756 15.008059 -38.781456
v -33.701771 14.890089 -38.781445
v -33.661514 14.991144 -38.817772
v -33.661526 14.873173 -38.817760
v -33.482929 14.798097 -38.978931
v -33.482929 3.675680 -38.978928
v -33.661514 14.991144 -38.817772
v -33.410320 14.885569 -39.044456
v -32.937847 14.686988 -39.470825
v -32.990162 14.590962 -39.423615
v -33.380783 14.873154 -39.071110
v -33.421844 14.772422 -39.034054
v -32.990158 4.130146 -39.423615
v -33.421844 3.732014 -39.034050
v -32.990162 4.025474 -39.423615
v -33.656174 3.402427 -38.822590
v -33.661514 3.510966 -38.817772
v -33.701771 14.890089 -38.781445
v -33.701756 3.473849 -38.781456
v -33.701767 3.496006 -38.701050
v -33.701767 3.735118 -37.852421
v -33.701767 3.771528 -37.723198
v -33.701767 15.383348 -37.722507
v -33.829735 15.430727 -37.620789
v -33.829735 3.655736 -37.621490
v -33.701767 3.655736 -37.723206
v -33.701767 3.619524 -37.852425
v -33.701767 3.619524 -37.852425
v -33.701756 3.359683 -38.781456
v -33.701756 3.473849 -38.781456
v -33.656174 3.402427 -38.822590
v -33.701767 15.501266 -37.722500
v -33.701767 15.440940 -37.852028
v -33.701767 15.383348 -37.722507
v -56.353558 70.057076 -39.245865
v -56.328751 84.341278 -39.282990
v -55.938667 70.057076 -38.966194
v -55.938667 84.355499 -38.966198
v -56.533913 70.057076 -38.724281
v -55.938667 70.057076 -38.966194
v -56.509098 84.341286 -38.761402
v -55.938667 84.355499 -38.966198
v -33.482929 14.798097 -38.978931
v -33.421844 14.772422 -39.034054
v -33.530426 14.752546 -39.076721
v -36.527267 12.864526 -43.383781
v -36.528584 12.634769 -43.382805
v -36.454979 12.783495 -43.557766
v -36.454979 12.665246 -43.557777
v -36.529320 12.505718 -43.382252
v -36.454979 10.930602 -43.557903
v -36.538334 10.930626 -43.375538
v -56.328751 84.341278 -39.282990
v -56.509098 84.341286 -38.761402
v -55.938667 84.355499 -38.966198
v -33.651417 1.625075 -44.901699
v -33.103851 1.960778 -45.158314
v -33.104576 1.947670 -45.194725
v -33.651451 1.638357 -44.856262
v -33.702034 1.595216 -44.874577
v -33.702034 1.608409 -44.829002
v -33.763931 1.606405 -44.835773
v -33.763573 1.595228 -44.874565
v -33.651451 1.638357 -44.856262
v -32.991474 4.002130 -39.488083
v -33.656044 3.387121 -38.873344
v -32.991474 4.002130 -39.488083
v -32.990162 4.025474 -39.423615
v -33.656174 3.402427 -38.822590
v -33.701771 3.345630 -38.828205
v -33.656174 3.402427 -38.822590
v -33.701756 3.359683 -38.781456
v -33.702034 1.608409 -44.829002
v -33.656044 3.387121 -38.873344
v -33.763931 1.606405 -44.835773
v -33.829735 3.655736 -37.621490
v -33.701767 3.619524 -37.852425
v -33.104500 1.912832 -45.194752
v -33.651417 1.625075 -44.901699
v -33.104576 1.947670 -45.194725
v -33.651455 1.596563 -44.901646
v -33.102318 0.000020 -45.195549
v -33.652557 0.000020 -44.900005
v -33.702080 1.567288 -44.874516
v -33.703491 0.000020 -44.872650
v -33.765022 0.000020 -44.872650
v -33.763618 1.567301 -44.874504
v -33.763573 1.595228 -44.874565
v -33.702080 1.567288 -44.874516
v -33.702034 1.595216 -44.874577
v -32.990162 14.590962 -39.423615
v -32.950386 14.574242 -39.459511
v -33.042187 14.555689 -39.499340
v -32.951004 10.213596 -43.718189
v -32.951004 10.930592 -43.557774
v -36.454979 10.213614 -43.718384
v -36.454979 10.930602 -43.557903
v -32.951004 12.665251 -43.557766
v -36.454979 12.665246 -43.557777
v -36.454979 12.783495 -43.557766
v -32.951004 12.783495 -43.557766
v -32.835663 12.783493 -43.557766
v -32.835663 12.665251 -43.557766
v -32.835663 10.213596 -43.718182
v -32.835663 10.930591 -43.557766
v -32.951004 10.213596 -43.718189
v -32.951004 10.930592 -43.557774
v -32.835663 12.665251 -43.557766
v -33.482929 3.675680 -38.978928
v -33.482929 14.798097 -38.978931
v -33.526623 3.748733 -39.085243
v -33.530426 14.752546 -39.076721
v -33.526623 3.748733 -39.085243
v -33.530426 14.752546 -39.076721
v -33.421844 3.732014 -39.034050
v -33.421844 14.772422 -39.034054
v -32.835663 92.483864 -30.753477
v -33.136566 92.469666 -30.792667
v -32.810860 92.469658 -30.863146
v -56.672523 0.000020 -45.549728
v -56.672523 1.069499 -45.549732
v -56.672523 0.000020 -45.513187
v -56.672523 1.130458 -45.509216
v -56.672523 3.975171 -50.299274
v -56.672523 4.068390 -50.299274
v -56.672523 7.172221 -50.299274
v -56.672523 7.269171 -50.299278
v -56.672523 9.380416 -45.212448
v -56.672523 9.521940 -44.872467
v -56.672523 9.640010 -44.615849
v -56.672523 9.811548 -44.246201
v -56.672523 10.213596 -43.718182
v -56.672523 4.154955 -50.440414
v -56.672523 7.114955 -50.440414
v -56.672523 7.210594 -50.440414
v -56.672523 7.114955 -50.440414
v -56.672523 0.000020 -45.399227
v -56.672523 2.126955 -45.357574
v -56.672523 0.000020 -45.357574
v -56.654186 0.000020 -45.328922
v -57.186977 2.707361 -31.480297
v -57.261517 2.733547 -31.450260
v -57.186977 2.733901 -31.449856
v -57.261517 2.707361 -31.480297
v -57.186977 2.686259 -31.480297
v -57.261517 2.686259 -31.480297
v -57.261517 2.733547 -31.450260
v -57.261517 3.418700 -30.664312
v -57.186977 3.443043 -30.636389
v -57.261517 3.491271 -30.636391
v -57.186977 3.491466 -30.636391
v -57.261517 3.443043 -30.636389
v -57.186977 3.418700 -30.664312
v -56.780968 2.735826 -31.447645
v -56.780968 2.707361 -31.480297
v -57.186977 2.707361 -31.480297
v -56.780968 2.686259 -31.480297
v -57.186977 0.000022 -31.480297
v -57.261517 0.000022 -31.480297
v -56.780968 0.000022 -31.480297
v -56.672523 0.000022 -31.480297
v -56.672523 2.686259 -31.480297
v -56.780968 2.707361 -31.480297
v -56.672523 2.707361 -31.480297
v -56.672523 2.736341 -31.447056
v -56.780968 3.418699 -30.664312
v -56.780968 3.443042 -30.636389
v -57.186977 3.443043 -30.636389
v -56.780968 3.492534 -30.636391
v -57.186981 17.135473 -30.637257
v -56.780979 17.395119 -30.637257
v -56.672523 3.418699 -30.664312
v -56.672523 17.471329 -30.637257
v -56.672523 3.492727 -30.636391
v -57.261517 3.491271 -30.636391
v -57.261513 17.080427 -30.637257
v -56.672523 3.492727 -30.636391
v -56.672523 3.443042 -30.636389
v -56.780968 3.443042 -30.636389
v -56.672523 3.418699 -30.664312
v -56.672523 17.548761 -30.637268
v -56.672523 17.471329 -30.637257
v -56.780968 17.478479 -30.637268
v -57.186981 17.215357 -30.637268
v -57.261520 17.167051 -30.637268
v -57.261513 17.080427 -30.637257
v -56.672523 92.483864 -30.753475
v -56.672523 87.142380 -32.411419
v -56.647717 92.469658 -30.863146
v -56.672523 87.142380 -32.514137
v -56.672523 87.142380 -32.514137
v -56.672523 87.142380 -32.411419
v -56.112926 86.980247 -32.507385
v -56.112331 86.980247 -32.411419
v -56.112331 86.980247 -32.411419
v -56.672523 87.142380 -32.411419
v -56.322010 92.469658 -30.792667
v -56.672523 92.483864 -30.753475
v -32.990158 4.130146 -39.423615
v -32.950386 4.166828 -39.459507
v -33.041695 4.098428 -39.498386
v -32.950386 14.574242 -39.459511
v -33.042187 14.555689 -39.499340
v -32.990162 14.590962 -39.423615
v -56.672523 86.928818 -31.510515
v -56.112331 86.980247 -32.411419
v -56.672523 87.241219 -31.229309
v -56.322010 92.469658 -30.792667
v -56.672523 92.483864 -29.951918
v -57.261517 2.707361 -31.480297
v -57.261517 2.686259 -31.480297
v -57.261517 2.713759 -31.530323
v -57.261517 2.733547 -31.450260
v -57.261517 0.000022 -31.480297
v -57.261517 0.000022 -31.532162
v -57.261517 0.000021 -37.105713
v -57.261517 14.301627 -37.105713
v -57.261517 14.261138 -37.202515
v -57.261517 0.000021 -37.202511
v -57.261517 14.332528 -37.202515
v -57.261517 14.374621 -37.105713
v -57.186977 14.395301 -37.168144
v -57.186977 14.352792 -37.265972
v -56.780968 14.463166 -37.611641
v -56.780968 14.507944 -37.508198
v -56.780968 17.438610 -30.729313
v -57.186981 17.178703 -30.722153
v -57.261520 17.131630 -30.719524
v -57.261520 17.048590 -30.714155
v -57.261517 3.443024 -30.683851
v -57.261517 2.733547 -31.450260
v -57.261517 3.418700 -30.664312
v -57.261517 3.443043 -30.636389
v -57.261517 3.491271 -30.636391
v -57.261517 3.491271 -30.636391
v -57.261513 17.080427 -30.637257
v -57.261520 17.131630 -30.719524
v -57.261513 17.080427 -30.637257
v -57.261520 17.167051 -30.637268
v -57.186981 17.215357 -30.637268
v -56.780968 17.478479 -30.637268
v -56.672520 17.509657 -30.728500
v -56.672523 17.548761 -30.637268
v -39.890575 26.121946 -56.519829
v -40.042927 26.067921 -56.979477
v -40.110592 26.110470 -57.021835
v -41.439480 27.111494 -57.505009
v -41.544163 27.011843 -57.919224
v -41.627567 27.064283 -57.971436
v -56.625153 69.923645 -36.864525
v -56.625153 69.842201 -36.864525
v -55.982735 69.845436 -36.864525
v -55.982735 82.155586 -36.864525
v -56.625153 82.155586 -36.864525
v -56.672523 78.481110 -27.347260
v -56.561943 78.481110 -27.238335
v -56.510963 78.481110 -27.347260
v -56.672523 78.481110 -27.436222
v -56.672523 78.481110 -28.995375
v -56.672523 78.481110 -27.436222
v -56.510963 78.481110 -28.995375
v -32.997223 78.481110 -28.995375
v -32.997223 78.481110 -27.347258
v -35.240425 78.481110 -25.127729
v -35.088852 78.481110 -25.127729
v -32.835663 78.481110 -27.436220
v -32.946239 78.481110 -27.238333
v -32.835663 78.481110 -28.995375
v -54.419334 78.481110 -25.127729
v -56.561943 78.481110 -27.238335
v -54.267761 78.481110 -25.127729
v -35.357555 78.481110 -25.012798
v -54.150631 78.481110 -25.012796
v -35.088852 78.481110 -25.127729
v -35.205528 78.481102 -25.012796
v -35.357555 78.481110 -25.012798
v -54.302658 78.481110 -25.012796
v -54.419334 78.481110 -25.127729
v -54.150631 78.481110 -25.012796
v -32.835663 78.481110 -27.347256
v -32.835663 78.481110 -27.436220
v -32.946239 78.481110 -27.238333
v -56.672523 86.818481 -32.411419
v -56.112331 86.980247 -32.411419
v -56.672523 86.831429 -32.041328
v -56.672523 86.928818 -31.510515
v -33.421844 3.732014 -39.034050
v -33.482929 3.675680 -38.978928
v -33.526623 3.748733 -39.085243
v -32.835663 61.716518 -27.436218
v -32.835663 60.241913 -27.436218
v -32.800720 61.631996 -27.347336
v -32.800743 60.157604 -27.347366
v -32.835667 60.173214 -27.436218
v -32.800682 60.095314 -27.347286
v -32.835663 66.001846 -33.099091
v -32.835663 66.111145 -33.099091
v -32.835663 61.716518 -27.436218
v -32.835663 63.688896 -29.337502
v -32.835663 60.241913 -27.436218
v -32.835663 68.364838 -27.436220
v -32.835663 77.654572 -29.227135
v -32.835663 83.423828 -33.067791
v -32.835663 78.597099 -29.094164
v -32.835663 77.748253 -29.099884
v -32.835663 78.481110 -28.995375
v -32.835663 84.193024 -33.475979
v -32.835663 83.842674 -33.239220
v -32.835663 84.193024 -33.353230
v -32.835663 83.842674 -33.150848
v -32.835663 83.423828 -33.165058
v -32.835663 66.191818 -33.178196
v -32.835663 66.083298 -33.178196
v -32.835663 66.001846 -33.099091
v -33.002861 83.842674 -33.239223
v -32.994843 83.416039 -33.171989
v -33.002861 66.181000 -33.178196
v -33.002861 84.193024 -33.475983
v -33.002857 84.424942 -33.805378
v -32.872913 84.432861 -38.757717
v -32.835663 84.527077 -38.646297
v -32.872913 84.527061 -38.757717
v -32.835663 84.432869 -38.646297
v -32.835663 84.527077 -38.552326
v -32.835663 84.432869 -38.552326
v -32.835663 84.428833 -33.805378
v -32.835663 84.525810 -33.805378
v -32.835663 86.818481 -32.411419
v -32.835663 86.831429 -32.041328
v -32.835663 86.928833 -31.510515
v -32.835663 87.241219 -31.229309
v -32.835663 78.597099 -27.436220
v -32.835663 78.481110 -28.995375
v -32.835663 78.481110 -27.436220
v -32.835663 92.483864 -29.951916
v -32.835663 92.484009 -27.436222
v -32.835663 92.484009 -27.347260
v -32.835663 78.597099 -27.347256
v -32.835663 78.481110 -27.436220
v -32.835663 78.481110 -27.347256
v -32.835663 78.597099 -27.347256
v -56.505325 66.083298 -33.178196
v -56.504662 66.001846 -33.100533
v -56.171387 66.083298 -33.178196
v -47.907810 66.083298 -33.178196
v -56.038174 66.083298 -33.178196
v -47.907810 66.001846 -33.104187
v -56.672523 66.001846 -33.099091
v -56.672523 66.083298 -33.178196
v -56.505325 66.083298 -33.178196
v -56.505325 66.191818 -33.178196
v -56.672523 66.191818 -33.178196
v -41.241806 4.154955 -50.440414
v -41.112495 4.154955 -50.440414
v -41.190414 4.163724 -50.344051
v -33.109875 20.522686 -51.458748
v -33.001553 20.604504 -51.026775
v -33.110859 20.420389 -51.356903
v -33.158577 15.469478 -46.427876
v -33.065952 15.458171 -45.903187
v -33.158554 15.338476 -46.297451
v -32.800720 61.631996 -27.347336
v -32.800743 60.157604 -27.347366
v -32.946320 61.539398 -27.238434
v -32.946320 60.040741 -27.238440
v -32.800682 60.095314 -27.347286
v -32.946270 59.978348 -27.238371
v -33.308598 59.684814 -26.881388
v -33.308601 59.626320 -26.881388
v -33.308594 61.228882 -26.881388
v -32.946320 60.040741 -27.238440
v -32.946320 61.539398 -27.238434
v -56.506634 20.604506 -51.026775
v -56.398312 20.522688 -51.458752
v -56.397327 20.420389 -51.356903
v -56.349609 15.469478 -46.427876
v -56.442234 15.458171 -45.903187
v -56.349632 15.338476 -46.297451
v -41.174953 7.110555 -50.372185
v -41.241806 7.110446 -50.440414
v -41.190414 4.163724 -50.344051
v -41.241806 4.154955 -50.440414
v -41.241806 7.210593 -50.440414
v -41.241806 7.110446 -50.440414
v -41.174778 7.144060 -50.372505
v -41.112495 7.210594 -50.440414
v -41.174778 7.144060 -50.372505
v -41.112495 7.114061 -50.440414
v -41.174953 7.110555 -50.372185
v -41.190414 4.163724 -50.344051
v -41.112495 4.154955 -50.440414
v -32.835663 77.654572 -27.436220
v -32.835663 77.748238 -27.347260
v -32.835663 77.748253 -27.436222
v -32.835663 77.654564 -27.347260
v -32.835663 68.548210 -27.347258
v -32.835663 77.748253 -29.099884
v -32.897430 1.069499 -45.549732
v -32.835663 1.069499 -45.549732
v -32.897430 1.090647 -45.595711
v -32.835663 1.090654 -45.595726
v -56.199585 59.626320 -26.881386
v -56.006588 59.622696 -26.877764
v -56.207169 59.660740 -26.915819
v -35.243301 74.289581 -25.206842
v -35.280548 74.389053 -25.170401
v -35.162457 74.383026 -25.055222
v -35.215076 74.515289 -25.003387
v -35.276955 74.515312 -25.003389
v -35.371826 74.389053 -25.170401
v -54.231232 74.515320 -25.003387
v -54.151772 74.389053 -25.170401
v -54.227638 74.389053 -25.170401
v -54.293110 74.515289 -25.003387
v -54.345730 74.383026 -25.055222
v -54.283195 74.240662 -25.224762
v -56.385334 68.626198 -27.281591
v -56.561943 68.781494 -27.238335
v -54.283195 74.240662 -25.224762
v -33.128345 68.640869 -27.276218
v -35.243301 74.289581 -25.206842
v -32.946243 68.781494 -27.238331
v -53.731617 43.212742 -45.319962
v -53.867832 43.050373 -45.319992
v -53.867844 43.212742 -45.319962
v -53.731617 43.050373 -45.319992
v -35.776569 43.050373 -45.319992
v -35.776569 43.212742 -45.319962
v -35.640354 43.050373 -45.319992
v -35.640343 43.212734 -45.319962
v -53.867203 33.093273 -45.321735
v -53.867832 43.050373 -45.319992
v -53.731617 33.093273 -45.321735
v -35.776569 33.093273 -45.321735
v -35.640354 43.050373 -45.319992
v -35.640984 33.093273 -45.321735
v -36.875046 9.257227 -45.160595
v -36.966488 9.380907 -45.212219
v -40.888184 7.608089 -49.217793
v -40.956841 7.703282 -49.253544
v -40.888184 7.608089 -49.217793
v -40.824638 7.703284 -49.253544
v -36.875046 9.257227 -45.160595
v -36.793839 9.380907 -45.212219
v -41.241806 7.425185 -49.923473
v -41.174778 7.338818 -49.882156
v -41.170223 7.583479 -49.542149
v -41.103195 7.490537 -49.507111
v -41.174778 7.338818 -49.882156
v -41.112495 7.425185 -49.923473
v -41.103195 7.490537 -49.507111
v -41.040909 7.583478 -49.542149
v -36.610947 9.397402 -44.819302
v -36.528252 9.521940 -44.872475
v -36.537674 9.518491 -44.520432
v -36.454979 9.640773 -44.615547
v -36.537674 9.518491 -44.520432
v -36.631031 9.640773 -44.615551
v -36.610947 9.397402 -44.819302
v -36.704300 9.521940 -44.872475
v -41.103195 7.490537 -49.507111
v -41.040909 7.583478 -49.542149
v -40.888184 7.608089 -49.217793
v -40.824638 7.703284 -49.253544
v -40.888184 7.608089 -49.217793
v -40.956841 7.703282 -49.253544
v -41.103195 7.490537 -49.507111
v -41.170223 7.583479 -49.542149
v -36.537674 9.694209 -44.145329
v -36.537674 9.518491 -44.520432
v -36.454979 9.811555 -44.246300
v -36.454979 9.640773 -44.615547
v -36.537674 9.694209 -44.145329
v -36.631031 9.811555 -44.246304
v -36.537674 9.518491 -44.520432
v -36.631031 9.640773 -44.615551
v -36.537674 10.135394 -43.550358
v -36.454979 10.213614 -43.718384
v -36.538334 10.930626 -43.375538
v -36.454979 10.930602 -43.557903
v -36.631031 10.930603 -43.557911
v -36.631031 10.213614 -43.718391
v -36.538334 10.930626 -43.375538
v -36.537674 10.135394 -43.550358
v -36.485302 43.542648 -44.654953
v -36.434601 43.607922 -44.329578
v -36.459541 43.738083 -44.595875
v -36.417664 43.796841 -44.278793
v -33.525452 69.845436 -36.868717
v -33.525368 70.057068 -37.195221
v -36.417664 43.796841 -44.278793
v -41.602703 43.525360 -44.688431
v -41.602882 43.608231 -44.529392
v -36.485302 43.542648 -44.654953
v -36.434601 43.607922 -44.329578
v -33.104576 1.947670 -45.194725
v -33.114315 1.993727 -45.308174
v -33.104500 1.912832 -45.194752
v -33.115685 0.000005 -45.306683
v -33.102318 0.000020 -45.195549
v -54.750183 19.524912 -28.595657
v -54.646648 14.080379 -40.679890
v -54.763912 13.343002 -42.613758
v -54.646648 19.451834 -28.462158
v -54.749275 19.875814 -28.076626
v -54.646648 19.761238 -27.955399
v -54.646648 20.198769 -27.553070
v -54.749043 20.348154 -27.688030
v -54.646648 20.733274 -27.292374
v -54.749451 20.872152 -27.466301
v -54.646648 21.321552 -27.201351
v -54.750397 21.471119 -27.365383
v -56.672523 23.503004 -30.663097
v -56.672523 22.975416 -30.997572
v -56.672523 23.578630 -30.746979
v -56.672523 28.075031 -41.660820
v -56.672523 22.473770 -31.397003
v -56.672523 28.029415 -41.718239
v -56.672523 22.129679 -31.904482
v -56.672523 16.008886 -45.258598
v -56.672523 15.880611 -45.130062
v -56.672523 21.997356 -31.830845
v -56.583164 15.761769 -45.012234
v -56.582520 21.881601 -31.679379
v -56.672523 22.362284 -31.307482
v -56.582478 22.245871 -31.156219
v -56.582466 22.770144 -30.751959
v -54.749275 19.875814 -28.076626
v -54.749451 20.872152 -27.466301
v -56.582485 23.379833 -30.513430
v -54.750397 21.471119 -27.365383
v -56.672523 22.889105 -30.902452
v -54.750183 19.524912 -28.595657
v -56.582520 21.881601 -31.679379
v -54.763912 13.343002 -42.613758
v -56.582531 23.975252 -30.424191
v -56.672523 24.098249 -30.574432
v -56.672523 24.156683 -30.685925
v -56.672523 28.161911 -41.622730
v -56.672523 26.218851 -33.238647
v -56.672523 32.997669 -39.563198
v -56.672523 32.685925 -33.233044
v -56.672523 33.026867 -30.629448
v -56.672523 32.685928 -30.629448
v -56.672523 32.685928 -30.555670
v -56.672523 33.027111 -30.555670
v -56.672523 33.093277 -30.629448
v -56.672523 33.093277 -30.555670
v -56.672523 26.218742 -30.555668
v -56.672523 26.218746 -30.668007
v -56.672523 32.998089 -39.661228
v -56.672523 28.236763 -41.746166
v -56.672523 28.150152 -41.784092
v -56.672523 28.236763 -41.746166
v -56.672523 28.107634 -41.839573
v -56.672523 33.093277 -30.629448
v -56.672523 33.093273 -39.522480
v -56.672523 33.093273 -39.619549
v -56.672523 32.998089 -39.661228
v -56.672523 21.271305 -50.759972
v -56.672523 28.107634 -41.839573
v -56.672523 21.169535 -50.658348
v -33.300915 66.072891 -33.173134
v -33.306091 66.096367 -33.192513
v -41.599716 66.083298 -33.178196
v -32.835663 20.541256 -51.477238
v -32.835663 20.718922 -51.480755
v -32.835663 20.643559 -51.579086
v -32.835663 20.616722 -51.378799
v -32.835663 15.471865 -46.430252
v -32.835663 15.529685 -46.304100
v -32.835663 15.342052 -46.301010
v -32.835663 15.400039 -46.174934
v -32.924969 15.224110 -46.183594
v -32.924976 15.282001 -46.057472
v -34.743118 12.822946 -43.793037
v -34.743244 12.878940 -43.666065
v -34.802353 12.733966 -43.704453
v -34.804840 12.790595 -43.577240
v -32.835663 20.718922 -51.480755
v -32.835663 20.951141 -51.177742
v -32.835667 20.849117 -51.075928
v -32.835663 15.690441 -45.953369
v -32.835663 15.400039 -46.174934
v -32.835663 15.561256 -45.824417
v -32.924992 15.442949 -45.706829
v -34.743591 13.034617 -43.313049
v -34.804840 12.790595 -43.577240
v -34.817497 13.078473 -42.930557
v -34.743729 13.097692 -43.170025
v -34.744122 13.273800 -42.774059
v -34.820366 13.143744 -42.787312
v -34.744274 13.343003 -42.613758
v -34.861538 14.080379 -40.679886
v -34.758003 19.524912 -28.595657
v -34.861538 19.451834 -28.462158
v -34.758911 19.875813 -28.076630
v -34.861542 19.761238 -27.955400
v -34.861542 20.198767 -27.553074
v -34.759148 20.348150 -27.688034
v -34.861542 20.733271 -27.292376
v -34.758743 20.872149 -27.466305
v -34.861538 21.321552 -27.201349
v -34.757790 21.471119 -27.365383
v -32.925720 22.770145 -30.751959
v -34.758911 19.875813 -28.076630
v -32.925709 22.245867 -31.156219
v -34.758003 19.524912 -28.595657
v -32.925667 21.881601 -31.679379
v -34.744274 13.343003 -42.613758
v -32.925026 15.761769 -45.012230
v -32.835663 28.107635 -41.839573
v -32.835663 28.029415 -41.718239
v -32.835663 28.150156 -41.784092
v -32.835663 28.075031 -41.660820
v -32.835663 28.161909 -41.622730
v -32.835663 23.578630 -30.746979
v -32.835663 22.975416 -30.997572
v -32.835663 23.503002 -30.663097
v -32.835663 22.889105 -30.902452
v -32.925701 23.379833 -30.513430
v -32.835663 22.362284 -31.307482
v -32.925667 21.881601 -31.679379
v -32.835663 21.997356 -31.830845
v -32.835663 15.880611 -45.130062
v -32.835663 22.129679 -31.904482
v -32.835663 16.008886 -45.258598
v -32.835663 21.169535 -50.658348
v -32.835663 28.107635 -41.839573
v -32.835663 21.271305 -50.759975
v -32.835663 22.473770 -31.397003
v -32.835663 32.997669 -39.563198
v -32.835663 32.998089 -39.661228
v -32.835663 28.236763 -41.746166
v -32.835663 28.236763 -41.746166
v -32.835663 33.093273 -39.522480
v -32.835663 33.026867 -30.629448
v -32.835663 33.093277 -30.629448
v -32.835663 33.093273 -39.619549
v -32.835663 32.998089 -39.661228
v -32.835663 33.093277 -30.555670
v -32.835663 33.093277 -30.629448
v -32.835663 33.027107 -30.555670
v -32.835667 32.685925 -30.555670
v -32.835663 32.685928 -30.629448
v -32.835663 32.685925 -33.233044
v -32.835663 26.218851 -33.238647
v -32.835663 24.156683 -30.685925
v -32.835663 24.098248 -30.574432
v -32.925655 23.975250 -30.424191
v -34.757790 21.471119 -27.365383
v -34.758743 20.872149 -27.466305
v -32.835663 26.218746 -30.668007
v -32.835663 26.218739 -30.555668
v -38.219494 23.102455 -52.695198
v -32.944752 21.309288 -50.798038
v -34.463184 28.742292 -42.320801
v -32.944893 28.150055 -41.872093
v -32.835663 21.271305 -50.759975
v -32.835663 28.107635 -41.839573
v -33.761383 33.002537 -40.096485
v -33.650242 33.002495 -40.044006
v -33.744236 33.093269 -40.048824
v -33.633244 33.093273 -39.996384
v -32.945602 32.998081 -39.713165
v -34.426529 28.856714 -42.218945
v -32.944904 28.279196 -41.778694
v -34.441994 28.774109 -42.262283
v -32.944893 28.192575 -41.816616
v -34.552258 28.816946 -42.295101
v -34.573437 28.785126 -42.353622
v -38.329750 23.140900 -52.733627
v -34.536659 28.899500 -42.251736
v -32.945614 33.093273 -39.671497
v -34.536659 28.899500 -42.251736
v -33.761383 33.002537 -40.096485
v -32.835663 32.998089 -39.661228
v -32.835663 28.236763 -41.746166
v -32.835663 32.998089 -39.661228
v -32.945614 33.093273 -39.671497
v -32.835663 33.093273 -39.619549
v -32.944893 28.192575 -41.816616
v -32.835663 28.236763 -41.746166
v -32.835663 28.150156 -41.784092
v -32.835663 28.107635 -41.839573
v -36.421883 42.968945 -45.924080
v -35.829208 43.156433 -45.752773
v -35.461105 54.494991 -42.868313
v -34.631908 54.438007 -42.805168
v -35.829208 43.156433 -45.752773
v -35.847210 42.941162 -45.809238
v -36.440010 42.754189 -45.980484
v -35.249058 56.947479 -42.221806
v -35.461105 54.494991 -42.868313
v -33.569523 70.057076 -38.966194
v -35.249058 56.947479 -42.221806
v -32.974274 70.057076 -38.724281
v -34.861538 33.093277 -27.201351
v -35.074268 33.009548 -27.201349
v -35.074268 33.093277 -27.201351
v -34.861538 33.009552 -27.201351
v -34.761044 33.009552 -27.362644
v -34.761070 33.093277 -27.362623
v -34.757790 21.471119 -27.365383
v -32.925655 23.975250 -30.424191
v -32.941368 33.009552 -30.380541
v -32.941513 33.093277 -30.380135
v -34.761070 33.093277 -27.362623
v -32.835663 33.027107 -30.555670
v -32.835663 33.093277 -30.555670
v -32.835667 32.685925 -30.555670
v -32.835663 26.218739 -30.555668
v -32.835663 24.098248 -30.574432
v -34.757790 21.471119 -27.365383
v -34.861538 33.009552 -27.201351
v -34.861538 21.321552 -27.201349
v -35.074268 21.285646 -27.201351
v -34.861542 20.733271 -27.292376
v -35.073246 20.725565 -27.283054
v -35.070267 20.212168 -27.521347
v -34.861542 20.198767 -27.553074
v -35.065117 19.746313 -27.933456
v -34.861542 19.761238 -27.955400
v -35.058758 19.448555 -28.441998
v -34.861538 19.451834 -28.462158
v -35.058758 19.448555 -28.441998
v -54.449429 19.448555 -28.441998
v -35.065117 19.746313 -27.933456
v -54.443069 19.746313 -27.933455
v -35.070267 20.212168 -27.521347
v -54.437920 20.212168 -27.521347
v -35.073246 20.725565 -27.283054
v -54.434940 20.725565 -27.283054
v -54.433918 21.285646 -27.201351
v -54.433918 33.009548 -27.201351
v -35.074268 33.093277 -27.201351
v -54.433918 33.093277 -27.201351
v -54.646648 33.093277 -27.201351
v -54.433918 33.093277 -27.201351
v -54.646648 33.009548 -27.201351
v -54.747143 33.009548 -27.362644
v -54.747120 33.093277 -27.362623
v -54.747120 33.093277 -27.362623
v -56.566677 33.093277 -30.380135
v -56.566822 33.009552 -30.380541
v -56.582531 23.975252 -30.424191
v -54.750397 21.471119 -27.365383
v -56.672523 24.098249 -30.574432
v -56.672523 26.218742 -30.555668
v -56.672523 32.685928 -30.555670
v -56.672523 33.027111 -30.555670
v -56.672523 33.093277 -30.555670
v -54.646648 33.009548 -27.201351
v -54.750397 21.471119 -27.365383
v -54.646648 21.321552 -27.201351
v -54.433918 21.285646 -27.201351
v -54.646648 20.733274 -27.292374
v -54.434940 20.725565 -27.283054
v -54.437920 20.212168 -27.521347
v -54.646648 20.198769 -27.553070
v -54.443069 19.746313 -27.933455
v -54.646648 19.761238 -27.955399
v -54.449429 19.448555 -28.441998
v -54.646648 19.451834 -28.462158
v -35.249058 56.947479 -42.221806
v -33.569523 70.057076 -38.966194
v -34.843021 57.137627 -42.575523
v -33.154633 70.057060 -39.245865
v -35.249058 56.947479 -42.221806
v -34.871269 56.842468 -42.655014
v -35.461105 54.494991 -42.868313
v -35.079132 54.638451 -43.239830
v -33.027649 1.993049 -45.235943
v -33.027630 1.957304 -45.235947
v -33.114315 1.993727 -45.308174
v -33.115685 0.000005 -45.306683
v -33.027065 0.000020 -45.235970
v -32.906841 84.424957 -36.351032
v -32.894428 69.459183 -36.433323
v -33.002857 84.424942 -33.805378
v -33.197540 66.171539 -33.173630
v -32.994843 83.416039 -33.171989
v -33.002857 84.424942 -33.805378
v -39.974102 26.316305 -57.226761
v -39.905071 26.397709 -57.185402
v -39.974102 26.439138 -57.226650
v -39.905071 26.274874 -57.185513
v -40.028217 26.234713 -57.145535
v -39.959709 26.192854 -57.103859
v -39.974102 26.316305 -57.226761
v -41.526707 27.150347 -58.057117
v -41.515285 27.241257 -58.147625
v -41.515289 27.364094 -58.147621
v -39.905071 26.397709 -57.185402
v -39.905071 36.825634 -57.175812
v -39.980156 36.803406 -57.221104
v -41.507828 36.351128 -58.142643
v -41.600376 27.415157 -58.198467
v -41.600376 36.323727 -58.198471
v -41.692013 27.415157 -58.198467
v -41.692013 36.323727 -58.198471
v -39.905071 36.996532 -57.175812
v -39.979927 36.973289 -57.220970
v -41.692013 27.292324 -58.198467
v -41.600376 27.415157 -58.198467
v -41.600376 27.292324 -58.198467
v -41.515285 27.241257 -58.147625
v -41.611153 27.201944 -58.108490
v -33.218918 20.560831 -51.496727
v -33.109875 20.522686 -51.458748
v -33.053410 20.633770 -51.569340
v -38.642853 22.586887 -53.513824
v -38.811237 22.517208 -53.444454
v -38.752953 22.625359 -53.552128
v -38.921318 22.555717 -53.482796
v -38.951942 22.651615 -53.578270
v -38.785297 22.720974 -53.647320
v -40.042927 26.067921 -56.979477
v -40.110592 26.110470 -57.021835
v -41.544163 27.011843 -57.919224
v -41.627567 27.064283 -57.971436
v -41.702789 27.201937 -58.108479
v -41.719204 27.064260 -57.971413
v -38.604885 22.727478 -53.493919
v -38.532303 22.632629 -53.559364
v -38.494774 22.689142 -53.455498
v -38.642418 22.671078 -53.597645
v -38.675854 22.766506 -53.692650
v -39.905071 26.274874 -57.185513
v -38.604885 22.727478 -53.493919
v -38.489220 22.901278 -53.174297
v -38.379047 22.862898 -53.135876
v -38.532303 22.632629 -53.559364
v -32.944748 20.681648 -51.617008
v -32.944740 20.756897 -51.518814
v -32.944744 20.989122 -51.215809
v -32.835663 20.718922 -51.480755
v -32.835663 20.951141 -51.177742
v -36.894005 12.834134 -43.804180
v -36.847679 12.733964 -43.704453
v -35.306358 12.825874 -43.795956
v -34.936855 12.733968 -43.704453
v -35.066040 12.824626 -43.794712
v -34.871101 12.823610 -43.793701
v -33.247780 15.217877 -46.177387
v -33.052906 15.221641 -46.181133
v -33.158554 15.338476 -46.297451
v -32.963634 15.340635 -46.299603
v -33.158577 15.469478 -46.427876
v -32.963642 15.470918 -46.429310
v -33.110859 20.420389 -51.356903
v -32.944725 20.493353 -51.429546
v -32.944344 20.595655 -51.531395
v -32.944748 20.681648 -51.617008
v -32.835663 20.643559 -51.579086
v -32.835663 20.718922 -51.480755
v -32.835663 20.541256 -51.477238
v -32.835663 15.471865 -46.430252
v -32.835663 15.342052 -46.301010
v -32.924969 15.224110 -46.183594
v -34.743118 12.822946 -43.793037
v -34.802353 12.733966 -43.704453
v -34.936855 12.733968 -43.704453
v -47.897034 27.201944 -58.108490
v -47.816174 27.292324 -58.198467
v -47.907810 27.292324 -58.198467
v -47.805397 27.201937 -58.108479
v -47.907810 27.415157 -58.198467
v -47.992897 27.364094 -58.147621
v -47.992901 27.241257 -58.147625
v -47.981480 27.150347 -58.057117
v -47.880619 27.064283 -57.971436
v -47.788982 27.064259 -57.971413
v -47.816174 27.292324 -58.198467
v -41.692013 27.292324 -58.198467
v -47.816174 27.415157 -58.198467
v -47.816174 36.323723 -58.198471
v -47.816174 36.470013 -58.198471
v -41.692013 36.470013 -58.198467
v -47.964024 27.011843 -57.919228
v -47.907810 36.470013 -58.198471
v -47.907810 36.323723 -58.198471
v -47.878273 36.558067 -58.062489
v -41.629913 36.558067 -58.062489
v -41.600376 36.470016 -58.198471
v -41.600376 36.323727 -58.198471
v -41.508106 36.498672 -58.142815
v -39.979927 36.973289 -57.220970
v -40.009804 37.019981 -57.132191
v -41.629913 36.558067 -58.062489
v -48.000359 36.351124 -58.142643
v -48.000080 36.498669 -58.142811
v -47.878273 36.558067 -58.062489
v -49.498383 37.019978 -57.132191
v -49.528259 36.973282 -57.220966
v -49.528030 36.803406 -57.221104
v -47.907810 27.415157 -58.198467
v -47.907810 36.323723 -58.198471
v -50.586868 22.555717 -53.482796
v -50.556244 22.651619 -53.578270
v -50.755234 22.625357 -53.552124
v -50.722889 22.720974 -53.647320
v -49.465260 26.067924 -56.979477
v -49.548477 26.192854 -57.103859
v -49.397594 26.110470 -57.021835
v -49.479969 26.234713 -57.145535
v -49.534084 26.316303 -57.226761
v -47.992901 27.241257 -58.147625
v -49.534084 26.439138 -57.226650
v -49.603115 36.825634 -57.175812
v -49.528259 36.973282 -57.220966
v -49.603115 36.996529 -57.175812
v -49.603115 26.397709 -57.185402
v -49.603115 26.274874 -57.185513
v -49.534084 26.316303 -57.226761
v -49.603115 26.397709 -57.185402
v -51.013412 22.689144 -53.455498
v -50.975883 22.632629 -53.559364
v -50.903305 22.727478 -53.493919
v -50.865768 22.671078 -53.597645
v -50.865334 22.586885 -53.513824
v -50.832333 22.766506 -53.692650
v -49.603115 26.274874 -57.185513
v -50.903305 22.727478 -53.493919
v -51.018967 22.901278 -53.174297
v -51.129139 22.862898 -53.135876
v -56.672523 20.718922 -51.480751
v -56.563442 20.989120 -51.215805
v -56.672523 20.951141 -51.177742
v -56.563446 20.756897 -51.518814
v -56.563438 20.681648 -51.617008
v -50.975883 22.632629 -53.559364
v -56.454777 20.633766 -51.569340
v -56.672523 20.643559 -51.579086
v -56.563438 20.681648 -51.617008
v -56.672523 20.718922 -51.480751
v -56.672523 20.541256 -51.477238
v -56.563843 20.595655 -51.531395
v -54.571331 12.733968 -43.704453
v -54.637085 12.823610 -43.793701
v -54.705833 12.733966 -43.704453
v -54.765068 12.822946 -43.793037
v -56.455280 15.221641 -46.181133
v -56.583218 15.224111 -46.183594
v -56.544552 15.340635 -46.299603
v -56.672523 15.342052 -46.301010
v -56.544544 15.470918 -46.429310
v -56.672523 15.471865 -46.430252
v -56.563461 20.493353 -51.429546
v -56.398312 20.522688 -51.458752
v -56.289268 20.560835 -51.496727
v -50.696949 22.517208 -53.444454
v -52.614185 12.834136 -43.804180
v -54.201828 12.825874 -43.795956
v -52.660507 12.733964 -43.704453
v -54.571331 12.733968 -43.704453
v -54.442150 12.824626 -43.794712
v -56.260406 15.217877 -46.177387
v -56.349632 15.338476 -46.297451
v -56.349609 15.469478 -46.427876
v -56.397327 20.420389 -51.356903
v -54.449429 19.448555 -28.441998
v -54.511192 14.080533 -40.679543
v -54.646648 19.451834 -28.462158
v -54.646648 14.080379 -40.679890
v -54.690632 13.079810 -42.927551
v -54.525940 13.056165 -42.980675
v -53.546177 14.080379 -40.679890
v -52.699978 12.793967 -43.569660
v -54.529762 12.790891 -43.576584
v -52.660507 12.733964 -43.704453
v -54.571331 12.733968 -43.704453
v -54.703346 12.790595 -43.577240
v -54.571331 12.733968 -43.704453
v -54.703346 12.790595 -43.577240
v -54.705833 12.733966 -43.704453
v -53.804798 43.120842 -45.495228
v -53.804081 42.957340 -45.497219
v -49.976528 37.540775 -56.137733
v -49.978535 37.373764 -56.132149
v -53.817940 33.014492 -45.458805
v -49.979282 26.875973 -56.138916
v -51.146839 23.239357 -52.823399
v -54.927700 28.927822 -42.373581
v -54.934753 28.785122 -42.353622
v -54.955929 28.816944 -42.295101
v -54.971531 28.899502 -42.251736
v -51.178436 23.140898 -52.733627
v -53.867832 43.050373 -45.319992
v -53.867203 33.093273 -45.321735
v -49.976528 37.540775 -56.137733
v -49.924465 37.464905 -56.282463
v -49.926491 37.297798 -56.276836
v -49.924465 37.464905 -56.282463
v -49.837029 37.337482 -56.525536
v -49.836788 37.166874 -56.526203
v -49.837029 37.337482 -56.525536
v -49.802078 37.286533 -56.622700
v -49.801846 37.115875 -56.623344
v -49.789852 26.573044 -56.665966
v -49.640102 36.879803 -57.072990
v -49.802078 37.286533 -56.622700
v -49.640289 37.050716 -57.072464
v -49.603115 36.996529 -57.175812
v -49.603115 36.825634 -57.175812
v -49.603115 26.397709 -57.185402
v -49.631283 26.319475 -57.107140
v -50.869694 22.822384 -53.589386
v -50.986538 22.998178 -53.266449
v -50.903305 22.727478 -53.493919
v -51.018967 22.901278 -53.174297
v -50.903305 22.727478 -53.493919
v -50.865768 22.671078 -53.597645
v -50.832333 22.766506 -53.692650
v -49.603115 26.274874 -57.185513
v -49.603115 26.274874 -57.185513
v -49.603115 26.397709 -57.185402
v -32.894428 69.459183 -36.433323
v -32.894428 69.397026 -36.433323
v -33.197540 66.171539 -33.173630
v -33.221275 66.093391 -33.194641
v -33.486061 83.842674 -33.239220
v -33.445869 84.192719 -33.475983
v -33.002861 83.842674 -33.239223
v -33.002861 84.193024 -33.475983
v -33.394020 84.428833 -33.805382
v -33.002857 84.424942 -33.805378
v -55.889362 0.000020 -49.106720
v -55.889362 1.151666 -45.409149
v -55.889362 0.000020 -45.549728
v -55.889362 3.404945 -49.106720
v -55.889362 0.000019 -49.461605
v -55.889362 3.599846 -49.461609
v -49.837029 37.337482 -56.525536
v -49.714622 37.335464 -56.530426
v -49.924465 37.464905 -56.282463
v -49.847584 37.530045 -56.159225
v -39.660603 37.530045 -56.159229
v -35.776569 43.212742 -45.319962
v -35.703388 43.120838 -45.495228
v -39.531658 37.540771 -56.137733
v -53.731617 43.212742 -45.319962
v -53.804798 43.120842 -45.495228
v -49.976528 37.540775 -56.137733
v -35.703388 43.120838 -45.495228
v -35.640343 43.212734 -45.319962
v -49.640289 37.050716 -57.072464
v -49.802078 37.286533 -56.622700
v -49.603115 36.996529 -57.175812
v -49.498383 37.019978 -57.132191
v -39.793564 37.335468 -56.530426
v -39.583721 37.464905 -56.282467
v -39.671158 37.337482 -56.525536
v -49.528259 36.973282 -57.220966
v -39.706108 37.286533 -56.622700
v -39.867897 37.050716 -57.072464
v -40.009804 37.019981 -57.132191
v -41.629913 36.558067 -58.062489
v -47.878273 36.558067 -58.062489
v -39.905071 36.996532 -57.175812
v -39.979927 36.973289 -57.220970
v -39.706108 37.286533 -56.622700
v -39.671158 37.337482 -56.525536
v -41.180607 0.000035 -49.461605
v -40.910446 0.000034 -49.461609
v -41.180607 3.599846 -49.461609
v -40.910446 3.599846 -49.461609
v -33.930679 0.000020 -49.461605
v -33.930679 3.599846 -49.461609
v -33.618824 3.599846 -49.461609
v -33.618824 0.000019 -49.461605
v -33.486061 83.842674 -33.239220
v -33.002861 83.842674 -33.239223
v -33.486061 83.423836 -33.165058
v -32.994843 83.416039 -33.171989
v -33.525452 82.299812 -37.071796
v -33.525452 82.155586 -37.195335
v -33.525452 82.155579 -36.864529
v -33.525368 70.057068 -37.195221
v -33.525452 69.845436 -36.868717
v -56.672523 33.093273 -39.619549
v -56.562569 33.093273 -39.671497
v -56.541481 33.093273 -39.613178
v -56.672523 33.093273 -39.522480
v -56.497890 33.093277 -30.545879
v -56.672523 33.093277 -30.629448
v -56.672523 33.093277 -30.629448
v -56.672523 33.093277 -30.555670
v -54.534649 33.093277 -27.369810
v -54.747120 33.093277 -27.362623
v -56.566677 33.093277 -30.380135
v -56.672523 33.093277 -30.555670
v -54.433918 33.093277 -27.201351
v -54.646648 33.093277 -27.201351
v -54.747120 33.093277 -27.362623
v -35.074268 33.093277 -27.201351
v -54.433918 33.093277 -27.201351
v -34.973537 33.093277 -27.369810
v -33.010300 33.093277 -30.545879
v -32.966705 33.093273 -39.613178
v -55.628769 33.093273 -40.044128
v -33.879417 33.093273 -40.044128
v -53.731617 33.093273 -45.321735
v -35.776569 33.093273 -45.321735
v -33.801201 33.093273 -40.207184
v -35.640984 33.093273 -45.321735
v -34.761070 33.093277 -27.362623
v -32.941513 33.093277 -30.380135
v -32.835663 33.093277 -30.555670
v -32.835663 33.093277 -30.629448
v -32.835663 33.093273 -39.522480
v -32.835663 33.093273 -39.619549
v -32.945614 33.093273 -39.671497
v -33.744236 33.093269 -40.048824
v -33.801201 33.093273 -40.207184
v -33.633244 33.093273 -39.996384
v -32.945614 33.093273 -39.671497
v -55.706985 33.093273 -40.207184
v -53.867203 33.093273 -45.321735
v -55.763950 33.093273 -40.048824
v -55.874943 33.093273 -39.996384
v -56.562569 33.093273 -39.671497
v -36.631027 12.783493 -43.557766
v -36.528584 12.634769 -43.382805
v -36.527267 12.864526 -43.383781
v -41.837051 56.603600 -23.843571
v -41.749866 56.587948 -23.938677
v -41.749882 56.698040 -23.938675
v -41.837036 56.502888 -23.843573
v -41.837036 56.502888 -23.843573
v -41.834461 26.816359 -23.843567
v -41.834465 26.714890 -23.843567
v -41.747364 26.675926 -23.938673
v -38.625111 33.895855 -27.347902
v -38.625111 59.897205 -27.347580
v -41.749882 56.698040 -23.938675
v -38.625111 60.083900 -27.347258
v -38.625111 25.279215 -27.347900
v -36.537674 10.135394 -43.550358
v -36.631031 10.213614 -43.718391
v -36.537674 9.694209 -44.145329
v -36.631031 9.811555 -44.246304
v -36.610947 9.397402 -44.819302
v -36.704300 9.521940 -44.872475
v -36.875046 9.257227 -45.160595
v -36.966488 9.380907 -45.212219
v -41.174778 7.338818 -49.882156
v -41.241806 7.425185 -49.923473
v -41.174778 7.215855 -50.191746
v -41.241806 7.269182 -50.299274
v -41.174778 7.144060 -50.372505
v -41.241806 7.210593 -50.440414
v -38.625111 25.279215 -27.347900
v -36.638115 25.297640 -27.347900
v -38.625111 33.895855 -27.347902
v -36.638115 33.895855 -27.347900
v -36.491707 25.421021 -27.347900
v -36.491707 33.895855 -27.347900
v -36.491707 25.298998 -27.347900
v -36.491707 25.421021 -27.347900
v -36.875046 9.257227 -45.160595
v -36.793839 9.380907 -45.212219
v -36.610947 9.397402 -44.819302
v -36.528252 9.521940 -44.872475
v -36.454979 9.811555 -44.246300
v -36.454979 10.213614 -43.718384
v -36.537674 9.694209 -44.145329
v -36.537674 10.135394 -43.550358
v -32.858803 69.550140 -36.627522
v -32.858803 69.611305 -36.627533
v -32.858227 69.795616 -36.866455
v -32.858227 69.901817 -36.901642
v -32.858227 69.831215 -36.901642
v -32.858227 69.795616 -36.866455
v -32.858803 69.611305 -36.627533
v -32.883034 82.155586 -36.864529
v -32.858734 84.410744 -36.655907
v -36.598682 25.343269 -27.238327
v -36.638115 25.297640 -27.347900
v -39.820065 26.676464 -23.938673
v -39.952324 26.676428 -23.938673
v -38.625111 25.279215 -27.347900
v -41.747364 26.675926 -23.938673
v -40.044777 26.714890 -23.843567
v -41.670525 26.714891 -23.843567
v -40.044777 26.714890 -23.843567
v -39.912910 26.714890 -23.843567
v -36.491707 25.298998 -27.347900
v -36.598682 25.343269 -27.238327
v -41.834465 26.714890 -23.843567
v -41.670525 26.714891 -23.843567
v -35.088852 90.922920 -25.127729
v -35.088852 78.597099 -25.127731
v -35.205528 90.842079 -25.012796
v -32.946239 78.597099 -27.238333
v -32.946243 92.407394 -27.238335
v -32.835663 78.597099 -27.347256
v -32.835663 92.484009 -27.347260
v -32.946239 78.481110 -27.238333
v -35.088852 78.481110 -25.127729
v -32.835663 78.597099 -27.347256
v -32.835663 78.481110 -27.347256
v -32.946239 78.481110 -27.238333
v -54.419334 78.481110 -25.127729
v -54.419334 78.597099 -25.127729
v -54.302658 78.481110 -25.012796
v -54.302658 78.597099 -25.012796
v -54.302658 90.842079 -25.012798
v -54.150631 78.597099 -25.012796
v -54.150631 90.842079 -25.012798
v -35.357555 90.842079 -25.012796
v -35.357555 78.597099 -25.012796
v -35.205528 78.597099 -25.012796
v -35.205528 78.481102 -25.012796
v -35.088852 78.481110 -25.127729
v -35.357555 78.481110 -25.012798
v -54.150631 78.481110 -25.012796
v -35.357555 78.481110 -25.012798
v -54.150631 78.481110 -25.012796
v -56.561943 78.597099 -27.238335
v -56.561943 78.481110 -27.238335
v -54.419334 78.481110 -25.127729
v -54.419334 90.922920 -25.127729
v -56.561943 92.407394 -27.238338
v -56.672523 78.597099 -27.347260
v -56.672523 92.484009 -27.347261
v -56.672523 92.484009 -27.436224
v -56.672523 92.483864 -29.951918
v -56.672523 78.481110 -27.436222
v -56.672523 78.481110 -27.347260
v -56.672523 78.597099 -27.347260
v -56.561943 78.481110 -27.238335
v -32.883034 82.155586 -37.223415
v -33.525452 82.155586 -37.195335
v -32.883034 82.299820 -37.073318
v -33.525452 82.299812 -37.071796
v -33.525368 70.057068 -37.195221
v -33.525452 82.155586 -37.195335
v -32.883034 70.057076 -37.223301
v -32.883034 82.155586 -37.223415
v -32.883034 82.299820 -37.073318
v -33.525452 82.299812 -37.071796
v -32.883034 82.155586 -36.864529
v -33.525452 82.155579 -36.864529
v -33.394020 84.428833 -33.805382
v -33.078346 84.424957 -36.351032
v -33.002857 84.424942 -33.805378
v -32.906841 84.424957 -36.351032
v -33.154633 70.057060 -39.245865
v -33.569523 70.057076 -38.966194
v -33.154633 84.355476 -39.245869
v -33.569519 84.355499 -38.966198
v -33.569523 70.057076 -38.966194
v -32.974274 70.057076 -38.724281
v -33.569519 84.355499 -38.966198
v -32.974274 84.355499 -38.724281
v -32.974274 84.355499 -38.724281
v -33.154633 84.355476 -39.245869
v -33.569519 84.355499 -38.966198
v -35.215076 74.390533 -25.003389
v -35.276955 74.390533 -25.003387
v -35.280548 74.389053 -25.170401
v -35.371826 74.389053 -25.170401
v -54.231232 74.390533 -25.003387
v -54.151772 74.389053 -25.170401
v -54.227638 74.389053 -25.170401
v -54.293110 74.390533 -25.003387
v -32.835663 92.483864 -30.753477
v -32.810860 92.469658 -30.863146
v -32.835663 87.142380 -32.411423
v -32.835663 87.142380 -32.514137
v -32.835663 87.142380 -32.514137
v -33.135502 86.980179 -32.507385
v -32.835663 87.142380 -32.411423
v -33.136097 86.980179 -32.411419
v -32.835663 92.483864 -30.753477
v -32.835663 87.142380 -32.411423
v -33.136566 92.469666 -30.792667
v -33.136097 86.980179 -32.411419
v -56.707085 66.028366 -33.305878
v -56.638485 33.989109 -41.792431
v -56.681389 69.670723 -36.899940
v -56.672523 65.965485 -33.243828
v -56.707085 66.028366 -33.305878
v -56.672523 33.989109 -41.722755
v -56.672523 65.897575 -33.177132
v -56.672523 33.989109 -41.631329
v -56.672523 33.895851 -41.666924
v -56.638195 33.895851 -41.828163
v -56.638485 33.989109 -41.792431
v -56.672523 33.895851 -41.758457
v -56.672523 65.965485 -33.243828
v -56.672523 66.058716 -33.219223
v -56.672523 60.050461 -27.434219
v -56.672523 60.168530 -27.434170
v -56.672523 66.058716 -33.219223
v -56.672523 33.895851 -41.666924
v -56.672523 33.895851 -39.539043
v -56.672523 33.989109 -39.516392
v -56.672523 63.197750 -32.679394
v -56.672523 63.250153 -32.593990
v -56.672523 63.222862 -32.481537
v -56.672523 61.937466 -31.070467
v -56.672523 61.925640 -31.057486
v -56.672523 61.881710 -31.057486
v -56.672523 33.989113 -31.057480
v -56.672523 33.989113 -27.445442
v -56.672523 33.895855 -27.445480
v -56.672523 33.989113 -27.347900
v -56.672523 33.895855 -27.347900
v -56.672523 33.895855 -31.057480
v -56.672523 33.989113 -27.347900
v -56.672523 59.966206 -27.347260
v -56.672523 59.966206 -27.347260
v -56.672523 60.083897 -27.347256
v -56.672523 60.168530 -27.434170
v -56.780968 14.463166 -37.611641
v -56.672523 14.551005 -37.599030
v -56.780968 14.507944 -37.508198
v -56.672523 14.505817 -37.703972
v -56.672520 17.509657 -30.728500
v -56.780968 14.507944 -37.508198
v -56.481121 0.000020 -45.235970
v -56.480556 1.957304 -45.235943
v -56.392502 0.000005 -45.306683
v -56.393856 1.969445 -45.308159
v -56.480537 1.993049 -45.235943
v -56.393871 1.993727 -45.308174
v -53.721428 43.215931 -45.633911
v -55.161156 56.636501 -42.093845
v -53.627644 43.738083 -44.595860
v -53.610268 43.546707 -44.647179
v -53.703510 43.003330 -45.689926
v -53.043369 42.768406 -45.943367
v -53.061501 42.983162 -45.886963
v -53.651398 42.941776 -45.808048
v -53.678978 43.156433 -45.752773
v -54.047081 54.494991 -42.868313
v -55.106445 56.606750 -42.238525
v -54.047081 54.494991 -42.868313
v -54.259132 56.947479 -42.221806
v -54.259132 56.947479 -42.221806
v -56.533913 70.057076 -38.724281
v -55.938667 70.057076 -38.966194
v -33.136097 86.980179 -32.411419
v -32.835663 86.818481 -32.411419
v -32.835663 86.831429 -32.041328
v -56.510963 78.481110 -28.995375
v -56.672523 77.748253 -29.099884
v -56.672523 78.481110 -28.995375
v -56.510963 77.714386 -29.099884
v -32.997223 78.481110 -28.995375
v -32.997223 77.714378 -29.099886
v -32.835663 77.748253 -29.099884
v -32.835663 78.481110 -28.995375
v -32.835667 86.820305 -38.552307
v -32.835663 84.527077 -38.646297
v -32.835663 86.820305 -38.646297
v -32.872910 86.820305 -38.757717
v -32.485794 63.222862 -32.481541
v -32.485794 63.250153 -32.593990
v -32.485790 63.220116 -32.530212
v -32.485794 63.177673 -32.656677
v -32.485794 61.892773 -31.070557
v -32.485794 33.989109 -39.397900
v -32.485790 33.989113 -31.125389
v -32.485794 33.895855 -31.127056
v -32.485794 33.895855 -31.057480
v -32.485794 33.989109 -31.057482
v -32.485794 61.937462 -31.070469
v -32.485794 33.895851 -39.420238
v -32.485790 33.989109 -39.516392
v -32.485794 63.197742 -32.679394
v -32.485794 61.881027 -31.057486
v -32.485794 33.989109 -31.057482
v -32.485794 61.937462 -31.070469
v -32.485794 61.925636 -31.057486
v -32.485794 61.881027 -31.057486
v -32.485790 33.895851 -39.539043
v -32.485794 33.895851 -39.420238
v -32.485790 33.989109 -39.516392
v -56.556053 4.154955 -50.440414
v -56.672523 4.154955 -50.440414
v -56.556053 4.061726 -50.440414
v -56.672523 4.061726 -50.440414
v -56.557648 3.975171 -50.299274
v -56.672523 3.975171 -50.299274
v -56.610756 1.090646 -45.595711
v -56.672523 1.069499 -45.549732
v -56.672523 7.114955 -50.440414
v -56.672523 4.154955 -50.440414
v -56.556053 7.114955 -50.440414
v -48.395691 4.154955 -50.440414
v -48.395691 7.114061 -50.440414
v -56.556053 7.210594 -50.440414
v -48.395691 7.210594 -50.440414
v -56.672523 7.210594 -50.440414
v -56.672523 7.114955 -50.440414
v -54.765068 12.822946 -43.793037
v -54.764942 12.878940 -43.666065
v -54.705833 12.733966 -43.704453
v -54.703346 12.790595 -43.577240
v -56.672523 20.643559 -51.579086
v -56.672523 20.718922 -51.480751
v -56.672523 20.541256 -51.477238
v -56.672523 20.616722 -51.378799
v -56.672523 15.471865 -46.430252
v -56.672523 15.529685 -46.304100
v -56.672523 15.342052 -46.301010
v -56.672523 15.400039 -46.174934
v -56.583218 15.224111 -46.183594
v -56.583214 15.282001 -46.057472
v -54.764942 12.878940 -43.666065
v -56.583195 15.442948 -45.706829
v -54.764595 13.034617 -43.313049
v -54.703346 12.790595 -43.577240
v -54.690632 13.079810 -42.927551
v -54.764458 13.097692 -43.170025
v -54.764065 13.273798 -42.770683
v -56.672523 20.718922 -51.480751
v -56.672523 20.951141 -51.177742
v -56.672523 20.849119 -51.075928
v -56.672523 15.690443 -45.953369
v -56.672523 15.400039 -46.174934
v -56.672523 15.561256 -45.824413
v -32.800720 61.631996 -27.347336
v -33.052071 61.727703 -27.347256
v -32.835663 61.716518 -27.436218
v -33.052185 61.935589 -27.548637
v -33.053192 63.708523 -29.266121
v -32.835663 63.688896 -29.337502
v -32.835663 61.716518 -27.436218
v -33.055618 68.222527 -27.438139
v -33.053192 63.708523 -29.266121
v -32.835663 68.116554 -27.436218
v -32.835663 63.722385 -29.187469
v -32.946239 61.734619 -27.238331
v -33.090961 61.692833 -27.307463
v -33.406769 61.353882 -26.784683
v -33.499481 61.326588 -26.889498
v -32.835663 61.831715 -27.347256
v -33.052071 61.727703 -27.347256
v -33.090961 61.692833 -27.307463
v -33.499481 61.326588 -26.889498
v -33.501472 59.686588 -26.878454
v -33.406769 61.353882 -26.784683
v -33.406769 59.595768 -26.784683
v -33.501472 59.686588 -26.878454
v -33.501598 59.622696 -26.877764
v -33.406769 59.529629 -26.784685
v -33.308594 61.228882 -26.881388
v -33.501472 59.686588 -26.878454
v -33.499481 61.326588 -26.889498
v -33.308598 59.684814 -26.881388
v -33.308601 59.626320 -26.881388
v -33.501598 59.622696 -26.877764
v -32.727219 14.396460 -37.611641
v -32.727219 14.463167 -37.611641
v -32.835663 14.426483 -37.703972
v -32.835663 14.505817 -37.703972
v -32.835663 14.426483 -37.703972
v -32.835663 3.255639 -37.703968
v -32.727219 3.248689 -37.611641
v -32.321209 14.283394 -37.265972
v -32.321209 0.000021 -37.265972
v -32.246670 14.261138 -37.202515
v -32.246670 0.000022 -37.202511
v -32.246670 14.332528 -37.202515
v -32.321209 14.352793 -37.265976
v -32.727219 14.463167 -37.611641
v -32.835663 3.076040 -37.703968
v -32.835667 0.000021 -37.703968
v -32.727219 3.071840 -37.611641
v -32.727219 0.000021 -37.611641
v -32.835663 3.176303 -37.703968
v -32.835663 3.255639 -37.703968
v -32.835663 3.076040 -37.703968
v -33.501598 59.622696 -26.877764
v -33.308601 59.626320 -26.881388
v -33.301018 59.660736 -26.915819
v -56.405872 0.000020 -45.195549
v -56.392502 0.000005 -45.306683
v -56.403687 1.912832 -45.194752
v -56.393856 1.969445 -45.308159
v -56.403610 1.947670 -45.194725
v -56.393871 1.993727 -45.308174
v -52.877159 10.930603 -43.557911
v -52.969852 10.930626 -43.375538
v -52.877159 10.213615 -43.718391
v -52.970512 10.135396 -43.550358
v -52.970512 10.135396 -43.550358
v -52.969852 10.930626 -43.375538
v -53.053207 10.213614 -43.718384
v -53.053207 10.930602 -43.557903
v -52.877159 9.640773 -44.615551
v -52.877159 9.811556 -44.246304
v -52.970512 9.518492 -44.520432
v -52.970512 9.694210 -44.145332
v -53.053207 9.640773 -44.615547
v -52.970512 9.518492 -44.520432
v -53.053207 9.811555 -44.246300
v -52.970512 9.694210 -44.145332
v -48.337963 7.583479 -49.542149
v -48.551346 7.703284 -49.253544
v -48.404991 7.490537 -49.507111
v -48.620003 7.608091 -49.217793
v -48.404991 7.490537 -49.507111
v -48.620003 7.608091 -49.217793
v -48.467278 7.583479 -49.542149
v -48.683548 7.703284 -49.253544
v -52.803886 9.521940 -44.872475
v -52.877159 9.640773 -44.615551
v -52.897240 9.397401 -44.819302
v -52.970512 9.518492 -44.520432
v -52.897240 9.397401 -44.819302
v -52.970512 9.518492 -44.520432
v -52.979935 9.521940 -44.872475
v -53.053207 9.640773 -44.615547
v -48.333408 7.338818 -49.882156
v -48.404991 7.490537 -49.507111
v -48.395691 7.425185 -49.923473
v -48.467278 7.583479 -49.542149
v -48.404991 7.490537 -49.507111
v -48.333408 7.338818 -49.882156
v -48.337963 7.583479 -49.542149
v -48.266380 7.425185 -49.923473
v -48.620003 7.608091 -49.217793
v -52.633141 9.257226 -45.160595
v -48.683548 7.703284 -49.253544
v -52.714348 9.380907 -45.212219
v -52.633141 9.257226 -45.160595
v -48.620003 7.608091 -49.217793
v -52.541698 9.380907 -45.212219
v -48.551346 7.703284 -49.253544
v -32.878628 77.748245 -27.436222
v -56.629559 77.748253 -27.436222
v -32.997223 77.714378 -29.099886
v -56.510963 77.714386 -29.099884
v -54.329437 57.805897 -25.039171
v -54.293236 57.770115 -25.003386
v -54.282280 57.819469 -25.052752
v -54.231232 57.770344 -25.003386
v -56.456032 61.878586 -27.493422
v -56.456116 61.727703 -27.347256
v -56.672523 61.716511 -27.436218
v -56.707527 61.632015 -27.347256
v -56.454994 63.708523 -29.266121
v -56.672523 63.688896 -29.337500
v -56.672523 61.716511 -27.436218
v -56.006588 59.622696 -26.877764
v -56.199585 59.626320 -26.881386
v -56.006714 59.686588 -26.878456
v -56.199589 59.684807 -26.881388
v -56.199589 61.228882 -26.881390
v -56.008705 61.326588 -26.889500
v -50.883076 59.897202 -27.347580
v -50.883076 60.083897 -27.347256
v -50.147896 59.897202 -27.347256
v -50.147896 60.083897 -27.347256
v -56.681389 69.670723 -36.899940
v -56.638485 33.989109 -41.792431
v -54.249615 43.783920 -44.180801
v -54.249615 33.989109 -44.180798
v -56.707085 66.028366 -33.305878
v -56.681389 69.670723 -36.899940
v -56.672523 66.058716 -33.219223
v -56.693756 69.798561 -36.858574
v -56.681389 69.670723 -36.899940
v -56.680660 69.774391 -37.002232
v -56.693352 69.907997 -36.965069
v -56.681389 69.670723 -36.899940
v -54.214260 43.817551 -44.221962
v -54.249615 43.783920 -44.180801
v -54.249615 33.895851 -44.180798
v -54.249615 33.989109 -44.180798
v -56.638195 33.895851 -41.828163
v -56.638485 33.989109 -41.792431
v -57.022392 63.250153 -32.593990
v -56.953423 63.250153 -32.593990
v -57.022392 63.222862 -32.481537
v -56.953423 63.222862 -32.481537
v -56.953423 63.250153 -32.593990
v -56.672523 63.250153 -32.593990
v -56.953423 63.222862 -32.481537
v -56.672523 63.222862 -32.481537
v -56.672523 92.483864 -30.753475
v -56.647717 92.469658 -30.863146
v -56.322010 92.469658 -30.792667
v -56.008705 61.326588 -26.889500
v -56.199589 61.228882 -26.881390
v -56.384590 61.663574 -27.274075
v -56.561943 61.539425 -27.238333
v -56.456116 61.727703 -27.347256
v -56.707527 61.632015 -27.347256
v -54.302658 90.842079 -25.012798
v -54.419334 90.922920 -25.127729
v -54.150631 90.842079 -25.012798
v -35.357555 90.842079 -25.012796
v -35.205528 90.842079 -25.012796
v -35.088852 90.922920 -25.127729
v -56.561943 92.407394 -27.238338
v -32.946243 92.407394 -27.238335
v -32.835663 92.484009 -27.347260
v -56.672523 92.484009 -27.347261
v -32.858227 69.831215 -36.901642
v -32.858227 69.901817 -36.901642
v -33.525452 69.845436 -36.868717
v -33.525452 82.155579 -36.864529
v -32.883034 82.155586 -36.864529
v -32.858227 69.831215 -36.901642
v -33.525452 69.845436 -36.868717
v -33.033623 69.809837 -36.829334
v -56.672523 63.722382 -29.187471
v -56.454994 63.708523 -29.266121
v -56.672523 68.116554 -27.436220
v -56.452560 68.239197 -27.431389
v -56.452560 68.239197 -27.431389
v -56.672523 68.364838 -27.436220
v -56.452446 68.446945 -27.347258
v -56.672523 68.548210 -27.347258
v -56.385334 68.626198 -27.281591
v -56.561943 68.781494 -27.238335
v -56.454994 63.708523 -29.266121
v -56.672523 63.688896 -29.337500
v -56.672523 68.364838 -27.436220
v -32.894428 69.397026 -36.433323
v -32.883701 69.468895 -36.504440
v -33.073502 69.475494 -36.499599
v -32.858803 69.550140 -36.627522
v -33.073502 69.475494 -36.499599
v -33.221275 66.093391 -33.194641
v -32.894428 69.397026 -36.433323
v -33.306091 66.096367 -33.192513
v -39.360291 59.897202 -27.347256
v -39.360291 60.083897 -27.347256
v -38.625111 59.897205 -27.347580
v -38.625111 60.083900 -27.347258
v -33.300915 66.072891 -33.173134
v -33.306091 66.096367 -33.192513
v -41.599716 66.083298 -33.178196
v -41.180607 0.000035 -49.461605
v -41.180607 0.000051 -49.106720
v -40.910446 0.000034 -49.461609
v -40.908176 0.000049 -49.106720
v -33.930679 0.000020 -49.461605
v -33.928913 0.000020 -49.106720
v -33.618824 0.000019 -49.461605
v -33.618824 0.000019 -49.106720
v -33.911179 0.000021 -45.549728
v -33.618824 0.000020 -45.549728
v -41.180607 0.000051 -45.549728
v -40.885414 0.000050 -45.549728
v -32.801102 66.028374 -33.305878
v -32.826797 69.670723 -36.899940
v -32.869701 33.989109 -41.792431
v -32.835663 33.895851 -41.666924
v -32.835663 33.895851 -39.539043
v -32.835663 33.989109 -41.631329
v -32.835663 33.989109 -39.516392
v -32.835663 63.197750 -32.679394
v -32.835663 65.897575 -33.177132
v -32.835663 33.989109 -41.722755
v -32.835663 65.965485 -33.243832
v -32.801102 66.028374 -33.305878
v -32.835663 33.895851 -41.666924
v -32.835663 33.895851 -41.758457
v -32.869701 33.989109 -41.792431
v -32.869991 33.895855 -41.828163
v -32.835663 63.250153 -32.593990
v -32.835663 63.222862 -32.481537
v -32.835663 61.937466 -31.070467
v -32.835663 60.050461 -27.434219
v -32.835667 61.925640 -31.057486
v -32.835663 61.881710 -31.057486
v -32.835663 33.989109 -31.057480
v -32.835663 33.989113 -27.445442
v -32.835663 33.895855 -27.445480
v -32.835663 33.895855 -31.057480
v -32.835663 33.989113 -27.347900
v -32.835663 59.966206 -27.347260
v -32.835663 59.966206 -27.347260
v -32.835663 60.083897 -27.347256
v -32.835663 60.168530 -27.434170
v -32.835663 33.895855 -27.347900
v -32.835663 33.989113 -27.347900
v -32.835663 33.895855 -27.445480
v -32.835663 60.168530 -27.434170
v -32.835663 66.058716 -33.219223
v -32.835663 65.965485 -33.243832
v -32.801102 66.028374 -33.305878
v -32.826797 69.670723 -36.899940
v -32.814430 69.798561 -36.858574
v -32.814835 69.907997 -36.965069
v -32.827526 69.774391 -37.002232
v -32.826797 69.670723 -36.899940
v -35.293926 43.817551 -44.221962
v -32.826797 69.670723 -36.899940
v -35.258572 43.783920 -44.180801
v -56.171387 66.083298 -33.178196
v -56.504662 66.001846 -33.100533
v -56.038174 66.083298 -33.178196
v -55.577507 0.000019 -49.461605
v -55.574821 0.000021 -49.106716
v -48.597740 0.000034 -49.461605
v -48.600014 0.000050 -49.106720
v -48.327579 0.000051 -49.106720
v -48.327579 0.000051 -45.549728
v -48.622761 0.000050 -45.549728
v -55.547920 0.000021 -45.549728
v -55.889362 0.000020 -45.549728
v -55.889362 0.000020 -49.106720
v -55.889362 0.000019 -49.461605
v -48.327579 0.000035 -49.461605
v -32.554764 63.250153 -32.593990
v -32.554764 63.222862 -32.481537
v -32.835663 63.250153 -32.593990
v -32.835663 63.222862 -32.481537
v -48.327579 0.000051 -45.549728
v -48.327579 1.151666 -45.409149
v -48.327579 0.000051 -49.106720
v -48.327579 3.404945 -49.106720
v -48.327579 0.000035 -49.461605
v -48.327579 3.599846 -49.461609
v -32.835663 33.093277 -30.629448
v -32.835663 33.093277 -30.555670
v -35.215076 74.390533 -25.003389
v -35.280548 74.389053 -25.170401
v -35.162457 74.250641 -25.055223
v -35.243301 74.289581 -25.206842
v -32.946239 68.498688 -27.238331
v -35.162457 74.250641 -25.055223
v -33.128345 68.640869 -27.276218
v -56.454994 63.708523 -29.266121
v -56.672523 63.722382 -29.187471
v -56.456032 61.878586 -27.493422
v -56.672523 61.914955 -27.436218
v -56.672523 61.914955 -27.436218
v -56.672523 61.831718 -27.347256
v -56.456116 61.727703 -27.347256
v -54.283195 74.240662 -25.224762
v -54.345730 74.250633 -25.055222
v -56.385334 68.626198 -27.281591
v -56.561943 68.498688 -27.238335
v -54.293110 74.390533 -25.003387
v -54.345730 74.250633 -25.055222
v -54.227638 74.389053 -25.170401
v -54.283195 74.240662 -25.224762
v -35.545219 33.985607 -45.026455
v -35.512882 33.895851 -44.931213
v -35.546082 33.895851 -45.027168
v -32.869701 33.989109 -41.792431
v -35.258572 33.989109 -44.180798
v -32.869991 33.895855 -41.828163
v -35.258572 33.895855 -44.180798
v -55.982735 82.299820 -37.071796
v -55.982735 82.155586 -36.864525
v -55.982735 82.155586 -37.195335
v -55.982819 70.057068 -37.195221
v -55.982735 69.845436 -36.864525
v -56.176716 66.150894 -33.221966
v -56.038174 66.150887 -33.220810
v -56.614784 69.397026 -36.433323
v -56.434776 69.476234 -36.500332
v -56.624485 69.468903 -36.504440
v -56.434776 69.476234 -36.500332
v -56.624577 69.564362 -36.590405
v -33.027065 0.000020 -45.235970
v -33.027630 1.957304 -45.235947
v -32.854000 0.000020 -45.328922
v -32.854134 2.057638 -45.328915
v -33.027649 1.993049 -45.235943
v -32.854141 2.095403 -45.328915
v -35.074268 33.093277 -27.201351
v -34.861538 33.093277 -27.201351
v -34.761070 33.093277 -27.362623
v -33.618824 3.599846 -49.461609
v -33.618824 0.000019 -49.461605
v -33.618824 3.404945 -49.106720
v -33.618824 0.000019 -49.106720
v -33.618824 1.151666 -45.409149
v -33.618824 0.000020 -45.549728
v -33.701767 15.501266 -37.722500
v -33.701767 15.383348 -37.722507
v -33.829735 15.501266 -37.722500
v -33.829735 15.430727 -37.620789
v -32.883034 70.057076 -37.223301
v -34.604122 54.239983 -42.725994
v -35.880543 43.738083 -44.595860
v -49.837029 37.337482 -56.525536
v -49.802078 37.286533 -56.622700
v -32.907303 70.057076 -38.553776
v -34.604122 54.239983 -42.725994
v -32.883034 70.057076 -37.223301
v -49.976528 37.540775 -56.137733
v -49.924465 37.464905 -56.282463
v -55.161156 56.636501 -42.093845
v -56.625153 70.057076 -37.223305
v -53.627644 43.738083 -44.595860
v -41.180607 3.599846 -49.461609
v -41.180607 3.404945 -49.106720
v -41.180607 0.000035 -49.461605
v -41.180607 0.000051 -49.106720
v -41.180607 1.151666 -45.409149
v -41.180607 0.000051 -45.549728
v -33.033623 69.809837 -36.829334
v -33.525452 69.845436 -36.868717
v -33.073502 69.475494 -36.499599
v -33.306091 66.096367 -33.192513
v -41.599716 66.083298 -33.178196
v -41.603146 69.824257 -37.073296
v -33.136566 92.469666 -30.792667
v -32.835663 92.483864 -29.951916
v -56.322010 92.469658 -30.792667
v -56.672523 92.483864 -29.951918
v -32.835663 92.484009 -27.436222
v -56.672523 92.484009 -27.436224
v -32.835663 92.484009 -27.347260
v -56.672523 92.484009 -27.347261
v -32.810860 92.469658 -30.863146
v -32.810860 92.469658 -30.962395
v -56.647717 92.469658 -30.962395
v -56.647717 92.469658 -30.863146
v -56.638195 33.895851 -41.828163
v -56.672523 33.895851 -41.758457
v -56.672523 33.895851 -41.666924
v -53.804798 43.120842 -45.495228
v -53.867832 43.050373 -45.319992
v -53.867844 43.212742 -45.319962
v -47.501984 23.888863 -54.810051
v -48.014507 25.775322 -52.485229
v -42.006203 23.888863 -54.810051
v -41.493679 25.775322 -52.485229
v -49.465260 26.067924 -56.979477
v -50.556244 22.651619 -53.578270
v -49.617611 26.121946 -56.519829
v -50.693676 22.639313 -53.052589
v -50.556244 22.651619 -53.578270
v -50.586868 22.555717 -53.482796
v -48.327579 0.000035 -49.461605
v -48.327579 3.599846 -49.461609
v -48.597740 0.000034 -49.461605
v -48.597740 3.599846 -49.461609
v -55.577507 0.000019 -49.461605
v -55.577507 3.599846 -49.461609
v -55.889362 3.599846 -49.461609
v -55.889362 0.000019 -49.461605
v -56.349632 15.338476 -46.297451
v -56.260406 15.217877 -46.177387
v -56.442234 15.458171 -45.903187
v -54.442150 12.824626 -43.794712
v -54.534740 12.946016 -43.402134
v -37.128265 34.016861 -27.350700
v -37.128265 34.016857 -44.869675
v -37.128265 33.093273 -27.350700
v -37.128265 33.093269 -44.869675
v -52.688046 34.016857 -27.350700
v -52.688046 33.093273 -27.350700
v -52.688046 34.016853 -44.869675
v -52.688046 33.093269 -44.869675
v -41.304462 58.259270 -47.006233
v -41.600376 69.858673 -37.238720
v -48.203724 58.259262 -47.006237
v -53.016479 69.858673 -37.238720
v -41.600376 69.858673 -37.238720
v -41.600376 69.858673 -29.633839
v -53.016479 69.858673 -37.238720
v -53.016479 69.858673 -29.633841
v -55.746803 33.002541 -40.096485
v -55.706985 33.093273 -40.207184
v -55.763950 33.093273 -40.048824
v -55.689972 33.002327 -40.254482
v -53.867203 33.093273 -45.321735
v -54.971531 28.899502 -42.251736
v -55.746803 33.002541 -40.096485
v -53.804798 43.120842 -45.495228
v -53.867844 43.212742 -45.319962
v -49.617611 26.121946 -56.519829
v -49.362667 25.913912 -56.826149
v -48.068707 27.111498 -57.505009
v -47.860386 26.894577 -57.802479
v -49.362667 25.913912 -56.826149
v -49.617611 26.121946 -56.519829
v -50.379311 22.469864 -53.397324
v -50.693676 22.639313 -53.052589
v -56.506634 20.604506 -51.026775
v -56.194244 20.432735 -51.369194
v -50.693676 22.639313 -53.052589
v -50.379311 22.469864 -53.397324
v -56.442234 15.458171 -45.903187
v -56.109337 15.335815 -46.294804
v -56.506634 20.604506 -51.026775
v -56.194244 20.432735 -51.369194
v -54.534740 12.946016 -43.402134
v -54.201828 12.825874 -43.795956
v -56.442234 15.458171 -45.903187
v -56.109337 15.335815 -46.294804
v -57.022392 33.895855 -31.057480
v -57.022392 33.989113 -31.057480
v -56.953423 33.895855 -31.057480
v -54.534740 12.946016 -43.402134
v -54.442150 12.824626 -43.794712
v -54.201828 12.825874 -43.795956
v -51.288696 23.102461 -52.695206
v -50.920040 22.899094 -52.535454
v -51.178436 23.140898 -52.733627
v -50.777821 22.945097 -52.582199
v -50.757809 23.021093 -52.652840
v -51.146839 23.239357 -52.823399
v -49.979282 26.875973 -56.138916
v -51.146839 23.239357 -52.823399
v -49.752342 26.839581 -56.202232
v -56.563435 21.309290 -50.798042
v -56.492420 21.114744 -50.756893
v -51.288696 23.102461 -52.695206
v -49.613873 37.139534 -56.578278
v -49.601559 26.598455 -56.621750
v -49.801846 37.115875 -56.623344
v -49.789852 26.573044 -56.665966
v -49.978535 37.373764 -56.132149
v -49.979282 26.875973 -56.138916
v -49.751141 37.339882 -56.196678
v -49.752342 26.839581 -56.202232
v -56.672523 10.213596 -43.718182
v -56.557182 10.213596 -43.718189
v -56.672523 10.930591 -43.557766
v -56.557182 10.930592 -43.557774
v -56.557182 12.665251 -43.557766
v -56.672523 12.665251 -43.557766
v -56.557182 10.213596 -43.718189
v -53.053207 10.213614 -43.718384
v -56.557182 10.930592 -43.557774
v -53.053207 10.930602 -43.557903
v -53.053207 12.665246 -43.557777
v -53.053207 12.783493 -43.557766
v -56.557182 12.783493 -43.557766
v -56.672523 12.783493 -43.557766
v -56.672523 12.665251 -43.557766
v -54.384926 13.056172 -43.215870
v -54.764458 13.097692 -43.170025
v -54.764595 13.034617 -43.313049
v -56.426956 15.931369 -45.495167
v -56.672523 16.008886 -45.258598
v -56.426956 15.802182 -45.366215
v -56.672523 15.880611 -45.130062
v -56.583164 15.761769 -45.012234
v -56.337631 15.683874 -45.248631
v -56.601501 20.974747 -50.617016
v -56.672523 16.008886 -45.258598
v -56.672523 21.169535 -50.658348
v -54.763912 13.343002 -42.613758
v -56.337631 15.683874 -45.248631
v -54.467674 13.312137 -42.773750
v -54.467674 13.312137 -42.773750
v -54.763912 13.343002 -42.613758
v -54.764065 13.273798 -42.770683
v -35.058758 19.448555 -28.441998
v -34.861538 19.451834 -28.462158
v -34.996994 14.080533 -40.679543
v -34.861538 14.080379 -40.679886
v -34.820366 13.143744 -42.787312
v -34.983074 13.114009 -42.854111
v -35.962009 14.080379 -40.679890
v -36.808208 12.793967 -43.569660
v -34.978424 12.790891 -43.576584
v -36.847679 12.733964 -43.704453
v -34.936855 12.733968 -43.704453
v -34.817497 13.078473 -42.930557
v -34.804840 12.790595 -43.577240
v -34.804840 12.790595 -43.577240
v -34.936855 12.733968 -43.704453
v -34.802353 12.733966 -43.704453
v -51.178436 23.140898 -52.733627
v -54.934753 28.785122 -42.353622
v -51.288696 23.102461 -52.695206
v -55.045006 28.742302 -42.320797
v -56.563435 21.309290 -50.798042
v -56.563293 28.150061 -41.872086
v -55.066193 28.774115 -42.262280
v -56.563293 28.192579 -41.816608
v -56.563282 28.279196 -41.778694
v -55.081657 28.856714 -42.218945
v -54.955929 28.816944 -42.295101
v -54.971531 28.899502 -42.251736
v -56.672523 21.271305 -50.759972
v -56.672523 28.107634 -41.839573
v -54.971531 28.899502 -42.251736
v -55.746803 33.002541 -40.096485
v -55.857944 33.002495 -40.044006
v -56.562584 32.998081 -39.713165
v -56.672523 32.998089 -39.661228
v -56.672523 28.236763 -41.746166
v -55.763950 33.093273 -40.048824
v -55.746803 33.002541 -40.096485
v -55.874943 33.093273 -39.996384
v -56.562569 33.093273 -39.671497
v -56.672523 33.093273 -39.619549
v -56.672523 32.998089 -39.661228
v -56.562569 33.093273 -39.671497
v -56.672523 28.107634 -41.839573
v -56.672523 28.150152 -41.784092
v -56.563293 28.192579 -41.816608
v -56.672523 28.236763 -41.746166
v -56.492424 20.882521 -51.059902
v -56.672523 20.951141 -51.177742
v -56.563442 20.989120 -51.215805
v -56.568672 20.857206 -51.021839
v -56.672523 20.849119 -51.075928
v -56.601501 20.742348 -50.919888
v -49.789852 26.573044 -56.665966
v -49.601559 26.598455 -56.621750
v -50.986538 22.998178 -53.266449
v -50.637089 22.839470 -52.986488
v -51.018967 22.901278 -53.174297
v -50.657707 22.764620 -52.914101
v -50.828587 22.708902 -52.859329
v -51.129139 22.862898 -53.135876
v -56.492424 20.882521 -51.059902
v -50.586868 22.555717 -53.482796
v -50.696949 22.517208 -53.444454
v -50.693676 22.639313 -53.052589
v -56.289268 20.560835 -51.496727
v -56.506634 20.604506 -51.026775
v -56.398312 20.522688 -51.458752
v -56.672523 20.849119 -51.075928
v -56.601501 20.742348 -50.919888
v -56.672523 15.690443 -45.953369
v -56.426956 15.770613 -45.845901
v -56.672523 15.561256 -45.824413
v -56.426956 15.640965 -45.716736
v -56.583195 15.442948 -45.706829
v -56.337646 15.522927 -45.599274
v -56.337646 15.522927 -45.599274
v -54.764595 13.034617 -43.313049
v -54.384926 13.056172 -43.215870
v -33.002861 83.842674 -33.239223
v -32.835663 83.842674 -33.239220
v -33.002861 84.193024 -33.475983
v -32.835663 84.193024 -33.475979
v -33.002857 84.424942 -33.805378
v -32.835663 84.428833 -33.805378
v -32.835663 84.432869 -38.552326
v -33.155270 84.432899 -38.552345
v -33.023556 84.432907 -38.646297
v -32.835663 84.432869 -38.646297
v -32.872913 84.432861 -38.757717
v -33.076004 84.432907 -38.757717
v -49.613873 37.139534 -56.578278
v -49.801846 37.115875 -56.623344
v -49.836788 37.166874 -56.526203
v -34.973446 12.946016 -43.402134
v -35.066040 12.824626 -43.794712
v -33.065952 15.458171 -45.903187
v -33.247780 15.217877 -46.177387
v -33.158554 15.338476 -46.297451
v -32.835663 2.707361 -31.480297
v -32.835663 2.686259 -31.480297
v -32.835663 2.667707 -31.447300
v -32.835667 0.000022 -31.480297
v -32.835667 0.000023 -31.449198
v -33.109875 20.522686 -51.458748
v -33.218918 20.560831 -51.496727
v -33.001553 20.604504 -51.026775
v -38.814510 22.639313 -53.052589
v -38.811237 22.517208 -53.444454
v -38.921318 22.555717 -53.482796
v -32.246674 17.080429 -30.637257
v -32.246670 17.048590 -30.714157
v -32.246670 3.491271 -30.636391
v -32.246670 3.443024 -30.683853
v -32.246670 3.443043 -30.636389
v -32.246670 3.418700 -30.664312
v -32.246670 2.733547 -31.450260
v -32.246674 2.713759 -31.530323
v -32.246670 2.707361 -31.480297
v -32.246670 2.686259 -31.480297
v -56.385334 68.626198 -27.281591
v -56.561943 68.498688 -27.238335
v -56.452446 68.446945 -27.347258
v -56.672523 68.274994 -27.347258
v -56.452560 68.239197 -27.431389
v -56.672523 68.116554 -27.436220
v -49.926491 37.297798 -56.276836
v -49.978535 37.373764 -56.132149
v -49.751141 37.339882 -56.196678
v -41.598507 64.727219 -31.860950
v -47.907810 84.432869 -31.860954
v -47.907810 64.727219 -31.860950
v -41.598148 84.432869 -31.860954
v -41.597549 89.780197 -31.815916
v -47.907810 89.780197 -31.815916
v -56.647717 92.469658 -30.962395
v -56.672523 89.780197 -31.815916
v -32.810860 92.469658 -30.962395
v -32.835663 89.780197 -31.815916
v -56.199585 59.626320 -26.881386
v -56.207169 59.660740 -26.915819
v -56.561943 59.978088 -27.238331
v -56.618454 60.095123 -27.347256
v -56.707527 60.095123 -27.347256
v -56.672523 60.173222 -27.436218
v -56.504662 66.001846 -33.100533
v -56.672523 66.001846 -33.099091
v -32.835663 92.483864 -29.951916
v -33.136566 92.469666 -30.792667
v -32.835663 87.241219 -31.229309
v -33.136097 86.980179 -32.411419
v -32.835663 86.928833 -31.510515
v -32.835663 86.831429 -32.041328
v -38.921318 22.555717 -53.482796
v -38.951942 22.651615 -53.578270
v -38.814510 22.639313 -53.052589
v -40.042927 26.067921 -56.979477
v -39.890575 26.121946 -56.519829
v -38.951942 22.651615 -53.578270
v -35.293926 43.817551 -44.221962
v -35.408772 43.817551 -44.221962
v -35.288979 43.638138 -44.271862
v -35.425037 43.638138 -44.271862
v -35.325253 43.575882 -44.378685
v -35.457573 43.575882 -44.378685
v -32.814835 69.907997 -36.965069
v -32.903526 69.907997 -36.965069
v -32.827526 69.774391 -37.002232
v -32.921589 69.774391 -37.002232
v -35.293926 43.817551 -44.221962
v -33.562511 69.774391 -37.002232
v -35.990589 43.817547 -44.221962
v -35.425037 43.638138 -44.271862
v -36.007370 43.638138 -44.271862
v -36.043518 43.575882 -44.378685
v -33.448433 69.907997 -36.965065
v -49.465260 26.067924 -56.979477
v -49.617611 26.121946 -56.519829
v -49.397594 26.110470 -57.021835
v -48.068707 27.111498 -57.505009
v -47.964024 27.011843 -57.919228
v -47.880619 27.064283 -57.971436
v -47.880619 27.064283 -57.971436
v -48.068707 27.111498 -57.505009
v -47.788982 27.064259 -57.971413
v -41.439480 27.111494 -57.505009
v -41.719204 27.064260 -57.971413
v -41.627567 27.064283 -57.971436
v -56.672523 4.061726 -50.440414
v -56.672523 4.154955 -50.440414
v -56.672523 4.202808 -39.563034
v -56.672523 4.176799 -39.666801
v -56.637089 4.133092 -39.600834
v -39.529652 37.373760 -56.132149
v -39.581696 37.297798 -56.276836
v -39.757046 37.339882 -56.196682
v -34.973446 12.946016 -43.402134
v -33.065952 15.458171 -45.903187
v -35.306358 12.825874 -43.795956
v -33.398849 15.335814 -46.294804
v -41.647800 26.894575 -57.802479
v -41.439480 27.111494 -57.505009
v -47.860386 26.894577 -57.802479
v -48.068707 27.111498 -57.505009
v -41.647800 26.894575 -57.802479
v -40.145519 25.913912 -56.826149
v -41.439480 27.111494 -57.505009
v -39.890575 26.121946 -56.519829
v -33.001553 20.604504 -51.026775
v -38.814510 22.639313 -53.052589
v -33.313942 20.432734 -51.369194
v -39.128876 22.469862 -53.397320
v -38.814510 22.639313 -53.052589
v -39.890575 26.121946 -56.519829
v -39.128876 22.469862 -53.397320
v -40.145519 25.913912 -56.826149
v -33.065952 15.458171 -45.903187
v -33.001553 20.604504 -51.026775
v -33.398849 15.335814 -46.294804
v -33.313942 20.432734 -51.369194
v -35.066040 12.824626 -43.794712
v -34.973446 12.946016 -43.402134
v -35.306358 12.825874 -43.795956
v -39.706341 37.115875 -56.623344
v -39.894314 37.139534 -56.578281
v -39.671398 37.166874 -56.526203
v -39.894314 37.139534 -56.578281
v -39.706341 37.115875 -56.623344
v -39.906624 26.598455 -56.621750
v -39.718334 26.573044 -56.665966
v -39.531658 37.540771 -56.137733
v -39.583721 37.464905 -56.282467
v -33.410320 14.885569 -39.044456
v -34.744274 13.343003 -42.613758
v -34.962486 13.287200 -42.865345
v -34.744122 13.273800 -42.774059
v -39.529652 37.373760 -56.132149
v -39.757046 37.339882 -56.196682
v -39.528900 26.875973 -56.138920
v -39.755844 26.839579 -56.202236
v -53.016479 25.298998 -27.347900
v -52.870071 25.297640 -27.347900
v -53.016479 25.421021 -27.347900
v -50.883076 25.279215 -27.347900
v -50.883076 33.895851 -27.347900
v -51.027775 25.280558 -27.347900
v -50.970467 33.895851 -27.347900
v -52.870071 33.895855 -27.347900
v -53.016479 25.421021 -27.347900
v -53.016479 33.895855 -27.347900
v -34.743729 13.097692 -43.170025
v -35.039944 13.104926 -43.191082
v -34.743591 13.034617 -43.313049
vn 0.0510 0.9138 -0.4029
vn -0.5507 -0.2566 0.7943
vn -0.0000 -0.0000 -1.0000
vn -0.4818 -0.0000 -0.8763
vn -0.9636 -0.0000 0.2675
vn -0.6153 -0.7853 0.0683
vn 0.2687 0.0005 -0.9632
vn 0.2711 0.0006 -0.9625
vn 0.2705 0.0006 -0.9627
vn 0.2729 0.0006 -0.9620
vn 0.2167 0.8964 -0.3868
vn 0.6700 -0.0000 0.7424
vn 0.6923 0.4684 0.5490
vn 0.5717 0.7736 0.2733
vn 0.7937 0.3726 -0.4808
vn 0.0039 0.8851 -0.4654
vn 0.6201 0.5807 -0.5274
vn 0.2281 -0.0042 0.9736
vn 0.2306 -0.0042 0.9730
vn 0.2303 -0.0042 0.9731
vn 0.2326 -0.0043 0.9726
vn -0.0000 -0.8854 0.4648
vn 0.0065 0.9549 -0.2968
vn 0.7572 -0.4671 -0.4565
vn 0.7467 -0.4747 -0.4659
vn 0.7468 -0.4747 -0.4658
vn 0.7361 -0.4822 -0.4751
vn 0.8217 -0.2615 -0.5063
vn 0.7983 -0.2865 -0.5298
vn 0.7734 -0.3110 -0.5524
vn 0.4418 0.5774 -0.6866
vn 0.4415 0.5754 -0.6884
vn 0.4413 0.5734 -0.6902
vn 0.6361 0.2795 -0.7192
vn 0.6449 0.2978 -0.7038
vn 0.6449 0.2979 -0.7038
vn 0.6534 0.3160 -0.6880
vn -0.0000 0.8080 -0.5892
vn 0.6064 -0.7430 -0.2834
vn 0.6058 -0.7431 -0.2842
vn 0.6057 -0.7432 -0.2844
vn 0.6053 -0.7433 -0.2849
vn -0.9231 -0.1900 0.3343
vn -0.8397 -0.5170 0.1664
vn -0.8101 -0.2899 0.5096
vn -0.9631 -0.2611 0.0654
vn -1.0000 -0.0000 -0.0000
vn -0.9138 -0.0000 0.4062
vn -0.6699 -0.0000 0.7424
vn -0.4473 0.0001 -0.8944
vn -0.6005 -0.5120 -0.6142
vn -0.7186 -0.5929 -0.3633
vn 0.0001 -0.9949 0.1007
vn 0.0003 -0.9949 0.1006
vn -0.0000 -0.9949 0.1007
vn -0.0001 -0.9949 0.1007
vn -0.0003 -0.9949 0.1006
vn 0.6414 -0.7004 0.3131
vn 0.6416 -0.6930 0.3289
vn 0.6414 -0.7004 0.3130
vn 0.6411 -0.7076 0.2972
vn 0.6338 -0.7153 0.2942
vn -0.0000 0.2680 -0.9634
vn -0.0000 0.9685 -0.2490
vn 0.0023 0.9686 -0.2486
vn -0.0000 0.8640 -0.5035
vn -0.0000 0.7116 -0.7026
vn -0.0000 0.4992 -0.8665
vn 0.5562 0.1740 -0.8126
vn 0.6839 0.1348 -0.7170
vn 0.7230 0.6491 -0.2366
vn 0.6213 0.5667 -0.5412
vn 0.5655 0.3291 -0.7562
vn 0.4574 0.2500 -0.8534
vn -0.9662 -0.0584 0.2512
vn -0.9590 -0.0196 0.2829
vn -0.9495 0.0090 0.3137
vn 0.7928 0.5634 -0.2323
vn 0.5282 0.8444 -0.0894
vn 0.7514 0.6400 -0.1606
vn 0.9440 0.1413 -0.2981
vn 0.9508 0.0797 -0.2995
vn 0.9379 0.0821 -0.3371
vn -0.8949 -0.3109 -0.3200
vn 0.0790 -0.6959 -0.7138
vn -0.6077 -0.4805 -0.6324
vn 0.0532 -0.6980 -0.7141
vn -0.8280 -0.5574 -0.0610
vn -0.6796 -0.7335 0.0118
vn 0.0285 -0.6925 -0.7208
vn -0.6986 -0.7155 0.0042
vn -0.0000 0.1869 -0.9824
vn -0.0000 0.3025 -0.9532
vn -0.0000 0.2065 -0.9784
vn -0.0000 0.0042 -1.0000
vn -0.0000 -0.8854 0.4649
vn -0.2460 0.4746 -0.8452
vn -0.3247 0.4693 -0.8212
vn -0.2643 0.4183 -0.8690
vn -0.4138 0.4642 -0.7831
vn -0.4739 0.5094 -0.7183
vn -0.5090 0.4576 -0.7290
vn 1.0000 -0.0000 -0.0000
vn 0.5865 -0.2211 0.7792
vn 0.7070 -0.0000 0.7072
vn 0.7071 -0.5330 0.4647
vn 0.4473 -0.6742 0.5877
vn 0.7395 -0.2787 0.6128
vn 0.7070 0.0001 0.7072
vn 0.4473 -0.0000 0.8944
vn -0.4001 -0.8762 0.2685
vn -0.4003 -0.8758 0.2696
vn -0.3999 -0.8766 0.2675
vn -0.3998 -0.8770 0.2664
vn -0.3996 -0.8771 0.2663
vn 0.5547 -0.0000 0.8320
vn 0.5865 -0.4421 0.6787
vn -0.7984 0.6021 0.0054
vn -0.8009 0.5988 0.0063
vn -0.8007 0.5991 0.0060
vn -0.7962 0.6051 0.0006
vn -0.7961 0.6051 0.0007
vn 0.6706 -0.7071 -0.2241
vn -0.0002 -1.0000 -0.0000
vn -0.0024 -1.0000 0.0009
vn 0.8243 -0.5592 -0.0886
vn 0.4513 -0.8924 -0.0008
vn -0.0001 -1.0000 -0.0013
vn 0.4749 -0.8393 -0.2645
vn 0.8476 -0.5051 -0.1624
vn 0.7145 -0.5183 -0.4700
vn 0.3204 -0.6209 -0.7155
vn 0.7141 -0.3080 -0.6287
vn 0.5761 -0.2434 -0.7803
vn -0.2335 0.5737 0.7851
vn -0.3580 0.4988 0.7893
vn -0.3580 0.4989 0.7893
vn -0.4749 0.4135 0.7768
vn -0.4749 0.4136 0.7768
vn -0.4785 0.4864 0.7311
vn -0.4786 0.5562 0.6794
vn -0.4753 0.6207 0.6235
vn -0.4754 0.6217 0.6225
vn -0.4614 0.6253 0.6294
vn -0.4470 0.6303 0.6348
vn 0.3998 -0.8770 0.2664
vn 0.3996 -0.8771 0.2663
vn 0.4000 -0.8765 0.2679
vn 0.4003 -0.8759 0.2695
vn 0.4003 -0.8758 0.2696
vn -0.0742 0.8071 0.5857
vn -0.0806 0.8169 0.5711
vn -0.0907 0.8247 0.5582
vn -0.1542 0.7705 0.6185
vn -0.1535 0.7710 0.6181
vn -0.2153 0.7093 0.6712
vn -0.2332 0.7095 0.6650
vn -0.2504 0.7099 0.6583
vn -0.3825 0.6721 0.6340
vn -0.2698 0.7396 0.6166
vn -0.3864 0.6613 0.6429
vn -0.1652 0.7836 0.5989
vn -0.0482 0.8294 0.5566
vn -0.0741 0.8072 0.5857
vn -0.3939 0.3686 -0.8420
vn -0.4189 0.4950 -0.7612
vn -0.6971 0.2875 -0.6568
vn -0.8943 0.3043 -0.3280
vn -0.4396 0.7129 -0.5464
vn -0.8484 0.4202 -0.3220
vn -0.3969 0.3677 -0.8410
vn -0.6990 0.2869 -0.6551
vn -0.3123 0.6824 -0.6609
vn -0.6902 0.6819 -0.2420
vn -0.2403 0.8267 -0.5087
vn -0.3970 0.3678 -0.8409
vn -0.2401 0.8271 -0.5082
vn -0.3973 0.3669 -0.8412
vn -0.4547 0.7162 -0.5294
vn -0.8249 0.1327 -0.5495
vn -0.8353 0.2205 -0.5036
vn -0.8349 0.2208 -0.5042
vn -0.3949 0.3678 -0.8419
vn -0.6271 0.2661 -0.7321
vn -0.8243 0.1333 -0.5503
vn -0.9385 0.2741 -0.2101
vn -0.7227 0.5486 -0.4205
vn -0.4398 0.7128 -0.5463
vn -0.7723 0.3974 -0.4956
vn -0.4395 0.7128 -0.5466
vn -0.6565 0.3999 -0.6396
vn -0.4280 0.5551 -0.7133
vn -0.7334 0.2023 -0.6490
vn -0.4280 0.5554 -0.7130
vn -0.4390 0.7131 -0.5466
vn -0.7732 0.3962 -0.4952
vn 0.4845 -0.8580 -0.1704
vn 0.3389 -0.8570 0.3882
vn -0.0000 -0.9991 0.0413
vn -0.0017 -0.9134 0.4072
vn 0.6638 -0.6810 0.3093
vn 0.5464 -0.7621 0.3473
vn -0.0018 -0.9134 0.4072
vn -0.0032 -0.9122 0.4098
vn 0.4638 -0.8066 0.3664
vn -0.0000 -0.8698 -0.4935
vn -0.0000 -0.9830 -0.1833
vn 0.0002 -0.9135 0.4068
vn 0.0003 -0.9138 0.4063
vn -0.0000 -0.9138 0.4061
vn 0.4920 -0.7950 0.3548
vn 0.4664 -0.7846 0.4085
vn 0.0803 -0.8759 0.4757
vn -0.1216 0.9082 -0.4004
vn -0.3507 -0.7942 -0.4962
vn -0.4608 -0.7821 -0.4196
vn -0.4609 -0.7820 -0.4195
vn -0.5619 -0.7563 -0.3351
vn -0.8451 -0.3865 -0.3694
vn -0.7626 -0.4694 -0.4451
vn -0.7624 -0.4695 -0.4452
vn -0.6709 -0.5238 -0.5248
vn -0.5620 -0.7562 -0.3353
vn -0.6248 -0.6484 -0.4350
vn -0.5619 -0.7566 -0.3344
vn -0.6251 -0.6483 -0.4347
vn -0.6710 -0.5243 -0.5242
vn -0.6709 -0.5239 -0.5248
vn 0.0513 0.9138 -0.4030
vn -0.5101 0.4624 -0.7253
vn -0.7072 -0.0000 -0.7070
vn -0.0000 0.5375 -0.8432
vn -0.0000 0.5375 -0.8433
vn -0.0000 0.0001 -1.0000
vn -0.0000 0.0732 -0.9973
vn -0.0000 0.1464 -0.9892
vn -0.0000 0.4340 -0.9009
vn -0.0000 0.6374 -0.7706
vn -0.8944 -0.0000 -0.4473
vn -0.6024 0.0877 -0.7933
vn -0.0001 0.1098 -0.9940
vn -0.0001 0.4340 -0.9009
vn -0.7264 0.4381 -0.5296
vn -0.2687 0.0005 -0.9632
vn -0.2708 0.0006 -0.9626
vn -0.2707 0.0006 -0.9627
vn -0.2729 0.0006 -0.9620
vn -0.2281 -0.0042 0.9736
vn -0.2304 -0.0042 0.9731
vn -0.2326 -0.0043 0.9726
vn -0.0342 -0.6548 -0.7550
vn -0.1388 -0.4808 -0.8658
vn -0.1387 -0.4810 -0.8657
vn -0.2378 -0.2833 -0.9291
vn -0.0499 -0.6700 -0.7407
vn -0.1800 -0.6352 -0.7511
vn -0.1802 -0.6351 -0.7511
vn -0.3035 -0.5869 -0.7506
vn -0.0415 -0.6623 -0.7481
vn -0.0462 -0.6649 -0.7455
vn -0.0429 -0.6646 -0.7459
vn -0.0342 -0.6548 -0.7551
vn -0.0345 -0.6553 -0.7546
vn -0.0065 0.9549 -0.2968
vn -0.0000 -0.0000 1.0000
vn -0.4472 -0.0003 0.8944
vn -0.0000 -0.4472 0.8944
vn -0.6666 -0.6667 0.3334
vn -0.6064 -0.7430 -0.2834
vn -0.6061 -0.7430 -0.2837
vn -0.6055 -0.7432 -0.2846
vn -0.6053 -0.7433 -0.2849
vn -0.7572 -0.4671 -0.4565
vn -0.7468 -0.4747 -0.4658
vn -0.7361 -0.4822 -0.4751
vn -0.4418 0.5774 -0.6866
vn -0.4415 0.5755 -0.6884
vn -0.4415 0.5754 -0.6884
vn -0.4413 0.5734 -0.6902
vn -0.7734 -0.3110 -0.5524
vn -0.7983 -0.2865 -0.5298
vn -0.8217 -0.2615 -0.5063
vn -0.6534 0.3160 -0.6880
vn -0.6449 0.2979 -0.7038
vn -0.6449 0.2978 -0.7038
vn -0.6361 0.2795 -0.7192
vn -0.7199 0.6774 0.1508
vn -0.0000 0.8856 -0.4644
vn -0.7932 0.3733 -0.4811
vn -0.9410 -0.0000 -0.3385
vn -0.8243 0.1332 -0.5502
vn -0.9408 -0.0005 -0.3391
vn -0.9412 -0.0009 -0.3379
vn -0.8416 0.4474 -0.3027
vn -0.6653 0.7072 -0.2393
vn -0.8250 0.1327 -0.5494
vn -0.4547 0.7162 -0.5295
vn -0.0000 1.0000 -0.0000
vn -0.0000 0.6441 -0.7649
vn 0.7961 0.6051 0.0006
vn 0.7962 0.6051 0.0005
vn 0.7984 0.6021 0.0054
vn 0.8007 0.5990 0.0060
vn 0.8009 0.5988 0.0063
vn -0.4472 -0.0000 -0.8944
vn 0.4472 -0.0000 -0.8944
vn 0.8944 -0.0000 -0.4473
vn 0.9662 -0.0584 0.2512
vn 0.9590 -0.0196 0.2829
vn 0.9495 0.0090 0.3136
vn -0.0000 -0.7765 0.6301
vn -0.7199 0.6775 0.1508
vn -0.8181 -0.0001 0.5751
vn -0.8944 -0.4473 -0.0000
vn -0.8272 -0.4986 -0.2593
vn -0.0001 -1.0000 -0.0000
vn -0.6845 -0.6464 -0.3371
vn -0.0000 0.9999 -0.0169
vn 0.0194 -0.7211 -0.6926
vn 0.0115 -0.7127 -0.7014
vn -0.0001 -0.6995 -0.7147
vn -0.0001 -0.6994 -0.7147
vn 0.0061 -0.7025 -0.7116
vn -0.8944 -0.0000 -0.4472
vn -0.4473 -0.0001 -0.8944
vn -0.9900 -0.1288 0.0575
vn -0.7938 0.3725 -0.4808
vn -0.6201 0.5807 -0.5275
vn -0.0015 0.8854 -0.4647
vn 0.9946 -0.1019 -0.0181
vn -0.0028 0.8853 -0.4651
vn 0.9883 -0.1333 0.0741
vn 0.6037 0.6551 0.4543
vn 0.8527 0.2145 0.4763
vn 0.3070 0.7939 0.5248
vn 0.4816 0.8732 0.0749
vn 0.8944 0.0002 -0.4472
vn 0.4473 0.0001 -0.8944
vn 0.6002 0.7071 0.3739
vn 0.4213 0.4965 0.7589
vn -0.0000 0.7070 0.7072
vn 0.6115 -0.4363 0.6601
vn 0.4723 0.0001 0.8814
vn 0.6110 -0.4352 0.6613
vn 0.4721 -0.0000 0.8815
vn 0.4732 0.0001 0.8810
vn -0.8910 -0.3043 -0.3370
vn 0.0420 -0.6686 -0.7425
vn -0.8481 -0.4006 -0.3467
vn -0.8481 -0.4006 -0.3466
vn 0.0425 -0.6999 -0.7130
vn -0.7278 -0.5293 -0.4360
vn 0.0239 -0.7011 -0.7127
vn -0.7350 -0.5245 -0.4298
vn -1.0000 -0.0000 0.0003
vn -1.0000 -0.0000 -0.0001
vn 0.3139 -0.8944 -0.3186
vn 0.6983 0.1308 -0.7038
vn 0.6591 -0.3526 -0.6643
vn 0.6828 0.2596 -0.6830
vn 0.2949 -0.6211 -0.7261
vn 0.7540 0.0006 -0.6569
vn 0.8450 -0.4495 -0.2897
vn 0.9469 -0.0000 -0.3216
vn -0.8360 0.4353 -0.3339
vn -0.8360 0.4364 -0.3327
vn -0.4927 0.8466 -0.2013
vn -0.4925 0.8469 -0.2006
vn -0.5151 0.4704 -0.7165
vn -0.6978 0.4678 -0.5424
vn -0.6977 0.4678 -0.5426
vn -0.8360 0.4354 -0.3340
vn -0.3171 -0.6598 -0.6813
vn -0.3038 -0.6794 -0.6679
vn -0.3037 -0.6796 -0.6678
vn -0.2902 -0.6988 -0.6538
vn -0.2932 -0.6653 -0.6866
vn -0.2918 -0.6655 -0.6870
vn -0.2909 -0.6656 -0.6873
vn 0.8360 0.4354 -0.3340
vn 0.6983 0.4677 -0.5419
vn 0.6982 0.4678 -0.5420
vn 0.5162 0.4705 -0.7156
vn 0.4927 0.8466 -0.2014
vn 0.8360 0.4360 -0.3332
vn 0.4926 0.8468 -0.2006
vn 0.7072 0.7071 -0.0000
vn 0.8944 0.4473 -0.0001
vn 0.8944 -0.0001 -0.4472
vn -0.0000 0.8401 0.5425
vn -0.0000 0.9197 0.3925
vn 0.0001 0.9998 -0.0182
vn -0.0000 0.9571 -0.2897
vn -0.0000 -1.0000 -0.0000
vn -0.0000 -0.6901 -0.7237
vn 0.7922 0.0951 -0.6028
vn 0.5563 0.1740 -0.8126
vn 0.9340 0.0120 -0.3570
vn 0.6838 0.1348 -0.7171
vn 0.9944 -0.0707 -0.0788
vn 0.6838 0.1349 -0.7171
vn 0.7442 0.4637 0.4808
vn 0.7229 0.6492 -0.2365
vn 0.7592 0.4169 0.4999
vn 0.9892 0.1036 0.1041
vn 0.7442 0.4636 0.4808
vn 0.9354 0.0863 0.3429
vn 0.9773 -0.0540 0.2047
vn 0.8944 0.3134 0.3191
vn 0.8944 -0.4472 0.0002
vn 0.4084 -0.8165 0.4082
vn 0.4473 0.6406 0.6241
vn 0.7354 0.2635 0.6243
vn 0.4473 -0.0001 0.8944
vn 0.8945 -0.0000 0.4472
vn 0.4473 -0.0004 0.8944
vn 0.7072 -0.7070 -0.0000
vn 0.7071 -0.7072 -0.0000
vn 1.0000 -0.0001 -0.0000
vn 0.8856 0.1651 -0.4340
vn 0.8271 -0.4986 -0.2593
vn 0.6844 -0.6465 -0.3371
vn 0.9873 0.0567 -0.1481
vn 0.8944 -0.4472 -0.0000
vn 0.9999 0.0029 -0.0133
vn 0.9998 0.0045 -0.0209
vn 0.9109 -0.1075 0.3984
vn 0.4473 -0.8944 -0.0000
vn 0.9998 0.0045 -0.0208
vn 1.0000 -0.0002 -0.0073
vn -0.0003 -0.6366 -0.7712
vn -0.0000 -0.0018 1.0000
vn -0.0000 -0.0017 1.0000
vn 0.0001 -0.0006 1.0000
vn 0.0004 -0.0000 1.0000
vn -0.0408 -0.6974 -0.7155
vn 0.6438 -0.5659 -0.5151
vn -0.0416 -0.6974 -0.7155
vn 0.5790 -0.5992 -0.5529
vn -0.0430 -0.8298 -0.5564
vn 0.9150 -0.3961 -0.0764
vn 0.8587 -0.4573 -0.2313
vn 0.8587 -0.4572 -0.2313
vn 0.7252 -0.5360 -0.4322
vn -0.2292 -0.3666 0.9017
vn -0.2451 -0.3645 0.8984
vn -0.2285 -0.3653 0.9024
vn -0.2609 -0.3622 0.8948
vn -0.1075 -0.3783 0.9194
vn -0.1472 -0.3682 0.9180
vn -0.1219 -0.3371 0.9335
vn -0.1876 -0.3638 0.9124
vn -0.2128 -0.3970 0.8928
vn -0.1857 0.3689 -0.9107
vn -0.2423 0.3618 -0.9002
vn -0.2981 0.3534 -0.8867
vn -0.0379 -0.9295 -0.3668
vn -0.0494 -0.0000 -0.9988
vn -0.0247 0.0017 -0.9997
vn -0.0000 0.0030 -1.0000
vn -0.0493 -0.0000 -0.9988
vn -0.0000 0.8179 0.5753
vn -0.2201 0.5782 0.7856
vn -0.2387 0.5833 0.7764
vn -0.2386 0.5833 0.7764
vn -0.2572 0.5882 0.7667
vn -0.2602 0.5839 0.7690
vn -0.2651 0.5818 0.7689
vn 0.0265 0.9921 -0.1225
vn -0.0001 0.8401 0.5425
vn -0.0001 0.9998 -0.0182
vn -0.0000 0.9998 -0.0182
vn -0.7170 0.6411 0.2737
vn -0.7315 0.6526 -0.1976
vn -0.6828 0.2596 -0.6829
vn -0.6983 0.1308 -0.7038
vn -0.6591 -0.3526 -0.6643
vn -0.3139 -0.8944 -0.3186
vn -0.7922 0.0951 -0.6028
vn -0.9340 0.0120 -0.3570
vn -0.5562 0.1740 -0.8126
vn -0.6838 0.1349 -0.7171
vn -0.7229 0.6492 -0.2364
vn -0.7445 0.4682 0.4759
vn -0.9944 -0.0707 -0.0787
vn -0.9892 0.1036 0.1041
vn -0.6824 0.5110 0.5226
vn -0.9224 0.2746 0.2717
vn -0.7070 -0.0000 -0.7072
vn -0.7778 0.0367 -0.6274
vn -0.8387 0.0730 -0.5396
vn -0.0004 -0.0015 1.0000
vn -0.0001 -0.0003 1.0000
vn -0.0004 -0.0017 1.0000
vn 0.0390 0.0068 0.9992
vn 0.0119 0.0034 0.9999
vn -0.0152 -0.0000 0.9999
vn -0.0169 0.0054 0.9998
vn -0.0186 0.0107 0.9998
vn -0.3128 0.6592 0.6838
vn -0.3144 0.6606 0.6817
vn -0.2994 0.6631 0.6861
vn -0.2860 0.6668 0.6882
vn -0.2849 0.7485 0.5988
vn -0.3002 0.7059 0.6415
vn -0.3145 0.6606 0.6817
vn 0.0009 -0.4801 0.8772
vn -0.4360 -0.8807 0.1851
vn 0.0011 -0.7093 -0.7049
vn -0.7978 -0.5370 0.2743
vn -0.0000 0.9998 -0.0204
vn -0.6550 0.1985 -0.7291
vn -0.6576 0.1915 -0.7286
vn -0.6577 0.1914 -0.7286
vn -0.6603 0.1843 -0.7280
vn 0.6715 0.6140 0.4148
vn 0.6729 0.6108 0.4174
vn 0.6728 0.6109 0.4173
vn 0.6741 0.6077 0.4198
vn -0.8141 0.4661 -0.3463
vn -0.8163 0.4636 -0.3445
vn -0.8163 0.4636 -0.3446
vn -0.8185 0.4611 -0.3427
vn 0.8402 0.5383 -0.0657
vn 0.8325 0.5498 -0.0677
vn 0.8325 0.5499 -0.0677
vn 0.8246 0.5613 -0.0697
vn 0.8343 0.5510 -0.0169
vn 0.8354 0.5493 -0.0170
vn 0.8351 0.5499 -0.0170
vn 0.8363 0.5480 -0.0170
vn -0.8552 0.3724 -0.3605
vn -0.8297 0.3970 -0.3924
vn -0.8023 0.4207 -0.4234
vn 0.7370 0.6051 0.3011
vn 0.7365 0.6059 0.3008
vn 0.7362 0.6063 0.3006
vn 0.7360 0.6066 0.3005
vn -0.7151 0.2743 -0.6429
vn -0.7152 0.2742 -0.6429
vn -0.7155 0.2739 -0.6427
vn -0.7155 0.2738 -0.6427
vn 0.8745 0.4392 -0.2058
vn 0.8759 0.4375 -0.2035
vn 0.8756 0.4378 -0.2039
vn 0.8770 0.4361 -0.2017
vn -0.8476 0.4806 -0.2251
vn -0.8488 0.4792 -0.2233
vn -0.8493 0.4787 -0.2226
vn -0.8504 0.4775 -0.2209
vn 0.9056 0.0926 -0.4139
vn 0.9075 0.0906 -0.4101
vn 0.9075 0.0906 -0.4102
vn 0.9094 0.0886 -0.4063
vn -0.8887 0.0991 -0.4476
vn -0.8877 0.1001 -0.4494
vn -0.8879 0.0999 -0.4490
vn -0.8869 0.1009 -0.4508
vn -0.9962 -0.0008 -0.0869
vn -0.9963 0.0011 -0.0855
vn -0.9963 -0.0007 -0.0858
vn -0.9947 0.0002 -0.1031
vn -0.9928 0.0012 -0.1194
vn -0.0000 -0.7073 -0.7070
vn -0.0016 -0.7105 -0.7037
vn 0.6483 -0.0000 -0.7614
vn 0.9611 -0.0000 -0.2763
vn 0.4884 0.3151 -0.8137
vn 0.3455 -0.0000 -0.9384
vn 0.9078 -0.0000 -0.4194
vn 0.6478 0.4438 -0.6192
vn 0.6479 0.4440 -0.6190
vn 0.8460 0.3102 -0.4337
vn 0.4572 -0.0000 -0.8894
vn 0.2286 -0.0000 -0.9735
vn 0.5730 0.1942 -0.7962
vn 0.6783 0.4185 -0.6040
vn 0.0186 0.0107 0.9998
vn 0.0169 0.0054 0.9998
vn 0.0169 0.0055 0.9998
vn 0.0152 -0.0000 0.9999
vn -0.0119 0.0034 0.9999
vn -0.0390 0.0068 0.9992
vn 0.7005 -0.0000 -0.7137
vn 0.6998 -0.0045 -0.7143
vn 0.6998 -0.0047 -0.7143
vn 0.6991 -0.0091 -0.7149
vn 0.7271 -0.0027 -0.6866
vn 0.7497 -0.0054 -0.6618
vn 0.4080 -0.8462 -0.3427
vn 0.4077 -0.8465 -0.3424
vn 0.4078 -0.8464 -0.3425
vn 0.4071 -0.8470 -0.3418
vn 0.5068 -0.8302 -0.2321
vn 0.4543 -0.8474 -0.2750
vn 0.4543 -0.8473 -0.2749
vn 0.4077 -0.8465 -0.3423
vn 0.2981 0.3534 -0.8867
vn 0.2423 0.3618 -0.9002
vn 0.1857 0.3689 -0.9107
vn 0.3120 0.6594 0.6840
vn 0.2990 0.6632 0.6862
vn 0.2990 0.6631 0.6862
vn 0.2860 0.6668 0.6882
vn 0.3003 0.7057 0.6418
vn 0.3003 0.7057 0.6417
vn 0.2850 0.7481 0.5993
vn -0.8681 -0.4520 0.2052
vn -0.9402 -0.3096 0.1422
vn -0.8681 -0.4517 0.2060
vn -0.9854 -0.1548 0.0712
vn -0.9384 0.2743 -0.2102
vn -0.7225 0.5487 -0.4206
vn -0.4930 -0.7944 0.3548
vn -0.7816 -0.5682 0.2572
vn -0.5926 -0.7344 0.3310
vn -0.8404 -0.4955 0.2193
vn -0.8404 -0.4956 0.2194
vn -0.8634 -0.4590 0.2092
vn -0.5072 -0.7856 0.3543
vn -0.8677 -0.4534 0.2038
vn -0.5659 -0.7559 -0.3291
vn -0.5671 -0.7556 -0.3277
vn -0.9401 -0.3098 0.1424
vn -0.6668 -0.5970 -0.4462
vn -0.7071 -0.4990 -0.5011
vn -0.7071 -0.4989 -0.5012
vn -0.5990 0.0048 -0.8007
vn -0.3389 -0.8570 0.3882
vn -0.8898 -0.4138 0.1924
vn -0.4844 -0.8581 -0.1704
vn -0.5659 -0.7560 -0.3290
vn -0.0000 0.3612 -0.9325
vn -0.6162 0.5692 -0.5443
vn -0.0000 0.7227 -0.6911
vn -0.7072 -0.0000 -0.7071
vn -0.6709 -0.3807 -0.6364
vn -0.7188 -0.5928 -0.3633
vn -0.0321 -0.8723 -0.4880
vn -0.0000 -0.8525 -0.5228
vn -0.6006 -0.5119 -0.6142
vn -0.0000 -0.3202 -0.9473
vn 0.8944 -0.4472 -0.0002
vn 0.8944 0.1056 -0.4345
vn 0.3751 -0.5729 -0.7288
vn 0.4473 0.0001 0.8944
vn 1.0000 -0.0000 0.0004
vn 0.5849 0.4323 0.6863
vn 0.7071 0.5227 0.4763
vn 0.7070 -0.0001 0.7072
vn 0.7314 0.6527 -0.1976
vn 0.8517 0.3067 -0.4249
vn 0.4473 0.2039 -0.8708
vn 0.7070 -0.7072 -0.0001
vn 0.7070 -0.7072 -0.0000
vn 1.0000 0.0001 -0.0000
vn 0.7169 0.6412 0.2737
vn 0.4473 0.6611 0.6024
vn 0.6666 -0.6668 0.3334
vn 0.9484 -0.0000 -0.3170
vn 0.9484 -0.0000 -0.3171
vn 0.9870 -0.0000 -0.1606
vn 0.7072 -0.0999 0.7000
vn 0.0141 -0.1381 0.9903
vn 0.7122 -0.0969 0.6953
vn 0.0283 -0.1350 0.9904
vn -0.0283 -0.1350 0.9904
vn -0.0141 -0.1381 0.9903
vn -0.7122 -0.0969 0.6952
vn -0.7072 -0.0999 0.7000
vn 0.5281 0.8445 -0.0893
vn 0.4739 0.8805 -0.0139
vn 0.7513 0.6401 -0.1605
vn -0.3704 0.1789 -0.9115
vn -0.2273 0.2140 -0.9500
vn -0.2275 0.2140 -0.9500
vn -0.0902 0.2428 -0.9659
vn -0.0805 0.2476 -0.9655
vn -0.1159 0.2413 -0.9635
vn -0.1414 0.2398 -0.9605
vn -0.1450 0.2345 -0.9612
vn -0.1452 0.2398 -0.9599
vn -0.9808 -0.1226 0.1516
vn -0.9801 -0.1264 0.1528
vn -0.9757 -0.1475 0.1623
vn -0.9756 -0.1475 0.1623
vn 0.6402 0.0010 0.7682
vn 0.6401 0.0001 0.7683
vn 0.6401 0.0009 0.7683
vn 0.6333 0.0001 0.7739
vn 0.6318 0.0004 0.7751
vn 0.6237 -0.0002 0.7816
vn -0.5099 0.7897 -0.3412
vn -0.8783 0.4389 -0.1894
vn -0.5427 0.7712 -0.3328
vn -0.8865 0.4249 -0.1832
vn -0.6783 0.4185 -0.6039
vn -0.5730 0.1942 -0.7962
vn -0.5719 0.7528 -0.3259
vn -0.4473 0.6405 0.6242
vn -0.7354 0.2634 0.6243
vn -0.4473 -0.0000 0.8944
vn -0.8944 -0.0000 0.4472
vn -0.8944 -0.4472 -0.0000
vn -0.4473 -0.8944 0.0008
vn -0.7070 -0.0000 0.7072
vn -0.4083 -0.8165 0.4082
vn -0.8944 -0.4472 -0.0001
vn -0.4473 -0.8944 -0.0000
vn -0.5155 0.5997 0.6121
vn -0.8944 0.3134 0.3191
vn -0.9773 -0.0540 0.2047
vn -0.9104 -0.1056 0.4001
vn -0.9773 -0.0540 0.2046
vn -0.9873 0.0567 -0.1481
vn -0.8271 -0.4986 -0.2593
vn -0.8854 0.1648 -0.4347
vn -0.6844 -0.6465 -0.3371
vn -0.9999 0.0029 -0.0133
vn -0.9998 0.0045 -0.0208
vn -0.9104 -0.1057 0.4000
vn -1.0000 -0.0002 -0.0073
vn 0.1510 -0.2796 0.9482
vn 0.6710 -0.2167 0.7090
vn 0.0207 -0.2896 0.9569
vn 0.5725 -0.2431 0.7831
vn 0.4751 -0.8799 0.0030
vn 0.4755 -0.8797 0.0012
vn 0.4754 -0.8798 0.0016
vn 0.4758 -0.8795 -0.0000
vn 1.0000 -0.0047 -0.0000
vn 0.9926 -0.0381 0.1153
vn 0.6710 -0.2167 0.7091
vn 0.5723 -0.2431 0.7832
vn -0.4926 0.8468 -0.2005
vn -0.0000 1.0000 -0.0089
vn -0.4928 0.8465 -0.2014
vn 0.4928 0.8465 -0.2014
vn -0.0000 -1.0000 0.0001
vn 0.3765 -0.0000 -0.9264
vn 0.5590 -0.0000 0.8292
vn 0.0049 1.0000 -0.0001
vn 0.0051 1.0000 -0.0001
vn 0.0099 1.0000 -0.0003
vn -0.0000 -0.8208 -0.5712
vn -0.0003 -0.8213 -0.5705
vn -0.0010 -0.8223 -0.5690
vn -0.0013 -0.8228 -0.5684
vn 0.0437 -0.0000 0.9990
vn 0.0018 -0.6505 0.7595
vn 0.0161 -0.6865 0.7269
vn 0.0161 -0.6865 0.7270
vn 0.0303 -0.7207 0.6926
vn -0.4962 -0.7072 0.5037
vn -0.7018 -0.0000 0.7124
vn -0.8109 -0.4766 0.3395
vn -0.9224 -0.0000 0.3862
vn -0.7071 -0.7072 -0.0000
vn -0.9669 -0.0000 0.2550
vn -0.8603 -0.0000 0.5099
vn -0.7017 -0.0000 0.7124
vn -0.3792 -0.0000 0.9253
vn -0.3139 -0.8944 0.3186
vn -0.6277 -0.4472 0.6372
vn -0.0000 -0.8944 0.4473
vn -0.0000 -0.7072 0.7070
vn -0.3336 -0.4754 0.8141
vn 0.3336 -0.4754 0.8140
vn 0.3792 -0.0000 0.9253
vn 0.7018 -0.0000 0.7124
vn 0.4962 -0.7072 0.5037
vn 0.8110 -0.4766 0.3394
vn 0.9224 -0.0000 0.3862
vn 0.3139 -0.8944 0.3186
vn 0.6277 -0.4472 0.6372
vn 0.8602 -0.0000 0.5100
vn 0.9670 -0.0000 0.2549
vn 0.0001 -0.5572 0.8304
vn -0.3556 -0.4461 0.8213
vn 0.0001 -0.9260 0.3775
vn 0.5833 -0.3744 0.7208
vn 0.0051 -0.9253 0.3791
vn 0.6154 -0.7853 0.0683
vn 0.4518 -0.5819 0.6762
vn 0.3649 -0.4725 0.8022
vn 0.0042 -0.9261 0.3774
vn -0.0000 -0.3635 0.9316
vn -0.0000 -0.3624 0.9320
vn 0.0001 -0.9261 0.3774
vn 0.0001 -0.7261 0.6876
vn 0.0046 -0.9247 0.3807
vn 0.0052 -0.9253 0.3791
vn 0.4539 -0.5792 0.6771
vn 0.9936 -0.0002 -0.1133
vn 0.9985 0.0009 -0.0546
vn 1.0000 0.0011 0.0026
vn 1.0000 0.0011 0.0027
vn 0.6311 -0.5454 -0.5516
vn 0.6311 -0.5453 -0.5516
vn 1.0000 0.0011 0.0028
vn 1.0000 0.0005 0.0028
vn 0.8790 -0.3336 -0.3407
vn 0.2967 -0.6632 -0.6871
vn -0.8917 0.3636 -0.2696
vn -0.8868 0.3695 -0.2777
vn -0.8867 0.3695 -0.2778
vn -0.8817 0.3754 -0.2859
vn -0.7249 0.6144 0.3116
vn -0.7267 0.6118 0.3126
vn -0.7285 0.6092 0.3135
vn 0.9636 -0.0001 0.2675
vn 0.6152 -0.7854 0.0683
vn 0.4818 -0.0000 -0.8763
vn 0.9636 -0.0000 0.2674
vn 0.7938 0.5617 -0.2332
vn 0.7967 0.5599 -0.2274
vn 0.7968 0.5599 -0.2273
vn 0.7996 0.5581 -0.2217
vn 0.8112 0.5418 -0.2201
vn 0.8186 0.5338 -0.2120
vn 0.7122 0.2533 -0.6547
vn 0.7118 0.2537 -0.6549
vn 0.7121 0.2534 -0.6548
vn 0.7117 0.2539 -0.6550
vn 0.8559 0.4114 -0.3133
vn 0.8619 0.4054 -0.3047
vn 0.8618 0.4054 -0.3047
vn 0.8676 0.3994 -0.2961
vn -0.7375 -0.0000 -0.6754
vn -0.7374 -0.0000 -0.6755
vn -0.4189 0.8066 0.4171
vn -0.7374 0.0005 -0.6754
vn -0.8380 0.4037 -0.3671
vn -0.7372 -0.0000 -0.6757
vn -0.9153 -0.0000 0.4028
vn -0.3555 -0.4462 0.8213
vn -0.9154 -0.0001 0.4026
vn -0.8809 0.4238 0.2110
vn -0.7372 -0.0001 -0.6757
vn -0.4863 -0.0019 0.8738
vn -0.4189 0.8066 0.4170
vn 0.8603 -0.0071 -0.5098
vn 0.8619 -0.0048 -0.5070
vn 0.8618 -0.0030 -0.5072
vn -0.2402 0.8270 -0.5083
vn -0.4548 0.7161 -0.5294
vn -0.6654 0.7071 -0.2393
vn -0.8415 0.4475 -0.3027
vn 0.2403 0.8267 -0.5087
vn 0.2401 0.8270 -0.5083
vn 0.4548 0.7161 -0.5295
vn 0.8416 0.4473 -0.3027
vn 0.6903 0.6818 -0.2421
vn 0.3123 0.6824 -0.6610
vn 0.7072 0.7070 -0.0000
vn 0.7660 0.4470 0.4620
vn 0.6056 0.7070 0.3652
vn 0.3830 0.8944 0.2309
vn 0.4208 0.8944 -0.1514
vn 0.8415 0.4475 -0.3026
vn -0.0000 0.8944 0.4472
vn -0.0000 0.4473 0.8944
vn -0.6002 0.7071 0.3739
vn -0.4214 0.4965 0.7589
vn 0.0001 0.7070 0.7072
vn -0.7660 0.4470 0.4620
vn -0.6055 0.7070 0.3653
vn -0.3830 0.8944 0.2309
vn -0.7072 0.7071 -0.0000
vn -0.8944 0.4473 -0.0000
vn -0.7072 0.7070 -0.0000
vn -0.6903 0.6818 -0.2421
vn 1.0000 -0.0000 0.0003
vn 1.0000 -0.0000 -0.0002
vn 0.0164 0.1560 0.9876
vn 0.0042 0.3708 0.9287
vn 0.0086 0.1648 0.9863
vn -0.0000 0.3755 0.9268
vn 0.0036 0.8851 -0.4654
vn 0.6201 0.5806 -0.5276
vn 0.7938 0.3724 -0.4808
vn 0.6218 0.4572 -0.6359
vn 0.4041 0.3446 -0.8473
vn 0.0037 0.8895 -0.4569
vn 0.6202 0.5806 -0.5275
vn -0.0000 0.8957 -0.4447
vn -0.0016 0.8900 -0.4560
vn 0.0038 0.8851 -0.4654
vn 0.6201 0.5807 -0.5275
vn -0.6217 0.4571 -0.6360
vn -0.4040 0.3447 -0.8473
vn 0.3993 0.7451 -0.5342
vn 0.7938 0.3725 -0.4808
vn -0.0027 0.8853 -0.4651
vn -0.6202 0.5806 -0.5275
vn 0.7200 0.6774 0.1508
vn 0.7933 0.3733 -0.4810
vn -0.3980 0.7458 -0.5342
vn -0.0015 0.8855 -0.4647
vn -0.7937 0.3726 -0.4808
vn -0.0000 0.8857 -0.4643
vn 0.0001 0.8857 -0.4643
vn 0.3980 0.7458 -0.5342
vn -0.3993 0.7451 -0.5342
vn 0.0035 0.8151 0.5793
vn 0.0017 0.7407 0.6718
vn 0.0081 0.8176 0.5757
vn -0.0003 0.6534 0.7570
vn 0.0041 0.3710 0.9286
vn -0.0000 0.3757 0.9268
vn 0.5789 -0.5993 -0.5529
vn 0.6437 -0.5660 -0.5151
vn 0.9915 -0.1261 -0.0326
vn 0.9957 -0.0000 0.0926
vn -0.9407 -0.0039 -0.3392
vn -0.6916 0.0007 -0.7223
vn -0.4397 -0.4264 -0.7905
vn -0.5977 -0.4507 -0.6630
vn -0.5969 -0.4513 -0.6633
vn -0.9414 -0.0059 -0.3374
vn -0.4523 -0.4133 -0.7903
vn -0.6700 0.5230 -0.5269
vn -0.6700 0.5231 -0.5268
vn -0.9413 -0.0058 -0.3374
vn -0.8550 0.2581 -0.4498
vn -0.9408 -0.0041 -0.3389
vn -0.9409 0.0002 -0.3386
vn -0.8420 0.0005 -0.5395
vn -0.6930 0.0003 -0.7210
vn -0.6216 0.4572 -0.6360
vn -0.9410 0.0001 -0.3385
vn -0.6200 0.5808 -0.5275
vn -0.7938 0.3724 -0.4808
vn -0.6200 0.5808 -0.5276
vn -0.3994 0.7451 -0.5342
vn -0.6199 0.5809 -0.5275
vn -0.9856 -0.0002 0.1693
vn -0.4927 -0.0002 0.8702
vn -0.9410 -0.0029 -0.3384
vn -0.7731 0.3962 -0.4952
vn -0.7335 0.2022 -0.6489
vn -0.6566 0.3998 -0.6395
vn -0.9411 -0.0000 -0.3383
vn -0.9410 0.0001 -0.3384
vn -0.7937 0.3725 -0.4809
vn -0.4845 -0.8580 -0.1705
vn -0.0000 -0.9136 0.4067
vn -0.5072 -0.7856 0.3544
vn -0.4930 -0.7944 0.3549
vn -0.4664 -0.7846 0.4085
vn -0.0803 -0.8759 0.4757
vn -0.0000 -0.7055 -0.7087
vn -0.0000 -0.8697 -0.4936
vn -0.0000 -0.9831 -0.1833
vn -0.7072 -0.4988 -0.5011
vn -0.7072 -0.4989 -0.5010
vn -0.6669 -0.5969 -0.4460
vn -0.5672 -0.7556 -0.3276
vn -0.5857 -0.7334 -0.3450
vn -0.4845 -0.8581 -0.1703
vn -0.0000 -0.9991 0.0414
vn -0.2061 -0.3276 -0.9220
vn -0.5989 0.0048 -0.8008
vn -0.4390 0.7131 -0.5465
vn -0.2061 -0.3277 -0.9220
vn -0.4122 0.3383 -0.8459
vn -0.7225 0.5488 -0.4206
vn -0.6699 0.5231 -0.5269
vn -0.8550 0.2582 -0.4497
vn -0.5979 -0.4506 -0.6630
vn -0.5970 -0.4512 -0.6633
vn -0.4121 0.3381 -0.8461
vn -0.5144 0.0005 -0.8576
vn -0.3766 -0.2582 -0.8897
vn -0.6915 0.0006 -0.7224
vn -0.6929 0.0003 -0.7211
vn -0.5145 0.0004 -0.8575
vn -0.8419 0.0005 -0.5396
vn -0.4041 0.3447 -0.8473
vn -0.5164 0.0003 -0.8564
vn -0.5133 0.0004 -0.8582
vn -0.3764 -0.2585 -0.8896
vn -0.1883 -0.5174 -0.8348
vn -0.1780 -0.0000 -0.9840
vn -0.3546 -0.0000 -0.9350
vn -0.5165 -0.0000 -0.8563
vn -0.3340 0.4891 -0.8057
vn -0.3116 0.5293 -0.7891
vn -0.0341 0.8667 -0.4976
vn -0.0597 0.8438 -0.5334
vn -0.2104 0.3241 -0.9223
vn -0.2681 -0.0000 -0.9634
vn 0.3340 0.4891 -0.8057
vn 0.2104 0.3241 -0.9223
vn 0.0597 0.8438 -0.5334
vn 0.0340 0.8668 -0.4976
vn 0.3116 0.5293 -0.7891
vn 0.5164 0.0002 -0.8564
vn 0.5165 -0.0000 -0.8563
vn 0.2681 -0.0000 -0.9634
vn -0.0000 0.4777 -0.8785
vn -0.0000 0.8394 -0.5435
vn -0.0000 -0.3816 -0.9243
vn -0.1766 -0.0000 -0.9843
vn -0.0000 -0.2521 -0.9677
vn -0.0000 -0.5041 -0.8637
vn -0.1879 -0.5178 -0.8346
vn -0.2286 -0.3145 -0.9213
vn 0.4845 -0.8581 -0.1703
vn 0.5661 -0.7559 -0.3289
vn 0.5672 -0.7556 -0.3276
vn 0.6669 -0.5969 -0.4460
vn 0.7072 -0.4989 -0.5010
vn 0.7072 -0.4988 -0.5011
vn 0.5989 0.0048 -0.8008
vn 0.9384 0.2743 -0.2102
vn 0.4390 0.7131 -0.5465
vn 0.2061 -0.3276 -0.9220
vn 0.4122 0.3383 -0.8459
vn 0.2061 -0.3277 -0.9220
vn 0.7225 0.5488 -0.4206
vn 0.4390 0.7131 -0.5466
vn 0.6699 0.5231 -0.5269
vn 0.8550 0.2582 -0.4498
vn 0.5979 -0.4506 -0.6630
vn 0.5970 -0.4512 -0.6633
vn 0.4523 -0.4133 -0.7903
vn 0.4121 0.3381 -0.8461
vn 0.6699 0.5231 -0.5268
vn 0.2286 -0.3145 -0.9213
vn 0.1885 -0.5172 -0.8349
vn 0.5137 0.0002 -0.8580
vn 0.1766 -0.0000 -0.9843
vn 0.4041 0.3447 -0.8473
vn 0.6929 0.0003 -0.7211
vn 0.6217 0.4572 -0.6359
vn 0.1781 -0.0000 -0.9840
vn 0.3546 -0.0000 -0.9350
vn 0.5135 0.0002 -0.8581
vn 0.5139 0.0006 -0.8579
vn 0.8419 0.0005 -0.5397
vn 0.3764 -0.2585 -0.8896
vn 0.1883 -0.5174 -0.8348
vn 0.4397 -0.4264 -0.7905
vn 0.3766 -0.2582 -0.8897
vn 0.6915 0.0007 -0.7224
vn 0.5140 0.0006 -0.8578
vn 1.0000 0.0074 -0.0009
vn 0.9992 -0.0022 0.0400
vn 0.9967 -0.0117 0.0809
vn 0.9993 0.0006 0.0377
vn 0.9992 -0.0022 0.0401
vn -0.6333 0.0001 0.7739
vn -0.6318 0.0004 0.7751
vn -0.6237 -0.0002 0.7816
vn -0.6402 -0.0002 0.7682
vn -0.6402 -0.0004 0.7682
vn 0.7217 -0.2403 0.6492
vn 0.7123 -0.2389 0.6599
vn 0.7029 -0.2375 0.6705
vn 0.5373 -0.2756 0.7971
vn 0.6222 -0.2669 0.7360
vn 0.6223 -0.2669 0.7359
vn 0.7003 -0.2553 0.6666
vn -0.4479 -0.7127 0.5399
vn -0.4664 -0.7846 0.4086
vn -0.1065 -0.7372 0.6672
vn -0.5529 -0.4959 0.6697
vn -0.0788 -0.5100 0.8566
vn -0.4786 -0.2649 0.8371
vn -0.0525 -0.2850 0.9571
vn -0.0249 -0.0992 0.9948
vn -0.5063 -0.0590 0.8603
vn -0.6344 0.0001 0.7730
vn -0.8570 -0.0273 0.5145
vn -0.8487 0.0001 0.5288
vn -0.6054 0.7072 0.3651
vn -0.8562 -0.0006 0.5166
vn -0.7661 0.4469 0.4620
vn -0.8456 -0.0006 0.5338
vn -0.8561 -0.0000 0.5167
vn -0.9447 -0.0009 0.3279
vn -0.8645 -0.0366 0.5013
vn -0.9791 -0.0154 0.2027
vn -0.8741 -0.0501 0.4832
vn -0.3831 0.8944 0.2309
vn -0.6001 0.7072 0.3739
vn -0.4854 -0.0000 0.8743
vn -0.0000 0.7071 0.7071
vn -0.0000 0.8944 0.4473
vn -0.0000 0.4472 0.8944
vn -0.0000 -0.0482 0.9988
vn -0.0000 -0.0965 0.9953
vn -0.0000 -0.2388 0.9711
vn -0.0000 -0.3319 0.9433
vn -0.0000 -0.5062 0.8624
vn -0.0000 -0.5875 0.8092
vn -0.0000 -0.7376 0.6753
vn -0.0000 -0.8051 0.5931
vn -0.0000 -0.8630 0.5053
vn 0.4664 -0.7846 0.4086
vn 0.4479 -0.7127 0.5399
vn 0.0804 -0.8759 0.4757
vn 0.1065 -0.7372 0.6672
vn 0.5529 -0.4959 0.6696
vn 0.0788 -0.5100 0.8566
vn 0.4787 -0.2649 0.8371
vn 0.0525 -0.2850 0.9571
vn 0.5063 -0.0591 0.8603
vn 0.6345 -0.0000 0.7730
vn 0.8570 -0.0273 0.5146
vn 0.8568 -0.0005 0.5157
vn 0.9447 -0.0012 0.3279
vn 0.8641 -0.0303 0.5023
vn 0.9791 -0.0154 0.2027
vn 0.8512 -0.0007 0.5248
vn 0.8561 -0.0000 0.5167
vn 0.8562 -0.0001 0.5166
vn 0.7660 0.4469 0.4620
vn 0.6054 0.7072 0.3651
vn 0.8568 -0.0005 0.5156
vn 0.3829 0.8944 0.2312
vn 0.8741 -0.0501 0.4832
vn 0.6001 0.7072 0.3739
vn 0.4854 -0.0000 0.8743
vn -0.0000 0.7072 0.7070
vn 0.0904 0.2465 -0.9649
vn 0.2273 0.2140 -0.9500
vn 0.2275 0.2140 -0.9500
vn 0.3704 0.1789 -0.9115
vn 0.2014 0.2329 -0.9514
vn 0.2014 0.2327 -0.9515
vn 0.0904 0.2466 -0.9649
vn 0.1455 0.2395 -0.9599
vn 0.4395 0.7129 -0.5464
vn 0.8943 0.3043 -0.3280
vn 0.8484 0.4202 -0.3220
vn 0.4189 0.4950 -0.7612
vn 0.6971 0.2876 -0.6567
vn 0.3947 0.3684 -0.8417
vn 0.6903 0.6819 -0.2420
vn 0.6989 0.2868 -0.6551
vn 0.3123 0.6824 -0.6609
vn 0.3969 0.3677 -0.8410
vn 0.8349 0.2208 -0.5042
vn 0.3949 0.3683 -0.8417
vn 0.8353 0.2205 -0.5036
vn 0.3970 0.3678 -0.8409
vn 0.3973 0.3669 -0.8412
vn 0.3949 0.3678 -0.8419
vn 0.6271 0.2662 -0.7321
vn 0.8243 0.1333 -0.5503
vn 0.2402 0.8271 -0.5082
vn 0.4279 0.5551 -0.7133
vn 0.6565 0.3999 -0.6396
vn 0.7334 0.2023 -0.6490
vn 0.7724 0.3973 -0.4955
vn 0.4391 0.7130 -0.5466
vn 0.7732 0.3962 -0.4952
vn 0.4395 0.7128 -0.5466
vn 0.4396 0.7129 -0.5464
vn 0.4280 0.5554 -0.7130
vn 0.8249 0.1328 -0.5495
vn 0.9384 0.2741 -0.2101
vn 0.7226 0.5487 -0.4205
vn 0.9448 -0.0012 0.3277
vn 0.9791 -0.0154 0.2026
vn 0.9040 -0.2271 0.3623
vn 0.8941 -0.1369 0.4264
vn 0.8909 -0.2238 0.3952
vn 0.8930 -0.1305 0.4306
vn 0.9714 -0.0515 0.2318
vn 0.8944 0.4472 -0.0000
vn 0.7070 0.7072 -0.0000
vn 0.6989 0.2869 -0.6551
vn 0.6902 0.6819 -0.2421
vn 0.7071 0.7072 -0.0000
vn 0.8943 0.3044 -0.3281
vn 0.8348 0.2208 -0.5043
vn 0.9678 -0.1829 0.1733
vn 0.9572 -0.2557 0.1353
vn 0.9752 -0.0990 0.1978
vn 0.9384 0.2742 -0.2101
vn 0.7226 0.5486 -0.4205
vn 0.9855 -0.1542 0.0709
vn 0.8757 -0.4387 0.2016
vn 0.8922 -0.3858 0.2349
vn 0.9024 -0.3128 0.2964
vn 0.8829 -0.4162 0.2176
vn 0.8749 -0.4414 0.1992
vn 0.8916 -0.3888 0.2323
vn 0.9035 -0.2999 0.3061
vn 0.5064 -0.0591 0.8603
vn 0.8877 -0.1078 0.4476
vn 0.8487 -0.4035 0.3418
vn 0.4480 -0.7127 0.5399
vn 0.4665 -0.7845 0.4085
vn 0.7460 -0.5937 0.3018
vn 0.4921 -0.7949 0.3548
vn 0.7771 -0.5741 0.2580
vn 0.4638 -0.8066 0.3665
vn 0.9696 -0.2211 0.1045
vn 0.9099 0.3571 -0.2112
vn 0.8635 -0.4588 0.2093
vn 0.6637 -0.6810 0.3092
vn 0.8845 -0.4266 0.1890
vn 0.8682 -0.4518 0.2054
vn 0.8681 -0.4514 0.2064
vn 0.9402 -0.3096 0.1422
vn 0.9854 -0.1548 0.0712
vn 0.7225 0.5487 -0.4206
vn 0.4844 -0.8581 -0.1704
vn 0.3389 -0.8570 0.3881
vn 0.5659 -0.7559 -0.3290
vn 0.5671 -0.7556 -0.3277
vn 0.9401 -0.3098 0.1424
vn 0.6668 -0.5970 -0.4461
vn 0.7071 -0.4990 -0.5011
vn 0.7071 -0.4989 -0.5012
vn 0.5990 0.0049 -0.8007
vn -0.9384 0.2742 -0.2101
vn -0.7226 0.5486 -0.4205
vn -0.6990 0.2868 -0.6551
vn -0.6902 0.6819 -0.2422
vn -0.7070 0.7072 -0.0000
vn -0.7071 0.7072 -0.0000
vn -0.8943 0.3043 -0.3281
vn -0.6971 0.2876 -0.6567
vn -0.8348 0.2208 -0.5043
vn -0.9448 -0.0009 0.3277
vn -0.9791 -0.0154 0.2026
vn -0.8944 0.4472 -0.0000
vn -0.9714 -0.0515 0.2318
vn -0.8645 -0.0367 0.5013
vn -0.8930 -0.1305 0.4306
vn -0.8749 -0.4414 0.1992
vn -0.8829 -0.4162 0.2176
vn -0.8757 -0.4387 0.2016
vn -0.8916 -0.3888 0.2323
vn -0.9024 -0.3127 0.2964
vn -0.9034 -0.3000 0.3062
vn -0.9752 -0.0990 0.1978
vn -0.9572 -0.2558 0.1354
vn -0.9677 -0.1829 0.1733
vn -0.9040 -0.2271 0.3623
vn -0.8941 -0.1369 0.4264
vn -0.8909 -0.2238 0.3952
vn -0.8922 -0.3858 0.2349
vn -0.9855 -0.1542 0.0709
vn -0.8877 -0.1078 0.4475
vn -0.5064 -0.0590 0.8603
vn -0.5529 -0.4959 0.6696
vn -0.8488 -0.4035 0.3417
vn -0.4480 -0.7126 0.5399
vn -0.4665 -0.7845 0.4085
vn -0.7460 -0.5937 0.3018
vn 0.9928 0.0012 -0.1194
vn 0.9947 0.0002 -0.1031
vn 0.9964 0.0023 -0.0846
vn 0.9964 0.0022 -0.0846
vn 0.9964 0.0023 -0.0847
vn -0.0315 -0.5760 0.8169
vn -0.0168 -0.7953 0.6059
vn -0.0039 -0.9429 0.3332
vn -0.0000 -0.8868 0.4621
vn 0.9902 -0.0777 -0.1164
vn 0.9924 -0.0855 -0.0883
vn 0.9938 -0.0932 -0.0602
vn 0.9911 -0.0565 -0.1204
vn 0.9891 -0.0727 -0.1282
vn 0.9867 -0.0890 -0.1359
vn 0.8887 0.0991 -0.4476
vn 0.8878 0.1000 -0.4492
vn 0.8877 0.1001 -0.4494
vn 0.8869 0.1009 -0.4508
vn -0.9056 0.0926 -0.4139
vn -0.9075 0.0906 -0.4102
vn -0.9076 0.0905 -0.4100
vn -0.9094 0.0886 -0.4063
vn 0.8504 0.4775 -0.2208
vn 0.8489 0.4792 -0.2232
vn 0.8491 0.4789 -0.2228
vn 0.8476 0.4806 -0.2251
vn -0.8770 0.4361 -0.2017
vn -0.8759 0.4375 -0.2035
vn -0.8757 0.4377 -0.2038
vn -0.8745 0.4392 -0.2058
vn 0.7156 0.2738 -0.6427
vn 0.7152 0.2742 -0.6429
vn 0.7155 0.2739 -0.6427
vn 0.7151 0.2743 -0.6429
vn -0.7370 0.6051 0.3011
vn -0.7362 0.6063 0.3006
vn -0.7369 0.6053 0.3010
vn -0.7360 0.6066 0.3006
vn 0.8024 0.4207 -0.4234
vn 0.8297 0.3970 -0.3924
vn 0.8552 0.3724 -0.3605
vn -0.8343 0.5510 -0.0169
vn -0.8353 0.5495 -0.0170
vn -0.8352 0.5497 -0.0170
vn -0.8363 0.5480 -0.0170
vn -0.8402 0.5383 -0.0657
vn -0.8325 0.5499 -0.0677
vn -0.8246 0.5613 -0.0697
vn 0.8185 0.4611 -0.3427
vn 0.8164 0.4635 -0.3444
vn 0.8162 0.4637 -0.3446
vn 0.8141 0.4661 -0.3463
vn -0.6715 0.6140 0.4148
vn -0.6728 0.6108 0.4174
vn -0.6728 0.6109 0.4173
vn -0.6741 0.6077 0.4198
vn 0.6550 0.1986 -0.7291
vn 0.6576 0.1914 -0.7286
vn 0.6603 0.1843 -0.7280
vn 0.4928 -0.0001 0.8702
vn -0.0000 -0.0002 1.0000
vn 0.9856 -0.0000 0.1693
vn -0.4928 -0.0002 0.8702
vn -0.9856 -0.0000 0.1693
vn 0.7199 0.6775 0.1508
vn 0.8181 -0.0002 0.5751
vn -0.7200 0.6774 0.1507
vn -0.6265 -0.4758 0.6174
vn -0.3005 -0.4378 0.8473
vn -0.3004 -0.4378 0.8474
vn 0.0548 -0.3253 0.9440
vn 0.6264 -0.4759 0.6174
vn 0.2968 -0.4371 0.8491
vn 0.2969 -0.4371 0.8490
vn -0.0548 -0.3253 0.9440
vn 0.6306 -0.4640 0.6222
vn 0.3347 -0.6803 0.6520
vn 0.6264 -0.4758 0.6174
vn 0.3320 -0.6853 0.6481
vn 0.0002 -0.7977 0.6031
vn -0.0000 -0.7977 0.6031
vn -0.0000 -0.7977 0.6030
vn -0.0002 -0.7977 0.6030
vn -0.3347 -0.6804 0.6520
vn -0.3319 -0.6854 0.6481
vn -0.6305 -0.4640 0.6222
vn -0.0001 -0.7072 -0.7070
vn -0.0000 -0.7102 -0.7040
vn 0.7072 -0.6424 -0.2955
vn 0.5106 -0.4638 -0.7240
vn -0.0000 -0.9085 -0.4179
vn -0.0000 -0.5395 -0.8420
vn 0.6718 0.7408 -0.0045
vn 0.8602 -0.0000 0.5099
vn 0.6590 0.7318 0.1738
vn -0.7579 -0.0013 -0.6524
vn -0.7373 -0.0013 -0.6756
vn -0.7776 -0.0000 -0.6288
vn -0.7375 -0.0026 -0.6753
vn -0.7373 -0.0015 -0.6756
vn -0.7370 -0.0000 -0.6759
vn 0.7142 -0.0104 -0.6998
vn 0.7130 -0.0053 -0.7011
vn 0.7117 -0.0000 -0.7025
vn 0.8824 -0.0000 -0.4706
vn 0.8064 -0.0053 -0.5913
vn 0.8066 -0.0053 -0.5911
vn 0.9622 0.1975 0.1876
vn 0.9669 0.1861 0.1747
vn 0.9691 0.1739 0.1748
vn 0.9572 0.2088 0.2004
vn 0.9572 0.2088 0.2005
vn 0.7019 -0.0000 0.7122
vn 0.7020 -0.0000 0.7122
vn 0.6989 -0.7152 0.0042
vn 0.6803 -0.7328 0.0130
vn 0.7018 -0.0000 0.7123
vn 0.6254 0.0011 0.7803
vn 0.8287 -0.5566 -0.0596
vn 0.9617 0.0003 0.2742
vn 0.5990 -0.0000 0.8008
vn 0.9996 -0.0000 0.0280
vn -0.9669 0.1860 0.1747
vn -0.9622 0.1974 0.1876
vn -0.9691 0.1739 0.1748
vn -0.9572 0.2088 0.2005
vn -0.0000 0.9959 -0.0906
vn 0.0097 0.0002 -1.0000
vn -0.4756 -0.3288 -0.8159
vn -0.7071 0.0003 -0.7071
vn 0.0065 -0.1538 -0.9881
vn -0.0017 -0.6957 -0.7183
vn -0.7093 -0.4911 -0.5056
vn -0.0017 -0.6956 -0.7184
vn -0.0002 -0.6808 -0.7324
vn -0.0002 -0.6809 -0.7324
vn -0.0000 -0.6725 -0.7401
vn 0.9225 -0.0000 0.3860
vn 0.8109 -0.4766 0.3395
vn 0.9670 -0.0000 0.2548
vn 0.7143 -0.5184 -0.4701
vn 0.9769 -0.0000 -0.2138
vn 0.6705 -0.7072 -0.2242
vn 0.3459 -0.0415 -0.9374
vn 0.4750 -0.8393 -0.2646
vn 0.3205 -0.6208 -0.7154
vn 0.7135 0.0003 -0.7007
vn -0.0000 -0.0001 -1.0000
vn 0.7193 -0.0763 -0.6905
vn 0.5891 -0.2005 -0.7828
vn 0.4654 -0.6358 -0.6158
vn 0.7121 -0.0970 0.6954
vn 0.7070 -0.0998 0.7001
vn 0.9748 -0.0000 -0.2232
vn 0.8950 -0.3108 -0.3200
vn 0.6078 -0.4805 -0.6322
vn 0.8286 -0.5567 -0.0597
vn 0.9616 0.0003 0.2744
vn 0.9307 -0.0000 -0.3659
vn -0.1714 0.7777 0.6048
vn -0.6101 0.7163 -0.3385
vn -0.5904 0.7664 -0.2529
vn -0.3175 0.9428 -0.1014
vn -0.2772 0.9607 -0.0160
vn 0.4963 -0.7070 0.5038
vn 0.7072 -0.7071 -0.0000
vn -0.3335 -0.4755 0.8141
vn 0.0001 -0.7071 0.7072
vn -0.4963 -0.7071 0.5038
vn -0.0000 -0.7070 0.7072
vn -0.0001 -1.0000 -0.0001
vn 0.3336 -0.4755 0.8140
vn 0.4963 -0.7071 0.5038
vn -0.0000 -0.4473 0.8944
vn -0.0000 -0.8944 0.4472
vn -0.6277 -0.4473 0.6371
vn 0.4472 -0.8944 -0.0000
vn 0.8944 -0.4473 -0.0000
vn 0.6276 -0.4473 0.6372
vn 0.3138 -0.8944 0.3186
vn -0.4472 -0.8944 -0.0000
vn -0.7072 -0.7070 -0.0000
vn -0.6416 -0.6930 0.3289
vn -0.6414 -0.7004 0.3130
vn -0.6339 -0.7153 0.2942
vn -0.9252 0.2909 0.2438
vn -0.7626 0.5940 -0.2560
vn -0.4459 0.6867 0.5741
vn -0.5098 0.7897 -0.3412
vn -0.4452 0.6872 0.5741
vn -0.5095 0.7900 -0.3410
vn -0.7009 0.5472 0.4574
vn -0.9461 0.2976 -0.1281
vn -0.8944 -0.0000 0.4473
vn -1.0000 -0.0000 0.0001
vn -0.4473 0.0001 0.8944
vn -0.7395 -0.2788 0.6128
vn -0.4473 -0.6742 0.5877
vn -0.8944 -0.3371 0.2939
vn -0.8684 0.4551 -0.1970
vn -0.8691 0.4541 -0.1961
vn -0.5067 0.7910 -0.3428
vn -0.5067 0.7910 -0.3429
vn -0.6479 0.4433 -0.6195
vn -0.6478 0.4438 -0.6192
vn -0.8460 0.3103 -0.4336
vn -0.9078 -0.0000 -0.4193
vn -0.9078 -0.0000 -0.4194
vn -0.7071 -0.0000 0.7072
vn -0.5865 -0.2210 0.7792
vn -0.9184 0.0937 -0.3845
vn -0.9052 0.0953 -0.4142
vn -0.8761 0.2052 -0.4363
vn -0.6103 0.7162 -0.3386
vn 0.8242 -0.0000 -0.5663
vn 0.9395 -0.3408 0.0352
vn 0.7053 0.0056 0.7089
vn 0.4558 -0.3920 0.7991
vn -0.3980 -0.0000 0.9174
vn 0.6237 -0.7751 -0.1011
vn -0.7573 -0.1937 0.6238
vn -0.7456 -0.1918 0.6382
vn 0.0060 -0.2905 0.9569
vn -0.0824 -0.2848 0.9550
vn -0.2780 -0.9606 0.0017
vn -0.2781 -0.9606 0.0013
vn -0.2783 -0.9605 0.0013
vn -0.2691 -0.9631 -0.0007
vn -1.0000 0.0016 -0.0000
vn -0.7454 -0.1919 0.6383
vn -0.9926 0.0381 -0.1153
vn -0.7572 -0.1937 0.6238
vn -0.8944 -0.0000 0.4474
vn -0.0001 0.0001 1.0000
vn -0.7010 0.5472 0.4574
vn -0.9252 0.2910 0.2437
vn -0.0000 -0.7538 0.6571
vn -0.4815 -0.3629 0.7978
vn -0.0000 -0.4140 0.9103
vn -0.7072 -0.5330 0.4646
vn -0.7072 -0.0012 0.7070
vn -0.4472 0.0001 0.8944
vn -0.0000 0.0001 1.0000
vn -0.8944 0.0001 0.4473
vn -0.5547 -0.6272 0.5468
vn -0.0000 -0.2730 0.9620
vn -0.0000 -0.5457 0.8380
vn -0.5865 -0.4421 0.6786
vn 0.0001 -0.2730 0.9620
vn -0.5547 -0.0000 0.8320
vn -0.7072 -0.0000 0.7071
vn -0.0001 -0.2730 0.9620
vn 0.0001 -0.5458 0.8379
vn -0.4472 -0.6742 0.5877
vn -0.7396 -0.2787 0.6127
vn -0.4472 -0.0000 0.8944
vn -0.8944 -0.3372 0.2939
vn -0.0001 -0.5458 0.8379
vn -0.4472 -0.6742 0.5878
vn -0.0000 -0.7538 0.6572
vn -0.8415 -0.0000 0.5402
vn -0.9276 -0.0000 0.3737
vn -0.8423 0.0001 0.5390
vn -0.9823 -0.0000 0.1872
vn -0.4473 -0.0000 -0.8944
vn -0.6162 0.5692 -0.5444
vn -0.7071 0.6531 -0.2711
vn -0.7071 -0.0000 -0.7072
vn -0.7263 0.4381 -0.5297
vn -0.6024 0.0877 -0.7934
vn -0.7089 0.6168 -0.3421
vn -0.7069 0.6424 -0.2962
vn -0.7071 0.6494 -0.2797
vn -0.7066 0.6534 -0.2716
vn -0.6707 -0.3808 -0.6364
vn -0.0292 0.9904 -0.1349
vn -0.3658 -0.0000 0.9307
vn -0.4028 -0.0004 0.9153
vn -0.4391 -0.0008 0.8984
vn 0.8994 0.0006 -0.4371
vn 0.9126 0.0003 -0.4088
vn 0.9249 -0.0000 -0.3801
vn 0.6024 0.0876 -0.7933
vn 0.0001 0.1098 -0.9939
vn 0.0001 0.4340 -0.9009
vn 0.7264 0.4381 -0.5295
vn 0.5101 0.4624 -0.7253
vn 0.7072 -0.0000 -0.7070
vn 0.0001 0.1464 -0.9892
vn -0.0000 -0.9065 0.4222
vn 0.6132 -0.4471 0.6513
vn 0.3805 -0.6268 0.6800
vn 0.4721 0.0007 0.8816
vn 0.1617 0.0020 0.9868
vn -0.0005 -0.3872 0.9220
vn 0.0002 0.0023 1.0000
vn 0.0002 0.0024 1.0000
vn -0.0000 0.0012 1.0000
vn 0.2437 0.0009 0.9698
vn 0.2438 0.0009 0.9698
vn 0.4732 0.0006 0.8810
vn 0.4730 0.0005 0.8811
vn 0.4722 0.0003 0.8815
vn 0.6116 -0.4387 0.6584
vn 0.2785 -0.9227 0.2664
vn 0.8134 -0.5000 0.2972
vn 0.9144 -0.3898 0.1091
vn 0.5113 -0.8244 0.2428
vn 0.1311 -0.9526 0.2744
vn 0.4764 -0.8443 0.2453
vn 0.6733 -0.7098 0.2068
vn 0.5832 -0.7800 0.2267
vn 0.7859 -0.3449 0.5133
vn 0.7562 -0.6260 0.1907
vn 0.7423 -0.1677 0.6487
vn 0.7562 -0.6260 0.1906
vn 0.7851 -0.3408 0.5172
vn 0.7608 -0.6150 0.2072
vn 0.6777 -0.7001 0.2249
vn 0.6777 -0.7000 0.2249
vn 0.5877 -0.7709 0.2456
vn 0.0001 -0.3872 0.9220
vn 0.3804 -0.6267 0.6801
vn 0.0002 -0.9608 0.2774
vn 0.3068 -0.9142 0.2646
vn 0.5833 -0.7799 0.2270
vn 0.0284 -0.9995 0.0098
vn -0.9220 0.0036 -0.3873
vn -0.9153 0.0017 -0.4028
vn -0.9095 0.0034 -0.4157
vn -0.9215 0.0011 -0.3884
vn -0.9222 0.0021 -0.3867
vn -0.9224 0.0020 -0.3863
vn -0.9228 0.0036 -0.3851
vn -0.3379 -0.0000 -0.9412
vn -0.3573 -0.0009 -0.9340
vn -0.3765 -0.0018 -0.9264
vn -0.6304 -0.0000 0.7763
vn -0.5953 0.0016 0.8035
vn -0.5589 0.0031 0.8292
vn 0.8944 0.4054 -0.1887
vn 0.4817 0.8731 0.0750
vn 0.8444 -0.0000 0.5358
vn 0.7858 -0.3449 0.5133
vn 0.6699 -0.0000 0.7424
vn 0.8134 -0.5000 0.2971
vn 1.0000 -0.0000 0.0001
vn 0.9144 -0.3898 0.1090
vn 0.8955 -0.2976 0.3310
vn 0.7777 -0.6053 0.1696
vn 0.9006 -0.0000 0.4346
vn 0.6222 -0.0000 0.7828
vn 0.9006 -0.0000 0.4347
vn 0.9138 -0.0000 0.4062
vn 0.9137 -0.0000 0.4063
vn 0.7851 -0.3407 0.5172
vn 0.5717 0.7736 0.2732
vn 0.6923 0.4683 0.5490
vn 0.8443 -0.0000 0.5358
vn 0.8269 0.5615 -0.0315
vn 0.7071 0.6411 -0.2985
vn -0.3750 -0.5729 -0.7288
vn -0.0000 -0.6180 -0.7862
vn 0.0001 -0.2622 -0.9650
vn 0.0002 -0.8759 -0.4825
vn -0.7072 -0.7071 -0.0000
vn -0.6667 -0.6666 0.3334
vn -0.3138 -0.8944 -0.3186
vn -0.0000 -0.7071 0.7072
vn 0.0001 -0.4473 0.8944
vn -0.4083 -0.8165 0.4083
vn -0.4472 -0.8944 0.0009
vn -0.8476 -0.4473 -0.2853
vn -0.7881 -0.5547 -0.2668
vn -0.6696 -0.7070 -0.2274
vn -0.6696 -0.7071 -0.2273
vn -0.0001 -0.8937 -0.4486
vn -0.0000 -0.4416 -0.8972
vn -0.0000 -0.7042 -0.7100
vn -0.2949 -0.6211 -0.7261
vn -0.8450 -0.4496 -0.2895
vn 0.0107 -0.2881 0.9576
vn 0.0036 -0.2726 0.9621
vn 0.0053 -0.2735 0.9619
vn -0.0000 -0.2590 0.9659
vn -0.0210 -0.2724 0.9620
vn -0.0420 -0.2739 0.9608
vn 0.0014 -0.8228 -0.5684
vn 0.0005 -0.8215 -0.5702
vn 0.0009 -0.8221 -0.5694
vn -0.0437 -0.0000 0.9990
vn -0.0303 -0.7207 0.6926
vn -0.0161 -0.6865 0.7269
vn -0.0161 -0.6865 0.7270
vn -0.0018 -0.6505 0.7595
vn -0.8929 0.2738 0.3573
vn -0.9730 0.1443 0.1803
vn -0.9730 0.1442 0.1802
vn -1.0000 0.0069 -0.0066
vn -0.9998 -0.0000 -0.0179
vn -0.9998 -0.0001 -0.0176
vn -0.9998 -0.0000 -0.0182
vn -0.6256 0.5888 -0.5117
vn -0.0000 0.8914 -0.4531
vn -0.6272 0.5859 -0.5132
vn -0.4290 0.4010 -0.8094
vn -0.0000 0.8854 -0.4649
vn -0.0000 0.5173 -0.8558
vn -0.0000 0.8850 -0.4656
vn 0.0011 0.3380 -0.9411
vn -0.7777 -0.6054 0.1694
vn -0.2094 -0.9417 0.2634
vn -0.9386 -0.2307 0.2563
vn -0.0000 -0.7360 -0.6769
vn -0.7072 -0.5204 -0.4786
vn -0.7072 -0.5204 -0.4787
vn -0.0000 -0.7361 -0.6769
vn 0.0037 -0.7282 -0.6854
vn 0.8201 0.5318 -0.2112
vn 0.8310 0.5154 -0.2094
vn 0.8377 0.5076 -0.2016
vn 0.8174 0.5338 -0.2168
vn 0.8173 0.5338 -0.2170
vn 0.8146 0.5356 -0.2224
vn 0.8917 0.3636 -0.2696
vn 0.8867 0.3695 -0.2778
vn 0.8868 0.3695 -0.2777
vn 0.8817 0.3754 -0.2859
vn -0.5833 -0.3744 0.7208
vn -0.7155 -0.0000 0.6986
vn 0.9152 -0.0000 0.4030
vn 0.9153 -0.0001 0.4028
vn 0.3555 -0.4461 0.8213
vn -0.0001 -0.7251 0.6886
vn -0.0000 -0.3625 0.9320
vn -0.0001 -0.7262 0.6874
vn -0.5507 -0.2565 0.7943
vn -0.4538 -0.5793 0.6771
vn -0.4514 -0.5824 0.6761
vn -0.2563 -0.0000 0.9666
vn -0.0000 -0.3636 0.9316
vn -0.3648 -0.4726 0.8022
vn -0.4637 -0.0000 0.8860
vn 0.4863 -0.0001 0.8738
vn -0.0000 0.3843 0.9232
vn 0.8808 0.4239 0.2111
vn 0.4190 0.8066 0.4169
vn -0.0000 0.7095 0.7047
vn -0.0000 0.3842 0.9232
vn -0.3882 -0.0000 0.9216
vn -0.7147 -0.0000 0.6994
vn -0.2555 -0.0000 0.9668
vn -0.0000 -0.7072 0.7071
vn -0.4082 -0.8165 0.4083
vn -0.4472 0.6406 0.6242
vn -0.0001 0.3886 0.9214
vn -0.0003 0.7139 0.7002
vn -0.0000 0.7104 0.7038
vn 0.0028 0.7009 0.7132
vn -0.0001 0.3867 0.9222
vn -0.4472 -0.0001 0.8944
vn -0.7355 0.2634 0.6242
vn -0.1920 0.6860 0.7018
vn -0.5154 0.5997 0.6121
vn -0.0963 0.6966 0.7110
vn -0.8944 0.3134 0.3192
vn -0.1919 0.6860 0.7018
vn -0.0997 0.6947 0.7124
vn -0.6824 0.5110 0.5227
vn -0.7447 0.4681 0.4758
vn -0.5421 0.2692 0.7960
vn -0.2832 0.5282 0.8005
vn -0.0361 0.6912 0.7217
vn -0.3869 -0.0000 0.9221
vn -0.0000 0.2541 0.9672
vn -0.1902 0.4081 0.8929
vn -0.5267 0.2715 0.8055
vn 0.0512 0.7095 0.7029
vn -0.0001 0.7095 0.7047
vn -0.0025 0.7004 0.7137
vn -0.0014 0.6995 0.7147
vn -0.0000 0.6994 0.7147
vn -0.0023 0.9686 -0.2486
vn -0.7230 0.6491 -0.2364
vn 0.4190 0.8065 0.4171
vn 0.8380 0.4036 -0.3672
vn -0.4142 0.4107 0.8123
vn -0.2746 0.2723 0.9222
vn 0.6742 -0.7102 -0.2024
vn 0.6214 -0.7386 -0.2616
vn 0.6214 -0.7385 -0.2616
vn 0.5702 -0.7535 -0.3274
vn 0.7494 -0.5792 -0.3209
vn 0.6751 -0.7094 -0.2026
vn 0.7497 -0.5789 -0.3207
vn 0.7965 -0.4277 -0.4274
vn 0.7961 -0.4282 -0.4275
vn 0.3036 -0.5869 -0.7506
vn 0.1941 -0.6303 -0.7517
vn 0.1942 -0.6303 -0.7517
vn 0.0783 -0.6656 -0.7422
vn 0.0756 -0.6585 -0.7488
vn 0.0633 -0.6536 -0.7542
vn 0.0664 -0.6580 -0.7501
vn 0.0485 -0.6414 -0.7657
vn 0.0447 -0.6393 -0.7677
vn 0.1222 -0.5148 -0.8486
vn 0.1224 -0.5147 -0.8486
vn 0.1974 -0.3768 -0.9050
vn 0.4820 -0.6334 -0.6054
vn 0.6533 -0.5429 -0.5277
vn 0.6531 -0.5430 -0.5278
vn 0.7961 -0.4285 -0.4273
vn 0.4697 -0.6236 -0.6249
vn 0.3391 -0.5108 -0.7900
vn 0.3392 -0.5109 -0.7899
vn 0.1892 -0.3687 -0.9101
vn 0.2504 0.7099 0.6583
vn 0.2598 0.7100 0.6546
vn 0.2616 0.7098 0.6540
vn 0.2670 0.7144 0.6467
vn 0.1887 0.7867 0.5878
vn 0.1858 0.7910 0.5829
vn 0.1098 0.8442 0.5247
vn 0.1106 0.8436 0.5255
vn 0.0669 0.7977 0.5993
vn 0.0873 0.8226 0.5618
vn 0.0874 0.8226 0.5618
vn 0.1099 0.8443 0.5245
vn 0.1873 0.6938 0.6954
vn 0.1873 0.6939 0.6953
vn 0.1282 0.7485 0.6506
vn 0.0680 0.7969 0.6003
vn 0.6448 0.2358 0.7271
vn 0.5432 0.3407 0.7674
vn 0.5431 0.3408 0.7674
vn 0.4290 0.4379 0.7901
vn 0.4172 0.6451 0.6401
vn 0.4174 0.6451 0.6400
vn 0.6215 0.5613 0.5466
vn 0.6399 0.4533 0.6206
vn 0.6235 0.5523 0.5533
vn 0.6470 0.3462 0.6793
vn 0.6448 0.2357 0.7271
vn 0.7199 0.6775 0.1509
vn 0.7933 0.3733 -0.4811
vn 0.9410 -0.0000 -0.3385
vn 0.8417 0.4472 -0.3027
vn 0.8250 0.1327 -0.5494
vn 0.4547 0.7162 -0.5295
vn 0.8416 0.4474 -0.3027
vn 0.9410 -0.0006 -0.3383
vn 0.9407 -0.0005 -0.3391
vn 0.8243 0.1332 -0.5502
vn 0.6271 0.2661 -0.7321
vn 0.7336 0.2023 -0.6488
vn 0.6566 0.3998 -0.6396
vn 0.7724 0.3972 -0.4955
vn 0.9411 -0.0030 -0.3382
vn 0.7732 0.3962 -0.4953
vn 0.4927 -0.0002 0.8702
vn 0.9856 -0.0001 0.1693
vn 0.3980 0.7458 -0.5341
vn 0.9410 0.0001 -0.3385
vn 0.9410 0.0001 -0.3383
vn 0.6200 0.5809 -0.5274
vn 0.6200 0.5808 -0.5276
vn 0.9408 -0.0043 -0.3391
vn 0.9409 0.0002 -0.3385
vn 0.6699 0.5230 -0.5269
vn 0.8550 0.2581 -0.4498
vn 0.9413 -0.0058 -0.3374
vn 0.9414 -0.0057 -0.3371
vn 0.9407 -0.0040 -0.3393
vn 0.8419 0.0005 -0.5396
vn 0.6929 0.0003 -0.7210
vn 0.6216 0.4573 -0.6360
vn 0.6200 0.5808 -0.5275
vn 0.6916 0.0006 -0.7223
vn 0.6700 0.5231 -0.5268
vn 0.5969 -0.4513 -0.6633
vn 0.5977 -0.4506 -0.6630
vn -0.9946 -0.1019 -0.0181
vn 0.7284 0.6092 0.3135
vn 0.7265 0.6120 0.3125
vn 0.7268 0.6116 0.3126
vn 0.7249 0.6144 0.3116
vn -0.7117 0.2539 -0.6550
vn -0.7118 0.2537 -0.6550
vn -0.7121 0.2534 -0.6548
vn -0.7122 0.2532 -0.6547
vn -0.8676 0.3994 -0.2961
vn -0.8618 0.4054 -0.3048
vn -0.8618 0.4054 -0.3047
vn -0.8559 0.4114 -0.3133
vn -0.8659 -0.0000 -0.5003
vn -0.8790 -0.0035 -0.4769
vn -0.8914 -0.0070 -0.4531
vn 0.0666 -0.2534 0.9651
vn 0.0453 -0.2695 0.9619
vn 0.0242 -0.2657 0.9637
vn 0.0667 -0.2585 0.9637
vn 0.0558 -0.5893 0.8060
vn 0.0287 -0.8081 0.5883
vn 0.5719 0.7528 -0.3259
vn 0.6783 0.4185 -0.6039
vn 0.8865 0.4249 -0.1832
vn 0.5729 0.1943 -0.7963
vn 0.5099 0.7897 -0.3412
vn 0.5426 0.7712 -0.3328
vn 0.8783 0.4389 -0.1894
vn 0.9252 0.2909 0.2438
vn 0.4456 0.6863 0.5748
vn 0.7626 0.5941 -0.2560
vn 0.5099 0.7896 -0.3412
vn 0.4455 0.6874 0.5736
vn 0.5094 0.7901 -0.3410
vn 0.7009 0.5473 0.4574
vn 0.9461 0.2975 -0.1281
vn 0.8944 -0.0000 0.4472
vn 0.7071 -0.0000 0.7072
vn 0.8684 0.4551 -0.1970
vn 0.8690 0.4542 -0.1961
vn 0.5067 0.7910 -0.3428
vn 0.5065 0.7913 -0.3425
vn 0.6478 0.4440 -0.6190
vn 0.9078 -0.0000 -0.4193
vn 0.8460 0.3103 -0.4336
vn 0.8944 -0.0000 0.4473
vn 0.7010 0.5472 0.4574
vn 0.0001 0.0001 1.0000
vn -0.0000 -0.5458 0.8379
vn 0.7072 -0.5329 0.4646
vn 0.4472 -0.6742 0.5877
vn 0.7396 -0.2787 0.6127
vn 0.7072 0.0001 0.7070
vn 0.4472 0.0001 0.8944
vn 0.9252 0.2909 0.2437
vn 0.7072 -0.0000 0.7071
vn 0.5547 0.0001 0.8320
vn 0.4815 -0.3628 0.7978
vn 0.8320 -0.4181 0.3645
vn 0.5547 -0.6272 0.5468
vn 0.5866 -0.4421 0.6786
vn -0.0000 0.4341 -0.9009
vn 0.0001 0.8561 -0.5169
vn -0.0001 0.6374 -0.7705
vn -0.0000 0.8564 -0.5164
vn -0.0001 0.9078 -0.4195
vn -0.0001 0.9076 -0.4197
vn -0.0000 0.9134 -0.4070
vn -0.0000 0.9184 -0.3956
vn -0.0000 0.9234 -0.3838
vn -0.0001 0.9236 -0.3834
vn -0.0000 0.9236 -0.3833
vn -0.0000 0.9236 -0.3834
vn -0.0000 0.3613 -0.9325
vn -0.6163 0.5691 -0.5444
vn -0.7072 0.6530 -0.2711
vn -0.7067 0.6533 -0.2716
vn -0.7072 0.6493 -0.2797
vn -0.0000 0.8371 -0.5470
vn -0.7264 0.4381 -0.5295
vn -0.7090 0.6167 -0.3421
vn -0.7070 0.6422 -0.2961
vn -0.3395 -0.3116 -0.8875
vn -0.4962 -0.3981 -0.7716
vn -0.2743 -0.3201 -0.9068
vn -0.4763 -0.4437 -0.7591
vn -0.6819 -0.4468 -0.5791
vn -0.6664 -0.3792 -0.6420
vn 0.6163 0.5691 -0.5443
vn 0.7072 -0.0000 -0.7071
vn 0.7072 -0.6026 -0.3698
vn 0.7072 -0.6027 -0.3697
vn 0.6006 -0.5119 -0.6142
vn -0.6700 -0.0000 0.7424
vn -0.7610 -0.2266 0.6079
vn -0.8444 -0.0000 0.5358
vn -0.9076 -0.2335 0.3489
vn -1.0000 0.0002 -0.0003
vn -0.7776 -0.6055 0.1694
vn -0.9387 -0.2306 0.2564
vn -0.9006 -0.0000 0.4346
vn -0.6222 -0.0000 0.7828
vn -0.9006 -0.0000 0.4347
vn -0.9137 -0.0000 0.4063
vn -0.7423 -0.1677 0.6487
vn -0.7851 -0.3407 0.5173
vn -0.5718 0.7736 0.2732
vn -0.5717 0.7736 0.2732
vn -0.6923 0.4684 0.5490
vn -0.3461 0.9367 -0.0527
vn -0.7071 0.6411 -0.2985
vn -0.7071 0.6410 -0.2986
vn -0.8269 0.5615 -0.0316
vn -0.8443 -0.0000 0.5358
vn -0.6922 0.4684 0.5490
vn -0.8527 0.2145 0.4763
vn -0.8944 0.4054 -0.1888
vn -0.4817 0.8731 0.0750
vn -0.6037 0.6551 0.4543
vn -0.3070 0.7939 0.5248
vn -0.8528 0.2145 0.4762
vn -0.4816 0.8732 0.0749
vn -0.0000 0.7393 0.6734
vn -0.0000 0.8400 0.5427
vn -0.4472 0.6612 0.6023
vn -0.7170 0.6411 0.2736
vn -0.0000 0.2666 0.9638
vn -0.5849 0.4324 0.6862
vn -0.0000 0.7392 0.6735
vn -0.7072 0.5227 0.4762
vn -0.0000 0.4041 0.9147
vn -0.0000 0.8400 0.5426
vn -0.0000 0.9197 0.3927
vn -0.6111 -0.4352 0.6613
vn -0.4723 0.0001 0.8814
vn -0.6115 -0.4363 0.6601
vn -0.4731 0.0001 0.8810
vn -0.4732 0.0001 0.8810
vn -0.9306 -0.0000 -0.3661
vn -0.9747 -0.0000 -0.2234
vn -0.9996 -0.0000 0.0278
vn -0.9619 -0.0000 0.2733
vn -0.5991 -0.0000 0.8007
vn -0.6259 -0.0000 0.7799
vn -0.8950 -0.3108 -0.3200
vn -0.6075 -0.4806 -0.6324
vn -0.6797 -0.7334 0.0119
vn 0.8949 -0.3109 -0.3200
vn 0.6080 -0.4804 -0.6321
vn -0.0790 -0.6959 -0.7138
vn -0.0434 -0.6998 -0.7130
vn 0.8286 -0.5567 -0.0598
vn 0.6803 -0.7328 0.0128
vn -0.0369 -0.6888 -0.7240
vn 0.4963 0.7070 0.5038
vn 0.6591 0.7317 0.1738
vn -0.0002 1.0000 -0.0000
vn 0.4962 0.7071 0.5038
vn 0.4077 0.5810 0.7044
vn -0.4077 0.5810 0.7044
vn -0.4963 0.7070 0.5038
vn -0.4962 0.7071 0.5038
vn -0.6591 0.7317 0.1738
vn 0.0343 0.9994 -0.0009
vn -0.6718 0.7407 -0.0020
vn 0.2052 0.9787 -0.0053
vn -0.2052 0.9787 -0.0053
vn -0.0412 0.9992 -0.0010
vn 0.6718 0.7407 -0.0045
vn -0.0000 -0.5333 -0.8459
vn 0.0031 -0.5377 -0.8431
vn -0.4606 -0.5113 -0.7255
vn -0.7386 -0.4193 -0.5279
vn -0.7217 -0.2403 0.6492
vn -0.7123 -0.2389 0.6599
vn -0.7029 -0.2375 0.6705
vn -0.7003 -0.2553 0.6666
vn -0.6221 -0.2669 0.7360
vn -0.6223 -0.2669 0.7359
vn -0.5373 -0.2756 0.7971
vn -0.9308 0.0007 -0.3656
vn -0.9089 -0.0002 -0.4171
vn -0.8841 -0.0011 -0.4672
vn -0.9438 -0.0139 -0.3301
vn -0.9399 -0.0107 -0.3412
vn -0.9392 -0.0100 -0.3433
vn -0.9338 -0.0057 -0.3578
vn -0.9308 -0.0034 -0.3656
vn -0.9178 -0.0158 -0.3967
vn -0.9294 -0.0026 -0.3691
vn -0.9294 -0.0026 -0.3690
vn 0.0557 -0.5893 0.8060
vn 0.0048 -0.9531 0.3028
vn -0.7330 0.3012 -0.6099
vn -0.5725 0.5624 -0.5966
vn -0.5118 0.2824 -0.8114
vn -0.3816 0.5315 -0.7563
vn 0.7881 -0.5547 -0.2668
vn 0.9473 -0.0000 -0.3203
vn 0.8477 -0.4472 -0.2853
vn 0.9480 -0.0000 -0.3181
vn 0.9477 -0.0000 -0.3192
vn 0.9485 -0.0000 -0.3168
vn 0.6695 -0.7072 -0.2273
vn 0.9469 -0.0000 -0.3215
vn 0.6211 0.5668 -0.5413
vn 0.5654 0.3292 -0.7563
vn 0.8928 0.0895 -0.4415
vn 0.6271 0.5860 -0.5132
vn 0.6255 0.5890 -0.5117
vn 0.4289 0.4012 -0.8094
vn 0.5824 -0.0000 -0.8129
vn -0.6483 -0.0000 -0.7614
vn -0.4884 0.3151 -0.8137
vn -0.3446 -0.0000 -0.9387
vn -0.8460 0.3102 -0.4337
vn -0.9610 -0.0073 -0.2763
vn -0.4572 0.0003 -0.8894
vn -0.2286 -0.0000 -0.9735
vn -0.5730 0.1943 -0.7962
vn -0.4572 -0.0000 -0.8894
vn -0.6482 -0.0000 -0.7614
vn 0.2506 -0.0000 0.9681
vn 0.4077 0.5811 0.7044
vn 0.4961 0.7072 0.5037
vn 0.4962 0.7071 0.5037
vn -0.2504 -0.0000 0.9681
vn -0.5009 -0.0000 0.8655
vn -0.4078 0.5811 0.7043
vn 0.5009 -0.0000 0.8655
vn 0.9669 -0.0000 0.2550
vn 0.4734 -0.2612 0.8412
vn 0.5844 -0.2760 0.7631
vn 0.5843 -0.2760 0.7632
vn 0.6843 -0.2857 0.6709
vn -0.1526 -0.7629 0.6283
vn -0.4713 -0.5402 0.6972
vn -0.4714 -0.5401 0.6972
vn -0.7166 -0.2331 0.6574
vn -0.9670 -0.0000 0.2549
vn -0.8603 -0.0000 0.5098
vn -0.5010 -0.0000 0.8654
vn -0.4076 0.5811 0.7044
vn -0.4962 0.7071 0.5037
vn -0.4962 0.7072 0.5037
vn -0.6589 0.7319 0.1738
vn -0.6718 0.7407 -0.0019
vn 0.0061 -0.0433 -0.9990
vn 0.0163 0.0374 -0.9992
vn 0.0065 -0.1537 -0.9881
vn -0.0000 0.1117 -0.9937
vn -0.7070 -0.0999 0.7001
vn -0.7121 -0.0970 0.6954
vn -0.4757 -0.3288 -0.8159
vn -0.7092 -0.4912 -0.5057
vn -0.7121 -0.5188 -0.4731
vn -0.7141 -0.3080 -0.6286
vn -0.7083 -0.0822 -0.7011
vn -0.0000 -0.3089 -0.9511
vn -0.7221 -0.6773 -0.1405
vn -0.7067 -0.7075 -0.0006
vn -0.9484 -0.0000 -0.3170
vn -0.6705 -0.7072 -0.2242
vn -0.9769 -0.0000 -0.2138
vn -0.8243 -0.5592 -0.0886
vn -0.6708 -0.3808 -0.6364
vn -0.7142 -0.0104 -0.6998
vn -0.7130 -0.0051 -0.7012
vn -0.7130 -0.0052 -0.7012
vn -0.7117 -0.0000 -0.7025
vn -0.8824 -0.0000 -0.4706
vn -0.8066 -0.0053 -0.5911
vn -0.8064 -0.0053 -0.5913
vn 0.0001 -1.0000 -0.0001
vn -0.7223 -0.6772 -0.1405
vn -0.7068 -0.7074 -0.0006
vn -0.0002 -0.9140 -0.4057
vn -0.7122 -0.5187 -0.4730
vn -0.0003 -0.6534 -0.7570
vn -0.7141 -0.3081 -0.6286
vn -0.0000 -0.3091 -0.9510
vn 0.0003 -1.0000 0.0001
vn 0.0002 -1.0000 -0.0001
vn -0.6706 -0.7071 -0.2241
vn -0.4471 -0.8945 0.0001
vn 0.0001 -1.0000 -0.0002
vn -0.8944 0.1055 -0.4346
vn -0.3751 -0.5730 -0.7287
vn -0.7070 -0.7072 -0.0000
vn -0.6666 -0.6668 0.3334
vn -0.8517 0.3067 -0.4249
vn -0.4473 0.2037 -0.8709
vn -0.4473 0.6611 0.6023
vn -0.7169 0.6412 0.2737
vn -0.7314 0.6527 -0.1975
vn -0.5849 0.4323 0.6863
vn -0.7071 0.5227 0.4763
vn 0.2097 -0.9415 0.2638
vn 0.7778 -0.6053 0.1696
vn 0.8954 -0.2977 0.3310
vn -0.7229 0.6492 -0.2365
vn -0.0022 0.9686 -0.2486
vn -0.6839 0.1348 -0.7170
vn -0.4573 0.2500 -0.8534
vn -0.5655 0.3290 -0.7563
vn -0.6212 0.5667 -0.5413
vn -0.0000 -0.7044 -0.7099
vn -0.0000 0.0039 -1.0000
vn -0.0000 -0.7044 -0.7098
vn -0.2949 -0.6212 -0.7260
vn -0.7540 0.0006 -0.6569
vn -0.5825 -0.0000 -0.8128
vn -0.5825 -0.0000 -0.8129
vn -0.4290 0.4012 -0.8093
vn 0.0011 0.3380 -0.9412
vn -0.0000 0.0077 -1.0000
vn -0.0000 -0.4415 -0.8972
vn -0.0001 -0.8937 -0.4487
vn 0.1714 0.7777 0.6048
vn 0.9308 -0.0032 -0.3656
vn 0.8833 -0.0014 -0.4689
vn 0.8833 -0.0000 -0.4688
vn 0.8244 -0.0029 -0.5660
vn 0.9401 0.0108 -0.3407
vn 0.9400 0.0107 -0.3409
vn 0.9401 0.0107 -0.3408
vn 0.9400 0.0106 -0.3410
vn 0.9398 -0.0107 -0.3414
vn 0.9344 -0.0062 -0.3561
vn 0.9339 -0.0058 -0.3576
vn 0.9308 -0.0033 -0.3656
vn 0.2950 -0.6212 -0.7260
vn 0.0010 -0.7044 -0.7098
vn -0.0000 0.0078 -1.0000
vn -0.0000 0.3379 -0.9412
vn -0.0000 0.6761 -0.7368
vn 0.4290 0.4012 -0.8093
vn 0.5825 -0.0000 -0.8128
vn 0.5825 -0.0001 -0.8128
vn -0.8239 -0.0000 -0.5668
vn -0.8234 -0.0000 -0.5675
vn -0.8242 -0.0000 -0.5662
vn -0.0002 -0.7022 -0.7120
vn -0.4430 -0.6276 -0.6402
vn -0.8952 -0.3118 -0.3183
vn -0.0107 -0.6956 -0.7184
vn -0.0103 -0.6958 -0.7181
vn -0.0205 -0.6893 -0.7242
vn -0.0106 -0.7124 -0.7017
vn -0.0024 -0.7212 -0.6927
vn -0.0000 0.8911 -0.4539
vn 0.4290 0.4010 -0.8094
vn 0.6272 0.5859 -0.5131
vn -0.0000 0.3380 -0.9412
vn 0.6256 0.5889 -0.5118
vn -0.7385 -0.4193 -0.5279
vn -0.4607 -0.5113 -0.7254
vn -0.9908 -0.0000 0.1352
vn -0.7349 -0.5245 -0.4299
vn -0.7277 -0.5294 -0.4361
vn -0.9908 -0.0000 0.1351
vn -0.9988 0.0003 0.0499
vn -0.8910 -0.3043 -0.3369
vn -1.0000 0.0011 0.0021
vn -1.0000 0.0017 0.0025
vn -0.9983 0.0008 0.0576
vn -0.9952 0.0021 0.0979
vn -0.9987 0.0010 0.0500
vn -0.9987 0.0011 0.0501
vn -1.0000 0.0008 0.0012
vn -1.0000 0.0007 0.0014
vn -0.7070 -0.5206 -0.4787
vn -0.7071 -0.5205 -0.4787
vn -1.0000 0.0007 0.0013
vn -0.8953 -0.3118 -0.3182
vn -1.0000 0.0012 0.0021
vn -0.4431 -0.6276 -0.6402
vn -1.0000 0.0017 0.0014
vn -1.0000 0.0010 0.0020
vn -1.0000 0.0017 0.0026
vn -1.0000 0.0017 0.0029
vn -0.9999 0.0104 0.0072
vn -0.9999 0.0123 -0.0024
vn -0.9998 0.0142 -0.0122
vn 0.3123 -0.6774 -0.6661
vn 0.2931 -0.6653 -0.6866
vn 0.3312 -0.6890 -0.6447
vn 0.2927 -0.6653 -0.6868
vn 0.2910 -0.6656 -0.6872
vn 0.2909 -0.6656 -0.6873
vn 0.2652 0.5818 0.7689
vn 0.2602 0.5840 0.7689
vn 0.2575 0.5879 0.7668
vn 0.2389 0.5830 0.7766
vn 0.2392 0.5830 0.7765
vn 0.2203 0.5778 0.7859
vn 0.2366 0.4757 -0.8472
vn 0.2596 0.4189 -0.8701
vn 0.3216 0.4698 -0.8221
vn 0.4137 0.4642 -0.7832
vn 0.4739 0.5093 -0.7184
vn 0.5090 0.4576 -0.7291
vn 0.2610 -0.3622 0.8948
vn 0.2452 -0.3645 0.8984
vn 0.2285 -0.3653 0.9024
vn 0.2293 -0.3666 0.9017
vn 0.2128 -0.3969 0.8928
vn 0.1876 -0.3639 0.9123
vn 0.1455 -0.3689 0.9180
vn 0.1194 -0.3385 0.9334
vn 0.1026 -0.3805 0.9191
vn -0.0235 -0.0000 -0.9997
vn -0.0000 0.0002 -1.0000
vn 0.0180 -0.5146 -0.8572
vn -0.0000 0.0005 -1.0000
vn 0.5891 -0.2006 -0.7827
vn 0.4653 -0.6359 -0.6158
vn 0.0058 -0.7392 -0.6735
vn -0.0004 -0.6725 -0.7401
vn -0.0000 -0.6936 -0.7204
vn 0.0003 -0.7141 -0.7001
vn -0.0419 -0.6415 -0.7660
vn -0.0259 -0.6739 -0.7383
vn -0.0122 -0.7218 -0.6919
vn 0.0258 -0.4583 -0.8884
vn 0.7070 -0.0000 -0.7072
vn 0.7778 0.0367 -0.6274
vn 0.8387 0.0730 -0.5396
vn 0.8587 -0.4573 -0.2312
vn 0.9888 -0.0000 0.1491
vn 0.7251 -0.5361 -0.4323
vn 0.9833 -0.0000 0.1819
vn 0.9150 -0.3961 -0.0763
vn 0.9802 -0.0000 0.1982
vn 0.9804 -0.0005 0.1969
vn 0.9698 -0.0010 0.2441
vn 0.9950 -0.0006 0.1000
vn 0.9950 -0.0006 0.0999
vn 0.9999 -0.0095 -0.0099
vn 0.9999 -0.0101 -0.0070
vn 0.9999 -0.0078 -0.0115
vn 0.9999 -0.0096 -0.0099
vn 1.0000 -0.0015 -0.0019
vn 1.0000 -0.0004 -0.0089
vn 0.9999 -0.0009 -0.0104
vn 0.9998 -0.0000 -0.0182
vn 0.3918 0.0001 0.9201
vn 0.3918 -0.0000 0.9201
vn 0.3942 -0.0000 0.9190
vn 0.3950 -0.0000 0.9187
vn 0.3980 -0.0000 0.9174
vn 0.7375 -0.0000 -0.6754
vn 0.3554 -0.4462 0.8213
vn 0.7374 -0.0000 -0.6755
vn 0.7372 -0.0000 -0.6757
vn 0.9154 -0.0001 0.4026
vn 0.8380 0.4037 -0.3671
vn 0.7372 0.0001 -0.6757
vn 0.4189 0.8065 0.4171
vn -0.2950 -0.6212 -0.7260
vn -0.8451 -0.4495 -0.2895
vn -0.9469 -0.0000 -0.3216
vn -0.9474 -0.0000 -0.3200
vn -0.9481 -0.0000 -0.3181
vn -0.9485 -0.0000 -0.3168
vn -0.9473 -0.0000 -0.3203
vn -0.8477 -0.4472 -0.2853
vn -0.6695 -0.7072 -0.2273
vn -0.9469 -0.0000 -0.3215
vn -0.6211 0.5668 -0.5413
vn -0.5654 0.3291 -0.7563
vn -0.8928 0.0895 -0.4415
vn -0.6271 0.5860 -0.5132
vn -0.6255 0.5889 -0.5118
vn -0.5824 -0.0001 -0.8129
vn -0.5824 -0.0000 -0.8129
vn -0.4289 0.4012 -0.8094
vn -0.0000 0.9998 -0.0183
vn -0.0000 0.5852 -0.8109
vn -0.0001 0.9571 -0.2898
vn -0.0000 0.5853 -0.8108
vn -0.0000 0.2347 -0.9721
vn -0.4472 0.2039 -0.8709
vn -0.7316 0.6525 -0.1975
vn -0.3750 -0.5730 -0.7288
vn -0.0000 -0.6181 -0.7861
vn -0.0000 -0.2621 -0.9650
vn -0.0000 -0.8759 -0.4826
vn -0.0000 0.2320 -0.9727
vn 0.0420 -0.2739 0.9608
vn 0.0210 -0.2724 0.9620
vn -0.0036 -0.2726 0.9621
vn -0.0054 -0.2736 0.9618
vn -0.0107 -0.2881 0.9576
vn -0.8603 -0.0071 -0.5098
vn -0.8618 -0.0038 -0.5072
vn -0.8621 -0.0049 -0.5067
vn -0.8630 -0.0035 -0.5052
vn -0.8624 -0.0071 -0.5062
vn 0.3658 -0.0000 0.9307
vn 0.4027 -0.0004 0.9153
vn 0.4028 -0.0004 0.9153
vn 0.4391 -0.0008 0.8984
vn -0.9249 -0.0000 -0.3801
vn -0.9126 0.0003 -0.4088
vn -0.8994 0.0006 -0.4371
vn -0.2032 -0.6883 -0.6963
vn 0.6313 -0.5453 -0.5515
vn 0.6312 -0.5453 -0.5516
vn -0.2032 -0.6884 -0.6963
vn -0.1875 -0.6783 -0.7105
vn 0.8790 -0.3336 -0.3408
vn -0.8146 0.5356 -0.2223
vn -0.8174 0.5338 -0.2168
vn -0.8174 0.5337 -0.2167
vn -0.8201 0.5318 -0.2112
vn -0.8307 0.5157 -0.2095
vn -0.8377 0.5076 -0.2016
vn 0.7090 0.6167 -0.3421
vn 0.0001 0.9078 -0.4195
vn 0.7076 0.6415 -0.2964
vn -0.0000 0.9134 -0.4071
vn 0.7072 0.6494 -0.2797
vn 0.7073 0.6528 -0.2714
vn 0.7072 0.6530 -0.2710
vn 0.0001 0.9236 -0.3834
vn -0.0000 0.9181 -0.3963
vn 0.0001 0.9076 -0.4197
vn -0.0000 0.8562 -0.5167
vn -0.0000 0.6374 -0.7705
vn 0.0001 0.4341 -0.9009
vn 0.9808 -0.1226 0.1516
vn 0.9801 -0.1265 0.1528
vn 0.9802 -0.1263 0.1528
vn 0.9795 -0.1302 0.1540
vn 0.9757 -0.1475 0.1623
vn -0.0303 -0.2723 0.9617
vn -0.0371 -0.2563 0.9659
vn -0.0237 -0.2711 0.9623
vn -0.0372 -0.2602 0.9648
vn -0.0167 -0.7954 0.6059
vn 0.7166 -0.2331 0.6574
vn 0.7166 -0.2331 0.6573
vn 0.7142 -0.2337 0.6598
vn 0.7255 -0.2322 0.6479
vn 0.7028 -0.2350 0.6715
vn 0.5923 -0.7610 0.2647
vn 0.5929 -0.7590 0.2689
vn 0.8221 -0.5350 0.1945
vn 0.7140 -0.6609 0.2311
vn 0.7142 -0.6607 0.2311
vn 0.5929 -0.7590 0.2690
vn 0.8101 -0.2899 0.5095
vn 0.8397 -0.5169 0.1663
vn 0.9231 -0.1900 0.3343
vn 0.8199 -0.5335 0.2076
vn 0.8134 -0.2921 0.5030
vn 0.9631 -0.2611 0.0655
vn 0.3461 0.9367 -0.0527
vn 0.7726 0.5987 0.2114
vn 0.9635 -0.0000 0.2679
vn 0.8944 0.4054 -0.1888
vn 0.7071 -0.0000 -0.7072
vn 0.5100 0.4623 -0.7254
vn 0.4473 0.8108 -0.3776
vn 0.7089 0.6168 -0.3421
vn 0.7263 0.4382 -0.5297
vn 0.6024 0.0876 -0.7934
vn 0.8944 -0.0000 -0.4472
vn 0.7074 0.6416 -0.2964
vn 0.6162 0.5692 -0.5444
vn 0.4473 -0.0000 -0.8944
vn 0.7071 0.6531 -0.2710
vn 0.7072 0.6529 -0.2714
vn 0.7070 0.6495 -0.2797
vn 0.9896 -0.1353 0.0487
vn 0.9504 -0.2924 0.1055
vn 0.8905 -0.4280 0.1544
vn 0.8733 -0.4581 0.1656
vn 0.4473 -0.0001 -0.8944
vn 0.6005 -0.5120 -0.6142
vn 0.7071 -0.6028 -0.3697
vn 0.7071 -0.6029 -0.3696
vn 0.7070 -0.6425 -0.2954
vn 0.5106 -0.4639 -0.7240
vn 0.8420 0.0001 0.5395
vn 0.9276 0.0001 0.3736
vn 0.8414 -0.0000 0.5404
vn 0.9823 -0.0000 0.1873
vn 0.9783 -0.1043 0.1790
vn 0.9107 -0.2082 0.3568
vn 0.9271 -0.0000 0.3748
vn 0.8413 -0.0000 0.5405
vn 0.9059 -0.3991 0.1413
vn 0.9574 -0.2719 0.0969
vn 0.4639 0.8684 -0.1750
vn -0.0001 1.0000 0.0006
vn -0.0003 1.0000 -0.0000
vn -0.0000 0.9988 -0.0496
vn -0.0000 0.9993 -0.0372
vn -0.0000 0.9972 -0.0744
vn 0.5106 -0.4639 -0.7239
vn -0.0000 -0.9065 0.4223
vn -0.2642 -0.9271 0.2658
vn -0.3607 -0.8961 0.2585
vn -0.1335 -0.9523 0.2744
vn -0.4751 -0.8449 0.2456
vn -0.6717 -0.7113 0.2072
vn -0.5833 -0.7800 0.2268
vn -0.0002 -0.9608 0.2774
vn -0.3804 -0.6267 0.6801
vn 0.0070 -0.3872 0.9220
vn -0.3069 -0.9142 0.2646
vn -0.6131 -0.4470 0.6513
vn -0.5877 -0.7709 0.2455
vn -0.6116 -0.4387 0.6584
vn -0.7541 -0.6302 0.1848
vn -0.6777 -0.7001 0.2249
vn -0.6777 -0.7001 0.2250
vn -0.7851 -0.3408 0.5172
vn -0.7608 -0.6150 0.2072
vn -0.9076 -0.2336 0.3488
vn 0.9221 0.0031 -0.3869
vn 0.9223 0.0022 -0.3864
vn 0.9229 0.0036 -0.3851
vn 0.9214 0.0012 -0.3887
vn 0.9151 0.0017 -0.4032
vn 0.9095 0.0034 -0.4157
vn -0.8114 0.5415 -0.2200
vn -0.7996 0.5581 -0.2217
vn -0.8186 0.5338 -0.2120
vn -0.7966 0.5600 -0.2276
vn -0.7969 0.5598 -0.2271
vn -0.7938 0.5617 -0.2332
vn -0.4722 0.0003 0.8815
vn -0.6132 -0.4470 0.6513
vn -0.4721 0.0007 0.8816
vn -0.4726 0.0003 0.8813
vn -0.4724 0.0006 0.8814
vn -0.2437 0.0009 0.9698
vn -0.2438 0.0009 0.9698
vn -0.0002 0.0012 1.0000
vn -0.3804 -0.6268 0.6800
vn -0.1617 0.0019 0.9868
vn 0.0027 -0.3872 0.9220
vn -0.7028 -0.2350 0.6715
vn -0.7028 -0.2350 0.6714
vn -0.7029 -0.2346 0.6715
vn -0.7143 -0.2334 0.6598
vn -0.7255 -0.2320 0.6479
vn -0.9906 -0.1034 -0.0898
vn -0.9927 -0.0856 -0.0845
vn -0.9931 -0.0892 -0.0764
vn -0.9935 -0.0915 -0.0680
vn -0.9935 -0.0915 -0.0681
vn -0.9938 -0.0937 -0.0597
vn -0.6708 -0.3808 -0.6363
vn -0.4472 -0.0001 -0.8944
vn 0.7777 -0.0019 -0.6287
vn 0.7581 -0.0010 -0.6521
vn 0.7376 -0.0025 -0.6753
vn 0.7370 -0.0008 -0.6759
vn 0.7373 -0.0015 -0.6756
vn 0.7370 -0.0000 -0.6759
vn 0.8618 -0.0031 -0.5072
vn 0.8619 -0.0048 -0.5071
vn 0.8627 -0.0031 -0.5057
vn 0.8624 -0.0071 -0.5062
vn 0.8787 -0.0035 -0.4774
vn 0.8914 -0.0070 -0.4531
vn -0.3917 -0.0000 0.9201
vn 0.4573 -0.8348 0.3067
vn 0.4571 -0.8347 0.3073
vn 0.4570 -0.8346 0.3075
vn 0.4567 -0.8346 0.3081
vn 0.3711 -0.8720 0.3191
vn 0.3712 -0.8720 0.3191
vn 0.2833 -0.9005 0.3298
vn 0.2816 -0.9021 0.3270
vn 0.2818 -0.9015 0.3285
vn 0.2834 -0.9005 0.3298
vn 0.2820 -0.9009 0.3299
vn -0.8810 0.4412 -0.1708
vn -0.8806 0.4406 -0.1741
vn -0.8807 0.4406 -0.1740
vn -0.8803 0.4401 -0.1773
vn -0.8806 0.4406 -0.1744
vn -0.9555 0.2723 -0.1134
vn -0.9556 0.2721 -0.1133
vn -0.9940 0.0979 -0.0479
vn -0.9946 0.0901 -0.0522
vn -0.9941 0.0978 -0.0479
vn -0.9945 0.0927 -0.0493
vn -0.9944 0.0950 -0.0469
vn 0.7072 0.6409 -0.2985
vn -0.0000 0.9065 -0.4222
vn 0.4472 0.8108 -0.3776
vn 0.8944 0.4055 -0.1888
vn 0.3070 0.7940 0.5248
vn 0.8944 0.4054 -0.1889
vn 0.5718 0.7736 0.2732
vn -0.0000 0.9065 -0.4223
vn 0.6922 0.4683 0.5490
vn -0.5717 0.7736 0.2733
vn -0.5929 -0.7590 0.2689
vn -0.5923 -0.7610 0.2647
vn -0.8221 -0.5350 0.1946
vn -0.7142 -0.6607 0.2311
vn -0.7140 -0.6609 0.2312
vn -0.5929 -0.7591 0.2690
vn -0.7726 0.5987 0.2114
vn -0.9635 -0.0000 0.2679
vn -0.5100 0.4624 -0.7253
vn -0.4473 0.8108 -0.3776
vn -0.8944 -0.0001 -0.4472
vn -0.8199 -0.5335 0.2076
vn -0.8134 -0.2921 0.5030
vn -0.9138 -0.0000 0.4063
vn -0.9723 -0.2200 0.0794
vn -0.9763 -0.2034 0.0733
vn -0.8905 -0.4280 0.1544
vn -0.8733 -0.4581 0.1656
vn -0.9105 -0.2093 0.3565
vn -0.9105 -0.2093 0.3566
vn -0.8415 -0.0000 0.5403
vn 0.8234 -0.0000 -0.5675
vn 0.9950 0.0858 -0.0506
vn 0.9940 0.0979 -0.0479
vn 0.9549 0.2742 -0.1141
vn 0.9549 0.2741 -0.1140
vn 0.8804 0.4402 -0.1766
vn 0.8804 0.4403 -0.1763
vn 0.8803 0.4401 -0.1773
vn -0.2797 -0.9026 0.3271
vn -0.2797 -0.9027 0.3271
vn -0.3722 -0.8716 0.3189
vn -0.3723 -0.8716 0.3189
vn -0.4579 -0.8349 0.3053
vn -0.4573 -0.8347 0.3067
vn -0.4580 -0.8349 0.3051
vn -0.5101 0.4623 -0.7253
vn -0.7072 0.6409 -0.2985
vn -0.4472 0.8108 -0.3776
vn -0.8944 0.4055 -0.1888
vn -0.7726 0.5986 0.2114
vn -0.3069 0.7940 0.5248
vn -0.7072 0.6409 -0.2986
vn -0.7072 0.6410 -0.2985
vn -0.8269 0.5615 -0.0315
vn -0.6923 0.4683 0.5490
vn 0.0010 -0.7043 -0.7099
vn 0.2950 -0.6211 -0.7261
vn 0.8450 -0.4496 -0.2896
vn 0.8477 -0.4473 -0.2852
vn 0.6696 -0.7071 -0.2274
vn 0.6845 -0.6464 -0.3372
vn 0.8271 -0.4986 -0.2594
vn 0.0001 -1.0000 -0.0000
vn 0.8944 -0.4473 -0.0001
vn 0.8944 -0.4473 0.0002
vn 0.4083 -0.8165 0.4083
vn -0.0001 -0.4473 0.8944
vn 0.2412 -0.3373 0.9100
vn 0.7074 -0.7069 -0.0000
vn 0.3138 -0.8944 -0.3186
vn 0.6667 -0.6666 0.3333
vn -0.0001 -0.7071 0.7072
vn -0.0000 -0.2622 -0.9650
vn 0.3750 -0.5729 -0.7288
vn 0.8944 0.3134 0.3192
vn 0.7592 0.4169 0.4998
vn 0.0963 0.6966 0.7110
vn 0.1920 0.6860 0.7018
vn 0.0996 0.6947 0.7124
vn 0.7447 0.4681 0.4758
vn 0.0001 0.7095 0.7048
vn 0.0003 0.7140 0.7002
vn 0.0009 0.6994 0.7147
vn -0.0033 0.7003 0.7138
vn 0.7230 0.6492 -0.2364
vn 0.1903 0.4080 0.8929
vn 0.3869 -0.0000 0.9221
vn -0.0000 0.3304 0.9439
vn 0.7155 -0.0000 0.6986
vn 0.7151 -0.0000 0.6990
vn 0.5421 0.2692 0.7960
vn 0.4105 0.4073 0.8159
vn 0.0001 0.3886 0.9214
vn 0.4472 0.6406 0.6242
vn 0.7355 0.2634 0.6242
vn 0.4472 -0.0000 0.8944
vn 0.3882 -0.0000 0.9216
vn 0.4082 -0.8165 0.4083
vn 0.2413 -0.3371 0.9100
vn 0.4472 -0.0002 0.8944
vn 0.6153 -0.7853 0.0683
vn 0.4517 -0.5820 0.6762
vn 0.4538 -0.5794 0.6771
vn 0.3649 -0.4726 0.8022
vn 0.2563 -0.0000 0.9666
vn -0.0000 -0.7261 0.6875
vn -0.9152 -0.0000 0.4030
vn -0.3555 -0.4461 0.8213
vn -0.0000 -0.5572 0.8304
vn -0.9153 -0.0001 0.4028
vn 0.2746 0.2723 0.9222
vn -0.4864 -0.0020 0.8737
vn -0.8808 0.4239 0.2111
vn -0.4190 0.8066 0.4169
vn 0.4142 0.4106 0.8123
vn 0.0001 0.7096 0.7047
vn 0.0001 0.7094 0.7048
vn -0.4190 0.8065 0.4171
vn -0.8380 0.4036 -0.3672
vn 0.6667 -0.6666 0.3334
vn 0.7072 -0.0000 0.7070
vn -0.0001 -0.7072 0.7070
vn -0.0000 0.7392 0.6734
vn 0.0001 0.2666 0.9638
vn 0.0001 0.7392 0.6735
vn 0.7072 0.5227 0.4761
vn 0.0002 0.7389 0.6738
vn 0.4472 0.6612 0.6023
vn 0.7170 0.6411 0.2736
vn 0.7170 0.6411 0.2737
vn 0.7315 0.6526 -0.1975
vn 0.4472 0.2039 -0.8709
vn -0.0000 0.2361 -0.9717
vn 0.8944 0.1055 -0.4346
vn -0.0000 0.9571 -0.2898
vn -0.0002 -0.9254 0.3791
vn 0.3556 -0.4460 0.8213
vn -0.0027 -0.9251 0.3798
vn -0.0044 -0.9240 0.3824
vn -0.0042 -0.9243 0.3817
vn -0.0040 -0.9260 0.3774
vn -0.0001 -0.3625 0.9320
vn -0.0052 -0.9253 0.3792
vn -0.4515 -0.5823 0.6761
vn -0.3648 -0.4725 0.8022
vn -0.4539 -0.5792 0.6771
vn -0.0052 -0.9253 0.3791
vn -0.5834 -0.3744 0.7207
vn -0.6154 -0.7853 0.0682
vn -0.8602 -0.0000 0.5100
vn 0.6362 0.7715 -0.0000
vn -0.3231 0.0006 -0.9464
vn -0.3225 -0.0000 -0.9466
vn -0.3228 0.0001 -0.9465
vn -0.3231 0.0011 -0.9464
vn -0.3226 0.0017 -0.9465
vn -0.3221 0.0021 -0.9467
vn -0.0122 -0.7219 -0.6919
vn 0.0466 -0.2713 -0.9614
vn 0.0258 -0.4582 -0.8885
vn 0.0949 0.2315 -0.9682
vn -0.4066 -0.8598 -0.3088
vn -0.4577 -0.8468 -0.2710
vn -0.5069 -0.8302 -0.2321
vn -0.2652 0.9642 -0.0010
vn -0.2778 0.9606 -0.0000
vn -0.5905 0.7664 -0.2529
vn -0.2618 0.9651 -0.0010
vn -0.2528 0.9675 -0.0022
vn -0.2527 0.9676 -0.0012
vn -0.2525 0.9676 -0.0000
vn -0.2519 0.9640 -0.0846
vn -0.2929 0.9509 -0.1000
vn -0.3343 0.9354 -0.1152
vn -0.3358 0.9352 -0.1128
vn -0.2489 0.9484 -0.1962
vn -0.2507 0.9481 -0.1957
vn -0.1508 0.9535 -0.2609
vn -0.1549 0.9481 -0.2777
vn -0.1435 0.9590 -0.2443
vn -0.1417 0.9592 -0.2445
vn -0.1462 0.9589 -0.2432
vn -0.1992 0.9779 -0.0633
vn -0.3177 0.9421 -0.1071
vn -0.3176 0.9422 -0.1071
vn -0.4305 0.8902 -0.1491
vn -0.4430 0.8849 -0.1439
vn -0.3313 0.9073 -0.2590
vn -0.3322 0.9067 -0.2599
vn -0.2033 0.9155 -0.3471
vn -0.2094 0.9069 -0.3656
vn -0.1973 0.9237 -0.3283
vn -0.1933 0.9241 -0.3297
vn -0.1973 0.9238 -0.3281
vn -0.4603 -0.4386 -0.7719
vn -0.6918 0.0008 -0.7221
vn -0.5151 -0.0000 -0.8571
vn -0.6929 -0.5624 -0.4513
vn -0.9343 -0.0000 -0.3565
vn -0.6693 -0.6978 -0.2551
vn -0.2393 -0.8851 -0.3993
vn -0.5152 -0.0000 -0.8571
vn -0.4609 -0.4472 -0.7665
vn -0.5152 -0.0000 -0.8570
vn -0.2306 -0.8943 -0.3834
vn -0.0155 -0.5039 -0.8636
vn 0.4923 -0.0000 -0.8704
vn -0.7721 -0.0000 -0.6356
vn -0.7716 -0.0000 -0.6361
vn -0.6605 -0.7072 -0.2520
vn 0.4924 -0.0000 -0.8704
vn -0.0000 0.9694 -0.2457
vn -0.0000 0.9424 -0.3344
vn -0.0000 0.9425 -0.3343
vn -0.0000 -0.9836 0.1804
vn -0.9205 -0.0387 0.3887
vn -0.9362 -0.0194 0.3509
vn -0.9500 -0.0000 0.3123
vn 0.9500 -0.0000 0.3123
vn 0.9362 -0.0194 0.3509
vn 0.9205 -0.0387 0.3887
vn 0.5339 -0.6195 0.5755
vn 0.5339 0.6195 0.5754
vn 0.5339 0.6195 0.5755
vn 0.5340 0.6194 0.5755
vn -0.5340 0.6194 0.5755
vn -0.5339 -0.6195 0.5755
vn -0.5339 -0.6195 0.5754
vn -0.5339 0.6195 0.5755
vn -0.5340 -0.6194 0.5755
vn 0.5340 -0.6194 0.5755
vn 0.7094 0.4289 0.5593
vn 0.2473 0.8785 -0.4088
vn 0.5336 0.8456 -0.0129
vn 0.2818 0.8846 -0.3716
vn 0.9944 0.0271 -0.1024
vn 0.9986 0.0090 -0.0513
vn 1.0000 -0.0092 -0.0000
vn -0.6362 -0.7715 -0.0000
vn -0.5688 -0.6902 0.4472
vn -0.4494 -0.5457 0.7073
vn -0.9870 -0.0000 -0.1606
vn -0.9484 -0.0000 -0.3171
vn -0.1501 -0.8975 0.4147
vn -0.0741 -0.8948 0.4402
vn -0.5045 -0.8261 0.2509
vn -0.9021 -0.4190 -0.1030
vn 0.6016 0.5685 -0.5611
vn 0.5960 0.5952 -0.5390
vn 0.6659 0.6287 -0.4016
vn 0.6483 0.6750 -0.3522
vn 0.5723 0.5629 -0.5963
vn 0.6797 0.5802 -0.4488
vn 0.7329 0.3017 -0.6098
vn 0.7948 0.3047 -0.5248
vn 0.9261 -0.0000 0.3773
vn -0.9003 -0.4233 -0.1016
vn -0.4501 -0.8470 0.2827
vn -0.0434 0.8919 -0.4501
vn -0.0435 0.8919 -0.4501
vn 0.0350 0.8677 -0.4958
vn 0.9697 -0.2210 0.1045
vn 0.1391 0.8826 -0.4491
vn 0.0565 0.8655 -0.4977
vn 0.4190 0.8066 0.4170
vn 0.8808 0.4239 0.2109
vn 0.7371 -0.0001 -0.6757
vn 0.4863 -0.0000 0.8738
vn -0.0000 -0.3516 -0.9361
vn -0.0000 -0.7035 -0.7107
vn -0.6362 0.7715 -0.0000
vn -0.7014 -0.7128 0.0082
vn -0.0008 -0.7096 -0.7046
vn 0.0008 -0.4800 0.8773
vn -0.0010 -0.9234 0.3839
vn 0.4360 -0.8807 0.1852
vn 0.7977 -0.5371 0.2743
vn 0.7014 -0.7127 0.0081
vn -0.0000 -0.7072 -0.7070
vn 0.9279 0.3727 -0.0000
vn 0.6312 0.2534 0.7331
vn 0.7225 0.6913 -0.0000
vn 0.7225 0.6914 -0.0000
vn 0.8154 0.3483 -0.4624
vn 0.9692 0.2462 0.0006
vn 0.9339 -0.0000 -0.3577
vn 0.7225 -0.6914 -0.0000
vn 0.8705 -0.4922 -0.0000
vn 0.6462 -0.6184 0.4472
vn 0.7895 -0.2005 0.5800
vn 0.8944 -0.0023 0.4472
vn 0.9692 0.2462 -0.0009
vn 0.8705 0.4922 -0.0000
vn 0.9280 -0.3725 -0.0000
vn 0.8792 -0.2861 -0.3810
vn 0.8354 0.0011 -0.5497
vn 0.8358 0.0004 -0.5490
vn 0.9281 -0.3724 -0.0000
vn 0.7225 -0.6913 -0.0000
vn -0.1815 -0.1780 0.9672
vn 0.4041 -0.3965 0.8243
vn -0.5922 -0.5812 0.5582
vn 0.5921 -0.5812 0.5582
vn -0.5921 -0.5812 0.5582
vn 0.5922 -0.5812 0.5582
vn 0.9450 -0.0013 -0.3270
vn 0.9450 -0.0001 -0.3270
vn 0.9450 -0.0023 -0.3272
vn 0.9450 -0.0000 -0.3270
vn 0.8468 -0.0000 -0.5319
vn 0.6954 -0.0000 -0.7186
vn -0.0000 0.9133 -0.4074
vn -0.0000 0.9076 -0.4198
vn -0.0000 0.8749 -0.4844
vn -0.0000 0.8373 -0.5467
vn -0.8792 -0.2861 -0.3810
vn -0.3963 0.0017 -0.9181
vn -0.3960 0.0021 -0.9182
vn -0.8354 0.0011 -0.5496
vn -0.8358 0.0005 -0.5490
vn -0.3963 -0.0001 -0.9181
vn -0.3964 -0.0000 -0.9181
vn -0.8154 0.3483 -0.4623
vn -0.9338 -0.0000 -0.3577
vn -0.0000 -0.3517 -0.9361
vn -0.0001 -0.7035 -0.7107
vn -0.0000 0.8748 -0.4844
vn -0.0000 0.8373 -0.5468
vn -0.0000 0.6373 -0.7706
vn -0.0000 0.4342 -0.9008
vn -0.0000 0.3505 -0.9366
vn -0.0000 0.7011 -0.7131
vn -0.7357 -0.0000 -0.6773
vn -0.9261 -0.0000 -0.3773
vn -0.7124 0.2869 -0.6404
vn -0.8459 -0.0000 -0.5333
vn -0.8459 -0.0000 -0.5334
vn -0.6957 -0.3254 -0.6404
vn 0.3964 -0.0000 -0.9181
vn 0.8154 0.3483 -0.4623
vn 0.9338 -0.0000 -0.3577
vn 0.3963 0.0017 -0.9181
vn 0.8792 -0.2860 -0.3810
vn 0.3960 0.0021 -0.9182
vn 0.8358 0.0005 -0.5490
vn 0.3965 0.0001 -0.9181
vn 0.6918 -0.0000 -0.7221
vn 0.4573 -0.4481 -0.7681
vn 0.5153 -0.0000 -0.8570
vn 0.6859 -0.5768 -0.4436
vn 0.9396 -0.0000 -0.3423
vn 0.6613 -0.7074 -0.2497
vn 0.2308 -0.8943 -0.3833
vn 0.0155 -0.5039 -0.8636
vn 0.5152 -0.0000 -0.8571
vn -0.4924 -0.0000 -0.8704
vn 0.4611 -0.4472 -0.7665
vn 0.2308 -0.8943 -0.3834
vn 0.9343 -0.0000 -0.3565
vn 0.6605 -0.7073 -0.2520
vn 0.7717 -0.0000 -0.6360
vn 0.7716 -0.0000 -0.6361
vn -0.2859 0.9520 -0.1092
vn -0.2858 0.9520 -0.1092
vn -0.9358 -0.0277 -0.3515
vn -0.6666 -0.3334 0.6667
vn -0.8944 -0.0001 0.4472
vn -0.8944 0.0002 0.4472
vn -0.4083 0.4082 0.8165
vn 0.0002 -0.0000 1.0000
vn 0.0003 -0.0000 1.0000
vn 0.0006 -0.0000 1.0000
vn 0.0005 -0.0000 1.0000
vn -0.6313 0.2534 0.7329
vn -0.4495 -0.5458 0.7072
vn -0.5688 -0.6902 0.4473
vn -0.7895 -0.2005 0.5800
vn -0.7072 -0.0001 0.7071
vn -0.6463 -0.6183 0.4472
vn -0.8521 0.2313 -0.4694
vn 1.0000 -0.0023 -0.0057
vn 0.6535 -0.5239 -0.5464
vn 0.9999 -0.0000 -0.0169
vn 0.5731 -0.6243 -0.5308
vn 1.0000 -0.0000 0.0002
vn 1.0000 -0.0054 -0.0004
vn 1.0000 0.0004 -0.0000
vn 1.0000 0.0006 -0.0085
vn 0.8661 -0.0000 -0.4998
vn -0.0177 -0.0000 -0.9998
vn 0.4924 -0.0001 -0.8704
vn -0.0154 -0.5039 -0.8636
vn 0.9998 -0.0196 -0.0018
vn -0.1456 0.2668 -0.9527
vn 1.0000 -0.0003 -0.0000
vn 0.6517 0.5473 -0.5251
vn 0.5745 0.6273 -0.5258
vn 0.5111 0.8579 -0.0522
vn 0.6134 -0.0000 0.7898
vn 0.8961 0.3464 -0.2775
vn 0.9927 -0.0000 -0.1206
vn 0.6133 -0.0000 0.7898
vn 0.7094 0.4289 0.5594
vn 0.5337 0.8456 -0.0128
vn 0.5486 -0.4472 0.7065
vn 0.2744 -0.8944 0.3533
vn 0.9260 -0.0000 0.3776
vn 0.8086 -0.0000 -0.5883
vn 0.8055 -0.4933 0.3284
vn 0.2132 0.8688 -0.4469
vn 0.2546 0.8717 -0.4187
vn 0.2953 0.8724 -0.3895
vn 0.8961 0.3463 -0.2775
vn 0.3135 0.6578 -0.6848
vn 0.5111 0.8580 -0.0523
vn 0.3877 0.3282 -0.8614
vn 0.3164 0.6497 -0.6912
vn 0.2230 0.8548 -0.4686
vn 0.3887 0.3206 -0.8638
vn -0.0936 0.4413 -0.8924
vn -0.2423 0.5414 -0.8051
vn 0.2606 0.8638 -0.4311
vn -0.7123 0.2870 -0.6405
vn 0.6954 -0.0000 -0.7187
vn 0.8468 -0.0000 -0.5320
vn 0.2673 -0.0000 -0.9636
vn -0.2673 -0.0000 -0.9636
vn -0.6954 -0.0000 -0.7187
vn -0.8468 -0.0000 -0.5320
vn -0.6109 -0.0000 -0.7917
vn -0.4934 -0.0000 -0.8698
vn -0.4516 -0.0000 -0.8922
vn -0.2824 -0.0000 -0.9593
vn -0.1960 -0.0000 -0.9806
vn 0.1960 -0.0000 -0.9806
vn 0.2824 -0.0000 -0.9593
vn 0.4516 -0.0000 -0.8922
vn 0.4934 -0.0000 -0.8698
vn 0.6109 -0.0000 -0.7917
vn -0.2718 0.2678 -0.9244
vn -0.7330 0.3011 -0.6099
vn -0.8345 -0.0000 -0.5510
vn -0.7950 0.3040 -0.5249
vn -0.6938 -0.0000 -0.7201
vn -0.5118 0.2822 -0.8115
vn -0.3815 0.5314 -0.7563
vn -0.1680 0.5097 -0.8438
vn -0.0000 0.2606 -0.9654
vn 0.2718 0.2678 -0.9244
vn 0.5118 0.2824 -0.8114
vn 0.6938 -0.0000 -0.7201
vn -0.0000 0.5034 -0.8640
vn 0.1680 0.5097 -0.8438
vn 0.3816 0.5314 -0.7563
vn 0.5723 0.5629 -0.5964
vn 0.7329 0.3015 -0.6099
vn 0.8345 -0.0000 -0.5510
vn 0.7949 0.3045 -0.5248
vn 0.4482 0.5410 -0.7117
vn 0.5960 0.5951 -0.5391
vn 0.6015 0.5685 -0.5613
vn 0.2414 0.5155 -0.8222
vn 0.1679 0.5097 -0.8438
vn -0.0000 0.5036 -0.8639
vn -0.1679 0.5097 -0.8438
vn -0.2414 0.5155 -0.8222
vn -0.4482 0.5410 -0.7117
vn -0.5959 0.5951 -0.5391
vn -0.6014 0.5685 -0.5613
vn -0.6543 0.5800 -0.4853
vn -0.3297 0.8864 -0.3250
vn -0.4481 0.5410 -0.7117
vn -0.2173 0.8759 -0.4307
vn -0.2412 0.5155 -0.8223
vn -0.0963 0.8696 -0.4842
vn -0.0000 0.9457 -0.3252
vn 0.0962 0.8696 -0.4842
vn 0.2413 0.5155 -0.8222
vn 0.2173 0.8759 -0.4308
vn 0.4482 0.5408 -0.7118
vn 0.3298 0.8863 -0.3251
vn 0.6546 0.5794 -0.4855
vn -0.5731 -0.6243 -0.5308
vn -0.6535 -0.5239 -0.5464
vn -1.0000 -0.0015 -0.0053
vn -0.8661 -0.0001 -0.4998
vn -1.0000 -0.0001 0.0002
vn 0.0177 0.0007 -0.9998
vn -1.0000 0.0005 0.0004
vn -1.0000 -0.0041 0.0001
vn -1.0000 -0.0000 0.0011
vn -0.5744 0.6273 -0.5259
vn -0.6516 0.5473 -0.5252
vn -1.0000 -0.0001 0.0017
vn -1.0000 -0.0000 0.0010
vn -1.0000 -0.0000 0.0009
vn 0.0156 -0.5039 -0.8636
vn 0.0177 -0.0000 -0.9998
vn 0.1456 0.2667 -0.9527
vn -0.8661 -0.0000 -0.4998
vn -1.0000 -0.0003 -0.0000
vn -0.0000 -0.9328 -0.3605
vn -0.4472 0.8598 -0.2464
vn -0.0000 0.9613 -0.2755
vn -0.8944 0.4300 -0.1232
vn 0.4472 0.8598 -0.2464
vn 0.8944 0.4300 -0.1232
vn -0.6015 0.5685 -0.5612
vn -0.6659 0.6287 -0.4016
vn -0.5960 0.5952 -0.5390
vn -0.6483 0.6750 -0.3522
vn 0.6957 -0.3255 -0.6404
vn 0.2710 -0.8944 -0.3558
vn 0.1002 -0.5025 -0.8588
vn -0.2874 -0.7071 -0.6461
vn -0.2743 -0.8944 0.3532
vn -0.5485 -0.4473 0.7064
vn -0.8055 -0.4932 0.3284
vn -0.6133 -0.0000 0.7898
vn -0.9260 -0.0000 0.3776
vn -0.8086 -0.0000 -0.5883
vn -0.8055 -0.4933 0.3284
vn -0.5337 0.8456 -0.0128
vn -0.7093 0.4289 0.5594
vn -0.5486 -0.4472 0.7064
vn -0.2744 -0.8944 0.3532
vn -0.5111 0.8579 -0.0521
vn -0.8961 0.3463 -0.2775
vn -0.9927 -0.0001 -0.1206
vn -0.2817 0.8846 -0.3716
vn -0.2473 0.8785 -0.4088
vn -0.5337 0.8456 -0.0129
vn -0.7093 0.4290 0.5593
vn -0.2132 0.8688 -0.4469
vn -0.3135 0.6578 -0.6848
vn -0.5111 0.8579 -0.0522
vn -0.2953 0.8724 -0.3895
vn -0.2546 0.8717 -0.4188
vn -0.2546 0.8717 -0.4187
vn -0.2230 0.8548 -0.4686
vn -0.3164 0.6497 -0.6912
vn -0.3868 0.3282 -0.8618
vn 0.7123 0.2870 -0.6405
vn 0.2423 0.5414 -0.8051
vn -0.2606 0.8638 -0.4311
vn 0.0936 0.4413 -0.8925
vn -0.3878 0.3206 -0.8642
vn 0.9261 -0.0000 -0.3773
vn 0.8459 -0.0000 -0.5334
vn 0.6957 -0.3254 -0.6405
vn 0.7357 -0.0000 -0.6773
vn 0.7124 0.2869 -0.6404
vn 0.8459 -0.0001 -0.5334
vn 0.0002 0.8944 0.4472
vn 0.4082 0.4083 0.8165
vn -0.4082 0.4083 0.8165
vn 0.5920 -0.5813 0.5583
vn 0.5920 -0.5813 0.5582
vn 0.5920 0.5813 0.5582
vn 0.5921 0.5813 0.5582
vn 0.4040 -0.3967 0.8243
vn 0.1814 0.1781 0.9671
vn -0.0000 -0.9641 -0.2655
vn -0.3383 -0.9341 -0.1139
vn -0.4022 -0.9051 -0.1376
vn -0.4701 -0.8680 -0.1597
vn -0.4712 -0.8679 -0.1575
vn -0.4701 -0.8681 -0.1597
vn -0.3543 -0.8926 -0.2788
vn -0.3557 -0.8920 -0.2788
vn -0.2182 -0.9020 -0.3725
vn -0.2240 -0.8924 -0.3918
vn -0.2122 -0.9112 -0.3530
vn -0.2077 -0.9117 -0.3544
vn -0.2120 -0.9114 -0.3527
vn -0.2713 -0.9582 -0.0911
vn -0.3150 -0.9430 -0.1076
vn -0.3598 -0.9249 -0.1227
vn -0.3608 -0.9247 -0.1211
vn -0.3597 -0.9249 -0.1228
vn -0.2680 -0.9400 -0.2113
vn -0.2699 -0.9395 -0.2107
vn -0.1625 -0.9458 -0.2812
vn -0.1667 -0.9396 -0.2990
vn -0.1583 -0.9517 -0.2633
vn -0.1527 -0.9524 -0.2638
vn -0.1577 -0.9520 -0.2623
vn -0.6957 -0.3253 -0.6405
vn -0.6060 -0.0000 -0.7955
vn -0.2711 -0.8944 -0.3558
vn -0.8458 -0.0000 -0.5335
vn 0.4065 -0.0000 -0.9137
vn 0.0787 -0.0000 -0.9969
vn -0.0936 0.4414 -0.8924
vn -0.6059 -0.0000 -0.7955
vn -0.2422 0.5415 -0.8050
vn -0.7356 -0.0000 -0.6774
vn -0.7124 0.2869 -0.6405
vn -0.1002 -0.5024 -0.8588
vn -0.1159 -0.0000 -0.9933
vn 0.2874 -0.7072 -0.6460
vn 0.8087 -0.0000 -0.5883
vn 0.8055 -0.4932 0.3286
vn -0.1159 -0.0009 -0.9933
vn 0.3164 0.6497 -0.6913
vn 0.9259 0.0001 0.3777
vn -0.1815 -0.1781 0.9671
vn -0.5920 -0.5813 0.5582
vn -0.4039 0.3967 0.8243
vn -0.5920 0.5813 0.5582
vn -0.5921 0.5812 0.5582
vn -0.0003 -0.0000 1.0000
vn 0.5688 -0.6902 0.4473
vn 0.4496 -0.5457 0.7072
vn 0.6462 -0.6184 0.4473
vn -0.0006 -0.0000 1.0000
vn 0.8944 -0.0023 0.4473
vn -0.0005 -0.0000 1.0000
vn 0.8944 0.0001 0.4473
vn 0.6314 0.2533 0.7329
vn 0.3231 0.0006 -0.9464
vn 0.3232 0.0007 -0.9463
vn 0.3225 -0.0000 -0.9466
vn 0.3225 0.0016 -0.9466
vn 0.3225 0.0018 -0.9466
vn 0.3221 0.0021 -0.9467
vn -0.0235 0.0004 -0.9997
vn 0.6362 -0.7715 -0.0000
vn 0.4494 -0.5456 0.7073
vn 0.3340 0.9355 -0.1155
vn 0.2933 0.9507 -0.1002
vn 0.2933 0.9508 -0.1002
vn 0.2520 0.9640 -0.0846
vn 0.1417 0.9592 -0.2445
vn 0.1432 0.9591 -0.2442
vn 0.1462 0.9589 -0.2432
vn 0.1507 0.9536 -0.2607
vn 0.1642 0.9479 -0.2731
vn 0.1549 0.9481 -0.2777
vn 0.1641 0.9479 -0.2731
vn 0.2507 0.9481 -0.1957
vn 0.2508 0.9481 -0.1957
vn 0.3340 0.9355 -0.1156
vn 0.7017 -0.0000 0.7125
vn -0.2505 -0.0000 0.9681
vn 0.2505 -0.0000 0.9681
vn 0.4333 -0.0000 0.9013
vn 0.7977 -0.5372 0.2742
vn 0.4360 -0.8807 0.1853
vn -0.0010 -0.9233 0.3840
vn -0.4333 -0.0000 0.9012
vn -0.7025 -0.0000 0.7117
vn -0.7024 -0.0000 0.7118
vn -0.4361 -0.8806 0.1852
vn -0.7977 -0.5371 0.2742
vn -0.7014 -0.7127 0.0082
vn 0.2713 -0.9582 -0.0911
vn 0.3155 -0.9428 -0.1078
vn 0.3589 -0.9251 -0.1241
vn 0.1668 -0.9396 -0.2990
vn 0.1479 -0.9528 -0.2652
vn 0.1767 -0.9393 -0.2940
vn 0.1529 -0.9524 -0.2637
vn 0.1528 -0.9524 -0.2638
vn 0.1578 -0.9520 -0.2623
vn 0.2700 -0.9395 -0.2107
vn 0.5897 0.7785 -0.2149
vn -0.0006 1.0000 0.0008
vn -0.0000 1.0000 0.0001
vn -0.0005 1.0000 0.0002
vn -0.0004 1.0000 0.0002
vn -0.0008 1.0000 -0.0000
vn -0.0000 0.8300 0.5578
vn -0.0001 0.8299 0.5579
vn -0.0000 -0.0001 1.0000
vn -0.0000 -0.6177 0.7864
vn 0.0001 -0.6177 0.7864
vn 0.9389 -0.0130 -0.3439
vn 0.9451 -0.0000 -0.3268
vn 0.9359 -0.0000 -0.3522
vn 0.9452 -0.0000 -0.3265
vn 0.9442 -0.0391 -0.3270
vn 0.9176 -0.1953 -0.3461
vn 0.7162 0.6438 -0.2695
vn 0.4639 0.8685 -0.1750
vn 0.6858 0.4696 -0.5560
vn 0.6682 0.7072 -0.2311
vn 0.7768 -0.0000 -0.6297
vn 0.3643 0.7072 -0.6060
vn -0.8661 0.0002 -0.4998
vn -0.0000 0.4473 -0.8944
vn -0.4923 0.0001 -0.8704
vn -0.8757 -0.0000 0.4828
vn -0.9436 -0.0000 0.3311
vn -0.5457 -0.5006 0.6720
vn -0.6736 -0.6434 0.3638
vn -0.7070 -0.6870 0.1676
vn -0.8744 -0.0000 0.4851
vn -0.9433 -0.0000 0.3320
vn -0.9862 -0.0000 0.1655
vn -0.8744 -0.0000 0.4852
vn -0.5487 0.5211 0.6537
vn -0.9681 -0.0000 0.2506
vn -0.5707 0.8165 0.0874
vn -0.8944 0.4141 -0.1688
vn -0.7895 -0.2005 0.5801
vn -0.8705 -0.4922 -0.0018
vn -0.6463 -0.6184 0.4472
vn -0.7225 -0.6914 -0.0000
vn -0.7225 -0.6913 -0.0000
vn -0.8792 -0.2860 -0.3809
vn -0.9280 -0.3725 -0.0000
vn -0.8358 0.0004 -0.5490
vn -0.8354 0.0010 -0.5496
vn -0.7225 0.6914 -0.0000
vn -0.8154 0.3483 -0.4624
vn -0.7225 0.6913 -0.0000
vn -0.9692 0.2462 -0.0000
vn -0.9339 -0.0000 -0.3577
vn -0.8705 0.4922 -0.0000
vn -0.9283 0.3718 -0.0000
vn -0.6312 0.2533 0.7331
vn 0.7447 -0.6157 -0.2575
vn -0.0001 0.9948 0.1015
vn -0.0002 0.8306 0.5569
vn -0.0001 0.9948 0.1016
vn -0.5707 0.8165 0.0873
vn -0.5488 0.5210 0.6537
vn -0.0002 0.9618 0.2738
vn -0.0002 0.8305 0.5569
vn -0.0000 0.9186 -0.3951
vn 0.4472 0.8200 -0.3572
vn -0.0000 0.5480 -0.8365
vn 0.7670 0.3516 -0.5367
vn 0.8758 -0.0000 0.4828
vn 0.5457 -0.5006 0.6720
vn 0.9436 -0.0000 0.3312
vn 0.6736 -0.6434 0.3637
vn 0.7070 -0.6870 0.1676
vn 0.4471 -0.8690 0.2120
vn 0.8944 -0.4345 0.1060
vn 0.9862 -0.0000 0.1656
vn 0.9433 -0.0000 0.3320
vn 0.8757 -0.0000 0.4828
vn 0.8744 -0.0000 0.4851
vn 0.8744 0.0001 0.4851
vn 0.9681 -0.0000 0.2505
vn 0.5487 0.5211 0.6537
vn 0.5707 0.8165 0.0874
vn 0.8944 0.4141 -0.1689
vn -0.4815 -0.3627 0.7979
vn -0.7070 -0.5330 0.4647
vn -0.5865 -0.4421 0.6787
vn -0.5547 -0.0000 0.8321
vn -0.3334 0.6667 0.6666
vn -0.8944 0.4472 -0.0001
vn -0.4473 -0.0003 0.8944
vn -0.4473 0.8944 -0.0001
vn -0.7670 0.3516 -0.5367
vn -0.4473 0.8200 -0.3572
vn -0.4467 0.0009 0.8947
vn -0.8944 0.0005 0.4473
vn -0.8783 0.4389 -0.1893
vn -0.5730 0.1944 -0.7962
vn -0.7071 0.6496 -0.2794
vn -0.8944 -0.4345 0.1061
vn -0.4471 -0.8690 0.2120
vn -0.4473 0.0002 0.8944
vn -0.9252 0.2908 0.2437
vn 0.4265 0.4980 0.7550
vn 0.7115 -0.0000 0.7026
vn 0.4235 0.4819 0.7671
vn 0.7116 -0.0000 0.7026
vn 0.3435 0.4010 0.8493
vn 0.2547 -0.0000 0.9670
vn -0.0000 0.3089 0.9511
vn -0.0000 0.6180 0.7861
vn 0.3856 -0.0000 0.9227
vn -0.0000 -0.2956 0.9553
vn -0.0000 -0.5914 0.8064
vn 0.4225 -0.4769 0.7708
vn 0.3399 -0.3835 0.8587
vn 0.2546 -0.0000 0.9670
vn -0.7094 -0.0000 -0.7048
vn -0.0000 0.9503 -0.3114
vn -0.0000 0.7605 -0.6493
vn -0.4472 0.8499 -0.2786
vn -0.6249 0.2967 -0.7221
vn -0.0000 0.3799 -0.9250
vn 0.0001 0.7605 -0.6494
vn 0.4472 0.8499 -0.2786
vn 0.6248 0.2967 -0.7222
vn 0.7094 -0.0000 -0.7048
vn -0.0000 -0.8033 0.5956
vn -0.5458 -0.5005 0.6720
vn -0.0000 -0.8747 0.4847
vn -0.6737 -0.6433 0.3637
vn -0.4225 -0.4769 0.7708
vn -0.7115 -0.0000 0.7026
vn -0.2546 -0.0000 0.9670
vn -0.7116 -0.0000 0.7026
vn -0.3398 -0.3836 0.8587
vn -0.0001 0.8100 0.5864
vn -0.0000 0.8101 0.5863
vn -0.0000 0.8101 0.5864
vn -0.0003 0.8100 0.5865
vn -0.4235 0.4820 0.7670
vn -0.3856 -0.0000 0.9227
vn -0.0000 -0.5913 0.8065
vn -0.0000 -0.9317 0.3631
vn -0.0000 0.8307 0.5568
vn -0.0000 0.6180 0.7862
vn -0.0000 0.8306 0.5568
vn -0.0000 0.3090 0.9511
vn -0.3435 0.4010 0.8493
vn -0.2547 -0.0000 0.9670
vn 0.4124 0.9110 -0.0000
vn 0.4128 0.9108 -0.0016
vn 0.4441 0.8960 -0.0017
vn 0.4132 0.9106 -0.0036
vn 0.4739 0.8806 0.0029
vn -0.0000 0.6181 0.7861
vn -0.0001 0.3089 0.9511
vn 0.3435 0.4009 0.8493
vn 0.0003 0.8100 0.5864
vn 0.4266 0.4980 0.7550
vn 0.0001 0.8100 0.5864
vn 0.7071 -0.6869 0.1676
vn 0.6737 -0.6433 0.3637
vn -0.0000 -0.9715 0.2371
vn -0.0000 -0.8747 0.4846
vn 0.5458 -0.5005 0.6720
vn -0.0014 -0.6171 0.7869
vn -0.0013 -0.6170 0.7870
vn -0.0001 -0.9715 0.2371
vn 0.3398 -0.3835 0.8587
vn 0.4225 -0.4769 0.7707
vn 0.8944 -0.4346 0.1061
vn 0.4471 -0.8690 0.2121
vn -0.0002 -0.9715 0.2371
vn -0.0000 -0.9053 0.4248
vn 0.0002 -0.9715 0.2371
vn 0.0017 -0.7965 0.6047
vn -0.0003 -0.3972 0.9177
vn 0.0006 -0.6169 0.7871
vn 0.0001 -0.9715 0.2371
vn 0.0013 -0.6170 0.7870
vn -0.6737 -0.6432 0.3638
vn -0.7072 -0.6869 0.1677
vn -0.0000 -0.8748 0.4845
vn -0.0000 -0.8748 0.4846
vn -0.0000 -0.9318 0.3630
vn -0.4471 -0.8690 0.2121
vn -0.8943 -0.4346 0.1061
vn -0.0000 -0.6176 0.7865
vn -0.6956 -0.3255 -0.6405
vn -0.2710 -0.8944 -0.3557
vn 0.2743 -0.8944 0.3532
vn 0.5486 -0.4473 0.7064
vn 0.2875 -0.7071 -0.6461
vn 0.8055 -0.4932 0.3284
vn 0.2874 -0.7071 -0.6461
vn -0.1003 -0.5025 -0.8588
vn 0.4472 -0.0003 0.8944
vn 0.0003 0.8944 0.4473
vn -0.0000 0.7072 0.7071
vn 0.1814 0.1780 0.9672
vn -0.4040 0.3967 0.8243
vn -0.1814 -0.1780 0.9672
vn 0.5774 -0.5773 0.5774
vn -0.0000 -0.7068 0.7074
vn -0.6667 -0.3333 0.6666
vn -0.0000 0.7076 0.7066
vn -0.0032 0.7076 0.7066
vn 0.0009 0.0013 1.0000
vn 0.0013 -0.6171 0.7869
vn 0.0005 0.0012 1.0000
vn 0.0013 -0.6170 0.7869
vn -0.4467 0.0010 0.8947
vn 0.0008 0.0013 1.0000
vn -0.8944 0.0004 0.4474
vn 0.0042 -0.7964 0.6047
vn -0.0001 -0.3972 0.9177
vn 0.0005 0.0014 1.0000
vn -0.0007 0.0013 1.0000
vn -0.0000 0.4481 0.8940
vn 0.0040 0.8945 0.4470
vn -0.0000 0.7077 0.7066
vn -0.0008 0.0013 1.0000
vn -0.0000 0.7075 0.7067
vn 0.4467 0.0010 0.8947
vn 0.8943 0.0004 0.4474
vn -0.0013 -0.6171 0.7869
vn -0.0046 -0.6173 0.7867
vn 0.0003 0.0014 1.0000
vn -0.2532 -0.9183 -0.3043
vn -0.2314 -0.9165 -0.3265
vn -0.2314 -0.9165 -0.3264
vn -0.2094 -0.9137 -0.3483
vn -0.2213 0.9031 -0.3681
vn -0.3707 0.7776 -0.5078
vn -0.3708 0.7776 -0.5079
vn -0.4988 0.6073 -0.6184
vn -0.2891 0.9154 -0.2801
vn -0.3215 0.9245 -0.2048
vn -0.3517 0.9273 -0.1281
vn -0.2923 -0.9134 -0.2833
vn -0.3259 -0.9224 -0.2074
vn -0.3252 -0.9227 -0.2072
vn -0.3559 -0.9255 -0.1296
vn 0.5774 -0.5774 0.5773
vn 0.4473 -0.0003 0.8944
vn 0.4083 0.4082 0.8165
vn 0.8944 -0.4472 0.0001
vn 0.4473 -0.8944 -0.0003
vn 0.4758 -0.8796 -0.0041
vn 0.4472 -0.8944 -0.0021
vn 0.4184 -0.9083 0.0001
vn 0.4177 -0.9086 -0.0017
vn 0.4173 -0.9087 -0.0000
vn 0.5920 -0.7750 -0.2212
vn 0.5034 -0.8429 -0.1897
vn 0.5033 -0.8430 -0.1897
vn 0.4080 -0.8996 -0.1557
vn 0.4083 -0.9000 -0.1526
vn 0.4109 -0.9000 -0.1453
vn 0.4134 -0.9000 -0.1382
vn 0.7124 0.2869 -0.6405
vn 0.7356 -0.0000 -0.6774
vn 0.2422 0.5415 -0.8051
vn 0.6060 -0.0000 -0.7955
vn 0.0937 0.4414 -0.8924
vn -0.0787 -0.0009 -0.9969
vn -0.4065 -0.0000 -0.9137
vn -0.9927 -0.0000 -0.1206
vn -0.2874 -0.7072 -0.6460
vn -0.8087 -0.0000 -0.5883
vn -0.8055 -0.4932 0.3286
vn -0.9259 0.0001 0.3777
vn 0.1002 -0.5024 -0.8588
vn 0.1159 -0.0000 -0.9933
vn 0.6059 -0.0000 -0.7955
vn -0.3163 0.6497 -0.6913
vn 0.8458 -0.0000 -0.5335
vn 0.6957 -0.3253 -0.6405
vn 0.2711 -0.8944 -0.3558
vn 0.7356 0.0001 -0.6774
vn 0.8458 -0.0001 -0.5335
vn -0.0001 -0.6980 -0.7161
vn -0.0016 -0.6958 -0.7183
vn -0.0003 -0.6982 -0.7159
vn -0.0001 -0.6978 -0.7163
vn 0.0001 -0.6980 -0.7161
vn 0.0001 -0.6978 -0.7163
vn 0.0002 -0.6978 -0.7163
vn 0.0003 -0.6982 -0.7159
vn -0.3333 0.6667 0.6666
vn -0.4472 -0.0002 0.8944
vn 0.3334 0.6667 0.6666
vn -0.3296 0.8865 -0.3249
vn -0.0000 0.9457 -0.3251
vn -0.7098 0.5895 -0.3855
vn -0.5262 0.8010 -0.2856
vn -0.6543 0.5801 -0.4852
vn 0.3298 0.8864 -0.3250
vn 0.5266 0.8007 -0.2858
vn 0.6547 0.5794 -0.4854
vn 0.7103 0.5888 -0.3858
vn 0.5729 0.1944 -0.7962
vn 0.8783 0.4390 -0.1894
vn 0.9252 0.2909 0.2436
vn 0.7626 0.5941 -0.2559
vn 0.8944 0.0005 0.4473
vn 0.4468 0.0010 0.8947
vn 0.4473 0.8200 -0.3571
vn 0.8944 0.0001 0.4472
vn 0.5865 -0.4420 0.6787
vn 0.7071 0.6496 -0.2795
vn 0.7071 0.6496 -0.2794
vn 0.4473 0.8944 -0.0001
vn 0.3334 0.6666 0.6667
vn -0.0000 0.5867 -0.8098
vn -0.4883 0.3152 -0.8138
vn -0.8944 0.4251 -0.1393
vn -0.0000 0.3802 -0.9249
vn 0.4883 0.3152 -0.8138
vn 0.8944 0.4251 -0.1392
vn -0.0000 0.7605 -0.6494
vn -0.0000 -0.0004 -1.0000
vn -0.7072 -0.0003 -0.7071
vn 0.7072 -0.0003 -0.7071
vn 0.7073 -0.0002 -0.7070
vn 0.6249 0.2967 -0.7221
vn -0.0001 0.3799 -0.9250
vn -0.7073 -0.0002 -0.7070
vn -0.0000 0.7074 0.7068
vn -0.0000 0.4482 0.8939
vn 0.0020 0.8946 0.4470
vn -0.4472 0.8944 -0.0000
vn -0.0000 0.7071 0.7072
vn 0.3333 0.6666 0.6667
vn 0.8944 0.4473 -0.0000
vn -0.3333 0.6666 0.6667
vn 0.4472 0.8944 -0.0001
vn -0.0000 0.7074 0.7069
vn -0.5745 0.6272 -0.5259
vn -0.6518 0.5472 -0.5251
vn 0.1849 0.7193 -0.6696
vn 0.0076 0.6885 -0.7252
vn -0.5731 -0.6243 -0.5309
vn 0.1871 -0.6903 -0.6989
vn -0.6536 -0.5238 -0.5463
vn 0.0087 -0.6325 -0.7745
vn 0.3956 0.6407 -0.6580
vn 0.3561 0.7502 -0.5571
vn 0.3560 0.7503 -0.5570
vn 0.3080 0.8420 -0.4429
vn -0.8944 0.4250 -0.1393
vn -0.9611 -0.0000 -0.2762
vn -0.4884 0.3152 -0.8137
vn -0.7071 -0.0003 -0.7072
vn -0.6248 0.2967 -0.7222
vn -0.4473 0.8499 -0.2785
vn -0.7071 -0.0002 -0.7071
vn -0.8944 0.4299 -0.1232
vn -0.4473 0.8598 -0.2463
vn -0.9261 -0.0000 0.3773
vn 0.0178 0.0007 -0.9998
vn 0.6919 -0.0000 -0.7220
vn 0.8407 -0.0001 -0.5415
vn 0.4035 0.9025 -0.1508
vn 0.4060 0.9025 -0.1437
vn 0.4061 0.9025 -0.1436
vn 0.4085 0.9025 -0.1366
vn 0.4984 0.8464 -0.1878
vn 0.4982 0.8465 -0.1878
vn 0.5868 0.7795 -0.2193
vn -0.6667 -0.3334 0.6666
vn 0.0001 -0.8944 0.4472
vn -0.0000 -0.7067 0.7075
vn 0.5773 -0.5774 0.5774
vn 0.4472 -0.8944 -0.0002
vn 0.1815 0.1780 0.9671
vn -0.4041 0.3965 0.8243
vn 0.5922 0.5812 0.5582
vn 0.5922 0.5811 0.5582
vn -0.5922 0.5811 0.5582
vn -0.0000 0.9172 -0.3985
vn -0.4472 0.8200 -0.3572
vn -0.0000 0.9260 -0.3776
vn -0.8944 0.4142 -0.1689
vn -0.7072 0.6495 -0.2794
vn -0.0000 0.9259 -0.3776
vn -0.7072 0.6495 -0.2793
vn -0.0000 0.9172 -0.3984
vn -0.0000 0.9259 -0.3777
vn -0.0000 0.7139 -0.7002
vn -0.0000 0.3568 -0.9342
vn -0.0000 0.8299 0.5578
vn 0.0002 0.8306 0.5569
vn 0.0001 0.9618 0.2737
vn 0.0001 0.9973 -0.0737
vn 0.7072 0.6495 -0.2794
vn 0.5707 0.8165 0.0873
vn 0.8944 0.4142 -0.1689
vn 0.0002 0.9618 0.2737
vn 0.5488 0.5210 0.6538
vn 0.0002 0.8305 0.5569
vn 0.5948 -0.7741 -0.2168
vn -0.0000 0.5868 -0.8097
vn -0.3445 -0.0000 -0.9388
vn -0.0000 0.3569 -0.9342
vn -0.5730 0.1944 -0.7961
vn -0.4571 -0.0000 -0.8894
vn -0.2285 -0.0000 -0.9735
vn -0.4571 0.0003 -0.8894
vn 0.4471 -0.0000 -0.8945
vn 0.4884 0.3152 -0.8137
vn 0.3453 -0.0000 -0.9385
vn 0.4571 -0.0000 -0.8894
vn 0.2285 -0.0000 -0.9735
vn 0.5730 0.1944 -0.7962
vn 0.9611 -0.0000 -0.2762
vn 0.8944 0.4250 -0.1393
vn 0.7071 -0.0002 -0.7072
vn 0.6248 0.2968 -0.7222
vn 0.4473 0.8499 -0.2784
vn 0.8944 0.4299 -0.1232
vn 0.4473 0.8598 -0.2464
vn 0.7071 -0.0002 -0.7071
vn -0.2785 -0.9604 0.0013
vn -0.2654 -0.9641 -0.0017
vn -0.2560 -0.9667 -0.0009
vn -0.2559 -0.9667 -0.0009
vn -0.2557 -0.9668 -0.0000
vn 0.0005 -1.0000 -0.0001
vn 0.0007 -1.0000 -0.0005
vn 0.2307 -0.8944 -0.3833
vn -0.0076 -1.0000 0.0022
vn 0.0004 -1.0000 -0.0001
vn 0.2307 -0.8943 -0.3833
vn 0.4610 -0.4472 -0.7665
vn 0.6607 -0.7071 -0.2520
vn -0.0023 -1.0000 0.0009
vn 0.6614 -0.7072 -0.2497
vn 0.4573 -0.4483 -0.7681
vn 0.9943 -0.0000 -0.1070
vn 0.2734 0.8473 -0.4552
vn 0.3979 -0.6353 -0.6619
vn 0.3569 -0.7487 -0.5586
vn 0.3569 -0.7487 -0.5587
vn 0.3069 -0.8433 -0.4412
vn 0.7163 0.6437 -0.2696
vn -0.0001 1.0000 0.0003
vn -0.0001 1.0000 0.0010
vn -0.0000 1.0000 0.0011
vn 0.6683 0.7070 -0.2311
vn 0.6858 0.4697 -0.5559
vn -0.0000 1.0000 0.0010
vn 0.3644 0.7071 -0.6061
vn 0.9018 -0.4189 -0.1062
vn 0.0743 -0.8948 0.4403
vn 0.5045 -0.8265 0.2497
vn 0.1502 -0.8975 0.4146
vn -0.0001 -0.8868 0.4621
vn -0.5575 -0.4798 -0.6775
vn -0.4687 -0.8069 -0.3594
vn -0.0001 -0.4994 -0.8664
vn -0.0000 -0.8550 -0.5186
vn 0.0001 -0.8550 -0.5186
vn 0.0001 -0.4995 -0.8663
vn -0.0000 -0.8550 -0.5185
vn 0.4687 -0.8069 -0.3593
vn 0.5575 -0.4798 -0.6775
vn 0.4688 -0.8069 -0.3594
vn 0.4759 -0.7902 -0.3862
vn 0.0316 -0.9096 0.4142
vn 0.0630 -0.9289 0.3648
vn 0.7020 -0.5840 -0.4075
vn 0.1125 -0.9148 0.3879
vn 0.9087 -0.4012 -0.1153
vn 0.5046 -0.8265 0.2496
vn 0.9401 0.0049 -0.3409
vn 0.9018 -0.4188 -0.1061
vn 0.9384 0.0146 -0.3452
vn 0.9430 0.0061 -0.3327
vn 0.9450 0.0123 -0.3268
vn 0.6934 -0.0000 -0.7206
vn 0.8451 -0.0000 -0.5346
vn 0.7020 -0.5841 -0.4075
vn 0.8434 -0.0000 -0.5372
vn 0.9087 -0.4011 -0.1153
vn 0.0658 0.9978 0.0015
vn 0.0610 0.9971 -0.0460
vn 0.0566 0.9940 -0.0933
vn 0.4430 0.8849 -0.1439
vn 0.4409 0.8853 -0.1480
vn 0.3312 0.9073 -0.2590
vn 0.3321 0.9067 -0.2600
vn 0.2035 0.9154 -0.3474
vn 0.2090 0.9070 -0.3656
vn 0.1978 0.9234 -0.3291
vn 0.1933 0.9241 -0.3297
vn 0.1969 0.9239 -0.3282
vn 0.3202 0.9412 -0.1080
vn 0.3201 0.9412 -0.1079
vn 0.1993 0.9779 -0.0633
vn 0.4711 -0.8679 -0.1575
vn 0.3543 -0.8926 -0.2788
vn 0.4688 -0.8686 -0.1603
vn 0.3558 -0.8920 -0.2788
vn 0.2184 -0.9019 -0.3728
vn 0.2241 -0.8923 -0.3918
vn 0.2184 -0.9018 -0.3728
vn 0.2126 -0.9109 -0.3537
vn 0.2076 -0.9117 -0.3544
vn 0.2120 -0.9114 -0.3527
vn 0.3383 -0.9341 -0.1139
vn 0.4037 -0.9044 -0.1381
vn 0.4036 -0.9044 -0.1381
vn 0.4689 -0.8686 -0.1603
vn -0.6991 -0.0091 -0.7149
vn -0.6998 -0.0046 -0.7143
vn -0.6998 -0.0044 -0.7143
vn -0.7005 -0.0000 -0.7137
vn -0.6999 -0.0044 -0.7143
vn -0.7271 -0.0027 -0.6866
vn -0.7497 -0.0054 -0.6617
vn -0.4080 -0.8462 -0.3427
vn -0.4078 -0.8464 -0.3425
vn -0.4072 -0.8470 -0.3418
vn -0.4071 -0.8470 -0.3418
vn -0.0080 0.6885 -0.7252
vn 0.6518 0.5472 -0.5251
vn -0.1849 0.7193 -0.6696
vn 0.5745 0.6273 -0.5259
vn 0.5731 -0.6242 -0.5309
vn 0.6536 -0.5238 -0.5463
vn -0.1871 -0.6903 -0.6989
vn -0.0088 -0.6325 -0.7745
vn -0.4603 -0.4387 -0.7718
vn -0.0492 -0.9986 -0.0182
vn -0.6929 -0.5623 -0.4513
vn -0.6695 -0.6976 -0.2552
vn -0.0245 -0.9997 -0.0091
vn -0.6606 -0.7071 -0.2521
vn -0.4815 -0.3628 0.7978
vn -0.7071 -0.0006 0.7072
vn -0.9943 -0.0000 -0.1069
vn -1.0000 0.0015 -0.0000
vn -0.2496 0.9637 -0.0952
vn -0.3190 0.9402 -0.1192
vn -0.3865 0.9112 -0.1424
vn -0.2516 0.9642 -0.0840
vn -0.2506 0.9640 -0.0889
vn -0.2497 0.9638 -0.0933
vn -0.2527 -0.9627 -0.0964
vn -0.3228 -0.9387 -0.1206
vn -0.3228 -0.9388 -0.1206
vn -0.3909 -0.9091 -0.1440
vn -0.2548 -0.9632 -0.0852
vn -0.2528 -0.9627 -0.0964
vn -0.2538 -0.9631 -0.0898
vn -0.2529 -0.9629 -0.0945
vn 0.0285 -0.6925 -0.7209
vn 0.0531 -0.6980 -0.7141
vn -0.7950 0.3041 -0.5249
vn -0.6802 0.5793 -0.4491
vn -0.5726 0.5624 -0.5965
vn -0.8434 -0.0000 -0.5374
vn -0.7020 -0.5841 -0.4074
vn -0.4882 -0.7701 -0.4107
vn -0.4688 -0.8069 -0.3594
vn -0.5575 -0.4798 -0.6774
vn -0.4688 -0.8069 -0.3593
vn -0.0004 -1.0000 -0.0000
vn -0.2308 -0.8944 -0.3832
vn -0.0156 -0.5038 -0.8637
vn -0.4610 -0.4473 -0.7665
vn -0.0004 -1.0000 0.0001
vn -0.2392 -0.8851 -0.3992
vn -0.0248 -0.9987 -0.0446
vn -0.9944 -0.0271 0.1024
vn -0.9986 -0.0090 0.0513
vn -1.0000 0.0092 -0.0000
vn -0.0178 -0.0002 -0.9998
vn -0.6918 -0.0000 -0.7221
vn -0.8407 -0.0000 -0.5415
vn -0.9450 -0.0023 -0.3272
vn -0.9450 -0.0004 -0.3270
vn -0.9450 -0.0012 -0.3270
vn -0.9450 -0.0000 -0.3270
vn -0.8468 -0.0000 -0.5319
vn -0.6954 -0.0001 -0.7186
vn -0.2070 0.9157 -0.3445
vn -0.2287 0.9184 -0.3228
vn -0.2287 0.9184 -0.3229
vn -0.2502 0.9203 -0.3009
vn -0.4937 -0.6178 -0.6120
vn -0.3685 -0.7802 -0.5055
vn -0.3686 -0.7801 -0.5056
vn -0.2237 -0.9008 -0.3722
vn -0.0000 0.4472 -0.8944
vn -0.0000 0.8944 -0.4473
vn 0.4923 0.0001 -0.8704
vn -0.1774 -0.0000 -0.9841
vn 0.1775 -0.0000 -0.9841
vn 0.6955 -0.0000 -0.7185
vn 0.8467 -0.0000 -0.5320
vn -0.9791 -0.0000 -0.2032
vn -0.9065 0.4042 -0.1217
vn -0.8905 -0.0000 -0.4550
vn -0.6406 0.5598 -0.5255
vn -0.3737 0.6884 -0.6216
vn -0.7963 0.0002 -0.6049
vn -0.8156 -0.0000 -0.5786
vn -0.9641 0.0002 -0.2656
vn -0.9403 -0.0195 -0.3397
vn -0.9389 -0.0127 -0.3440
vn -0.9359 0.0007 -0.3522
vn -0.9360 -0.0002 -0.3521
vn -0.9403 -0.0195 -0.3398
vn -0.9442 -0.0391 -0.3270
vn -0.9388 0.1156 -0.3246
vn -0.9343 0.0599 -0.3514
vn -0.9343 0.0600 -0.3514
vn -0.9359 -0.0000 -0.3523
vn -0.0001 0.8944 -0.4472
vn -0.1455 0.2669 -0.9527
vn -0.0000 0.4474 -0.8943
vn -0.0000 1.0000 -0.0001
vn 0.1456 0.2668 -0.9527
vn -0.9435 0.0046 -0.3313
vn -0.9435 0.0046 -0.3312
vn -0.9450 0.0092 -0.3268
vn -0.6934 -0.0000 -0.7205
vn -0.9428 -0.0000 -0.3334
vn -0.8451 -0.0000 -0.5346
vn -0.9021 -0.4190 -0.1031
vn -0.5047 -0.8261 0.2507
vn -0.8434 -0.0000 -0.5373
vn -0.9087 -0.4012 -0.1152
vn -0.7020 -0.5841 -0.4075
vn -0.0653 0.9979 0.0015
vn -0.0610 0.9971 -0.0460
vn -0.0561 0.9940 -0.0934
vn -0.9065 0.4043 -0.1217
vn -0.1224 0.9919 0.0351
vn -0.3738 0.6883 -0.6217
vn 0.5575 -0.4798 -0.6774
vn 0.8434 -0.0000 -0.5373
vn 0.7021 -0.5840 -0.4074
vn 0.4758 -0.7902 -0.3862
vn 0.6933 -0.0000 -0.7207
vn 0.8451 -0.0000 -0.5347
vn -0.6933 -0.0000 -0.7206
vn -0.8451 -0.0000 -0.5347
vn -0.0000 -0.4995 -0.8663
vn -0.0630 -0.9289 0.3648
vn -0.4759 -0.7902 -0.3862
vn -0.0316 -0.9096 0.4142
vn -0.4759 -0.7902 -0.3861
vn -0.1124 -0.9149 0.3878
vn -0.7021 -0.5840 -0.4074
vn -0.0229 0.9988 -0.0435
vn -0.0115 0.9997 -0.0217
vn -0.0000 -0.4885 -0.8726
vn -0.0000 -0.4884 -0.8726
vn 0.0020 -0.6401 -0.7683
vn -0.0000 -0.3884 -0.9215
vn 0.0001 -1.0000 0.0001
vn -0.0000 -1.0000 -0.0001
vn -0.0001 -1.0000 0.0001
vn -0.0000 0.7011 -0.7130
vn -0.0000 0.8217 0.5699
vn -0.0000 0.9626 0.2708
vn -0.0000 0.9946 -0.1035
vn -0.0001 1.0000 -0.0001
vn 0.0004 1.0000 -0.0000
vn 0.0137 0.9997 0.0214
vn 0.0005 1.0000 -0.0000
vn 0.0008 1.0000 -0.0000
vn -0.0253 0.9996 -0.0091
vn -0.0171 -0.0588 -0.9981
vn -0.0179 -0.0007 -0.9998
vn -0.0000 0.0008 -1.0000
vn -0.0221 -0.1174 -0.9928
vn -0.0050 -0.3089 -0.9511
vn 0.0055 -0.4399 -0.8980
vn 0.0195 -0.7003 -0.7136
vn 0.0195 -0.7002 -0.7136
vn 0.0162 -0.9161 -0.4007
vn 0.0086 -0.9795 -0.2013
vn 0.0010 -1.0000 -0.0016
vn 0.6728 0.5210 -0.5252
vn 0.9413 -0.0059 -0.3374
vn 0.9414 -0.0060 -0.3373
vn 0.9460 -0.0330 -0.3225
vn 0.9463 -0.0322 -0.3216
vn 0.9384 0.2742 -0.2102
vn 0.4207 0.7234 -0.5474
vn 0.4207 0.7267 -0.5431
vn -0.4091 0.7243 -0.5551
vn -0.4109 0.7274 -0.5496
vn -0.4091 0.7280 -0.5501
vn -0.4139 0.7291 -0.5450
vn -0.6647 0.5289 -0.5277
vn -0.8644 0.2387 -0.4426
vn -0.9471 -0.0460 -0.3177
vn -0.9474 -0.0452 -0.3168
vn -0.9475 -0.0449 -0.3166
vn -0.9479 -0.0439 -0.3155
vn 0.9411 -0.0000 -0.3382
vn -0.9313 -0.0000 -0.3642
vn -0.9319 -0.0000 -0.3628
vn 0.9408 -0.0000 -0.3390
vn 0.9408 -0.0000 -0.3389
vn 0.9407 -0.0000 -0.3393
vn 0.9407 -0.0000 -0.3391
vn 0.9407 -0.0000 -0.3392
vn -1.0000 -0.0000 -0.0013
vn -0.9316 -0.0000 -0.3635
vn -0.9936 -0.1128 -0.0000
vn -0.9996 -0.0000 0.0291
vn 0.9992 -0.0000 0.0400
vn -1.0000 -0.0001 -0.0000
vn -0.7459 0.6509 0.1416
vn -0.7348 0.6631 0.1428
vn -0.7348 0.6630 0.1428
vn -0.7235 0.6751 0.1440
vn -1.0000 -0.0000 0.0046
vn 1.0000 -0.0000 0.0045
vn 0.9936 -0.1128 -0.0000
vn 0.9947 0.1018 0.0168
vn 0.9943 0.1048 0.0171
vn 0.9943 0.1050 0.0171
vn 0.9940 0.1080 0.0174
vn -0.9313 -0.0000 -0.3644
vn -0.9313 -0.0000 -0.3643
vn 0.9410 0.0003 -0.3384
vn 0.9409 0.0003 -0.3386
vn 0.8686 -0.4503 0.2067
vn 0.8524 -0.4751 0.2181
vn 1.0000 -0.0004 0.0002
vn 1.0000 0.0025 -0.0033
vn 1.0000 0.0041 -0.0017
vn 0.8524 -0.4752 0.2181
vn 0.8434 -0.5118 0.1635
vn 0.8307 -0.5462 0.1081
vn -0.9410 0.0003 -0.3384
vn -0.9407 0.0003 -0.3392
vn -0.9003 -0.4232 -0.1016
vn -0.4502 -0.8470 0.2827
vn -0.8686 -0.4503 0.2067
vn -0.8562 -0.4695 0.2156
vn -0.9997 -0.0236 0.0108
vn -0.9997 -0.0218 0.0128
vn -0.9997 -0.0215 0.0131
vn -0.9997 -0.0197 0.0151
vn -0.8439 -0.5175 0.1417
vn -0.8509 -0.4940 0.1788
vn -0.9777 0.1665 -0.1277
vn -0.8849 0.3696 -0.2834
vn -0.9778 0.1664 -0.1275
vn -0.7099 0.5591 -0.4284
vn -0.8849 0.3697 -0.2834
vn -0.4934 0.6904 -0.5291
vn -0.7098 0.5591 -0.4285
vn -0.4933 0.6904 -0.5291
vn -0.9309 -0.0000 -0.3654
vn -0.9316 -0.0000 -0.3634
vn -0.9314 -0.0000 -0.3640
vn -0.9314 -0.0000 -0.3639
vn -0.9315 -0.0000 -0.3639
vt -7.152344 -1.929688
vt -7.152344 -1.936523
vt -7.128906 -1.603516
vt -7.132813 -1.603516
vt -7.128906 -1.808594
vt -7.132813 -1.811523
vt -7.179688 -1.603516
vt -7.179688 -1.812500
vt -7.183594 -1.603516
vt -7.183594 -1.812500
vt -7.128906 -1.811523
vt -6.234375 -1.292969
vt -6.234375 -1.037109
vt -6.242188 -1.291992
vt -6.242188 -1.037109
vt -7.160156 -1.928711
vt -7.156250 -1.935547
vt -7.156250 -1.928711
vt -8.234375 -4.613281
vt -8.234375 -4.609375
vt -6.847656 -4.007813
vt -6.843750 -4.007813
vt -9.820313 -0.783691
vt -9.820313 -1.039063
vt -9.812500 -0.784180
vt -9.812500 -1.040039
vt -7.136719 -1.941406
vt -7.136719 -1.946289
vt -7.160156 -1.922852
vt -7.167969 -1.913086
vt -7.167969 -1.922852
vt -8.601563 -0.807129
vt -8.593750 -0.798828
vt -8.726563 -0.684082
vt -8.718750 -0.674316
vt -9.171875 -1.088867
vt -9.164063 -1.081055
vt -9.250000 -1.004883
vt -9.250000 -0.997070
vt -9.304688 -0.956055
vt -9.296875 -0.947754
vt -9.140625 -1.105469
vt -9.148438 -1.112305
vt -9.335938 -0.955078
vt -9.343750 -0.947754
vt -8.781250 -0.623047
vt -8.781250 -0.613770
vt -7.144531 -1.936523
vt -7.140625 -1.932617
vt -7.144531 -1.930664
vt -6.785156 -1.492188
vt -6.785156 -1.494141
vt -6.785156 -1.493164
vt -6.785156 -1.490234
vt -6.785156 -1.491211
vt -7.046875 -1.493164
vt -7.046875 -1.496094
vt -7.042969 -1.496094
vt -7.042969 -1.498047
vt -7.265625 -1.952148
vt -7.265625 -1.950195
vt -7.277344 -1.946289
vt -7.265625 -2.099609
vt -7.277344 -2.105469
vt -7.265625 -2.101563
vt -8.531250 -0.722656
vt -8.539063 -0.732422
vt -8.539063 -0.733887
vt -8.562500 -0.710938
vt -8.554688 -0.698730
vt -8.562500 -0.709961
vt -8.625000 -1.595703
vt -8.625000 -1.592773
vt -8.640625 -1.595703
vt -8.640625 -1.592773
vt -8.562500 -2.232422
vt -8.562500 -2.230469
vt -8.578125 -2.232422
vt -8.578125 -2.230469
vt -8.562500 -2.226563
vt -8.578125 -2.226563
vt -8.531250 -0.734375
vt -8.445313 -0.649902
vt -8.531250 -0.721680
vt -8.445313 -0.639160
vt -8.531250 -0.723633
vt -9.710938 -4.023438
vt -9.695313 -4.027344
vt -9.687500 -4.023438
vt -9.718750 -4.015625
vt -9.726563 -3.890625
vt -9.742188 -3.890625
vt -6.941406 -4.136719
vt -6.945313 -4.136719
vt -6.941406 -4.277344
vt -6.945313 -4.281250
vt -6.941406 -4.281250
vt -6.945313 -4.285156
vt -6.953125 -4.289063
vt -6.953125 -4.292969
vt -7.941406 -1.904297
vt -8.148438 -1.838867
vt -8.148438 -1.904297
vt -7.574219 -1.838867
vt -7.789063 -1.904297
vt -7.574219 -1.904297
vt -7.789063 -2.033203
vt -7.941406 -2.033203
vt -7.941406 -2.511719
vt -7.789063 -2.511719
vt -7.144531 -1.941406
vt -7.144531 -1.947266
vt -7.140625 -1.945313
vt -9.500000 -0.874512
vt -9.500000 -0.870605
vt -9.500000 -0.871582
vt -9.500000 -0.866211
vt -9.500000 -0.865234
vt -9.507813 -0.862305
vt -7.355469 -0.954102
vt -7.355469 -0.954590
vt -7.355469 -0.953613
vt -7.375000 -0.936035
vt -7.375000 -0.936523
vt -7.375000 -0.935059
vt -7.375000 -0.605957
vt -7.375000 -0.604980
vt -9.554688 -2.994141
vt -9.546875 -2.996094
vt -9.546875 -2.994141
vt -9.593750 -2.857422
vt -9.609375 -2.853516
vt -9.593750 -2.855469
vt -5.855469 -4.863281
vt -5.855469 -4.796875
vt -9.671875 -2.134766
vt -9.671875 -2.125000
vt -9.679688 -2.128906
vt -9.734375 -2.185547
vt -9.734375 -2.195313
vt -7.140625 -1.936523
vt -7.136719 -1.935547
vt -7.136719 -1.930664
vt -9.773438 -1.608398
vt -9.773438 -1.611328
vt -9.781250 -1.611328
vt -9.781250 -1.613281
vt -9.773438 -1.613281
vt -9.773438 -1.728516
vt -9.781250 -1.728516
vt -9.781250 -1.737305
vt -9.773438 -1.737305
vt -9.781250 -1.743164
vt -9.773438 -1.743164
vt -9.671875 -0.472168
vt -9.625000 -0.530762
vt -9.664063 -0.471680
vt -9.617188 -0.530273
vt -9.617188 -0.533691
vt -9.617188 -0.532715
vt -9.617188 -0.536621
vt -9.617188 -0.536133
vt -9.617188 -0.661133
vt -9.679688 -2.996094
vt -9.664063 -2.994141
vt -9.664063 -2.992188
vt -9.625000 -2.855469
vt -9.617188 -2.855469
vt -9.617188 -2.853516
vt -9.617188 -0.664551
vt -9.625000 -0.663086
vt -9.750000 -0.710449
vt -9.757813 -0.706543
vt -9.750000 -0.710938
vt -9.757813 -0.708008
vt -9.757813 -0.709473
vt -9.750000 -0.713379
vt -9.789063 -0.800781
vt -9.781250 -0.800293
vt -9.617188 -0.661621
vt -9.617188 -0.663574
vt -6.039063 -1.257813
vt -6.039063 -1.259766
vt -6.039063 -1.258789
vt -6.039063 -1.260742
vt -6.039063 -1.261719
vt -6.039063 -1.142578
vt -6.039063 -1.140625
vt -6.058594 -1.140625
vt -6.058594 -1.142578
vt -6.078125 -1.243164
vt -6.078125 -1.242188
vt -6.039063 -1.427734
vt -6.039063 -1.426758
vt -6.078125 -1.245117
vt -6.078125 -1.246094
vt -6.078125 -1.244141
vt -6.167969 -1.382813
vt -6.171875 -1.381836
vt -8.601563 -3.453125
vt -8.601563 -3.457031
vt -8.617188 -3.453125
vt -8.617188 -3.457031
vt -8.625000 -3.453125
vt -8.601563 -3.503906
vt -8.601563 -3.501953
vt -8.671875 -3.482422
vt -8.671875 -3.458984
vt -8.671875 -3.455078
vt -8.968750 -3.455078
vt -8.968750 -3.458984
vt -7.160156 -1.924805
vt -7.156250 -1.924805
vt -7.156250 -1.916992
vt -6.089844 -1.621094
vt -6.085938 -1.620117
vt -6.046875 -1.562500
vt -6.039063 -1.561523
vt -6.039063 -1.429688
vt -6.042969 -1.435547
vt -6.039063 -1.555664
vt -6.042969 -1.556641
vt -6.042969 -1.559570
vt -6.039063 -1.558594
vt -7.160156 -1.946289
vt -7.156250 -1.946289
vt -7.160156 -1.939453
vt -8.601563 -3.595703
vt -8.609375 -3.593750
vt -8.609375 -3.595703
vt -8.601563 -3.593750
vt -8.601563 -3.507813
vt -8.609375 -3.507813
vt -8.648438 -3.507813
vt -8.648438 -3.593750
vt -8.664063 -3.507813
vt -8.664063 -3.593750
vt -8.648438 -3.595703
vt -8.664063 -3.595703
vt -6.207031 -1.292969
vt -6.199219 -1.291992
vt -6.207031 -1.037109
vt -6.199219 -1.037109
vt -9.781250 -1.055664
vt -9.789063 -1.056641
vt -6.175781 -1.387695
vt -6.050781 -1.428711
vt -6.179688 -1.384766
vt -6.171875 -1.379883
vt -6.179688 -1.386719
vt -7.175781 -1.934570
vt -7.167969 -1.933594
vt -7.164063 -1.924805
vt -8.789063 -1.460938
vt -8.789063 -1.458008
vt -8.945313 -0.730469
vt -9.000000 -0.791504
vt -8.937500 -0.740234
vt -9.000000 -0.800781
vt -8.820313 -0.607422
vt -8.812500 -0.615723
vt -9.445313 -1.054688
vt -9.500000 -1.103516
vt -9.445313 -1.063477
vt -9.492188 -1.112305
vt -9.359375 -0.979004
vt -9.367188 -0.971680
vt -6.582031 -4.355469
vt -6.582031 -4.351563
vt -6.585938 -4.351563
vt -8.000000 -0.752930
vt -8.007813 -0.752930
vt -8.054688 -0.852539
vt -8.054688 -0.852051
vt -8.132813 -0.752441
vt -8.125000 -0.750977
vt -8.000000 -0.750977
vt -5.902344 -3.199219
vt -6.179688 -3.199219
vt -5.902344 -3.382813
vt -6.179688 -3.382813
vt -6.019531 -3.621094
vt -6.183594 -3.621094
vt -8.617188 -1.108398
vt -8.617188 -1.534180
vt -8.601563 -1.108398
vt -8.601563 -1.534180
vt -8.570313 -1.534180
vt -8.546875 -1.534180
vt -8.570313 -1.108398
vt -8.546875 -1.108398
vt -9.515625 -2.000000
vt -9.515625 -2.009766
vt -9.453125 -2.060547
vt -9.460938 -2.066406
vt -9.453125 -2.070313
vt -7.347656 -2.810547
vt -7.257813 -2.810547
vt -7.347656 -2.802734
vt -7.257813 -2.802734
vt -7.257813 -2.632813
vt -7.347656 -2.632813
vt -7.257813 -2.626953
vt -7.347656 -2.626953
vt -8.640625 -0.614258
vt -8.648438 -0.625000
vt -8.640625 -0.627441
vt -9.679688 -3.853516
vt -9.679688 -4.011719
vt -9.632813 -3.867188
vt -9.632813 -4.000000
vt -8.125000 -0.504883
vt -8.132813 -0.507324
vt -8.125000 -0.508789
vt -8.132813 -0.511230
vt -8.289063 -1.938477
vt -8.289063 -1.936523
vt -8.296875 -1.937500
vt -8.296875 -1.934570
vt -7.539063 -1.239258
vt -7.542969 -1.248047
vt -7.539063 -0.676758
vt -7.542969 -0.668945
vt -7.457031 -0.669434
vt -7.457031 -1.248047
vt -7.519531 -1.248047
vt -7.519531 -0.669434
vt -7.308594 -4.042969
vt -7.503906 -4.042969
vt -7.308594 -4.136719
vt -7.515625 -4.050781
vt -7.511719 -4.132813
vt -7.515625 -4.042969
vt -8.632813 -4.019531
vt -8.656250 -3.931641
vt -8.656250 -4.019531
vt -8.578125 -3.931641
vt -8.656250 -3.923828
vt -8.570313 -3.923828
vt -8.539063 -5.074219
vt -8.359375 -4.433594
vt -8.484375 -4.761719
vt -6.847656 -4.257813
vt -6.843750 -4.261719
vt -6.843750 -4.257813
vt -9.570313 -4.433594
vt -9.429688 -4.820313
vt -9.531250 -4.433594
vt -6.855469 -4.253906
vt -6.855469 -4.257813
vt -9.390625 -5.074219
vt -7.128906 -1.944336
vt -7.128906 -1.941406
vt -7.132813 -1.944336
vt -7.132813 -1.941406
vt -8.843750 -3.925781
vt -8.843750 -4.011719
vt -8.820313 -3.921875
vt -8.765625 -4.011719
vt -8.843750 -4.019531
vt -8.757813 -4.019531
vt -7.050781 -4.406250
vt -7.050781 -4.414063
vt -7.046875 -4.410156
vt -7.046875 -4.414063
vt -7.222656 -1.885742
vt -7.226563 -1.886719
vt -7.226563 -1.887695
vt -7.222656 -1.884766
vt -7.226563 -1.836914
vt -7.222656 -1.836914
vt -6.945313 -4.050781
vt -6.949219 -4.050781
vt -6.945313 -4.054688
vt -6.957031 -4.132813
vt -6.953125 -4.132813
vt -9.554688 -1.524414
vt -9.554688 -1.225586
vt -9.562500 -1.519531
vt -9.562500 -1.225586
vt -9.562500 -1.222656
vt -7.480469 -1.812500
vt -7.480469 -1.810547
vt -7.539063 -1.812500
vt -7.539063 -1.810547
vt -7.460938 -1.812500
vt -7.460938 -1.810547
vt -7.464844 -1.812500
vt -7.464844 -1.810547
vt -7.156250 -1.919922
vt -7.156250 -1.923828
vt -7.152344 -1.920898
vt -7.152344 -1.924805
vt -9.554688 -0.725586
vt -9.500000 -1.029297
vt -9.500000 -1.026367
vt -9.500000 -1.025391
vt -9.500000 -1.024414
vt -9.500000 -0.980957
vt -9.500000 -0.981445
vt -9.585938 -2.855469
vt -9.585938 -2.857422
vt -9.531250 -2.994141
vt -9.531250 -2.996094
vt -9.585938 -2.853516
vt -7.125000 -4.363281
vt -7.125000 -4.359375
vt -7.128906 -4.359375
vt -8.867188 -4.074219
vt -8.875000 -4.066406
vt -8.953125 -4.074219
vt -8.953125 -4.066406
vt -8.929688 -3.976563
vt -8.953125 -3.980469
vt -7.164063 -1.934570
vt -7.164063 -1.927734
vt -8.523438 -2.732422
vt -8.515625 -2.738281
vt -8.515625 -2.732422
vt -8.515625 -2.908203
vt -8.523438 -2.916016
vt -8.515625 -2.916016
vt -8.523438 -2.908203
vt -8.609375 -2.916016
vt -8.609375 -2.908203
vt -8.523438 -2.738281
vt -8.609375 -2.740234
vt -8.609375 -2.732422
vt -7.171875 -1.920898
vt -7.175781 -1.932617
vt -7.171875 -1.924805
vt -7.480469 -1.572266
vt -7.480469 -1.571289
vt -7.660156 -0.943848
vt -7.656250 -0.941406
vt -7.660156 -0.940918
vt -7.656250 -0.938477
vt -7.750000 -1.031250
vt -7.746094 -1.032227
vt -7.746094 -1.034180
vt -7.750000 -1.035156
vt -7.886719 -1.174805
vt -7.886719 -1.177734
vt -7.886719 -1.810547
vt -7.890625 -1.810547
vt -7.886719 -1.812500
vt -7.890625 -1.812500
vt -7.890625 -1.176758
vt -7.890625 -1.179688
vt -7.800781 -1.810547
vt -7.800781 -1.812500
vt -7.800781 -1.132813
vt -7.800781 -1.131836
vt -7.765625 -1.100586
vt -7.761719 -1.099609
vt -7.761719 -1.100586
vt -7.542969 -1.810547
vt -7.542969 -1.812500
vt -7.593750 -1.810547
vt -7.593750 -1.812500
vt -8.796875 -2.740234
vt -8.796875 -2.908203
vt -8.710938 -2.740234
vt -8.710938 -2.910156
vt -8.796875 -2.916016
vt -8.710938 -2.916016
vt -8.796875 -2.732422
vt -8.710938 -2.732422
vt -8.703125 -2.732422
vt -8.703125 -2.740234
vt -8.703125 -2.910156
vt -8.703125 -2.916016
vt -7.253906 -2.113281
vt -7.253906 -1.913086
vt -7.113281 -1.927734
vt -7.113281 -1.945313
vt -7.109375 -1.927734
vt -7.109375 -1.945313
vt -7.519531 -4.054688
vt -7.519531 -4.050781
vt -6.929688 -1.625977
vt -6.816406 -1.625977
vt -6.925781 -1.621094
vt -6.816406 -1.621094
vt -6.937500 -1.623047
vt -6.933594 -1.625977
vt -6.933594 -1.619141
vt -6.929688 -1.621094
vt -7.175781 -1.911133
vt -7.175781 -1.922852
vt -7.171875 -1.906250
vt -7.308594 -0.952637
vt -7.289063 -0.655273
vt -7.304688 -0.655273
vt -7.289063 -0.954102
vt -7.308594 -0.954590
vt -7.453125 -1.245117
vt -7.453125 -0.672363
vt -7.402344 -0.724121
vt -7.402344 -1.193359
vt -7.398438 -0.730957
vt -7.398438 -0.727051
vt -7.398438 -1.186523
vt -7.398438 -1.190430
vt -6.765625 -1.626953
vt -6.761719 -1.623047
vt -6.769531 -1.621094
vt -6.765625 -1.619141
vt -6.753906 -1.614258
vt -6.757813 -1.610352
vt -7.539063 -1.248047
vt -7.164063 -1.938477
vt -7.164063 -1.945313
vt -7.164063 -1.947266
vt -8.273438 -1.810547
vt -8.328125 -1.810547
vt -8.273438 -1.812500
vt -8.328125 -1.812500
vt -8.328125 -1.572266
vt -8.156250 -0.943848
vt -8.335938 -1.571289
vt -8.156250 -0.941406
vt -8.156250 -0.938477
vt -8.156250 -0.940918
vt -8.062500 -1.031250
vt -8.070313 -1.032227
vt -7.121094 -1.928711
vt -7.121094 -1.946289
vt -7.117188 -1.928711
vt -7.117188 -1.946289
vt -6.718750 -1.610352
vt -6.718750 -1.614258
vt -6.714844 -1.614258
vt -6.714844 -1.610352
vt -6.765625 -1.625977
vt -7.000000 -4.335938
vt -7.570313 -3.210938
vt -7.527344 -3.214844
vt -7.570313 -2.640625
vt -7.527344 -2.638672
vt -9.898438 -1.217773
vt -9.898438 -1.218750
vt -9.859375 -1.316406
vt -9.859375 -1.317383
vt -9.773438 -1.123047
vt -9.773438 -1.121094
vt -9.812500 -1.220703
vt -9.812500 -1.219727
vt -9.906250 -1.202148
vt -9.906250 -1.203125
vt -9.898438 -1.210938
vt -9.906250 -1.211914
vt -9.812500 -1.227539
vt -9.820313 -1.226563
vt -9.820313 -1.237305
vt -9.820313 -1.236328
vt -9.765625 -1.108398
vt -9.765625 -1.106445
vt -9.765625 -1.114258
vt -9.773438 -1.113281
vt -9.851563 -1.333008
vt -9.851563 -1.331055
vt -9.859375 -1.326172
vt -9.851563 -1.324219
vt -9.765625 -1.096680
vt -9.765625 -1.099609
vt -9.851563 -1.341797
vt -9.843750 -1.339844
vt -9.734375 -1.083008
vt -9.734375 -1.078125
vt -9.750000 -1.086914
vt -9.757813 -1.082031
vt -9.835938 -1.356445
vt -9.820313 -1.360352
vt -9.835938 -1.352539
vt -9.820313 -1.356445
vt -8.468750 -4.898438
vt -8.460938 -4.898438
vt -8.468750 -4.945313
vt -8.460938 -4.945313
vt -7.511719 -4.289063
vt -7.511719 -4.292969
vt -7.503906 -4.292969
vt -7.988281 -2.656250
vt -7.988281 -2.658203
vt -7.984375 -2.658203
vt -7.984375 -2.656250
vt -8.062500 -2.646484
vt -8.062500 -2.656250
vt -8.062500 -2.658203
vt -7.710938 -2.656250
vt -7.714844 -2.646484
vt -7.714844 -2.644531
vt -8.062500 -2.644531
vt -7.710938 -2.658203
vt -6.714844 -1.063477
vt -6.714844 -1.058594
vt -6.718750 -1.063477
vt -6.718750 -1.058594
vt -6.753906 -1.058594
vt -6.757813 -1.063477
vt -7.164063 -1.888672
vt -7.160156 -1.886719
vt -7.164063 -1.886719
vt -7.160156 -1.884766
vt -7.164063 -1.844727
vt -7.160156 -1.844727
vt -7.187500 -1.936523
vt -7.187500 -1.935547
vt -7.187500 -1.933594
vt -7.187500 -1.930664
vt -7.199219 -1.946289
vt -7.199219 -1.944336
vt -9.945313 -1.312500
vt -9.945313 -1.206055
vt -9.945313 -1.203125
vt -6.765625 -1.047852
vt -6.816406 -1.047852
vt -6.773438 -1.052734
vt -6.816406 -1.052734
vt -6.769531 -1.052734
vt -6.765625 -1.046875
vt -6.949219 -2.777344
vt -6.949219 -2.775391
vt -6.953125 -2.769531
vt -6.953125 -2.767578
vt -6.945313 -2.771484
vt -6.949219 -2.763672
vt -6.820313 -2.648438
vt -6.824219 -2.640625
vt -6.816406 -2.644531
vt -6.820313 -2.638672
vt -6.984375 -2.900391
vt -7.000000 -2.853516
vt -7.007813 -2.845703
vt -7.003906 -2.849609
vt -7.007813 -2.839844
vt -7.007813 -2.835938
vt -7.015625 -2.830078
vt -7.011719 -2.828125
vt -7.015625 -2.824219
vt -6.957031 -2.767578
vt -6.953125 -2.763672
vt -6.949219 -2.761719
vt -6.828125 -2.638672
vt -6.824219 -2.634766
vt -7.015625 -2.826172
vt -5.972656 -3.185547
vt -5.972656 -3.187500
vt -5.972656 -2.986328
vt -6.046875 -2.986328
vt -6.046875 -3.185547
vt -6.046875 -3.187500
vt -6.121094 -3.187500
vt -6.050781 -3.187500
vt -6.121094 -3.185547
vt -6.050781 -3.185547
vt -7.207031 -2.613281
vt -7.207031 -2.615234
vt -7.203125 -2.615234
vt -7.410156 -1.935547
vt -7.410156 -1.934570
vt -7.410156 -2.613281
vt -7.375000 -1.902344
vt -7.371094 -1.904297
vt -7.371094 -1.903320
vt -7.410156 -2.615234
vt -7.375000 -1.903320
vt -9.531250 -4.085938
vt -9.531250 -4.027344
vt -9.539063 -4.085938
vt -9.539063 -4.027344
vt -5.976563 -2.009766
vt -5.976563 -2.013672
vt -5.960938 -2.009766
vt -5.960938 -2.013672
vt -5.960938 -2.583984
vt -5.976563 -2.583984
vt -5.960938 -2.587891
vt -5.976563 -2.587891
vt -10.093750 -1.610352
vt -10.093750 -1.619141
vt -10.085938 -1.619141
vt -9.148438 -1.513672
vt -9.195313 -1.832031
vt -9.140625 -1.513672
vt -9.171875 -1.839844
vt -9.195313 -1.891602
vt -9.203125 -2.166016
vt -9.218750 -2.169922
vt -9.203125 -2.171875
vt -9.218750 -2.175781
vt -8.570313 -5.089844
vt -8.539063 -5.078125
vt -8.570313 -5.085938
vt -7.214844 -1.885742
vt -7.210938 -1.885742
vt -7.214844 -1.884766
vt -7.210938 -1.884766
vt -7.214844 -1.836914
vt -7.210938 -1.836914
vt -6.093750 -4.433594
vt -6.257813 -4.507813
vt -6.261719 -4.503906
vt -6.261719 -4.507813
vt -7.925781 -1.174805
vt -7.925781 -1.177734
vt -7.925781 -1.176758
vt -7.925781 -1.179688
vt -7.925781 -1.810547
vt -7.925781 -1.812500
vt -8.015625 -1.810547
vt -8.015625 -1.812500
vt -8.015625 -1.132813
vt -8.015625 -1.131836
vt -8.062500 -1.035156
vt -8.046875 -1.100586
vt -8.046875 -1.099609
vt -8.054688 -1.100586
vt -8.218750 -1.810547
vt -8.218750 -1.812500
vt -8.070313 -1.034180
vt -6.859375 -3.556641
vt -6.867188 -3.560547
vt -6.859375 -3.689453
vt -6.867188 -3.691406
vt -9.789063 -2.150391
vt -9.789063 -2.148438
vt -9.796875 -2.150391
vt -9.796875 -2.148438
vt -7.503906 -3.382813
vt -7.375000 -3.341797
vt -7.503906 -3.380859
vt -7.375000 -3.339844
vt -8.421875 -2.212891
vt -8.421875 -2.210938
vt -8.421875 -2.208984
vt -8.421875 -1.753906
vt -8.421875 -1.751953
vt -8.421875 -1.750000
vt -7.183594 -1.940430
vt -7.175781 -1.929688
vt -7.187500 -1.925781
vt -9.343750 -1.166016
vt -9.343750 -1.512695
vt -9.328125 -1.166016
vt -9.328125 -1.512695
vt -7.335938 -0.954590
vt -7.335938 -0.607422
vt -7.343750 -0.954590
vt -7.343750 -0.607422
vt -10.031250 -1.211914
vt -10.023438 -1.211914
vt -10.023438 -1.150391
vt -10.015625 -1.150391
vt -7.289063 -0.651855
vt -7.304688 -0.651855
vt -8.921875 -2.146484
vt -8.906250 -2.146484
vt -8.921875 -1.853516
vt -8.906250 -1.853516
vt -8.906250 -2.150391
vt -8.921875 -2.150391
vt -8.109375 -4.230469
vt -8.109375 -4.226563
vt -8.203125 -4.015625
vt -8.109375 -3.890625
vt -8.171875 -3.890625
vt -8.109375 -3.892578
vt -8.054688 -3.929688
vt -8.054688 -4.226563
vt -8.054688 -3.931641
vt -8.054688 -4.230469
vt -8.046875 -4.226563
vt -8.046875 -4.230469
vt -7.597656 -4.226563
vt -7.597656 -4.230469
vt -7.593750 -4.230469
vt -7.593750 -4.226563
vt -7.589844 -4.226563
vt -7.589844 -4.230469
vt -7.593750 -3.929688
vt -7.597656 -3.929688
vt -8.046875 -3.931641
vt -7.539063 -4.230469
vt -7.535156 -4.230469
vt -7.539063 -4.226563
vt -7.535156 -4.226563
vt -7.539063 -3.892578
vt -7.535156 -3.890625
vt -7.589844 -3.927734
vt -7.515625 -3.324219
vt -7.515625 -3.328125
vt -7.515625 -3.326172
vt -7.433594 -3.201172
vt -7.433594 -3.199219
vt -7.515625 -3.279297
vt -7.515625 -3.281250
vt -7.515625 -3.283203
vt -7.515625 -3.285156
vt -7.433594 -3.250000
vt -9.578125 -4.085938
vt -9.578125 -4.445313
vt -9.578125 -4.140625
vt -9.578125 -4.437500
vt -9.578125 -4.441406
vt -9.570313 -0.838867
vt -9.570313 -0.837402
vt -9.585938 -0.849609
vt -9.585938 -0.847168
vt -9.601563 -0.854004
vt -9.609375 -0.857422
vt -9.601563 -0.856934
vt -9.609375 -0.860352
vt -7.425781 -1.808594
vt -7.425781 -1.811523
vt -7.421875 -1.811523
vt -7.421875 -1.603516
vt -7.425781 -1.603516
vt -7.375000 -1.603516
vt -7.375000 -1.812500
vt -9.804688 -1.295898
vt -9.804688 -1.291992
vt -9.812500 -1.293945
vt -9.804688 -1.290039
vt -9.804688 -1.283203
vt -9.804688 -1.282227
vt -9.757813 -1.168945
vt -9.750000 -1.160156
vt -9.757813 -1.166992
vt -9.757813 -1.159180
vt -9.742188 -1.145508
vt -9.734375 -1.132813
vt -9.750000 -1.142578
vt -9.734375 -1.127930
vt -7.300781 -1.778320
vt -7.375000 -0.967773
vt -7.375000 -0.972168
vt -7.300781 -1.049805
vt -7.300781 -1.051758
vt -7.296875 -1.775391
vt -7.296875 -1.777344
vt -7.296875 -1.054688
vt -7.296875 -1.051758
vt -7.152344 -1.940430
vt -7.152344 -1.946289
vt -7.148438 -1.942383
vt -7.347656 -4.937500
vt -7.355469 -4.921875
vt -7.355469 -4.914063
vt -7.355469 -4.917969
vt -7.359375 -4.917969
vt -7.484375 -4.867188
vt -7.484375 -4.871094
vt -7.355469 -4.378906
vt -7.347656 -4.363281
vt -7.355469 -4.386719
vt -7.355469 -4.382813
vt -7.359375 -4.382813
vt -7.347656 -4.359375
vt -7.343750 -4.359375
vt -7.121094 -4.363281
vt -7.484375 -4.433594
vt -7.484375 -4.429688
vt -7.125000 -4.933594
vt -7.050781 -4.886719
vt -7.046875 -4.886719
vt -7.050781 -4.894531
vt -7.046875 -4.890625
vt -7.121094 -4.937500
vt -7.125000 -4.941406
vt -7.128906 -4.941406
vt -7.343750 -4.941406
vt -7.347656 -4.941406
vt -9.500000 -1.524414
vt -9.492188 -1.519531
vt -9.500000 -1.225586
vt -9.492188 -1.225586
vt -9.500000 -1.222656
vt -7.167969 -1.935547
vt -7.175781 -1.935547
vt -7.167969 -1.947266
vt -7.175781 -1.947266
vt -8.609375 -2.910156
vt -6.855469 -4.011719
vt -6.855469 -4.007813
vt -6.871094 -4.015625
vt -6.871094 -4.019531
vt -6.867188 -4.015625
vt -6.890625 -4.207031
vt -6.871094 -4.250000
vt -6.890625 -4.058594
vt -6.867188 -4.250000
vt -6.582031 -3.912109
vt -6.585938 -3.914063
vt -6.582031 -3.916016
vt -8.664063 -3.923828
vt -8.750000 -3.923828
vt -8.671875 -3.931641
vt -8.750000 -3.931641
vt -8.726563 -4.019531
vt -8.750000 -4.019531
vt -10.023438 -1.142578
vt -10.015625 -1.142578
vt -10.023438 -1.136719
vt -10.015625 -1.136719
vt -9.664063 -4.531250
vt -9.585938 -4.449219
vt -9.664063 -4.527344
vt -8.414063 -0.915039
vt -8.414063 -0.913086
vt -8.414063 -0.916504
vt -8.328125 -1.000977
vt -8.328125 -1.000000
vt -8.328125 -1.003906
vt -8.328125 -1.001953
vt -8.320313 -0.998047
vt -8.320313 -0.996094
vt -8.406250 -0.909180
vt -8.414063 -0.658691
vt -8.414063 -0.660156
vt -8.414063 -0.655762
vt -8.414063 -0.654785
vt -8.398438 -0.653320
vt -8.398438 -0.648926
vt -8.398438 -0.651855
vt -8.398438 -0.647461
vt -8.390625 -0.648438
vt -8.390625 -0.644531
vt -8.390625 -0.646973
vt -8.390625 -0.642578
vt -8.054688 -0.855469
vt -8.312500 -0.990234
vt -8.304688 -0.992188
vt -8.054688 -0.854492
vt -8.390625 -0.901855
vt -8.601563 -3.451172
vt -8.601563 -3.447266
vt -8.617188 -3.447266
vt -8.617188 -3.451172
vt -8.601563 -3.400391
vt -8.601563 -3.402344
vt -8.671875 -3.421875
vt -8.671875 -3.445313
vt -8.671875 -3.449219
vt -8.968750 -3.449219
vt -8.968750 -3.445313
vt -6.996094 -2.212891
vt -7.000000 -2.214844
vt -6.996094 -2.214844
vt -7.000000 -2.093750
vt -6.996094 -2.093750
vt -7.000000 -2.089844
vt -6.996094 -2.089844
vt -7.000000 -2.085938
vt -6.992188 -2.085938
vt -6.953125 -2.029297
vt -6.949219 -2.029297
vt -6.953125 -2.027344
vt -6.945313 -2.029297
vt -6.906250 -2.027344
vt -6.906250 -2.029297
vt -6.855469 -2.265625
vt -6.859375 -2.263672
vt -6.859375 -2.265625
vt -6.863281 -2.265625
vt -6.996094 -2.216797
vt -7.000000 -2.218750
vt -7.000000 -2.216797
vt -7.003906 -2.216797
vt -7.003906 -2.093750
vt -7.003906 -2.089844
vt -6.957031 -2.029297
vt -6.957031 -2.027344
vt -7.003906 -2.218750
vt -7.000000 -2.220703
vt -7.003906 -2.220703
vt -6.867188 -2.267578
vt -6.867188 -2.271484
vt -7.000000 -2.226563
vt -7.003906 -2.226563
vt -6.867188 -2.273438
vt -6.863281 -2.269531
vt -6.832031 -2.355469
vt -6.832031 -2.353516
vt -6.859375 -2.269531
vt -6.863281 -2.267578
vt -6.832031 -2.359375
vt -6.832031 -2.357422
vt -6.828125 -2.353516
vt -6.832031 -2.611328
vt -6.832031 -2.615234
vt -6.792969 -2.380859
vt -6.792969 -2.378906
vt -6.792969 -2.376953
vt -6.792969 -2.373047
vt -6.828125 -2.351563
vt -6.828125 -2.349609
vt -6.855469 -2.267578
vt -6.789063 -2.599609
vt -6.789063 -2.382813
vt -6.792969 -2.599609
vt -6.792969 -2.603516
vt -6.828125 -2.615234
vt -6.789063 -2.605469
vt -6.789063 -2.603516
vt -6.636719 -2.603516
vt -6.636719 -2.605469
vt -6.597656 -2.615234
vt -6.597656 -2.611328
vt -6.636719 -2.599609
vt -6.640625 -2.599609
vt -6.640625 -2.603516
vt -6.789063 -2.380859
vt -6.789063 -2.375000
vt -6.640625 -2.382813
vt -6.640625 -2.380859
vt -6.640625 -2.376953
vt -6.789063 -2.376953
vt -6.640625 -2.375000
vt -6.476563 -2.027344
vt -6.472656 -2.029297
vt -6.472656 -2.027344
vt -6.429688 -2.085938
vt -6.425781 -2.085938
vt -6.429688 -2.089844
vt -6.425781 -2.089844
vt -6.429688 -2.093750
vt -6.425781 -2.093750
vt -6.425781 -2.214844
vt -6.425781 -2.216797
vt -6.425781 -2.218750
vt -6.425781 -2.220703
vt -6.429688 -2.218750
vt -6.429688 -2.214844
vt -6.429688 -2.212891
vt -6.433594 -2.093750
vt -6.433594 -2.089844
vt -6.433594 -2.085938
vt -6.480469 -2.029297
vt -6.484375 -2.029297
vt -6.523438 -2.027344
vt -6.523438 -2.029297
vt -6.562500 -2.267578
vt -6.566406 -2.265625
vt -6.425781 -2.226563
vt -6.558594 -2.271484
vt -6.562500 -2.273438
vt -6.566406 -2.269531
vt -6.597656 -2.355469
vt -6.597656 -2.353516
vt -6.570313 -2.269531
vt -6.566406 -2.267578
vt -6.570313 -2.265625
vt -6.636719 -2.375000
vt -6.636719 -2.380859
vt -6.636719 -2.376953
vt -6.636719 -2.373047
vt -6.601563 -2.351563
vt -6.601563 -2.349609
vt -6.574219 -2.267578
vt -6.574219 -2.265625
vt -6.570313 -2.263672
vt -6.433594 -2.216797
vt -6.636719 -2.378906
vt -6.636719 -2.382813
vt -6.597656 -2.359375
vt -6.597656 -2.357422
vt -9.648438 -4.085938
vt -9.664063 -4.109375
vt -9.585938 -4.085938
vt -8.960938 -4.367188
vt -8.906250 -4.355469
vt -8.968750 -4.359375
vt -8.906250 -4.343750
vt -9.515625 -4.433594
vt -9.523438 -4.433594
vt -9.437500 -4.750000
vt -9.445313 -4.753906
vt -7.093750 -3.962891
vt -7.101563 -3.966797
vt -7.093750 -3.966797
vt -7.101563 -3.962891
vt -7.109375 -3.966797
vt -7.109375 -3.962891
vt -7.125000 -3.966797
vt -7.125000 -3.962891
vt -7.136719 -3.962891
vt -7.136719 -3.966797
vt -7.421875 -3.962891
vt -7.421875 -3.966797
vt -7.140625 -3.970703
vt -7.421875 -3.970703
vt -7.425781 -4.015625
vt -7.421875 -4.015625
vt -7.425781 -4.011719
vt -7.421875 -4.011719
vt -7.414063 -4.015625
vt -7.257813 -4.015625
vt -7.203125 -4.011719
vt -7.207031 -4.015625
vt -7.425781 -3.970703
vt -7.425781 -3.966797
vt -7.425781 -3.962891
vt -7.425781 -3.492188
vt -7.421875 -3.492188
vt -7.136719 -3.492188
vt -7.125000 -3.492188
vt -7.109375 -3.492188
vt -7.101563 -3.492188
vt -7.093750 -3.492188
vt -7.093750 -3.486328
vt -7.101563 -3.486328
vt -7.109375 -3.486328
vt -7.125000 -3.486328
vt -7.136719 -3.486328
vt -7.421875 -3.486328
vt -7.140625 -3.484375
vt -7.421875 -3.484375
vt -7.257813 -3.437500
vt -7.203125 -3.439453
vt -7.207031 -3.437500
vt -7.421875 -3.441406
vt -7.414063 -3.437500
vt -7.421875 -3.437500
vt -7.425781 -3.441406
vt -7.425781 -3.437500
vt -7.425781 -3.484375
vt -7.425781 -3.486328
vt -9.304688 -1.892578
vt -9.289063 -1.831055
vt -9.281250 -1.890625
vt -9.257813 -2.175781
vt -9.257813 -2.169922
vt -9.273438 -2.171875
vt -9.273438 -2.166016
vt -6.402344 -1.260742
vt -6.402344 -1.261719
vt -6.402344 -1.259766
vt -6.402344 -1.258789
vt -6.402344 -1.257813
vt -6.402344 -1.140625
vt -6.402344 -1.142578
vt -6.398438 -1.140625
vt -6.398438 -1.142578
vt -6.382813 -1.142578
vt -6.363281 -1.243164
vt -6.378906 -1.142578
vt -6.363281 -1.242188
vt -6.382813 -1.140625
vt -6.363281 -1.245117
vt -6.363281 -1.244141
vt -6.359375 -1.245117
vt -6.273438 -1.382813
vt -6.269531 -1.381836
vt -6.363281 -1.246094
vt -6.402344 -1.427734
vt -6.402344 -1.426758
vt -6.609375 -1.705078
vt -6.562500 -1.701172
vt -6.613281 -1.702148
vt -6.562500 -1.704102
vt -6.562500 -1.766602
vt -6.644531 -1.706055
vt -6.691406 -1.626953
vt -6.703125 -1.631836
vt -6.628906 -1.700195
vt -6.675781 -1.624023
vt -6.613281 -1.698242
vt -6.625000 -1.704102
vt -6.625000 -1.706055
vt -6.511719 -1.970703
vt -6.394531 -1.919922
vt -6.402344 -1.766602
vt -6.394531 -1.703125
vt -6.402344 -1.703125
vt -6.402344 -1.701172
vt -6.394531 -1.701172
vt -6.394531 -1.922852
vt -6.394531 -1.921875
vt -6.394531 -1.918945
vt -6.511719 -1.973633
vt -6.515625 -1.974609
vt -6.660156 -1.734375
vt -6.656250 -1.719727
vt -6.664063 -1.732422
vt -6.652344 -1.721680
vt -6.515625 -1.972656
vt -6.515625 -1.971680
vt -6.640625 -1.711914
vt -6.640625 -1.709961
vt -6.515625 -1.975586
vt -6.683594 -2.189453
vt -6.679688 -2.191406
vt -6.808594 -2.058594
vt -6.812500 -2.054688
vt -6.816406 -2.052734
vt -6.664063 -1.728516
vt -6.656250 -1.715820
vt -6.875000 -1.994141
vt -6.722656 -1.654297
vt -6.714844 -1.641602
vt -6.679688 -1.620117
vt -6.695313 -1.622070
vt -6.707031 -1.628906
vt -6.718750 -1.638672
vt -6.726563 -1.650391
vt -6.855469 -1.947266
vt -6.878906 -1.999023
vt -6.875000 -1.998047
vt -6.878906 -2.001953
vt -6.878906 -2.007813
vt -6.878906 -2.011719
vt -6.886719 -2.017578
vt -6.882813 -2.019531
vt -6.824219 -2.068359
vt -6.828125 -2.078125
vt -6.820313 -2.072266
vt -6.824219 -2.080078
vt -6.816406 -2.074219
vt -6.820313 -2.083984
vt -6.691406 -2.199219
vt -6.695313 -2.207031
vt -6.687500 -2.201172
vt -6.695313 -2.208984
vt -6.886719 -2.019531
vt -6.886719 -2.023438
vt -6.828125 -2.080078
vt -6.824219 -2.083984
vt -6.820313 -2.085938
vt -6.699219 -2.208984
vt -6.695313 -2.210938
vt -7.511719 -4.136719
vt -6.937500 -2.789063
vt -6.644531 -2.875000
vt -6.812500 -2.658203
vt -6.644531 -2.873047
vt -6.808594 -2.656250
vt -6.523438 -2.925781
vt -6.523438 -2.927734
vt -6.523438 -3.144531
vt -6.640625 -2.873047
vt -6.644531 -2.876953
vt -6.640625 -2.876953
vt -6.640625 -2.875000
vt -6.753906 -3.140625
vt -6.687500 -3.080078
vt -6.738281 -3.142578
vt -6.687500 -3.142578
vt -6.687500 -3.146484
vt -6.738281 -3.146484
vt -6.523438 -3.146484
vt -6.531250 -3.146484
vt -6.531250 -3.144531
vt -6.531250 -3.082031
vt -6.753906 -3.144531
vt -6.742188 -3.148438
vt -6.757813 -3.146484
vt -6.804688 -3.224609
vt -6.792969 -3.119141
vt -6.941406 -2.794922
vt -6.851563 -3.193359
vt -6.785156 -3.130859
vt -6.843750 -3.207031
vt -6.765625 -3.134766
vt -6.781250 -3.125000
vt -6.769531 -3.138672
vt -6.792969 -3.115234
vt -6.781250 -3.128906
vt -6.789063 -3.113281
vt -6.773438 -3.140625
vt -6.820313 -3.220703
vt -6.832031 -3.214844
vt -6.941406 -2.792969
vt -6.808594 -3.228516
vt -6.820313 -3.224609
vt -6.835938 -3.218750
vt -6.843750 -3.208984
vt -6.851563 -3.197266
vt -8.101563 -4.921875
vt -8.101563 -4.882813
vt -8.101563 -4.878906
vt -6.839844 -3.566406
vt -6.835938 -3.691406
vt -6.832031 -3.566406
vt -6.832031 -3.691406
vt -9.312500 -2.158203
vt -9.320313 -2.156250
vt -9.320313 -2.162109
vt -9.312500 -2.162109
vt -9.718750 -1.124023
vt -9.718750 -1.128906
vt -9.570313 -0.819824
vt -9.562500 -0.819824
vt -9.750000 -1.154297
vt -9.750000 -1.152344
vt -9.593750 -0.851074
vt -9.593750 -0.854004
vt -9.796875 -1.273438
vt -9.796875 -1.266602
vt -9.796875 -1.265625
vt -9.703125 -0.897949
vt -9.710938 -0.900879
vt -9.703125 -0.900391
vt -9.710938 -0.903320
vt -9.718750 -0.904785
vt -9.718750 -0.907227
vt -6.550781 -3.916016
vt -6.308594 -3.919922
vt -6.308594 -3.916016
vt -6.550781 -3.919922
vt -6.308594 -4.355469
vt -6.550781 -4.355469
vt -6.550781 -4.359375
vt -6.308594 -4.359375
vt -6.554688 -3.916016
vt -6.554688 -3.919922
vt -6.554688 -4.355469
vt -6.554688 -4.359375
vt -7.074219 -1.103516
vt -7.074219 -1.105469
vt -6.937500 -1.049805
vt -6.933594 -1.054688
vt -7.074219 -1.569336
vt -7.070313 -1.568359
vt -7.074219 -1.566406
vt -7.078125 -1.568359
vt -7.078125 -1.567383
vt -7.074219 -1.565430
vt -7.074219 -1.109375
vt -7.078125 -1.106445
vt -7.074219 -1.106445
vt -7.078125 -1.105469
vt -6.957031 -4.292969
vt -6.207031 -2.609375
vt -6.207031 -2.611328
vt -9.812500 -4.246094
vt -9.812500 -4.250000
vt -9.773438 -4.246094
vt -9.765625 -4.250000
vt -9.812500 -4.472656
vt -9.812500 -4.468750
vt -9.734375 -0.983887
vt -9.734375 -0.912598
vt -9.734375 -0.984375
vt -9.734375 -0.911621
vt -9.734375 -0.910156
vt -5.972656 -2.810547
vt -5.972656 -2.812500
vt -6.046875 -2.812500
vt -9.453125 -2.074219
vt -9.328125 -2.185547
vt -9.328125 -2.193359
vt -9.328125 -2.195313
vt -6.761719 -1.049805
vt -6.726563 -1.049805
vt -6.726563 -1.046875
vt -6.730469 -1.046875
vt -9.671875 -2.123047
vt -9.546875 -2.009766
vt -9.546875 -2.001953
vt -9.546875 -2.000000
vt -7.144531 -1.924805
vt -7.148438 -1.922852
vt -7.148438 -1.926758
vt -6.945313 -4.132813
vt -6.941406 -4.132813
vt -6.957031 -4.136719
vt -7.156250 -4.136719
vt -6.953125 -4.136719
vt -9.812500 -4.226563
vt -9.804688 -3.888672
vt -9.773438 -4.230469
vt -9.773438 -4.226563
vt -9.671875 -4.109375
vt -9.671875 -4.101563
vt -9.664063 -4.089844
vt -9.687500 -4.027344
vt -9.656250 -4.082031
vt -9.656250 -4.085938
vt -9.664063 -4.101563
vt -9.656250 -4.089844
vt -9.671875 -4.527344
vt -9.671875 -4.531250
vt -9.679688 -4.531250
vt -9.765625 -4.589844
vt -9.812500 -4.671875
vt -9.812500 -4.636719
vt -9.820313 -4.675781
vt -9.820313 -4.671875
vt -9.820313 -4.636719
vt -7.269531 -0.689941
vt -7.269531 -0.688477
vt -7.273438 -0.689453
vt -10.109375 -1.109375
vt -10.117188 -1.131836
vt -10.109375 -1.122070
vt -10.109375 -1.131836
vt -7.394531 -2.636719
vt -7.394531 -2.632813
vt -7.398438 -2.636719
vt -7.453125 -3.154297
vt -7.449219 -3.154297
vt -7.453125 -3.150391
vt -7.449219 -3.158203
vt -7.453125 -2.695313
vt -7.449219 -2.691406
vt -7.453125 -2.691406
vt -7.449219 -2.687500
vt -7.394531 -3.208984
vt -7.398438 -3.208984
vt -7.355469 -2.636719
vt -7.355469 -2.632813
vt -7.355469 -3.208984
vt -7.394531 -3.212891
vt -7.355469 -3.212891
vt -6.960938 -3.746094
vt -6.945313 -4.042969
vt -6.945313 -3.746094
vt -6.960938 -4.042969
vt -7.265625 -1.948242
vt -7.289063 -1.913086
vt -7.300781 -1.908203
vt -7.289063 -1.912109
vt -6.089844 -4.433594
vt -6.089844 -4.441406
vt -6.093750 -4.441406
vt -6.089844 -4.445313
vt -6.093750 -4.445313
vt -6.089844 -4.773438
vt -6.093750 -4.773438
vt -6.109375 -4.792969
vt -6.113281 -4.792969
vt -6.250000 -4.511719
vt -6.250000 -4.507813
vt -6.253906 -4.507813
vt -6.250000 -4.859375
vt -6.113281 -4.859375
vt -8.195313 -3.890625
vt -8.234375 -4.023438
vt -8.210938 -4.023438
vt -8.226563 -4.617188
vt -8.226563 -4.835938
vt -6.843750 -3.693359
vt -6.843750 -3.564453
vt -6.851563 -3.693359
vt -6.859375 -3.560547
vt -9.890625 -2.167969
vt -9.882813 -2.167969
vt -9.890625 -2.164063
vt -9.882813 -2.164063
vt -7.523438 -3.251953
vt -7.523438 -3.250000
vt -7.656250 -3.212891
vt -7.656250 -3.208984
vt -8.460938 -1.522461
vt -8.460938 -1.524414
vt -8.460938 -1.525391
vt -8.460938 -1.526367
vt -8.468750 -1.530273
vt -8.468750 -1.532227
vt -8.476563 -1.532227
vt -8.476563 -1.534180
vt -8.468750 -1.191406
vt -8.476563 -1.191406
vt -8.468750 -1.193359
vt -8.476563 -1.193359
vt -8.460938 -1.193359
vt -8.476563 -1.174805
vt -8.460938 -1.191406
vt -8.468750 -1.174805
vt -8.476563 -1.173828
vt -8.468750 -1.173828
vt -8.476563 -1.108398
vt -8.468750 -1.108398
vt -8.460938 -1.173828
vt -8.460938 -1.108398
vt -8.460938 -1.174805
vt -6.925781 -1.544922
vt -6.925781 -1.594727
vt -6.925781 -1.542969
vt -6.925781 -1.540039
vt -6.929688 -1.567383
vt -6.929688 -1.594727
vt -7.046875 -1.421875
vt -7.042969 -1.419922
vt -7.046875 -1.418945
vt -7.042969 -1.417969
vt -6.886719 -1.346680
vt -6.882813 -1.348633
vt -6.882813 -1.329102
vt -6.894531 -1.359375
vt -6.898438 -1.356445
vt -6.906250 -1.363281
vt -6.906250 -1.360352
vt -6.910156 -1.366211
vt -6.914063 -1.363281
vt -6.921875 -1.370117
vt -6.921875 -1.366211
vt -6.929688 -1.568359
vt -7.539063 -0.669434
vt -7.273438 -0.957520
vt -7.269531 -0.957031
vt -7.277344 -0.688965
vt -7.281250 -0.687500
vt -7.277344 -0.956055
vt -7.281250 -0.957520
vt -8.671875 -3.507813
vt -8.710938 -3.507813
vt -8.671875 -3.509766
vt -8.710938 -3.509766
vt -8.734375 -3.509766
vt -8.734375 -3.507813
vt -8.671875 -3.595703
vt -8.710938 -3.595703
vt -8.734375 -3.595703
vt -7.132813 -1.926758
vt -7.132813 -1.923828
vt -7.132813 -1.924805
vt -7.191406 -1.879883
vt -7.187500 -1.879883
vt -7.187500 -1.878906
vt -7.187500 -1.840820
vt -7.191406 -1.840820
vt -7.203125 -1.840820
vt -7.203125 -1.886719
vt -7.203125 -1.887695
vt -7.179688 -2.810547
vt -7.183594 -2.783203
vt -7.183594 -2.806641
vt -7.183594 -2.781250
vt -7.183594 -2.636719
vt -7.203125 -2.767578
vt -7.203125 -2.765625
vt -7.199219 -2.628906
vt -7.183594 -2.634766
vt -7.199219 -2.626953
vt -7.191406 -1.950195
vt -7.179688 -1.946289
vt -9.562500 -0.781738
vt -9.570313 -0.777832
vt -9.562500 -0.778320
vt -9.570313 -0.774902
vt -9.562500 -0.772949
vt -7.121094 -1.944336
vt -7.125000 -1.941406
vt -7.125000 -1.943359
vt -9.148438 -1.166016
vt -9.140625 -1.166992
vt -7.332031 -0.954590
vt -7.320313 -0.954102
vt -7.332031 -0.607422
vt -7.320313 -0.607422
vt -8.257813 -4.601563
vt -8.257813 -4.597656
vt -8.234375 -4.847656
vt -8.234375 -4.851563
vt -8.242188 -4.847656
vt -8.257813 -4.847656
vt -8.257813 -4.843750
vt -8.265625 -4.847656
vt -8.265625 -4.601563
vt -8.242188 -4.609375
vt -8.234375 -4.843750
vt -8.226563 -4.839844
vt -8.281250 -1.990234
vt -8.289063 -1.993164
vt -8.281250 -1.993164
vt -8.289063 -1.990234
vt -8.296875 -1.991211
vt -8.281250 -2.193359
vt -8.281250 -2.195313
vt -8.289063 -2.193359
vt -8.289063 -2.195313
vt -8.296875 -2.195313
vt -8.351563 -1.877930
vt -8.296875 -2.285156
vt -8.289063 -2.285156
vt -8.296875 -2.283203
vt -8.289063 -2.283203
vt -8.375000 -2.285156
vt -8.382813 -2.283203
vt -8.382813 -2.285156
vt -8.351563 -1.874023
vt -8.351563 -1.871094
vt -8.375000 -1.859375
vt -8.359375 -1.859375
vt -8.375000 -1.857422
vt -8.359375 -1.857422
vt -9.039063 -1.209961
vt -9.039063 -1.213867
vt -9.031250 -1.209961
vt -9.031250 -1.213867
vt -8.968750 -1.853516
vt -8.953125 -1.853516
vt -6.945313 -3.742188
vt -6.960938 -3.742188
vt -8.953125 -2.146484
vt -8.968750 -2.146484
vt -8.953125 -2.150391
vt -8.968750 -2.150391
vt -8.398438 -4.085938
vt -8.359375 -4.136719
vt -8.359375 -4.140625
vt -8.398438 -4.433594
vt -7.046875 -1.876953
vt -7.046875 -1.874023
vt -7.062500 -1.873047
vt -7.062500 -1.872070
vt -7.062500 -1.870117
vt -7.062500 -1.869141
vt -7.062500 -1.858398
vt -7.046875 -1.859375
vt -7.062500 -1.856445
vt -7.062500 -1.855469
vt -7.246094 -2.781250
vt -7.250000 -2.808594
vt -7.246094 -2.806641
vt -6.949219 -4.042969
vt -9.828125 -1.243164
vt -9.820313 -1.246094
vt -9.828125 -1.248047
vt -9.828125 -1.250000
vt -8.210938 -2.783203
vt -8.218750 -2.785156
vt -8.210938 -2.787109
vt -8.218750 -2.787109
vt -8.335938 -3.541016
vt -8.343750 -2.820313
vt -8.343750 -3.541016
vt -8.343750 -2.818359
vt -8.335938 -2.820313
vt -8.335938 -2.818359
vt -8.296875 -2.820313
vt -8.296875 -2.818359
vt -8.210938 -2.992188
vt -8.296875 -2.816406
vt -8.218750 -2.994141
vt -8.210938 -2.994141
vt -8.335938 -3.542969
vt -8.343750 -3.542969
vt -8.343750 -3.546875
vt -8.335938 -3.546875
vt -8.296875 -3.542969
vt -8.296875 -3.541016
vt -8.218750 -3.623047
vt -8.210938 -3.625000
vt -8.125000 -2.994141
vt -8.125000 -2.992188
vt -8.125000 -3.630859
vt -8.125000 -3.628906
vt -8.210938 -3.630859
vt -8.125000 -3.773438
vt -8.210938 -3.628906
vt -8.125000 -3.625000
vt -8.125000 -3.863281
vt -8.296875 -3.546875
vt -8.218750 -3.625000
vt -8.257813 -3.628906
vt -8.265625 -3.630859
vt -8.148438 -3.863281
vt -8.140625 -3.867188
vt -8.125000 -3.867188
vt -8.281250 -3.630859
vt -8.265625 -3.628906
vt -8.281250 -3.628906
vt -6.394531 -1.562500
vt -6.402344 -1.561523
vt -6.347656 -1.621094
vt -6.355469 -1.620117
vt -6.398438 -1.559570
vt -6.402344 -1.558594
vt -6.402344 -1.555664
vt -6.398438 -1.556641
vt -6.269531 -1.379883
vt -6.257813 -1.383789
vt -6.261719 -1.387695
vt -6.390625 -1.429688
vt -6.402344 -1.429688
vt -6.398438 -1.432617
vt -6.398438 -1.431641
vt -9.851563 -0.696777
vt -9.843750 -0.693848
vt -9.851563 -0.694336
vt -9.843750 -0.690918
vt -9.843750 -0.689941
vt -9.851563 -0.693359
vt -9.984375 -0.647949
vt -9.976563 -0.646973
vt -9.984375 -0.644043
vt -9.984375 -0.644531
vt -9.984375 -0.646973
vt -9.984375 -0.513184
vt -9.976563 -0.513672
vt -9.937500 -0.454834
vt -9.937500 -0.455322
vt -9.984375 -0.519043
vt -9.984375 -0.519531
vt -9.984375 -0.516113
vt -9.984375 -0.516602
vt -7.859375 -0.426270
vt -7.859375 -0.430176
vt -7.855469 -0.428467
vt -7.855469 -0.432373
vt -7.980469 -0.674316
vt -7.984375 -0.671875
vt -7.984375 -0.673828
vt -7.988281 -0.671875
vt -7.859375 -0.671875
vt -7.855469 -0.673828
vt -7.929688 -0.772949
vt -7.933594 -0.773926
vt -7.933594 -0.775879
vt -7.929688 -0.776367
vt -7.675781 -0.911133
vt -7.679688 -0.913574
vt -7.597656 -0.563965
vt -7.597656 -0.567871
vt -7.597656 -0.822754
vt -7.593750 -0.569824
vt -7.593750 -0.565918
vt -7.585938 -0.568848
vt -7.585938 -0.572754
vt -7.585938 -0.569824
vt -7.585938 -0.574219
vt -7.582031 -0.830078
vt -7.574219 -0.580078
vt -7.667969 -0.919434
vt -7.660156 -0.923340
vt -7.667969 -0.916992
vt -7.660156 -0.921387
vt -7.574219 -0.836426
vt -7.570313 -0.834473
vt -7.570313 -0.581055
vt -7.570313 -0.577148
vt -7.574219 -0.575684
vt -7.570313 -0.837402
vt -7.660156 -0.924805
vt -7.656250 -0.922363
vt -9.781250 -1.356445
vt -9.781250 -1.360352
vt -7.070313 -1.974609
vt -7.195313 -2.605469
vt -7.000000 -2.607422
vt -7.195313 -1.974609
vt -7.070313 -1.969727
vt -7.195313 -1.969727
vt -5.707031 -4.507813
vt -5.707031 -4.511719
vt -5.703125 -4.507813
vt -5.871094 -4.437500
vt -5.875000 -4.437500
vt -5.875000 -4.445313
vt -5.871094 -4.445313
vt -5.871094 -4.449219
vt -5.851563 -4.863281
vt -5.851563 -4.796875
vt -5.718750 -4.863281
vt -5.718750 -4.515625
vt -5.875000 -4.777344
vt -5.718750 -4.511719
vt -5.714844 -4.511719
vt -5.714844 -4.515625
vt -5.714844 -4.863281
vt -8.515625 -1.522461
vt -8.515625 -1.525391
vt -8.515625 -1.524414
vt -8.515625 -1.526367
vt -8.515625 -1.173828
vt -8.515625 -1.174805
vt -8.515625 -1.191406
vt -8.515625 -1.193359
vt -8.507813 -1.193359
vt -8.507813 -1.530273
vt -8.507813 -1.532227
vt -8.500000 -1.532227
vt -8.500000 -1.534180
vt -8.515625 -1.108398
vt -8.500000 -1.193359
vt -8.500000 -1.191406
vt -8.507813 -1.191406
vt -8.500000 -1.174805
vt -8.507813 -1.174805
vt -8.500000 -1.173828
vt -8.507813 -1.173828
vt -8.500000 -1.108398
vt -8.507813 -1.108398
vt -6.945313 -1.743164
vt -6.960938 -1.743164
vt -6.945313 -1.829102
vt -6.960938 -1.829102
vt -6.968750 -1.829102
vt -6.968750 -1.743164
vt -6.972656 -1.829102
vt -6.972656 -1.742188
vt -6.984375 -1.829102
vt -6.984375 -1.735352
vt -7.105469 -1.829102
vt -7.082031 -1.637695
vt -7.085938 -1.631836
vt -7.097656 -1.630859
vt -7.105469 -1.630859
vt -7.109375 -1.630859
vt -7.109375 -1.829102
vt -7.109375 -1.831055
vt -7.105469 -1.831055
vt -6.984375 -1.831055
vt -6.972656 -1.831055
vt -6.945313 -1.831055
vt -6.960938 -1.831055
vt -6.968750 -1.831055
vt -6.042969 -1.431641
vt -5.972656 -2.611328
vt -5.972656 -2.609375
vt -6.046875 -2.810547
vt -6.046875 -2.611328
vt -6.046875 -2.609375
vt -6.121094 -2.611328
vt -6.050781 -2.611328
vt -6.121094 -2.609375
vt -6.050781 -2.609375
vt -8.312500 -4.859375
vt -8.312500 -4.863281
vt -8.304688 -4.863281
vt -8.304688 -4.859375
vt -8.281250 -4.855469
vt -8.289063 -4.855469
vt -8.281250 -4.570313
vt -8.281250 -4.574219
vt -8.289063 -4.574219
vt -8.304688 -4.582031
vt -8.304688 -4.585938
vt -8.312500 -4.585938
vt -8.312500 -4.855469
vt -8.320313 -4.847656
vt -8.320313 -4.589844
vt -8.328125 -4.589844
vt -8.312500 -4.582031
vt -8.289063 -4.570313
vt -7.132813 -1.929688
vt -7.128906 -1.932617
vt -7.132813 -1.932617
vt -8.789063 -2.138672
vt -8.789063 -2.169922
vt -8.789063 -2.136719
vt -8.796875 -2.136719
vt -8.796875 -2.138672
vt -8.796875 -2.169922
vt -8.796875 -1.458008
vt -8.796875 -1.460938
vt -7.207031 -1.887695
vt -7.207031 -1.886719
vt -7.207031 -1.836914
vt -8.109375 -4.640625
vt -8.109375 -4.675781
vt -8.101563 -4.648438
vt -8.101563 -4.687500
vt -8.109375 -4.636719
vt -8.109375 -4.671875
vt -8.250000 -4.531250
vt -8.109375 -4.679688
vt -7.519531 -4.136719
vt -7.519531 -4.277344
vt -7.515625 -4.136719
vt -7.519531 -4.281250
vt -7.523438 -4.281250
vt -7.523438 -2.638672
vt -7.527344 -2.636719
vt -7.523438 -2.640625
vt -7.468750 -2.693359
vt -7.468750 -2.695313
vt -7.468750 -3.156250
vt -7.468750 -3.158203
vt -7.468750 -3.160156
vt -7.523438 -3.212891
vt -7.570313 -3.214844
vt -7.570313 -2.636719
vt -9.023438 -4.687500
vt -9.031250 -4.695313
vt -8.968750 -4.699219
vt -8.968750 -4.710938
vt -8.484375 -4.753906
vt -8.406250 -4.433594
vt -8.492188 -4.750000
vt -8.414063 -4.433594
vt -8.570313 -5.093750
vt -6.820313 -3.689453
vt -6.820313 -3.566406
vt -6.816406 -3.566406
vt -6.089844 -4.355469
vt -6.085938 -4.351563
vt -6.089844 -4.300781
vt -6.085938 -4.300781
vt -7.476563 -1.812500
vt -7.476563 -1.810547
vt -7.480469 -1.580078
vt -7.476563 -1.582031
vt -7.476563 -1.577148
vt -7.480469 -1.576172
vt -7.464844 -1.583984
vt -7.464844 -1.588867
vt -7.460938 -1.584961
vt -7.460938 -1.589844
vt -8.062500 -3.240234
vt -7.988281 -3.240234
vt -8.062500 -3.238281
vt -7.988281 -3.238281
vt -7.714844 -3.251953
vt -8.062500 -3.250000
vt -8.062500 -3.251953
vt -7.984375 -3.238281
vt -7.984375 -3.240234
vt -7.710938 -3.240234
vt -7.714844 -3.250000
vt -7.710938 -3.238281
vt -7.156250 -1.567383
vt -7.156250 -1.106445
vt -7.156250 -1.105469
vt -7.156250 -1.103516
vt -7.156250 -1.049805
vt -7.156250 -1.047852
vt -7.156250 -1.568359
vt -6.933594 -1.047852
vt -8.656250 -2.652344
vt -8.656250 -2.648438
vt -8.664063 -2.644531
vt -8.101563 -2.652344
vt -8.093750 -2.644531
vt -8.093750 -2.648438
vt -8.109375 -4.472656
vt -8.109375 -4.250000
vt -8.109375 -4.476563
vt -8.109375 -4.464844
vt -8.054688 -4.328125
vt -8.054688 -4.250000
vt -8.054688 -4.246094
vt -8.109375 -4.246094
vt -8.156250 -4.246094
vt -8.156250 -4.250000
vt -8.156250 -4.589844
vt -8.250000 -4.527344
vt -8.265625 -4.109375
vt -8.257813 -4.527344
vt -8.265625 -4.527344
vt -8.257813 -4.531250
vt -8.265625 -4.531250
vt -8.148438 -4.230469
vt -8.156250 -4.226563
vt -8.250000 -4.109375
vt -8.257813 -4.089844
vt -8.250000 -4.101563
vt -8.265625 -4.101563
vt -8.265625 -4.085938
vt -8.382813 -4.082031
vt -8.382813 -4.085938
vt -8.265625 -4.082031
vt -8.234375 -4.027344
vt -8.226563 -4.027344
vt -8.390625 -4.082031
vt -8.390625 -4.085938
vt -6.207031 -3.187500
vt -6.207031 -3.185547
vt -5.972656 -2.984375
vt -6.046875 -2.984375
vt -9.843750 -1.993164
vt -9.835938 -2.107422
vt -9.835938 -1.993164
vt -9.843750 -2.107422
vt -9.835938 -2.117188
vt -9.843750 -2.117188
vt -9.835938 -2.121094
vt -9.843750 -2.121094
vt -9.835938 -1.988281
vt -9.835938 -1.991211
vt -7.136719 -1.924805
vt -7.140625 -1.923828
vt -7.140625 -1.926758
vt -7.679688 -2.613281
vt -7.683594 -2.613281
vt -7.679688 -2.615234
vt -7.683594 -2.615234
vt -7.480469 -2.615234
vt -7.480469 -2.613281
vt -7.476563 -2.615234
vt -7.476563 -2.613281
vt -7.515625 -1.903320
vt -7.476563 -1.934570
vt -7.511719 -1.903320
vt -7.476563 -1.935547
vt -7.515625 -1.902344
vt -7.515625 -1.904297
vt -7.183594 -2.808594
vt -8.453125 -1.592773
vt -8.453125 -1.595703
vt -8.468750 -1.592773
vt -8.468750 -1.595703
vt -8.515625 -2.226563
vt -8.531250 -2.226563
vt -8.515625 -2.230469
vt -8.531250 -2.230469
vt -8.515625 -2.232422
vt -8.531250 -2.232422
vt -8.507813 -2.226563
vt -8.507813 -2.230469
vt -6.992188 -0.960938
vt -7.007813 -0.958984
vt -7.007813 -0.960938
vt -6.992188 -0.958984
vt -7.003906 -0.738281
vt -6.988281 -0.960938
vt -6.988281 -0.958984
vt -6.992188 -0.738281
vt -6.988281 -0.738281
vt -6.988281 -0.733887
vt -6.992188 -0.733887
vt -7.003906 -0.733887
vt -7.007813 -0.733887
vt -7.007813 -0.738281
vt -7.265625 -0.689941
vt -7.261719 -0.689453
vt -7.261719 -0.688477
vt -9.359375 -5.093750
vt -9.359375 -5.085938
vt -9.359375 -5.089844
vt -9.429688 -4.812500
vt -7.027344 -0.960938
vt -7.027344 -0.958984
vt -7.031250 -0.958984
vt -7.011719 -0.960938
vt -7.011719 -0.958984
vt -7.011719 -0.738281
vt -7.027344 -0.738281
vt -7.011719 -0.733887
vt -7.027344 -0.733887
vt -8.328125 -4.593750
vt -8.328125 -4.847656
vt -7.156250 -4.042969
vt -7.082031 -1.863281
vt -7.082031 -1.862305
vt -7.082031 -1.860352
vt -7.082031 -1.859375
vt -7.082031 -1.876953
vt -7.066406 -1.873047
vt -7.066406 -1.858398
vt -7.066406 -1.855469
vt -8.343750 -4.449219
vt -8.343750 -4.085938
vt -8.281250 -4.085938
vt -8.273438 -4.089844
vt -8.343750 -4.445313
vt -8.351563 -4.085938
vt -8.351563 -4.140625
vt -8.351563 -4.437500
vt -8.351563 -4.441406
vt -9.945313 -1.360352
vt -9.945313 -1.356445
vt -9.945313 -1.358398
vt -9.945313 -1.355469
vt -6.765625 -1.053711
vt -9.945313 -1.202148
vt -9.945313 -1.197266
vt -9.945313 -1.196289
vt -9.937500 -1.193359
vt -6.925781 -1.052734
vt -6.929688 -1.047852
vt -6.929688 -1.052734
vt -7.515625 -4.132813
vt -7.519531 -4.132813
vt -9.570313 -4.136719
vt -9.570313 -4.140625
vt -7.257813 -0.705078
vt -7.257813 -0.705566
vt -7.253906 -0.704590
vt -7.253906 -0.707031
vt -7.257813 -0.958984
vt -7.253906 -0.959473
vt -7.257813 -1.778320
vt -7.261719 -1.775391
vt -7.261719 -1.777344
vt -7.257813 -1.051758
vt -7.261719 -1.054688
vt -7.257813 -1.049805
vt -7.183594 -0.972168
vt -7.183594 -0.967773
vt -8.351563 -1.812500
vt -8.351563 -1.810547
vt -8.335938 -1.580078
vt -8.335938 -1.810547
vt -8.335938 -1.812500
vt -8.335938 -1.582031
vt -8.335938 -1.577148
vt -8.335938 -1.576172
vt -8.351563 -1.583984
vt -8.351563 -1.588867
vt -8.351563 -1.589844
vt -8.351563 -1.584961
vt -8.726563 -1.458008
vt -8.726563 -1.458984
vt -8.718750 -1.458008
vt -8.718750 -1.458984
vt -8.718750 -2.167969
vt -8.718750 -2.169922
vt -8.726563 -2.169922
vt -8.726563 -2.167969
vt -8.851563 -1.213867
vt -8.835938 -1.213867
vt -8.851563 -1.209961
vt -8.835938 -1.209961
vt -5.816406 -3.615234
vt -5.820313 -3.613281
vt -5.824219 -3.615234
vt -5.828125 -3.615234
vt -7.261719 -0.957520
vt -7.265625 -0.957031
vt -7.285156 -0.956055
vt -7.285156 -0.688965
vt -7.519531 -4.042969
vt -9.734375 -0.908691
vt -9.726563 -0.910156
vt -6.777344 -1.641602
vt -6.777344 -1.638672
vt -6.789063 -1.641602
vt -6.789063 -1.638672
vt -6.796875 -1.641602
vt -6.796875 -1.638672
vt -6.804688 -1.641602
vt -6.804688 -1.638672
vt -6.812500 -1.641602
vt -6.812500 -1.638672
vt -6.937500 -1.638672
vt -6.937500 -1.641602
vt -6.937500 -1.839844
vt -6.925781 -1.839844
vt -6.917969 -1.837891
vt -6.910156 -1.832031
vt -6.812500 -1.734375
vt -6.804688 -1.728516
vt -6.796875 -1.726563
vt -6.789063 -1.726563
vt -6.777344 -1.726563
vt -9.390625 -5.078125
vt -6.414063 -3.884766
vt -6.542969 -3.251953
vt -6.613281 -3.884766
vt -6.417969 -3.251953
vt -6.542969 -3.248047
vt -6.417969 -3.248047
vt -7.125000 -1.936523
vt -7.128906 -1.937500
vt -7.128906 -1.938477
vt -8.664063 -2.650391
vt -8.734375 -2.367188
vt -8.742188 -2.365234
vt -6.609375 -1.532227
vt -6.609375 -1.529297
vt -6.609375 -1.530273
vt -6.750000 -1.482422
vt -6.746094 -1.480469
vt -6.750000 -1.479492
vt -6.746094 -1.478516
vt -6.750000 -1.477539
vt -6.746094 -1.476563
vt -6.750000 -1.226563
vt -6.750000 -1.227539
vt -6.746094 -1.228516
vt -6.746094 -1.229492
vt -6.746094 -1.479492
vt -6.750000 -1.224609
vt -6.746094 -1.225586
vt -6.746094 -1.226563
vt -6.652344 -1.273438
vt -6.652344 -1.270508
vt -6.656250 -1.271484
vt -6.656250 -1.268555
vt -6.632813 -1.342773
vt -6.648438 -1.333008
vt -6.636719 -1.345703
vt -6.652344 -1.334961
vt -6.652344 -1.315430
vt -6.656250 -1.315430
vt -6.628906 -1.349609
vt -6.625000 -1.346680
vt -6.484375 -1.406250
vt -6.488281 -1.406250
vt -6.484375 -1.408203
vt -6.488281 -1.404297
vt -6.613281 -1.356445
vt -6.609375 -1.353516
vt -6.617188 -1.349609
vt -6.621094 -1.352539
vt -6.605469 -1.527344
vt -6.484375 -1.480469
vt -6.488281 -1.482422
vt -6.484375 -1.482422
vt -6.488281 -1.484375
vt -6.601563 -1.554688
vt -6.605469 -1.553711
vt -6.601563 -1.556641
vt -6.609375 -1.581055
vt -6.605469 -1.581055
vt -6.609375 -1.531250
vt -6.605469 -1.530273
vt -6.601563 -1.581055
vt -6.605469 -1.529297
vt -10.031250 -1.266602
vt -10.023438 -1.267578
vt -10.031250 -1.219727
vt -10.023438 -1.216797
vt -10.031250 -1.216797
vt -6.175781 -2.611328
vt -6.152344 -2.611328
vt -6.175781 -2.609375
vt -6.152344 -2.609375
vt -6.148438 -2.609375
vt -6.148438 -2.611328
vt -7.125000 -1.929688
vt -7.128906 -1.930664
vt -7.250000 -2.632813
vt -7.246094 -2.632813
vt -7.246094 -2.777344
vt -7.234375 -2.625000
vt -7.230469 -2.763672
vt -7.246094 -2.779297
vt -7.230469 -2.765625
vt -9.695313 -1.078125
vt -9.687500 -1.083008
vt -9.687500 -1.078125
vt -9.695313 -1.083008
vt -9.906250 -1.195313
vt -9.906250 -1.192383
vt -9.914063 -1.191406
vt -9.906250 -1.189453
vt -7.167969 -1.887695
vt -7.167969 -1.886719
vt -7.179688 -1.879883
vt -7.167969 -1.840820
vt -7.179688 -1.840820
vt -7.179688 -1.878906
vt -7.183594 -1.840820
vt -7.183594 -1.878906
vt -7.183594 -1.879883
vt -8.101563 -2.646484
vt -8.031250 -2.367188
vt -8.015625 -2.365234
vt -9.742188 -2.162109
vt -9.734375 -2.162109
vt -9.742188 -2.158203
vt -9.734375 -2.156250
vt -6.148438 -3.185547
vt -6.152344 -3.185547
vt -6.148438 -3.187500
vt -6.175781 -3.187500
vt -6.175781 -3.185547
vt -9.671875 -1.128906
vt -9.671875 -1.124023
vt -9.679688 -1.124023
vt -7.281250 -1.845703
vt -7.281250 -1.843750
vt -6.871094 -3.699219
vt -6.871094 -3.697266
vt -6.871094 -3.560547
vt -6.875000 -3.558594
vt -6.871094 -3.558594
vt -6.875000 -3.556641
vt -6.492188 -2.615234
vt -6.500000 -2.615234
vt -6.492188 -2.617188
vt -6.500000 -2.617188
vt -6.500000 -2.703125
vt -6.492188 -2.705078
vt -6.402344 -2.617188
vt -6.402344 -2.615234
vt -6.398438 -2.615234
vt -6.398438 -2.619141
vt -6.398438 -2.617188
vt -6.355469 -2.638672
vt -6.355469 -2.636719
vt -6.359375 -2.638672
vt -6.359375 -2.636719
vt -6.382813 -2.634766
vt -6.382813 -2.638672
vt -6.382813 -2.636719
vt -6.378906 -2.636719
vt -6.386719 -2.628906
vt -6.390625 -2.630859
vt -6.390625 -2.628906
vt -6.781250 -1.237305
vt -6.781250 -1.238281
vt -6.781250 -1.240234
vt -6.925781 -1.543945
vt -6.921875 -1.545898
vt -6.921875 -1.542969
vt -6.785156 -1.496094
vt -6.785156 -1.238281
vt -6.785156 -1.241211
vt -6.785156 -1.239258
vt -6.785156 -1.242188
vt -6.785156 -1.240234
vt -6.785156 -1.243164
vt -6.882813 -1.287109
vt -6.875000 -1.285156
vt -6.882813 -1.284180
vt -6.875000 -1.282227
vt -6.875000 -1.329102
vt -6.781250 -1.496094
vt -6.781250 -1.493164
vt -6.878906 -3.560547
vt -6.878906 -3.558594
vt -6.875000 -3.699219
vt -6.878906 -3.697266
vt -6.878906 -3.699219
vt -6.492188 -3.103516
vt -6.500000 -3.105469
vt -6.492188 -3.191406
vt -6.500000 -3.191406
vt -6.500000 -3.193359
vt -6.492188 -3.193359
vt -6.402344 -3.191406
vt -6.402344 -3.193359
vt -6.398438 -3.191406
vt -6.398438 -3.189453
vt -6.398438 -3.193359
vt -6.355469 -3.169922
vt -6.359375 -3.169922
vt -6.355469 -3.173828
vt -6.359375 -3.173828
vt -6.378906 -3.173828
vt -6.382813 -3.169922
vt -6.382813 -3.173828
vt -6.390625 -3.177734
vt -6.386719 -3.179688
vt -6.390625 -3.179688
vt -8.179688 -1.865234
vt -8.195313 -1.865234
vt -8.179688 -1.867188
vt -8.171875 -2.294922
vt -8.171875 -2.291016
vt -8.203125 -1.885742
vt -8.195313 -1.867188
vt -8.203125 -1.881836
vt -8.203125 -1.878906
vt -8.265625 -1.943359
vt -8.265625 -1.944336
vt -8.265625 -1.945313
vt -8.265625 -1.947266
vt -8.265625 -2.291016
vt -8.265625 -2.294922
vt -8.257813 -2.291016
vt -8.257813 -2.294922
vt -8.179688 -2.294922
vt -8.265625 -1.997070
vt -8.265625 -1.998047
vt -8.257813 -2.205078
vt -8.265625 -2.203125
vt -8.273438 -2.000000
vt -8.273438 -2.203125
vt -8.273438 -1.998047
vt -8.593750 -3.630859
vt -8.593750 -3.773438
vt -8.593750 -3.863281
vt -8.507813 -3.630859
vt -8.578125 -3.863281
vt -8.578125 -3.867188
vt -8.593750 -3.867188
vt -8.507813 -3.628906
vt -8.507813 -3.625000
vt -8.421875 -3.542969
vt -8.500000 -3.623047
vt -8.421875 -3.546875
vt -8.500000 -3.625000
vt -8.593750 -3.628906
vt -8.593750 -3.625000
vt -8.507813 -2.994141
vt -8.500000 -2.994141
vt -8.593750 -2.992188
vt -8.593750 -2.994141
vt -8.507813 -2.992188
vt -8.507813 -2.783203
vt -8.507813 -2.787109
vt -8.500000 -2.785156
vt -8.500000 -2.787109
vt -8.421875 -2.816406
vt -8.421875 -2.820313
vt -8.421875 -2.818359
vt -8.382813 -2.818359
vt -8.382813 -2.820313
vt -8.421875 -3.541016
vt -8.382813 -3.541016
vt -8.375000 -2.820313
vt -8.375000 -2.818359
vt -8.375000 -3.541016
vt -8.382813 -3.542969
vt -8.375000 -3.542969
vt -8.375000 -3.546875
vt -8.382813 -3.546875
vt -8.460938 -3.628906
vt -8.453125 -3.628906
vt -8.453125 -3.630859
vt -8.437500 -3.630859
vt -8.437500 -3.628906
vt -8.757813 -1.460938
vt -8.757813 -1.458008
vt -8.757813 -2.136719
vt -8.750000 -2.136719
vt -8.750000 -1.460938
vt -8.750000 -1.458008
vt -8.757813 -2.138672
vt -8.750000 -2.138672
vt -8.750000 -2.169922
vt -8.757813 -2.169922
vt -7.164063 -1.925781
vt -7.445313 -1.902344
vt -7.449219 -1.902344
vt -7.445313 -1.903320
vt -7.449219 -1.903320
vt -7.449219 -2.613281
vt -7.445313 -2.613281
vt -7.449219 -2.615234
vt -7.445313 -2.615234
vt -7.441406 -2.615234
vt -7.441406 -2.613281
vt -7.441406 -1.903320
vt -7.441406 -1.902344
vt -7.425781 -3.201172
vt -7.425781 -3.199219
vt -7.425781 -3.197266
vt -7.425781 -3.203125
vt -7.339844 -3.275391
vt -7.339844 -3.279297
vt -7.425781 -3.244141
vt -7.425781 -3.242188
vt -7.339844 -3.324219
vt -7.425781 -3.246094
vt -7.343750 -3.324219
vt -7.339844 -3.328125
vt -4.488281 -3.140625
vt -4.531250 -3.246094
vt -4.488281 -3.291016
vt -4.488281 -3.292969
vt -4.488281 -3.136719
vt -1.468750 -1.034180
vt -1.462891 -1.037109
vt -1.468750 -1.033203
vt -1.462891 -0.973633
vt -1.468750 -0.973633
vt -1.462891 -0.972168
vt -1.468750 -0.972168
vt -4.769531 -2.117188
vt -4.769531 -2.115234
vt -4.777344 -2.109375
vt -4.769531 -2.257813
vt -4.777344 -2.267578
vt -4.769531 -2.259766
vt -2.570313 -3.406250
vt -2.576172 -3.406250
vt -2.570313 -3.404297
vt -2.238281 -1.194336
vt -2.236328 -1.190430
vt -2.248047 -1.183594
vt -2.246094 -1.180664
vt -5.179688 -0.404297
vt -5.164063 -0.402100
vt -5.179688 -0.402100
vt -5.164063 -0.550781
vt -5.179688 -0.549316
vt -5.179688 -0.553223
vt -5.164063 -0.553223
vt -3.046875 -3.953125
vt -2.933594 -3.617188
vt -3.054688 -3.943359
vt -2.939453 -3.609375
vt -2.931641 -3.613281
vt -2.939453 -3.605469
vt -2.935547 -3.605469
vt -2.929688 -3.613281
vt -2.898438 -3.595703
vt -2.900391 -3.583984
vt -2.896484 -3.593750
vt -2.896484 -3.582031
vt -3.044922 -4.226563
vt -2.929688 -3.880859
vt -3.054688 -4.218750
vt -2.933594 -3.869141
vt -2.927734 -3.871094
vt -2.931641 -3.867188
vt -2.929688 -3.865234
vt -2.890625 -3.851563
vt -2.894531 -3.843750
vt -2.890625 -3.841797
vt -3.896484 -3.357422
vt -3.894531 -3.355469
vt -3.896484 -3.355469
vt -3.894531 -3.357422
vt -3.892578 -3.355469
vt -3.892578 -3.357422
vt -3.917969 -3.357422
vt -3.917969 -3.355469
vt -3.892578 -3.298828
vt -3.447266 -3.353516
vt -3.447266 -3.298828
vt -3.919922 -3.357422
vt -3.919922 -3.355469
vt -3.917969 -3.298828
vt -3.896484 -3.298828
vt -3.894531 -3.298828
vt -3.447266 -3.357422
vt -3.919922 -3.298828
vt -2.894531 -3.582031
vt -2.892578 -3.593750
vt -2.750000 -3.593750
vt -2.746094 -3.582031
vt -2.744141 -3.593750
vt -2.744141 -3.582031
vt -2.888672 -3.851563
vt -2.888672 -3.841797
vt -2.742188 -3.851563
vt -2.740234 -3.841797
vt -2.738281 -3.851563
vt -2.738281 -3.841797
vt -3.701172 -3.105469
vt -3.701172 -2.970703
vt -4.128906 -3.281250
vt -4.128906 -2.794922
vt -1.368164 -4.136719
vt -1.368164 -3.652344
vt -1.649414 -4.136719
vt -1.649414 -3.652344
vt -0.822266 -3.216797
vt -1.092773 -3.486328
vt -0.744141 -3.642578
vt -1.024414 -3.642578
vt -1.170898 -2.902344
vt -1.239258 -3.058594
vt -0.890137 -2.902344
vt -0.968262 -3.328125
vt -1.555664 -1.561523
vt -1.559570 -1.558594
vt -1.555664 -1.872070
vt -1.559570 -1.875000
vt -1.511719 -1.875000
vt -1.511719 -1.843750
vt -1.515625 -1.872070
vt -1.515625 -1.845703
vt -1.547852 -1.558594
vt -1.552734 -1.561523
vt -1.547852 -1.875000
vt -1.552734 -1.872070
vt -1.506836 -1.843750
vt -1.506836 -1.875000
vt -1.501953 -1.845703
vt -1.501953 -1.872070
vt -1.910156 -3.244141
vt -1.907227 -3.244141
vt -1.831055 -3.183594
vt -1.829102 -3.183594
vt -2.564453 -2.652344
vt -2.500000 -2.634766
vt -2.433594 -2.613281
vt -2.433594 -2.615234
vt -1.741211 -2.355469
vt -1.741211 -2.353516
vt -1.747070 -2.351563
vt -1.747070 -2.414063
vt -1.741211 -2.414063
vt -1.747070 -2.416016
vt -1.741211 -2.416016
vt -3.292969 -3.298828
vt -3.443359 -3.298828
vt -3.328125 -3.353516
vt -3.443359 -3.353516
vt -3.445313 -3.353516
vt -3.445313 -3.298828
vt -4.238281 -0.111511
vt -4.500000 -0.205078
vt -4.238281 -0.113342
vt -4.496094 -0.205811
vt -1.288086 -3.218750
vt -1.278320 -3.234375
vt -1.236328 -3.183594
vt -1.220703 -3.203125
vt -1.288086 -3.216797
vt -1.236328 -3.181641
vt -3.791016 -0.104675
vt -3.791016 -0.110901
vt -3.693359 -0.104675
vt -3.693359 -0.109985
vt -3.791016 -0.301025
vt -3.693359 -0.304932
vt -3.791016 -0.307129
vt -3.693359 -0.307129
vt -2.095703 -1.155273
vt -2.085938 -1.185547
vt -2.078125 -1.159180
vt -2.072266 -1.178711
vt -2.099609 -1.183594
vt -2.123047 -1.183594
vt -2.099609 -1.214844
vt -2.130859 -1.217773
vt -2.099609 -1.185547
vt -2.099609 -1.216797
vt -2.082031 -1.192383
vt -2.076172 -1.217773
vt -3.876953 -2.775391
vt -3.876953 -2.865234
vt -3.837891 -2.775391
vt -3.837891 -2.865234
vt -3.835938 -2.865234
vt -3.796875 -2.865234
vt -3.835938 -2.775391
vt -3.796875 -2.775391
vt -1.515625 -0.069702
vt -1.515625 -0.507324
vt -1.475586 -0.069702
vt -1.475586 -0.507324
vt -2.046875 -2.068359
vt -2.046875 -1.882813
vt -2.085938 -2.068359
vt -2.138672 -1.882813
vt -2.230469 -2.078125
vt -2.191406 -2.078125
vt -2.230469 -1.893555
vt -2.138672 -1.893555
vt -4.160156 -2.177734
vt -3.865234 -2.177734
vt -4.160156 -1.528320
vt -3.865234 -1.528320
vt -2.316406 -0.320068
vt -2.318359 -0.322266
vt -2.316406 -0.322754
vt -2.318359 -0.324707
vt -1.265625 -1.880859
vt -1.265625 -2.457031
vt -1.263672 -1.880859
vt -1.263672 -2.457031
vt -1.596680 -2.416016
vt -1.590820 -2.416016
vt -1.596680 -2.414063
vt -1.590820 -2.414063
vt -1.596680 -2.355469
vt -1.590820 -2.351563
vt -1.596680 -2.353516
vt -2.015625 -3.564453
vt -2.058594 -3.607422
vt -2.017578 -3.562500
vt -2.521484 -3.607422
vt -2.060547 -3.607422
vt -2.519531 -3.607422
vt -2.523438 -3.607422
vt -2.566406 -3.564453
vt -2.564453 -3.562500
vt -2.568359 -3.562500
vt -2.011719 -3.562500
vt -1.470703 -0.973633
vt -1.472656 -0.972168
vt -1.472656 -0.973633
vt -1.470703 -0.972168
vt -1.470703 -1.033203
vt -1.470703 -1.032227
vt -1.472656 -1.033203
vt -1.472656 -1.032227
vt -1.613281 -0.974609
vt -1.611328 -0.974609
vt -1.613281 -0.972168
vt -1.611328 -0.972168
vt -1.609375 -0.974609
vt -1.609375 -0.972168
vt -1.611328 -1.031250
vt -1.611328 -1.033203
vt -1.609375 -1.031250
vt -1.609375 -1.033203
vt -1.613281 -1.032227
vt -1.613281 -1.034180
vt -1.507813 -1.842773
vt -1.507813 -1.875000
vt -4.019531 -3.640625
vt -3.968750 -3.976563
vt -3.968750 -3.625000
vt -4.019531 -3.976563
vt -3.968750 -3.978516
vt -4.019531 -3.978516
vt -3.544922 -3.294922
vt -3.375000 -3.294922
vt -3.544922 -3.291016
vt -3.375000 -3.291016
vt -3.544922 -3.281250
vt -3.375000 -3.281250
vt -3.546875 -3.271484
vt -3.373047 -3.271484
vt -3.552734 -3.265625
vt -3.367188 -3.265625
vt -3.648438 -3.167969
vt -3.271484 -3.167969
vt -3.654297 -3.158203
vt -3.263672 -3.158203
vt -3.656250 -3.152344
vt -3.261719 -3.152344
vt -3.656250 -3.144531
vt -3.261719 -3.144531
vt -4.765625 -2.259766
vt -4.765625 -2.255859
vt -4.765625 -2.119141
vt -4.765625 -2.117188
vt -1.210938 -2.457031
vt -1.235352 -1.880859
vt -1.235352 -2.457031
vt -1.210938 -1.880859
vt -1.208984 -1.880859
vt -1.208984 -2.457031
vt -0.949707 -2.488281
vt -0.949707 -2.882813
vt -0.939941 -2.488281
vt -0.939941 -2.882813
vt -0.922852 -2.488281
vt -0.922852 -2.882813
vt -0.880371 -2.488281
vt -0.880371 -2.882813
vt -0.877441 -2.488281
vt -0.877441 -2.882813
vt -1.791992 -3.085938
vt -1.790039 -3.085938
vt -1.808594 -3.201172
vt -1.762695 -3.089844
vt -1.804688 -3.203125
vt -1.758789 -3.089844
vt -3.621094 -0.108948
vt -3.507813 -0.108765
vt -3.621094 -0.103699
vt -3.507813 -0.103699
vt -3.621094 -0.303955
vt -3.507813 -0.300537
vt -3.507813 -0.306152
vt -3.621094 -0.306152
vt -4.757813 -2.115234
vt -4.757813 -2.117188
vt -4.757813 -2.119141
vt -4.757813 -2.257813
vt -4.757813 -2.259766
vt -4.757813 -2.255859
vt -4.144531 -3.361328
vt -4.144531 -3.363281
vt -4.148438 -3.361328
vt -4.148438 -3.363281
vt -4.121094 -3.363281
vt -4.121094 -3.361328
vt -4.121094 -3.306641
vt -4.593750 -3.355469
vt -4.148438 -3.306641
vt -4.593750 -3.300781
vt -4.593750 -3.357422
vt -4.144531 -3.306641
vt -4.828125 -0.780762
vt -4.664063 -0.348145
vt -4.828125 -0.781250
vt -3.005859 -3.146484
vt -3.007813 -3.136719
vt -3.007813 -3.146484
vt -3.005859 -3.136719
vt -3.007813 -3.134766
vt -2.867188 -3.146484
vt -2.871094 -3.148438
vt -2.869141 -3.148438
vt -3.005859 -3.132813
vt -3.005859 -3.134766
vt -2.859375 -3.136719
vt -3.005859 -3.148438
vt -3.007813 -3.148438
vt -2.871094 -2.541016
vt -2.867188 -2.542969
vt -2.869141 -2.541016
vt -3.007813 -2.542969
vt -3.005859 -2.541016
vt -3.007813 -2.541016
vt -3.007813 -2.552734
vt -2.859375 -2.552734
vt -3.121094 -3.134766
vt -3.123047 -3.132813
vt -3.123047 -3.134766
vt -3.121094 -3.132813
vt -3.009766 -3.132813
vt -3.121094 -2.556641
vt -3.123047 -2.556641
vt -3.009766 -2.556641
vt -3.009766 -3.134766
vt -3.121094 -2.554688
vt -3.123047 -2.554688
vt -3.009766 -2.554688
vt -3.007813 -2.554688
vt -3.005859 -2.556641
vt -2.857422 -2.556641
vt -2.857422 -3.134766
vt -2.857422 -3.132813
vt -2.853516 -3.134766
vt -2.857422 -2.554688
vt -2.853516 -2.554688
vt -2.853516 -2.556641
vt -2.697266 -2.554688
vt -2.697266 -2.556641
vt -2.695313 -2.554688
vt -2.695313 -2.556641
vt -2.697266 -3.132813
vt -2.695313 -3.132813
vt -2.695313 -3.134766
vt -2.697266 -3.134766
vt -2.853516 -3.132813
vt -3.472656 -3.357422
vt -3.460938 -3.359375
vt -3.455078 -3.357422
vt -1.363281 -3.150391
vt -1.370117 -3.150391
vt -1.363281 -3.152344
vt -1.370117 -3.152344
vt -1.363281 -2.527344
vt -1.370117 -2.527344
vt -1.455078 -3.150391
vt -1.455078 -2.527344
vt -1.455078 -2.525391
vt -1.370117 -2.525391
vt -1.363281 -2.525391
vt -1.455078 -3.152344
vt -2.326172 -3.296875
vt -2.324219 -3.294922
vt -2.462891 -3.296875
vt -2.464844 -3.294922
vt -2.472656 -3.287109
vt -2.466797 -3.294922
vt -2.464844 -3.296875
vt -2.314453 -3.287109
vt -2.322266 -3.294922
vt -2.324219 -3.296875
vt -3.455078 -3.359375
vt -4.210938 -1.582031
vt -4.207031 -1.582031
vt -4.207031 -1.578125
vt -4.203125 -1.578125
vt -4.843750 -1.643555
vt -4.843750 -2.121094
vt -4.812500 -2.089844
vt -4.812500 -2.087891
vt -4.804688 -1.643555
vt -4.843750 -1.513672
vt -4.207031 -1.513672
vt -4.203125 -1.513672
vt -4.207031 -1.643555
vt -4.203125 -1.645508
vt -4.203125 -1.643555
vt -4.203125 -1.641602
vt -4.207031 -1.585938
vt -4.203125 -1.585938
vt -4.207031 -2.275391
vt -4.203125 -2.275391
vt -4.718750 -1.998047
vt -4.476563 -2.275391
vt -3.630859 -0.155151
vt -3.630859 -0.158447
vt -3.628906 -0.157715
vt -3.628906 -0.161011
vt -3.630859 -0.307129
vt -3.630859 -0.304932
vt -3.628906 -0.304932
vt -3.628906 -0.307129
vt -1.881836 -3.255859
vt -1.914063 -3.248047
vt -1.912109 -3.248047
vt -1.885742 -3.259766
vt -1.881836 -3.261719
vt -1.877930 -3.257813
vt -2.148438 0.004368
vt -2.095703 0.002140
vt -2.095703 0.004368
vt -2.148438 0.002140
vt -2.095703 -0.033997
vt -2.148438 -0.033997
vt -2.095703 -0.036926
vt -2.148438 -0.036926
vt -2.148438 -0.039581
vt -2.095703 -0.039581
vt -2.095703 -0.187378
vt -2.148438 -0.187378
vt -2.095703 -0.190063
vt -2.148438 -0.190063
vt -2.148438 -0.192993
vt -2.095703 -0.192993
vt -2.148438 -0.229126
vt -2.095703 -0.229126
vt -2.148438 -0.231323
vt -2.095703 -0.231323
vt -1.152344 -3.625000
vt -1.152344 -3.572266
vt -1.171875 -3.572266
vt -1.152344 -3.503906
vt -1.184570 -3.503906
vt -1.152344 -3.421875
vt -1.189453 -3.421875
vt -1.184570 -3.337891
vt -1.152344 -3.337891
vt -1.171875 -3.269531
vt -1.152344 -3.269531
vt -1.152344 -3.216797
vt -1.148438 -3.503906
vt -1.148438 -3.625000
vt -1.152344 -3.660156
vt -1.148438 -3.660156
vt -1.148438 -3.572266
vt -1.146484 -3.570313
vt -1.146484 -3.503906
vt -1.148438 -3.421875
vt -1.148438 -3.337891
vt -1.148438 -3.269531
vt -1.146484 -3.421875
vt -1.146484 -3.337891
vt -1.146484 -3.271484
vt -1.146484 -3.218750
vt -1.148438 -3.216797
vt -1.152344 -3.181641
vt -1.148438 -3.181641
vt -1.120117 -3.234375
vt -1.120117 -3.283203
vt -1.120117 -3.345703
vt -1.120117 -3.421875
vt -1.120117 -3.498047
vt -1.120117 -3.558594
vt -1.120117 -3.607422
vt -1.146484 -3.623047
vt -1.117188 -3.605469
vt -1.117188 -3.556641
vt -1.117188 -3.496094
vt -1.117188 -3.421875
vt -1.117188 -3.345703
vt -1.117188 -3.285156
vt -1.117188 -3.236328
vt -4.835938 -2.378906
vt -4.832031 -2.382813
vt -4.832031 -2.384766
vt -4.835938 -2.316406
vt -4.195313 -2.316406
vt -4.238281 -2.445313
vt -4.199219 -2.445313
vt -4.835938 -2.386719
vt -4.835938 -2.445313
vt -4.324219 -2.800781
vt -4.230469 -2.890625
vt -4.226563 -2.892578
vt -4.199219 -2.923828
vt -4.835938 -2.443359
vt -4.835938 -2.447266
vt -4.835938 -3.078125
vt -4.562500 -3.078125
vt -2.742188 -3.765625
vt -2.742188 -3.755859
vt -2.746094 -3.765625
vt -2.746094 -3.755859
vt -2.890625 -3.765625
vt -2.892578 -3.755859
vt -2.896484 -3.765625
vt -2.896484 -3.755859
vt -1.157227 -1.856445
vt -1.313477 -1.854492
vt -1.313477 -1.856445
vt -1.157227 -1.854492
vt -1.313477 -1.279297
vt -1.157227 -1.279297
vt -1.157227 -1.278320
vt -1.313477 -1.278320
vt -1.288086 -3.623047
vt -1.236328 -3.658203
vt -1.278320 -3.607422
vt -1.220703 -3.638672
vt -3.533203 -3.015625
vt -3.580078 -3.128906
vt -3.531250 -3.017578
vt -3.576172 -3.128906
vt -3.548828 -3.132813
vt -3.460938 -2.958984
vt -3.457031 -2.960938
vt -3.509766 -3.033203
vt -3.507813 -3.035156
vt -3.546875 -3.132813
vt -3.457031 -2.957031
vt -3.453125 -2.958984
vt -3.431641 -2.972656
vt -3.429688 -2.974609
vt -3.427734 -2.970703
vt -3.423828 -2.970703
vt -4.066406 -0.151978
vt -4.070313 -0.154541
vt -4.066406 -0.298584
vt -4.070313 -0.298584
vt -4.070313 -0.300537
vt -4.066406 -0.300537
vt -4.007813 -0.098206
vt -4.066406 -0.148682
vt -4.007813 -0.103516
vt -4.007813 -0.298584
vt -4.007813 -0.300537
vt -4.070313 -0.151245
vt -1.920898 -3.105469
vt -1.842773 -3.166016
vt -1.918945 -3.103516
vt -1.839844 -3.164063
vt -1.838867 -3.169922
vt -1.835938 -3.167969
vt -1.942383 -3.121094
vt -1.868164 -3.177734
vt -1.864258 -3.179688
vt -1.945313 -3.123047
vt -1.872070 -3.179688
vt -1.868164 -3.181641
vt -4.195313 -0.295654
vt -4.195313 -0.300537
vt -4.082031 -0.298584
vt -4.082031 -0.300537
vt -4.082031 -0.103516
vt -4.082031 -0.098206
vt -4.195313 -0.103699
vt -4.195313 -0.098206
vt -1.544922 -1.875000
vt -1.518555 -1.875000
vt -1.544922 -1.564453
vt -1.518555 -1.564453
vt -4.425781 -2.972656
vt -4.421875 -2.966797
vt -4.425781 -2.966797
vt -4.421875 -2.972656
vt -4.425781 -3.269531
vt -4.417969 -3.269531
vt -4.187500 -2.972656
vt -4.187500 -3.269531
vt -4.179688 -3.269531
vt -4.179688 -2.972656
vt -4.187500 -2.966797
vt -4.179688 -2.966797
vt -1.560547 -1.558594
vt -1.560547 -1.875000
vt -1.561523 -1.557617
vt -1.561523 -1.875000
vt -2.744141 -3.675781
vt -2.746094 -3.675781
vt -2.744141 -3.689453
vt -2.750000 -3.689453
vt -2.892578 -3.689453
vt -2.894531 -3.675781
vt -2.898438 -3.689453
vt -2.898438 -3.675781
vt -2.587891 -4.144531
vt -2.578125 -4.132813
vt -2.703125 -3.794922
vt -2.701172 -3.783203
vt -2.707031 -3.785156
vt -2.701172 -3.781250
vt -2.703125 -3.779297
vt -2.740234 -3.757813
vt -2.595703 -4.046875
vt -2.585938 -4.039063
vt -2.708984 -3.710938
vt -2.703125 -3.703125
vt -2.708984 -3.707031
vt -2.703125 -3.701172
vt -2.705078 -3.699219
vt -2.710938 -3.707031
vt -2.742188 -3.677734
vt -1.934570 -0.230957
vt -2.007813 -0.228760
vt -2.007813 -0.230957
vt -1.934570 -0.228760
vt -2.015625 -0.084473
vt -2.011719 -0.084473
vt -2.015625 -0.081238
vt -2.011719 -0.081177
vt -2.007813 -0.081970
vt -2.007813 -0.078613
vt -1.934570 -0.033691
vt -1.934570 -0.028427
vt -2.011719 -0.230957
vt -2.011719 -0.228760
vt -2.041016 -0.230957
vt -2.042969 -0.228760
vt -2.042969 -0.230957
vt -2.041016 -0.228760
vt -2.015625 -0.230957
vt -2.015625 -0.228760
vt -2.041016 -0.084717
vt -2.041016 -0.081482
vt -2.042969 -0.084778
vt -2.042969 -0.081543
vt -1.546875 -1.557617
vt -1.546875 -1.875000
vt -2.324219 -2.701172
vt -2.314453 -2.708984
vt -2.322266 -2.701172
vt -2.324219 -2.699219
vt -2.326172 -2.699219
vt -2.462891 -2.699219
vt -2.464844 -2.701172
vt -2.464844 -2.699219
vt -2.466797 -2.701172
vt -2.472656 -2.708984
vt -4.750000 -2.109375
vt -4.750000 -2.265625
vt -4.730469 -3.798828
vt -4.726563 -3.800781
vt -4.726563 -3.380859
vt -1.619141 -1.037109
vt -1.619141 -0.974609
vt -1.619141 -0.972168
vt -2.701172 -3.609375
vt -2.708984 -3.613281
vt -2.585938 -3.943359
vt -2.595703 -3.953125
vt -2.742188 -3.583984
vt -2.705078 -3.605469
vt -2.703125 -3.605469
vt -1.930664 -3.613281
vt -1.771484 -3.617188
vt -1.773438 -3.613281
vt -1.935547 -3.617188
vt -1.761719 -3.626953
vt -1.678711 -3.669922
vt -2.078125 -4.132813
vt -1.677734 -4.132813
vt -2.078125 -3.673828
vt -1.677734 -3.673828
vt -2.078125 -3.671875
vt -1.677734 -3.671875
vt -2.074219 -3.669922
vt -1.719727 -3.626953
vt -1.717773 -3.626953
vt -1.675781 -3.669922
vt -1.674805 -3.671875
vt -1.674805 -3.673828
vt -1.674805 -4.132813
vt -2.074219 -4.136719
vt -1.678711 -4.132813
vt -1.935547 -4.187500
vt -1.761719 -4.175781
vt -1.771484 -4.187500
vt -1.930664 -4.191406
vt -1.773438 -4.191406
vt -1.675781 -4.132813
vt -1.717773 -4.175781
vt -1.719727 -4.175781
vt -3.046875 -4.046875
vt -2.931641 -3.707031
vt -3.056641 -4.039063
vt -2.939453 -3.703125
vt -2.937500 -3.699219
vt -2.900391 -3.677734
vt -2.939453 -3.701172
vt -4.148438 -3.302734
vt -1.689453 -3.162109
vt -1.728516 -3.136719
vt -1.728516 -3.138672
vt -1.898438 -2.691406
vt -1.899414 -2.685547
vt -1.899414 -2.689453
vt -1.686523 -2.523438
vt -1.686523 -3.162109
vt -1.686523 -3.164063
vt -1.899414 -2.523438
vt -4.125000 -2.707031
vt -4.121094 -2.707031
vt -4.125000 -2.216797
vt -4.121094 -2.216797
vt -3.750000 -2.707031
vt -3.750000 -2.216797
vt -3.746094 -2.707031
vt -3.746094 -2.216797
vt -4.578125 -3.705078
vt -4.144531 -3.359375
vt -4.578125 -3.359375
vt -4.144531 -4.019531
vt -4.496094 -4.019531
vt -4.144531 -3.357422
vt -4.140625 -3.357422
vt -4.140625 -3.359375
vt -4.105469 -3.359375
vt -4.101563 -3.990234
vt -4.101563 -3.359375
vt -4.097656 -3.990234
vt -4.105469 -3.988281
vt -4.105469 -3.357422
vt -4.101563 -3.357422
vt -1.085938 -4.031250
vt -1.087891 -4.031250
vt -1.089844 -4.031250
vt -1.089844 -4.035156
vt -1.085938 -3.656250
vt -1.087891 -3.654297
vt -1.089844 -3.656250
vt -1.085938 -3.654297
vt -1.087891 -3.652344
vt -1.089844 -3.654297
vt -1.737305 -2.416016
vt -1.737305 -2.414063
vt -1.739258 -2.416016
vt -1.739258 -2.414063
vt -1.739258 -2.353516
vt -1.739258 -2.357422
vt -1.737305 -2.357422
vt -1.600586 -2.416016
vt -1.600586 -2.414063
vt -1.600586 -2.355469
vt -1.737305 -2.353516
vt -1.598633 -2.355469
vt -1.598633 -2.414063
vt -1.598633 -2.416016
vt -4.589844 -3.359375
vt -3.048828 -2.318359
vt -3.050781 -2.316406
vt -3.091797 -2.318359
vt -3.093750 -2.316406
vt -3.046875 -2.318359
vt -3.048828 -2.316406
vt -2.388672 -2.097656
vt -2.388672 -2.095703
vt -2.390625 -2.097656
vt -2.390625 -2.095703
vt -0.998535 -4.035156
vt -0.996582 -4.035156
vt -0.994629 -4.035156
vt -0.994141 -4.039063
vt -0.949707 -4.046875
vt -0.947266 -4.046875
vt -0.994629 -3.660156
vt -0.997070 -3.658203
vt -0.998535 -3.660156
vt -0.998535 -3.658203
vt -0.997070 -3.656250
vt -0.994629 -3.658203
vt -1.149414 -4.042969
vt -1.150391 -4.042969
vt -1.151367 -4.046875
vt -1.169922 -4.062500
vt -1.170898 -4.062500
vt -1.170898 -4.128906
vt -1.169922 -4.128906
vt -1.136719 -4.089844
vt -1.136719 -4.042969
vt -1.148438 -3.701172
vt -1.056641 -4.085938
vt -1.058594 -4.085938
vt -1.056641 -4.089844
vt -1.058594 -4.089844
vt -1.058594 -4.128906
vt -1.056641 -4.128906
vt -1.134766 -4.085938
vt -1.322266 -3.755859
vt -1.319336 -3.753906
vt -1.322266 -3.753906
vt -1.319336 -3.751953
vt -1.134766 -4.042969
vt -1.319336 -3.773438
vt -1.152344 -3.705078
vt -1.319336 -3.775391
vt -1.322266 -3.773438
vt -1.322266 -3.777344
vt -1.150391 -3.705078
vt -1.150391 -3.703125
vt -2.744141 -1.929688
vt -2.746094 -1.929688
vt -2.744141 -1.931641
vt -2.746094 -1.931641
vt -1.131836 -1.202148
vt -1.227539 -1.270508
vt -1.227539 -1.272461
vt -1.131836 -1.199219
vt -1.129883 -1.201172
vt -1.129883 -1.197266
vt -1.125977 -1.201172
vt -1.125977 -1.197266
vt -1.083984 -1.201172
vt -1.083984 -1.197266
vt -1.131836 -0.970215
vt -1.129883 -0.971680
vt -1.125977 -0.971680
vt -1.083984 -0.971680
vt -1.083984 -0.968262
vt -1.125977 -0.968262
vt -1.227539 -0.896484
vt -1.131836 -0.966797
vt -1.227539 -0.895020
vt -1.129883 -0.968262
vt -1.443359 -0.900879
vt -1.441406 -0.896484
vt -1.443359 -0.895508
vt -1.440430 -0.903809
vt -1.344727 -0.966797
vt -1.344727 -0.970215
vt -1.342773 -0.968262
vt -1.342773 -0.971680
vt -1.342773 -1.197266
vt -1.344727 -1.199219
vt -1.342773 -1.201172
vt -1.344727 -1.202148
vt -1.441406 -1.271484
vt -1.441406 -1.274414
vt -1.443359 -1.273438
vt -1.443359 -1.276367
vt -1.315430 -1.854492
vt -1.315430 -1.856445
vt -1.315430 -1.279297
vt -1.315430 -1.278320
vt -1.234375 -1.270508
vt -1.236328 -1.272461
vt -1.234375 -1.273438
vt -1.236328 -1.269531
vt -1.333008 -1.200195
vt -1.333008 -1.197266
vt -1.335938 -1.198242
vt -1.335938 -1.195313
vt -1.333008 -0.967773
vt -1.335938 -0.969238
vt -1.335938 -0.965820
vt -1.333008 -0.964355
vt -1.236328 -0.899902
vt -1.236328 -0.894043
vt -1.234375 -0.898438
vt -1.234375 -0.893066
vt -3.050781 -1.939453
vt -3.048828 -1.939453
vt -3.048828 -1.938477
vt -3.046875 -1.938477
vt -3.148438 -2.011719
vt -3.144531 -2.011719
vt -3.048828 -1.941406
vt -3.146484 -2.015625
vt -3.144531 -2.013672
vt -3.146484 -2.013672
vt -3.150391 -2.015625
vt -3.150391 -2.013672
vt -3.148438 -2.248047
vt -3.189453 -2.248047
vt -3.144531 -2.248047
vt -3.144531 -2.244141
vt -3.146484 -2.242188
vt -3.150391 -2.242188
vt -3.191406 -2.242188
vt -3.191406 -2.015625
vt -3.191406 -2.013672
vt -3.189453 -2.011719
vt -3.093750 -1.939453
vt -3.091797 -1.938477
vt -3.150391 -2.246094
vt -3.191406 -2.246094
vt -3.146484 -2.246094
vt -5.152344 -1.041016
vt -5.140625 -1.041016
vt -5.152344 -1.038086
vt -5.140625 -1.038086
vt -5.144531 -0.892090
vt -5.152344 -0.889648
vt -5.144531 -0.889648
vt -2.058594 -2.195313
vt -2.058594 -2.238281
vt -2.056641 -2.197266
vt -2.056641 -2.240234
vt -2.056641 -2.193359
vt -2.058594 -2.191406
vt -2.154297 -2.095703
vt -2.154297 -2.099609
vt -2.154297 -2.140625
vt -1.370117 -1.278320
vt -1.372070 -1.278320
vt -1.370117 -1.279297
vt -1.372070 -1.279297
vt -1.374023 -1.279297
vt -1.374023 -1.281250
vt -1.325195 -1.279297
vt -1.325195 -1.278320
vt -1.327148 -1.279297
vt -1.473633 -1.380859
vt -1.471680 -1.378906
vt -1.473633 -1.376953
vt -1.471680 -1.375000
vt -1.473633 -1.422852
vt -1.471680 -1.420898
vt -1.374023 -1.324219
vt -1.372070 -1.322266
vt -1.370117 -1.322266
vt -1.327148 -1.855469
vt -1.325195 -1.855469
vt -1.325195 -1.856445
vt -1.370117 -1.855469
vt -1.372070 -1.856445
vt -1.370117 -1.856445
vt -1.372070 -1.855469
vt -1.372070 -1.812500
vt -1.370117 -1.813477
vt -3.300781 -3.005859
vt -3.259766 -3.119141
vt -3.255859 -3.119141
vt -3.304688 -3.007813
vt -3.326172 -3.023438
vt -3.285156 -3.123047
vt -3.328125 -3.025391
vt -3.287109 -3.123047
vt -3.375000 -2.949219
vt -3.378906 -2.951172
vt -3.404297 -2.962891
vt -3.406250 -2.964844
vt -3.408203 -2.960938
vt -3.410156 -2.960938
vt -3.382813 -2.949219
vt -3.378906 -2.947266
vt -1.564453 -1.875000
vt -1.562500 -1.875000
vt -1.564453 -1.874023
vt -1.562500 -1.874023
vt -1.601563 -1.874023
vt -1.600586 -1.874023
vt -1.601563 -1.551758
vt -1.601563 -1.875000
vt -1.600586 -1.875000
vt -1.600586 -1.551758
vt -1.598633 -1.873047
vt -1.565430 -1.873047
vt -1.565430 -1.553711
vt -1.566406 -1.554688
vt -1.598633 -1.553711
vt -1.598633 -1.554688
vt -1.598633 -1.872070
vt -1.564453 -1.551758
vt -1.562500 -1.551758
vt -1.566406 -1.872070
vt -1.047852 -1.856445
vt -1.047852 -1.855469
vt -1.049805 -1.855469
vt -1.090820 -1.856445
vt -1.088867 -1.855469
vt -1.090820 -1.855469
vt -1.090820 -1.279297
vt -1.088867 -1.279297
vt -1.049805 -1.279297
vt -1.047852 -1.279297
vt -1.047852 -1.278320
vt -1.090820 -1.278320
vt -5.121094 -0.839355
vt -5.121094 -0.842285
vt -5.113281 -0.835938
vt -5.109375 -0.836914
vt -5.339844 -1.003906
vt -5.347656 -1.000000
vt -5.375000 -1.026367
vt -5.378906 -1.023438
vt -5.343750 -0.996094
vt -5.343750 -0.998047
vt -5.335938 -1.000977
vt -5.335938 -1.002930
vt -5.117188 -0.843750
vt -5.109375 -0.838867
vt -1.337891 -3.152344
vt -1.343750 -3.154297
vt -1.337891 -3.154297
vt -1.343750 -3.152344
vt -1.343750 -2.529297
vt -1.343750 -2.527344
vt -1.337891 -2.527344
vt -1.337891 -2.529297
vt -1.252930 -3.152344
vt -1.252930 -3.154297
vt -1.252930 -2.527344
vt -1.252930 -2.529297
vt -4.847656 -1.418945
vt -4.847656 -1.272461
vt -4.855469 -1.417969
vt -4.855469 -1.271484
vt -4.847656 -1.269531
vt -4.855469 -1.269531
vt -4.683594 -0.825195
vt -4.687500 -0.821777
vt -4.847656 -1.266602
vt -4.855469 -1.266602
vt -3.904297 -0.098328
vt -3.904297 -0.103577
vt -3.830078 -0.148438
vt -3.830078 -0.151855
vt -3.826172 -0.151123
vt -3.826172 -0.154297
vt -3.822266 -0.151123
vt -3.822266 -0.154297
vt -3.794922 -0.154663
vt -3.794922 -0.151367
vt -3.796875 -0.154663
vt -3.796875 -0.151367
vt -3.796875 -0.298584
vt -3.796875 -0.300781
vt -3.794922 -0.298584
vt -3.794922 -0.300781
vt -3.822266 -0.298584
vt -3.822266 -0.300781
vt -3.826172 -0.300781
vt -3.826172 -0.298584
vt -3.830078 -0.300781
vt -3.830078 -0.298584
vt -3.904297 -0.298584
vt -3.904297 -0.300781
vt -4.476563 -3.136719
vt -4.476563 -3.292969
vt -4.472656 -3.140625
vt -4.472656 -3.291016
vt -4.429688 -3.246094
vt -2.212891 -3.439453
vt -2.005859 -3.408203
vt -2.212891 -3.408203
vt -2.001953 -3.550781
vt -2.367188 -3.439453
vt -2.578125 -3.550781
vt -2.576172 -3.408203
vt -2.367188 -3.408203
vt -1.141602 -1.856445
vt -1.141602 -1.855469
vt -1.143555 -1.856445
vt -1.143555 -1.855469
vt -1.102539 -1.856445
vt -1.102539 -1.855469
vt -1.143555 -1.279297
vt -1.141602 -1.279297
vt -1.102539 -1.279297
vt -1.141602 -1.278320
vt -1.102539 -1.278320
vt -1.143555 -1.278320
vt -1.277344 -3.605469
vt -1.274414 -3.599609
vt -1.315430 -3.556641
vt -1.310547 -3.552734
vt -1.338867 -3.496094
vt -1.333984 -3.494141
vt -1.346680 -3.421875
vt -1.220703 -3.636719
vt -1.218750 -3.630859
vt -1.218750 -3.210938
vt -1.274414 -3.242188
vt -1.310547 -3.289063
vt -1.333984 -3.347656
vt -1.342773 -3.421875
vt -1.338867 -3.345703
vt -1.315430 -3.285156
vt -1.277344 -3.236328
vt -1.220703 -3.205078
vt -0.762207 -3.777344
vt -0.762207 -3.759766
vt -0.765137 -3.777344
vt -0.762207 -3.781250
vt -0.765137 -3.779297
vt -0.931641 -3.707031
vt -0.935547 -3.703125
vt -0.765137 -3.757813
vt -0.934082 -3.707031
vt -0.934082 -3.708984
vt -0.949707 -4.089844
vt -0.947266 -4.093750
vt -0.762207 -3.757813
vt -0.765137 -3.755859
vt -0.935059 -4.046875
vt -0.934082 -4.046875
vt -0.933105 -4.050781
vt -0.914063 -4.066406
vt -0.913574 -4.066406
vt -0.914063 -4.132813
vt -1.025391 -4.132813
vt -1.025391 -4.093750
vt -1.027344 -4.132813
vt -1.027344 -4.093750
vt -1.025391 -4.089844
vt -1.027344 -4.089844
vt -1.154297 -1.854492
vt -1.154297 -1.856445
vt -1.154297 -1.279297
vt -1.154297 -1.278320
vt -1.352539 -2.455078
vt -1.355469 -2.455078
vt -1.352539 -2.457031
vt -1.355469 -2.457031
vt -1.383789 -2.455078
vt -1.355469 -1.881836
vt -1.383789 -1.881836
vt -1.355469 -1.879883
vt -1.383789 -1.879883
vt -1.352539 -1.879883
vt -1.352539 -1.881836
vt -1.383789 -2.457031
vt -2.722656 -2.466797
vt -2.724609 -2.466797
vt -2.724609 -2.468750
vt -2.724609 -1.891602
vt -2.722656 -1.891602
vt -2.648438 -2.466797
vt -2.648438 -2.468750
vt -2.648438 -1.891602
vt -2.648438 -1.890625
vt -2.724609 -1.890625
vt -2.169922 -1.152344
vt -2.166016 -1.152344
vt -2.167969 -1.150391
vt -2.166016 -1.150391
vt -2.175781 -1.151367
vt -2.177734 -1.148438
vt -2.179688 -1.151367
vt -2.179688 -1.149414
vt -2.146484 -1.112305
vt -2.140625 -1.114258
vt -4.609375 -3.292969
vt -4.613281 -3.294922
vt -4.609375 -3.294922
vt -4.613281 -3.292969
vt -4.660156 -3.134766
vt -4.656250 -3.136719
vt -4.656250 -3.134766
vt -4.687500 -3.294922
vt -4.687500 -3.292969
vt -4.687500 -3.136719
vt -4.687500 -3.134766
vt -1.991211 -3.009766
vt -1.987305 -3.009766
vt -1.960938 -3.005859
vt -1.958984 -3.005859
vt -3.910156 -0.098206
vt -3.910156 -0.103699
vt -3.910156 -0.295654
vt -3.910156 -0.300537
vt -2.564453 -3.275391
vt -2.500000 -3.275391
vt -2.500000 -3.251953
vt -2.564453 -3.251953
vt -2.500000 -3.250000
vt -2.564453 -3.250000
vt -2.500000 -2.804688
vt -2.564453 -2.804688
vt -5.140625 -1.042969
vt -5.148438 -1.042969
vt -4.980469 -1.488281
vt -4.976563 -1.485352
vt -3.882813 -2.857422
vt -3.882813 -2.851563
vt -3.884766 -2.857422
vt -3.884766 -2.851563
vt -3.955078 -2.857422
vt -3.955078 -2.851563
vt -3.957031 -2.857422
vt -3.957031 -2.851563
vt -3.955078 -2.767578
vt -3.884766 -2.767578
vt -3.957031 -2.767578
vt -3.882813 -2.767578
vt -1.509766 -1.875000
vt -1.509766 -1.842773
vt -1.510742 -1.875000
vt -1.510742 -1.843750
vt -2.388672 -2.671875
vt -2.390625 -2.671875
vt -2.388672 -2.673828
vt -2.390625 -2.673828
vt -2.156250 -2.673828
vt -2.160156 -2.671875
vt -2.160156 -2.673828
vt -2.156250 -2.671875
vt -2.156250 -2.628906
vt -2.160156 -2.628906
vt -2.156250 -2.138672
vt -2.160156 -2.138672
vt -2.156250 -2.097656
vt -2.160156 -2.097656
vt -2.160156 -2.095703
vt -2.156250 -2.095703
vt -2.568359 -3.246094
vt -4.746094 -3.298828
vt -4.710938 -3.355469
vt -4.597656 -3.300781
vt -4.597656 -3.355469
vt -2.744141 -2.507813
vt -2.744141 -2.505859
vt -2.746094 -2.507813
vt -2.746094 -2.505859
vt -3.042969 -2.507813
vt -3.041016 -2.505859
vt -3.042969 -2.505859
vt -3.041016 -2.507813
vt -2.767578 -2.505859
vt -2.765625 -2.507813
vt -2.767578 -2.507813
vt -2.769531 -2.507813
vt -3.042969 -1.931641
vt -3.041016 -1.931641
vt -2.767578 -1.931641
vt -2.765625 -1.929688
vt -3.042969 -1.929688
vt -3.041016 -1.929688
vt -2.769531 -1.929688
vt -2.767578 -1.929688
vt -4.531250 -3.132813
vt -4.531250 -3.134766
vt -4.535156 -3.134766
vt -4.578125 -3.294922
vt -4.578125 -3.291016
vt -4.574219 -3.291016
vt -4.609375 -3.132813
vt -4.609375 -3.134766
vt -4.609375 -3.291016
vt -4.953125 -1.435547
vt -4.941406 -1.435547
vt -4.953125 -1.290039
vt -4.941406 -1.289063
vt -4.953125 -1.286133
vt -4.941406 -1.286133
vt -4.625000 -0.410400
vt -4.625000 -0.409180
vt -4.625000 -0.408203
vt -4.625000 -0.407227
vt -4.664063 -0.433594
vt -4.664063 -0.431152
vt -4.835938 -0.878906
vt -4.832031 -0.878906
vt -4.667969 -0.434082
vt -4.664063 -0.432129
vt -2.500000 -2.800781
vt -2.564453 -2.800781
vt -2.500000 -2.798828
vt -2.564453 -2.798828
vt -2.144531 -1.110352
vt -2.199219 -1.110352
vt -2.205078 -1.113281
vt -5.085938 -0.537109
vt -4.917969 -0.985352
vt -5.082031 -0.537598
vt -4.914063 -0.986816
vt -4.914063 -0.989746
vt -4.878906 -1.008789
vt -4.878906 -1.010742
vt -4.917969 -0.988281
vt -4.496094 0.216675
vt -4.496094 0.215820
vt -4.238281 0.123596
vt -4.238281 0.121704
vt -4.214844 -0.071411
vt -4.214844 -0.074341
vt -4.210938 -0.071411
vt -4.210938 -0.068787
vt -4.210938 0.079041
vt -4.214844 0.081665
vt -4.210938 0.081665
vt -4.214844 0.084595
vt -4.234375 0.120728
vt -4.238281 0.122986
vt -3.457031 -2.058594
vt -3.457031 -2.052734
vt -3.714844 -1.923828
vt -3.716797 -1.917969
vt -3.457031 -1.638672
vt -3.791016 -1.638672
vt -3.455078 -2.054688
vt -3.455078 -1.638672
vt -3.455078 -2.058594
vt -4.875000 -1.010742
vt -4.875000 -1.012695
vt -2.699219 -3.875000
vt -2.695313 -3.869141
vt -2.701172 -3.871094
vt -2.697266 -3.867188
vt -2.699219 -3.865234
vt -2.703125 -3.871094
vt -2.736328 -3.851563
vt -2.734375 -3.843750
vt -2.574219 -4.218750
vt -2.583984 -4.226563
vt -2.933594 -3.789063
vt -2.931641 -3.785156
vt -2.937500 -3.783203
vt -2.937500 -3.781250
vt -2.935547 -3.779297
vt -2.898438 -3.757813
vt -3.050781 -4.144531
vt -3.060547 -4.132813
vt -2.212891 -1.155273
vt -2.212891 -1.156250
vt -2.210938 -1.157227
vt -2.210938 -1.159180
vt -2.210938 -1.114258
vt -2.212891 -1.115234
vt -2.234375 -1.191406
vt -2.234375 -1.197266
vt -5.378906 -1.027344
vt -5.152344 -0.812012
vt -5.152344 -0.816895
vt -5.148438 -0.813477
vt -5.066406 -0.811035
vt -5.066406 -0.813477
vt -5.062500 -0.811523
vt -5.062500 -0.813477
vt -4.898438 -1.258789
vt -4.894531 -1.258789
vt -2.373047 -0.224854
vt -2.373047 -0.223633
vt -2.373047 0.115662
vt -2.371094 0.120422
vt -2.648438 -2.673828
vt -2.583984 -2.673828
vt -2.648438 -2.671875
vt -2.583984 -2.671875
vt -2.648438 -2.669922
vt -2.583984 -2.669922
vt -2.583984 -2.521484
vt -2.648438 -2.505859
vt -5.167969 -0.556152
vt -5.179688 -0.555176
vt -4.941406 -1.284180
vt -4.957031 -1.284180
vt -1.236328 -3.660156
vt -1.288086 -3.625000
vt -1.527344 -0.490967
vt -1.530273 -0.491699
vt -1.527344 -0.495850
vt -1.530273 -0.496582
vt -1.566406 -0.502930
vt -1.566406 -0.507813
vt -1.569336 -0.503418
vt -1.569336 -0.508789
vt -5.101563 -0.790039
vt -5.101563 -0.788086
vt -5.105469 -0.789063
vt -5.105469 -0.787109
vt -2.712891 -2.482422
vt -2.712891 -2.484375
vt -2.583984 -3.146484
vt -2.583984 -3.144531
vt -2.648438 -3.146484
vt -2.648438 -3.144531
vt -2.648438 -3.123047
vt -2.583984 -3.123047
vt -2.648438 -3.121094
vt -2.583984 -3.121094
vt -2.648438 -3.119141
vt -2.583984 -3.119141
vt -4.031250 -3.970703
vt -4.031250 -3.621094
vt -4.085938 -3.957031
vt -4.085938 -3.621094
vt -4.031250 -3.619141
vt -4.085938 -3.619141
vt -3.949219 -3.990234
vt -3.945313 -3.359375
vt -3.949219 -3.359375
vt -3.945313 -3.990234
vt -3.951172 -3.990234
vt -3.949219 -3.357422
vt -3.945313 -3.357422
vt -3.910156 -3.357422
vt -3.910156 -3.359375
vt -3.910156 -4.019531
vt -3.945313 -4.019531
vt -3.949219 -4.019531
vt -3.951172 -4.019531
vt -4.097656 -4.019531
vt -4.101563 -4.019531
vt -4.105469 -4.019531
vt -4.140625 -4.019531
vt -3.904297 -3.359375
vt -3.904297 -3.357422
vt -3.906250 -3.359375
vt -3.906250 -3.357422
vt -3.906250 -4.019531
vt -3.904297 -4.019531
vt -3.472656 -3.705078
vt -3.472656 -3.359375
vt -3.552734 -4.019531
vt -2.308594 -0.226807
vt -2.154297 0.044464
vt -2.308594 0.044464
vt -2.154297 -0.226807
vt -2.304688 -0.229492
vt -2.158203 -0.229492
vt -2.154297 -0.229492
vt -2.308594 -0.229492
vt -3.421875 -1.638672
vt -3.162109 -1.917969
vt -3.087891 -1.638672
vt -3.425781 -2.054688
vt -3.423828 -2.052734
vt -3.425781 -1.638672
vt -3.164063 -1.922852
vt -3.423828 -2.058594
vt -3.425781 -2.058594
vt -4.867188 -0.803223
vt -4.867188 -0.805664
vt -4.867188 -0.806152
vt -4.867188 -0.807617
vt -4.828125 -0.782715
vt -4.828125 -0.784180
vt -1.725586 -0.502930
vt -1.725586 -0.507813
vt -1.722656 -0.503418
vt -1.722656 -0.508789
vt -1.763672 -0.490967
vt -1.763672 -0.495850
vt -1.761719 -0.491699
vt -1.761719 -0.496582
vt -1.761719 -0.074829
vt -1.763672 -0.074829
vt -1.725586 -0.074829
vt -1.722656 -0.074829
vt -1.719727 -0.503418
vt -1.719727 -0.074829
vt -1.571289 -0.074829
vt -1.571289 -0.503418
vt -1.569336 -0.074829
vt -1.566406 -0.074829
vt -1.530273 -0.074829
vt -1.527344 -0.074829
vt -1.719727 -0.508789
vt -1.571289 -0.508789
vt -4.234375 -0.110474
vt -4.238281 -0.112732
vt -1.030273 -2.083984
vt -1.033203 -2.253906
vt -1.030273 -2.253906
vt -1.033203 -2.083984
vt -1.104492 -2.253906
vt -1.104492 -2.083984
vt -1.107422 -2.253906
vt -1.104492 -2.257813
vt -1.107422 -2.257813
vt -1.104492 -2.455078
vt -1.107422 -2.455078
vt -1.109375 -2.455078
vt -1.109375 -2.255859
vt -1.179688 -2.457031
vt -1.179688 -1.880859
vt -1.109375 -2.080078
vt -1.109375 -1.882813
vt -1.107422 -1.882813
vt -1.107422 -2.080078
vt -1.104492 -1.882813
vt -1.104492 -2.080078
vt -1.107422 -2.082031
vt -1.300781 -1.886719
vt -1.299805 -1.879883
vt -1.301758 -1.883789
vt -1.298828 -1.879883
vt -1.297852 -1.879883
vt -1.294922 -1.879883
vt -1.293945 -1.879883
vt -1.293945 -1.880859
vt -1.300781 -2.451172
vt -1.293945 -2.457031
vt -1.294922 -2.457031
vt -1.297852 -2.457031
vt -1.298828 -2.457031
vt -1.299805 -2.457031
vt -1.301758 -2.453125
vt -1.310547 -2.437500
vt -1.310547 -2.435547
vt -1.323242 -2.435547
vt -1.310547 -1.902344
vt -1.323242 -1.902344
vt -1.310547 -1.899414
vt -1.302734 -1.885742
vt -1.302734 -2.451172
vt -1.310547 -1.900391
vt -1.582031 -1.299805
vt -1.497070 -1.360352
vt -1.543945 -1.298828
vt -1.495117 -1.484375
vt -1.636719 -1.533203
vt -1.706055 -1.568359
vt -1.661133 -1.617188
vt -1.697266 -1.640625
vt -1.848633 -1.640625
vt -1.839844 -1.568359
vt -1.884766 -1.617188
vt -1.909180 -1.533203
vt -1.963867 -1.299805
vt -2.050781 -1.484375
vt -2.048828 -1.360352
vt -2.001953 -1.298828
vt -1.552734 -2.375000
vt -1.552734 -2.460938
vt -1.460938 -2.460938
vt -1.458984 -2.458984
vt -1.552734 -1.975586
vt -1.556641 -2.371094
vt -1.556641 -1.977539
vt -1.413086 -1.910156
vt -1.415039 -2.439453
vt -1.413086 -2.439453
vt -1.415039 -1.910156
vt -1.417969 -2.439453
vt -1.417969 -1.910156
vt -1.442383 -2.439453
vt -1.442383 -1.909180
vt -1.449219 -2.447266
vt -1.449219 -1.901367
vt -1.458984 -1.890625
vt -1.460938 -1.887695
vt -1.552734 -1.888672
vt -2.089844 -3.130859
vt -1.919922 -2.685547
vt -2.130859 -2.517578
vt -1.918945 -2.681641
vt -1.918945 -2.683594
vt -1.918945 -2.517578
vt -2.128906 -3.156250
vt -2.091797 -3.134766
vt -2.130859 -3.156250
vt -2.130859 -3.158203
vt -2.089844 -3.132813
vt 0.593262 -0.486572
vt 0.532715 -0.989746
vt 0.593262 -0.989258
vt 0.532715 -0.486572
vt 0.593262 -0.474365
vt 0.532715 -0.474365
vt 0.593262 -0.464111
vt 0.532715 -0.464111
vt 0.532715 -0.457275
vt 0.593262 -0.457275
vt 0.532715 -0.008858
vt 0.593262 -0.008858
vt 0.593262 -0.248291
vt 0.593262 -0.002682
vt 0.532715 -0.248291
vt 0.532715 -0.002682
vt 0.532715 -0.988770
vt 0.593262 -0.988770
vt 0.532715 -0.970215
vt 0.593262 -0.970215
vt 0.532715 -0.728027
vt 0.593262 -0.728027
vt 0.532715 -0.968262
vt 0.593262 -0.968262
vt 0.532715 -0.936523
vt 0.593262 -0.936523
vt 0.532715 -0.048676
vt 0.593262 -0.048676
vt 0.532715 -0.031067
vt 0.593262 -0.031067
vt 0.532715 -0.998535
vt 0.593262 -0.998535
vt 0.532715 -0.790527
vt 0.593262 -0.790527
vt 0.532715 -0.782227
vt 0.593262 -0.782227
vt 0.593262 -0.002563
vt 0.532715 -0.002563
vt 0.593262 -0.250977
vt 0.532715 -0.250977
vt 0.532715 -0.006084
vt 0.593262 -0.454590
vt 0.593262 -0.006084
vt 0.532715 -0.454590
vt 0.593262 -0.461426
vt 0.532715 -0.461426
vt 0.532715 -0.471680
vt 0.593262 -0.471680
vt 0.532715 -0.483887
vt 0.593262 -0.483887
vt 0.532715 -0.987305
vt 0.593262 -0.986816
vt 0.593262 -0.999023
vt 0.593262 -0.762207
vt 0.532715 -0.999023
vt 0.532715 -0.762207
vt 0.593262 -0.755371
vt 0.532715 -0.755371
vt 0.593262 -0.738770
vt 0.532715 -0.738770
vt 0.593262 -0.565918
vt 0.532715 -0.565918
vt 0.593262 -0.995605
vt 0.593262 -0.788086
vt 0.532715 -0.995605
vt 0.532715 -0.788086
vt 0.593262 -0.779297
vt 0.532715 -0.779297
vt 0.267334 -0.052521
vt 0.309814 -0.052521
vt 0.267334 -0.009392
vt 0.309814 -0.009392
vt 0.266357 -0.241089
vt 0.311035 -0.241089
vt 0.266357 -0.072693
vt 0.311035 -0.072693
vt 0.311279 -0.009361
vt 0.265625 -0.009361
vt 0.311279 -0.241577
vt 0.265625 -0.241577
vt 0.266357 -0.198486
vt 0.311035 -0.198486
vt 0.311035 -0.135010
vt 0.266357 -0.135010
vt 0.266357 -0.073181
vt 0.311035 -0.073181
vt 0.266357 -0.016434
vt 0.311035 -0.016434
vt 0.386230 -0.117004
vt 0.386230 -0.009613
vt 0.341553 -0.117004
vt 0.341553 -0.009613
vt 0.385010 -0.239502
vt 0.385010 -0.009773
vt 0.342773 -0.239502
vt 0.342773 -0.009773
vt 0.342529 -0.052155
vt 0.385010 -0.052155
vt 0.342529 -0.009773
vt 0.266357 -0.177612
vt 0.311035 -0.177612
vt 0.266357 -0.133301
vt 0.311035 -0.133301
vt 0.616211 0.377686
vt 0.616211 -1.007813
vt 0.878418 0.377686
vt 0.878418 -1.007813
vt 0.616211 0.383545
vt 0.616211 -1.013672
vt 0.878418 0.383545
vt 0.878418 -1.013672
vt 0.966309 -0.871094
vt 0.905273 -0.871582
vt 0.961426 -0.876465
vt 0.901367 -0.875977
vt 0.986328 -0.009369
vt 0.892578 -0.052795
vt 0.997070 -0.990723
vt 0.888672 -0.967773
vt 0.988281 -0.246094
vt 0.893066 -0.247314
vt 0.985840 -0.252197
vt 0.890625 -0.252930
vt 0.973633 -0.110901
vt 0.911133 -0.224121
vt 0.959473 -0.771973
vt 0.915039 -0.813477
vt 0.910156 -0.658203
vt 0.910156 -0.814941
vt 0.963867 -0.690430
vt 0.963867 -0.814941
vt 0.995605 -0.877930
vt 0.994141 -0.871094
vt 0.884766 -0.876953
vt 0.883301 -0.870605
vt 0.879883 -1.134766
vt 0.998535 -1.134766
vt 0.879883 0.013115
vt 0.998535 0.013115
vt 0.618164 0.318359
vt 0.618164 -1.501953
vt 0.880371 0.318359
vt 0.880371 -1.501953
vt 0.617188 -0.628418
vt 0.879395 -0.628418
vt 0.617188 -0.136353
vt 0.879395 -0.136353
vt 0.612793 0.002678
vt 0.612793 -0.489502
vt 0.874023 0.002678
vt 0.875000 -0.489502
vt 0.913086 -0.244263
vt 0.912109 -0.908691
vt 0.962402 -0.347412
vt 0.957520 -0.949707
vt 0.884277 -0.878418
vt 0.995117 -0.876953
vt 0.885742 -0.871094
vt 0.996094 -0.869629
vt 0.897949 -0.172485
vt 0.896484 -1.076172
vt 0.982422 -0.211792
vt 0.983887 -1.062500
vt 0.895996 -0.871094
vt 0.900879 -0.876465
vt 0.966797 -0.871582
vt 0.971191 -0.876465
vt 0.976074 -0.246094
vt 0.899414 -0.294189
vt 0.976074 -0.475342
vt 0.896973 -0.475342
vt 0.885742 -0.247437
vt 0.887695 -0.252197
vt 0.988281 -0.247803
vt 0.990723 -0.252441
vt 0.265869 -0.240601
vt 0.311523 -0.240601
vt 0.265869 -0.074036
vt 0.311523 -0.074036
vt 0.593262 -0.013542
vt 0.532715 -0.013542
vt 0.593262 -0.356445
vt 0.532715 -0.356445
vt 0.593262 -0.369385
vt 0.532715 -0.369385
vt 0.593262 -0.394043
vt 0.532715 -0.394043
vt 0.593262 -0.949707
vt 0.532715 -0.949707
vt 0.593262 -0.960938
vt 0.532715 -0.960938
vt 0.532715 -0.102844
vt 0.593262 -0.102844
vt 0.532715 -0.003639
vt 0.593262 -0.003639
vt 0.593262 -0.688477
vt 0.593262 -0.673828
vt 0.532715 -0.688477
vt 0.532715 -0.673828
vt 0.593262 -0.658203
vt 0.532715 -0.658203
vt 0.593262 -0.022110
vt 0.532715 -0.022110
vt 0.593262 -0.985840
vt 0.532715 -0.985840
vt 0.593262 -0.009506
vt 0.532715 -0.009506
vt 0.593262 -1.002930
vt 0.532715 -1.002930
vt 0.310059 -0.052521
vt 0.310059 -0.009392
vt 0.267334 -0.052917
vt 0.309814 -0.052917
vt 0.267334 -0.009781
vt 0.309814 -0.009781
vt 0.266357 -0.052185
vt 0.311035 -0.052185
vt 0.266357 -0.009834
vt 0.311035 -0.009834
s 1
usemtl building_glow
f 264/4004/3879 265/4005/3880 266/4006/3881
f 263/4007/3882 265/4005/3880 264/4004/3879
f 262/4008/3883 263/4007/3882 264/4004/3879
f 261/4009/3884 263/4007/3882 262/4008/3883
f 259/4010/3885 261/4009/3884 262/4008/3883
f 260/4011/3886 261/4009/3884 259/4010/3885
f 260/4011/3886 259/4010/3885 258/4012/3887
f 258/4012/3887 259/4010/3885 256/4013/3888
f 258/4012/3887 256/4013/3888 257/4014/3889
f 257/4014/3889 256/4013/3888 255/4015/3889
f 254/4016/103 250/4017/103 253/4018/103
f 250/4017/103 251/4019/103 253/4018/103
f 252/4019/103 251/4019/103 250/4017/103
f 249/4020/3890 248/4021/1828 247/4022/3891
f 247/4022/3891 248/4021/1828 245/4023/3892
f 247/4022/3891 245/4023/3892 246/4024/3893
f 246/4024/3893 245/4023/3892 244/4025/3894
f 243/4026/3895 242/4027/1021 241/4028/1017
f 241/4028/1017 242/4027/1021 240/4029/1017
f 241/4028/1017 240/4029/1017 239/4030/3896
f 239/4030/3896 240/4029/1017 237/4031/3897
f 239/4030/3896 237/4031/3897 238/4032/3890
f 238/4032/3890 237/4031/3897 236/4033/1024
f 235/4034/47 234/4035/47 233/4036/47
f 233/4036/47 234/4035/47 230/4037/47
f 230/4037/47 231/4038/47 233/4036/47
f 232/4039/47 231/4038/47 230/4037/47
f 229/4040/47 225/4041/47 228/4040/47
f 226/4042/47 228/4040/47 225/4041/47
f 227/4043/47 226/4042/47 225/4041/47
f 223/4044/3889 222/4045/3888 224/4046/3889
f 221/4047/3887 222/4045/3888 223/4044/3889
f 221/4047/3887 219/4048/3885 222/4045/3888
f 220/4049/3885 219/4048/3885 221/4047/3887
f 220/4049/3885 218/4050/3884 219/4048/3885
f 219/4048/3885 218/4050/3884 217/4051/3883
f 218/4050/3884 216/4052/3882 217/4051/3883
f 217/4051/3883 216/4052/3882 215/4053/3879
f 216/4052/3882 214/4054/3880 215/4053/3879
f 215/4053/3879 214/4054/3880 213/4055/3881
f 212/4056/3898 210/4057/3899 211/4058/3900
f 211/4058/3900 210/4057/3899 209/4059/3901
f 210/4057/3899 208/4060/3902 209/4059/3901
f 209/4059/3901 208/4060/3902 207/4061/3903
f 208/4060/3902 206/4062/3904 207/4061/3903
f 207/4061/3903 206/4062/3904 205/4063/3905
f 206/4062/3904 204/4064/3906 205/4063/3905
f 205/4063/3905 204/4064/3906 203/4065/3907
f 202/4066/103 200/4067/103 201/4068/103
f 201/4068/103 200/4067/103 198/4069/103
f 197/4070/103 198/4069/103 200/4067/103
f 199/4071/103 198/4069/103 197/4070/103
f 196/4072/3908 194/4073/3908 195/4074/3908
f 195/4074/3908 194/4073/3908 193/4075/3908
f 192/4072/3908 190/4073/3908 191/4074/3908
f 191/4074/3908 190/4073/3908 189/4075/3908
f 188/4076/3909 186/4077/3909 187/4078/3909
f 187/4078/3909 186/4077/3909 185/4079/3909
f 184/4080/3910 182/4081/3910 183/4082/3910
f 183/4082/3910 182/4081/3910 181/4083/3910
f 180/4076/3911 178/4077/3911 179/4084/3911
f 179/4084/3911 178/4077/3911 177/4085/3911
f 176/4076/3912 174/4077/3912 175/4084/3912
f 175/4084/3912 174/4077/3912 173/4085/3912
f 172/4077/3913 170/4086/3913 171/4076/3913
f 171/4076/3913 170/4086/3913 169/4087/3913
f 168/4088/3914 166/4076/3914 167/4089/3914
f 167/4089/3914 166/4076/3914 165/4077/3914
f 164/4088/3915 162/4076/3915 163/4089/3915
f 163/4089/3915 162/4076/3915 161/4077/3915
f 160/4090/3915 158/4076/3915 159/4091/3915
f 159/4091/3915 158/4076/3915 157/4077/3915
f 156/4092/3916 154/4093/3916 155/4094/3916
f 155/4094/3916 154/4093/3916 153/4095/3916
f 152/4096/3916 150/4097/3916 151/4098/3916
f 151/4098/3916 150/4097/3916 149/4099/3916
f 148/4100/3916 146/4101/3916 147/4102/3916
f 147/4102/3916 146/4101/3916 145/4097/3916
f 144/4103/3917 142/4104/3917 143/4105/3917
f 143/4105/3917 142/4104/3917 141/4106/3917
f 140/4038/3918 138/4039/3918 139/4043/3918
f 139/4043/3918 138/4039/3918 137/4042/3918
f 136/4107/3919 134/4108/3919 135/4109/3919
f 135/4109/3919 134/4108/3919 133/4110/3919
f 132/4111/3920 130/4112/3920 131/4113/3920
f 131/4113/3920 130/4112/3920 129/4114/3920
f 128/4115/47 126/4116/47 127/4117/47
f 127/4117/47 126/4116/47 125/4118/47
f 124/4119/3921 122/4120/3921 123/4121/3921
f 123/4121/3921 122/4120/3921 121/4122/3921
f 120/4123/3921 118/4124/3921 119/4125/3921
f 119/4125/3921 118/4124/3921 117/4126/3921
f 116/4127/47 114/4128/47 115/4129/47
f 115/4129/47 114/4128/47 113/4130/47
f 112/4131/47 110/4132/47 111/4133/47
f 111/4133/47 110/4132/47 109/4134/47
f 108/4135/3922 106/4136/3923 107/4137/3924
f 107/4137/3924 106/4136/3923 105/4138/3925
f 104/4139/265 102/4140/265 103/4141/265
f 103/4141/265 102/4140/265 101/4142/265
f 100/4143/265 98/4144/265 99/4145/265
f 99/4145/265 98/4144/265 97/4146/265
f 96/4147/3926 94/4148/3926 95/4149/3926
f 95/4149/3926 94/4148/3926 93/4150/3926
f 92/4151/3927 90/4152/3927 91/4153/3927
f 91/4153/3927 90/4152/3927 89/4154/3927
f 88/4070/3928 86/4016/3928 87/4071/3928
f 87/4071/3928 86/4016/3928 85/4018/3928
f 84/4155/103 82/4156/103 83/4157/103
f 83/4157/103 82/4156/103 81/4158/103
f 80/4159/3929 78/4160/3930 79/4161/3931
f 79/4161/3931 78/4160/3930 77/4162/3932
f 76/4163/656 74/4164/656 75/4165/656
f 75/4165/656 74/4164/656 73/4166/656
f 72/4167/103 70/4168/103 71/4169/103
f 71/4169/103 70/4168/103 69/4170/103
f 68/4171/103 66/4172/103 67/4173/103
f 67/4173/103 66/4172/103 65/4174/103
f 64/4175/656 62/4176/656 63/4177/656
f 63/4177/656 62/4176/656 61/4178/656
f 60/4179/3933 58/4180/3933 59/4181/3933
f 59/4181/3933 58/4180/3933 57/4182/3934
f 56/4025/3935 54/4183/3936 55/4024/3935
f 55/4024/3935 54/4183/3936 53/4184/3936
f 52/4185/3937 43/4186/3938 51/4187/1209
f 51/4187/1209 43/4186/3938 50/4188/1210
f 51/4187/1209 50/4188/1210 49/4189/3939
f 49/4189/3939 50/4188/1210 48/4190/3940
f 49/4189/3939 48/4190/3940 47/4191/3941
f 47/4191/3941 48/4190/3940 45/4192/103
f 47/4191/3941 45/4192/103 46/4193/1016
f 46/4193/1016 45/4192/103 44/4194/1211
f 43/4186/3942 41/4185/3943 42/4195/3943
f 42/4195/3943 41/4185/3943 40/4196/3944
f 39/4065/3945 37/4064/3946 38/4197/3947
f 38/4197/3947 37/4064/3946 36/4198/3948
f 35/4199/3949 34/4200/609 25/4201/3950
f 25/4201/3950 34/4200/609 33/4202/611
f 34/4200/609 32/4203/3951 33/4202/611
f 33/4202/611 32/4203/3951 31/4204/3952
f 32/4203/3951 30/4205/3953 31/4204/3952
f 31/4204/3952 30/4205/3953 29/4206/3954
f 28/4207/3955 26/4199/3956 27/4208/3956
f 27/4208/3956 26/4199/3956 25/4201/3950
f 24/4205/3957 22/4209/3958 23/4206/3959
f 23/4206/3959 22/4209/3958 21/4210/3960
f 20/4211/3961 18/4056/3962 19/4212/3963
f 19/4212/3963 18/4056/3962 17/4058/3964
f 16/4072/3965 14/4213/3965 15/4074/3965
f 15/4074/3965 14/4213/3965 13/4214/3965
f 12/4215/3966 10/4216/3966 11/4217/3966
f 11/4217/3966 10/4216/3966 9/4218/3966
f 8/4219/3967 6/4220/3967 7/4221/3967
f 7/4221/3967 6/4220/3967 5/4222/3967
f 4/4072/3968 2/4073/3969 3/4074/3969
f 3/4074/3969 2/4073/3969 1/4075/3969
usemtl metal
f 2346/2436/47 2348/2437/47 2347/2438/47
f 2347/2438/47 2345/2439/2080 2346/2436/47
f 2346/2436/47 2345/2439/2080 2344/2440/2685
f 2343/2441/2686 2342/2442/2686 2341/2443/2686
f 2342/2442/2686 2340/2444/2686 2341/2443/2686
f 2341/2443/2686 2340/2444/2686 2339/2445/2686
f 2340/2444/2686 2338/2446/2686 2339/2445/2686
f 2339/2445/2686 2338/2446/2686 2337/2447/2686
f 2335/2448/2687 2336/2449/2688 2334/2450/2689
f 2335/2448/2687 2334/2450/2689 2332/2451/2690
f 2332/2451/2690 2334/2450/2689 2331/2452/2691
f 2333/2453/2692 2332/2451/2690 2331/2452/2691
f 2330/2454/2693 2328/2454/2694 2329/2455/2695
f 2329/2455/2695 2328/2454/2694 2327/2456/2696
f 2326/2457/2697 2324/2458/2698 2325/2459/2698
f 2325/2459/2698 2324/2458/2698 2323/2460/2699
f 2320/2461/2700 2321/2462/2701 2322/2463/2702
f 2321/2462/2701 2320/2461/2700 2318/2464/2703
f 2318/2464/2703 2320/2461/2700 2319/2465/2704
f 2319/2465/2704 2317/2466/2705 2318/2464/2703
f 2318/2464/2703 2317/2466/2705 2316/2467/2706
f 2315/2468/2707 2313/2469/2708 2314/2470/2708
f 2314/2470/2708 2313/2469/2708 2311/2471/2709
f 2312/2469/2710 2309/2472/2711 2311/2471/2709
f 2311/2471/2709 2309/2472/2711 2310/2473/2712
f 2310/2473/2712 2309/2472/2711 2307/2474/2713
f 2307/2474/2713 2309/2472/2711 2308/2475/2714
f 2308/2475/2714 2306/2476/2713 2307/2474/2713
f 2307/2474/2713 2306/2476/2713 2305/2477/2715
f 2306/2476/2713 2304/2478/2716 2305/2477/2715
f 2305/2477/2715 2304/2478/2716 2303/2479/2717
f 2302/2480/2718 2300/2481/2719 2301/2482/2720
f 2301/2482/2720 2300/2481/2719 2298/2483/2721
f 2299/2481/2722 2296/2484/2723 2298/2483/2721
f 2298/2483/2721 2296/2484/2723 2297/2485/2724
f 2294/2486/2725 2297/2485/2724 2296/2484/2723
f 2295/2484/2726 2294/2486/2725 2296/2484/2723
f 2295/2484/2726 2293/2487/2725 2294/2486/2725
f 2294/2486/2725 2293/2487/2725 2292/2488/2727
f 2293/2487/2725 2291/2487/2728 2292/2488/2727
f 2292/2488/2727 2291/2487/2728 2290/2489/2729
f 2289/2490/2730 2288/2491/2731 2280/2492/2732
f 2287/2493/2733 2288/2491/2731 2289/2490/2730
f 2288/2491/2731 2287/2493/2733 2275/2494/2734
f 2275/2494/2734 2287/2493/2733 2273/2495/2735
f 2286/2490/2736 2280/2492/2737 2285/2496/2738
f 2285/2496/2738 2280/2492/2737 2281/2497/2739
f 2276/2498/2734 2274/2499/2734 2284/2500/2734
f 2283/2496/2740 2281/2497/2739 2282/2501/2741
f 2282/2501/2741 2281/2497/2739 2270/2502/2742
f 2269/2503/2737 2270/2502/2742 2281/2497/2739
f 2281/2497/2739 2280/2492/2737 2269/2503/2737
f 2269/2503/2737 2280/2492/2737 2279/2504/2737
f 2280/2492/2737 2277/2491/2743 2279/2504/2737
f 2279/2504/2737 2277/2491/2743 2278/2505/2744
f 2278/2505/2744 2277/2491/2743 2276/2498/2734
f 2276/2498/2734 2277/2491/2743 2275/2494/2734
f 2275/2494/2734 2274/2499/2734 2276/2498/2734
f 2275/2494/2734 2273/2495/2735 2274/2499/2734
f 2274/2499/2734 2273/2495/2735 2272/2506/2745
f 2271/2507/2746 2270/2502/2742 2269/2503/2737
f 2268/2479/2747 2267/2478/2747 2265/2508/2747
f 2265/2508/2747 2267/2478/2747 2266/2509/2747
f 2266/2509/2747 2264/2510/2747 2265/2508/2747
f 2265/2508/2747 2264/2510/2747 2263/2511/2747
f 2264/2510/2747 2262/2512/2747 2263/2511/2747
f 2263/2511/2747 2262/2512/2747 2261/2513/2747
f 2258/2514/2748 2259/2489/2748 2260/2487/2748
f 2257/2515/2748 2259/2489/2748 2258/2514/2748
f 2258/2514/2748 2256/2516/2749 2257/2515/2748
f 2257/2515/2748 2256/2516/2749 2255/2517/2749
f 2256/2516/2749 2254/2518/2749 2255/2517/2749
f 2255/2517/2749 2254/2518/2749 2253/2519/2749
f 2252/2520/2750 2250/2521/2750 2251/2522/2750
f 2251/2522/2750 2250/2521/2750 2249/2523/2750
f 2248/2524/3 2246/2525/3 2247/2526/3
f 2247/2526/3 2246/2525/3 2245/2527/3
f 2244/2528/2751 2242/2529/2752 2243/2530/2752
f 2243/2530/2752 2242/2529/2752 2241/2531/2753
f 2240/2532/2754 2238/2533/2755 2239/2534/2755
f 2239/2534/2755 2238/2533/2755 2237/2535/2756
f 2236/2536/2757 2234/2537/2757 2235/2538/2758
f 2235/2538/2758 2234/2537/2757 2233/2539/2759
f 2232/2540/2760 2230/2541/2761 2231/2542/2760
f 2231/2542/2760 2230/2541/2761 2229/2543/2761
f 2228/2544/2762 2226/2545/2763 2227/2546/2764
f 2227/2546/2764 2226/2545/2763 2225/2547/2764
f 2224/2548/2765 2222/2549/2766 2223/2550/2765
f 2223/2550/2765 2222/2549/2766 2221/2551/2766
f 2220/2552/2767 2218/2553/2768 2219/2554/2769
f 2219/2554/2769 2218/2553/2768 2217/2555/2770
f 2216/2556/2771 2214/2557/2772 2215/2558/2772
f 2215/2558/2772 2214/2557/2772 2213/2559/2773
f 2210/2560/2774 2212/2561/2774 2211/2562/2774
f 2211/2562/2774 2209/2563/2774 2210/2560/2774
f 2210/2560/2774 2209/2563/2774 2207/2564/2774
f 2206/2565/2775 2207/2564/2774 2209/2563/2774
f 2208/2566/2776 2207/2564/2774 2206/2565/2775
f 2205/2567/47 2202/2568/47 2204/2569/47
f 2204/2569/47 2202/2568/47 2203/2570/47
f 2202/2568/47 2199/2571/2777 2203/2570/47
f 2201/2572/2777 2199/2571/2777 2202/2568/47
f 2198/2500/2778 2199/2571/2777 2201/2572/2777
f 2200/2499/2778 2199/2571/2777 2198/2500/2778
f 2197/2573/2779 2195/2574/2780 2196/2575/2781
f 2196/2575/2781 2195/2574/2780 2194/2576/2782
f 2193/2577/2783 2191/2578/2784 2192/2579/2785
f 2192/2579/2785 2191/2578/2784 2190/2580/2786
f 2189/2577/2787 2187/2579/2788 2188/2581/2789
f 2188/2581/2789 2187/2579/2788 2186/2582/2790
f 2185/2583/2791 2183/2584/2791 2184/2585/2791
f 2184/2585/2791 2183/2584/2791 2182/2586/2791
f 2183/2584/2791 2181/2587/2791 2182/2586/2791
f 2182/2586/2791 2181/2587/2791 2180/2588/2791
f 2181/2587/2791 2179/2589/2791 2180/2588/2791
f 2180/2588/2791 2179/2589/2791 2178/2590/2791
f 2177/2591/2792 2175/2592/2793 2176/2593/22
f 2176/2593/22 2175/2592/2793 2174/2594/22
f 2173/2595/214 2171/2596/2794 2172/2597/2795
f 2172/2597/2795 2171/2596/2794 2170/2598/2796
f 2169/2599/2797 2167/2600/1203 2168/2601/2798
f 2168/2601/2798 2167/2600/1203 2166/2602/2799
f 2165/2603/103 2163/2604/103 2164/2605/103
f 2164/2605/103 2163/2604/103 2162/2606/103
f 2161/2607/47 2159/2608/47 2160/2609/47
f 2160/2609/47 2159/2608/47 2158/2610/47
f 2157/2611/265 2155/2612/265 2156/2613/265
f 2156/2613/265 2155/2612/265 2154/2614/265
f 2153/2615/47 2151/2616/47 2152/2617/47
f 2152/2617/47 2151/2616/47 2150/2618/47
f 2149/2619/103 2147/2620/103 2148/2621/103
f 2148/2621/103 2147/2620/103 2146/2622/103
f 2145/2623/265 2143/2624/265 2144/2625/265
f 2144/2625/265 2143/2624/265 2142/2626/265
f 2141/2627/2800 2139/2628/2801 2140/2629/2802
f 2140/2629/2802 2139/2628/2801 2138/2630/2803
f 2137/2631/2804 2135/2632/2805 2136/2633/1348
f 2136/2633/1348 2135/2632/2805 2134/2634/1348
f 2133/2635/2806 2132/2636/2806 2131/2637/2806
f 2131/2637/2806 2132/2636/2806 2130/2638/2806
f 2130/2638/2806 2128/2639/2806 2131/2637/2806
f 2127/2640/2806 2128/2639/2806 2130/2638/2806
f 2129/2641/2806 2128/2639/2806 2127/2640/2806
f 2125/2642/2807 2123/2643/509 2126/2643/510
f 2115/2644/1345 2123/2643/509 2125/2642/2807
f 2123/2643/509 2115/2644/1345 2118/2645/2808
f 2124/2646/2809 2123/2643/509 2122/2647/2810
f 2122/2647/2810 2123/2643/509 2118/2645/2808
f 2118/2645/2808 2121/2645/2811 2122/2647/2810
f 2120/2648/2812 2121/2645/2811 2118/2645/2808
f 2118/2645/2808 2119/2649/2813 2120/2648/2812
f 2117/2650/565 2119/2649/2813 2118/2645/2808
f 2118/2645/2808 2115/2644/1345 2117/2650/565
f 2117/2650/565 2115/2644/1345 2116/2651/2814
f 2116/2651/2814 2115/2644/1345 2114/2652/2814
f 2110/2653/2815 2113/2654/1877 2099/2655/103
f 2112/2656/2816 2113/2654/1877 2110/2653/2815
f 2112/2656/2816 2110/2653/2815 2111/2447/2817
f 2111/2447/2817 2110/2653/2815 2097/2445/2817
f 2095/2443/2818 2108/2657/2819 2109/2441/2818
f 2106/2658/2820 2108/2657/2819 2095/2443/2818
f 2108/2657/2819 2106/2658/2820 2107/2659/2821
f 2107/2659/2821 2106/2658/2820 2092/2660/103
f 2088/2661/2822 2104/2662/2823 2105/2663/2824
f 2105/2663/2824 2104/2662/2823 2102/2664/2825
f 2090/2665/103 2102/2664/2825 2104/2662/2823
f 2103/2666/105 2102/2664/2825 2090/2665/103
f 2101/2654/110 2100/2666/2826 2099/2655/103
f 2099/2655/103 2100/2666/2826 2090/2665/103
f 2099/2655/103 2090/2665/103 2092/2660/103
f 2092/2660/103 2098/2653/2827 2099/2655/103
f 2096/2658/2828 2098/2653/2827 2092/2660/103
f 2098/2653/2827 2096/2658/2828 2097/2445/2818
f 2097/2445/2818 2096/2658/2828 2095/2443/2817
f 2087/2667/2829 2085/2668/2830 2091/2669/103
f 2091/2669/103 2085/2668/2830 2094/2670/2831
f 2094/2670/2831 2093/2659/2832 2091/2669/103
f 2091/2669/103 2093/2659/2832 2092/2660/103
f 2092/2660/103 2090/2665/103 2091/2669/103
f 2090/2665/103 2087/2667/2829 2091/2669/103
f 2089/2662/2833 2087/2667/2829 2090/2665/103
f 2088/2661/2822 2087/2667/2829 2089/2662/2833
f 2084/2671/2834 2087/2667/2829 2088/2661/2822
f 2084/2671/2834 2085/2668/2830 2087/2667/2829
f 2086/2672/2834 2085/2668/2830 2084/2671/2834
f 2083/2673/2835 2082/2674/2836 2081/2548/2837
f 2081/2548/2837 2082/2674/2836 2079/2549/2838
f 2081/2548/2837 2079/2549/2838 2080/2548/2839
f 2080/2548/2839 2079/2549/2838 2078/2549/2840
f 2076/2675/2841 2075/2676/2842 2077/2677/2843
f 2072/2678/2844 2075/2676/2842 2076/2675/2841
f 2072/2678/2844 2073/2679/2845 2075/2676/2842
f 2074/2680/2846 2073/2679/2845 2072/2678/2844
f 2071/2681/1914 2070/2682/635 2069/2683/1913
f 2069/2683/1913 2070/2682/635 2068/2684/1913
f 2069/2683/1913 2068/2684/1913 2067/2685/1913
f 2067/2685/1913 2068/2684/1913 2066/2686/1913
f 2067/2685/1913 2066/2686/1913 2065/2687/1913
f 2065/2687/1913 2066/2686/1913 2064/2688/1913
f 2065/2687/1913 2064/2688/1913 2063/2689/1913
f 2063/2689/1913 2064/2688/1913 2062/2690/1913
f 2063/2689/1913 2062/2690/1913 2061/2691/1913
f 2061/2691/1913 2062/2690/1913 2060/2692/1913
f 2061/2691/1913 2060/2692/1913 2059/2693/1909
f 2059/2693/1909 2060/2692/1913 2058/2694/2847
f 2059/2693/1909 2058/2694/2847 2057/2695/2848
f 2057/2695/2848 2058/2694/2847 2055/2696/2848
f 2057/2695/2848 2055/2696/2848 2056/2697/2849
f 2056/2697/2849 2055/2696/2848 2054/2698/2850
f 2052/2699/2851 2050/2451/2852 2053/2453/2853
f 2051/2700/2854 2050/2451/2852 2052/2699/2851
f 2051/2700/2854 2049/2701/2855 2050/2451/2852
f 2050/2451/2852 2049/2701/2855 2046/2448/2856
f 2048/2449/2857 2046/2448/2857 2047/2702/2858
f 2047/2702/2858 2046/2448/2857 2045/2701/2859
f 2040/2703/3 2043/2704/3 2044/2705/3
f 2042/2706/3 2043/2704/3 2040/2703/3
f 2042/2706/3 2040/2703/3 2041/2707/2860
f 2041/2707/2860 2040/2703/3 2039/2708/2861
f 2038/2709/2862 2037/2710/2863 2036/2711/2864
f 2036/2711/2864 2037/2710/2863 2035/2712/2865
f 2036/2711/2864 2035/2712/2865 2034/2713/236
f 2034/2713/236 2035/2712/2865 2033/2714/235
f 2034/2713/236 2033/2714/235 2032/2715/234
f 2032/2715/234 2033/2714/235 2030/2716/234
f 2032/2715/234 2030/2716/234 2031/2717/2866
f 2031/2717/2866 2030/2716/234 2029/2718/2867
f 2028/2719/298 2027/2554/298 2025/2720/298
f 2025/2720/298 2027/2554/298 2026/2555/298
f 2024/2721/298 2025/2720/298 2026/2555/298
f 2022/2722/298 2025/2720/298 2024/2721/298
f 2021/2723/298 2022/2722/298 2024/2721/298
f 2023/2724/298 2022/2722/298 2021/2723/298
f 2020/2725/2868 2015/2726/2869 2019/2727/2870
f 2019/2727/2870 2015/2726/2869 2018/2728/2869
f 2017/2729/2868 2014/2730/2869 2016/2725/2871
f 2016/2725/2871 2014/2730/2869 2015/2726/2869
f 2014/2730/2869 2012/2729/2872 2013/2731/2869
f 2013/2731/2869 2012/2729/2872 2011/2732/2873
f 2010/2733/2874 2009/2734/2875 2002/2734/2874
f 2002/2734/2874 2009/2734/2875 2008/2735/2876
f 2003/2736/2877 2006/2736/2878 2007/2737/2879
f 2005/2738/2831 2006/2736/2878 2003/2736/2877
f 2005/2738/2831 2003/2736/2877 2004/2735/2880
f 2004/2735/2880 2003/2736/2877 2002/2734/2881
f 2000/2739/2882 2001/2740/2883 1983/2739/2884
f 1999/2740/2885 2001/2740/2883 2000/2739/2882
f 2000/2739/2882 1987/2741/2886 1999/2740/2885
f 1999/2740/2885 1987/2741/2886 1989/2742/2887
f 1998/2743/2888 1997/2743/2889 1994/2744/2890
f 1994/2744/2890 1997/2743/2889 1995/2744/2891
f 1996/2745/2891 1982/2745/2890 1995/2744/2891
f 1995/2744/2891 1982/2745/2890 1994/2744/2890
f 1994/2744/2890 1982/2745/2890 1983/2739/2890
f 1983/2739/2890 1992/2743/2892 1994/2744/2890
f 1993/2740/2893 1992/2743/2892 1983/2739/2890
f 1988/2746/2894 1986/2747/2886 1991/2748/2894
f 1989/2742/2887 1988/2746/2894 1990/2749/2895
f 1987/2741/2886 1988/2746/2894 1989/2742/2887
f 1987/2741/2886 1986/2747/2886 1988/2746/2894
f 1984/2739/2896 1986/2747/2886 1987/2741/2886
f 1985/2750/2897 1986/2747/2886 1984/2739/2896
f 1984/2739/2896 1981/2750/2890 1985/2750/2897
f 1983/2739/2890 1981/2750/2890 1984/2739/2896
f 1983/2739/2890 1982/2745/2890 1981/2750/2890
f 1980/2751/2898 1979/2752/2898 1978/2753/2899
f 1972/2754/394 1977/2755/394 1970/2756/394
f 1975/2757/394 1977/2755/394 1972/2754/394
f 1975/2757/394 1959/2758/394 1977/2755/394
f 1974/2759/394 1973/2760/394 1976/2761/394
f 1932/2762/394 1959/2758/394 1947/2763/394
f 1947/2763/394 1959/2758/394 1975/2757/394
f 1948/2764/394 1947/2763/394 1975/2757/394
f 1948/2764/394 1975/2757/394 1974/2759/394
f 1974/2759/394 1975/2757/394 1972/2754/394
f 1974/2759/394 1972/2754/394 1973/2760/394
f 1973/2760/394 1972/2754/394 1971/2765/394
f 1972/2754/394 1970/2756/394 1971/2765/394
f 1971/2765/394 1970/2756/394 1969/2766/394
f 1965/2767/394 1963/2768/394 1968/2769/394
f 1964/2770/394 1966/2771/394 1967/2772/394
f 1966/2771/394 1964/2770/394 1965/2767/394
f 1965/2767/394 1964/2770/394 1963/2768/394
f 1964/2770/394 1949/2773/394 1963/2768/394
f 1963/2768/394 1949/2773/394 1945/2774/394
f 1956/2775/394 1961/2776/394 1962/2777/394
f 1960/2778/394 1961/2776/394 1956/2775/394
f 1956/2775/394 1957/2779/394 1960/2778/394
f 1961/2776/394 1952/2780/394 1954/2781/394
f 1960/2778/394 1952/2780/394 1961/2776/394
f 1960/2778/394 1933/2782/394 1952/2780/394
f 1957/2779/394 1933/2782/394 1960/2778/394
f 1932/2762/394 1933/2782/394 1957/2779/394
f 1932/2762/394 1957/2779/394 1959/2758/394
f 1959/2758/394 1957/2779/394 1958/2783/394
f 1958/2783/394 1957/2779/394 1956/2775/394
f 1954/2781/394 1953/2784/394 1955/2785/394
f 1952/2780/394 1953/2784/394 1954/2781/394
f 1952/2780/394 1951/2786/394 1953/2784/394
f 1933/2782/394 1951/2786/394 1952/2780/394
f 1933/2782/394 1950/2787/394 1951/2786/394
f 1934/2788/394 1950/2787/394 1933/2782/394
f 1949/2773/394 1950/2787/394 1934/2788/394
f 1949/2773/394 1934/2788/394 1945/2774/394
f 1945/2774/394 1934/2788/394 1928/2789/394
f 1946/2790/394 1947/2763/394 1948/2764/394
f 1946/2790/394 1935/2791/394 1947/2763/394
f 1947/2763/394 1935/2791/394 1932/2762/394
f 1936/2792/394 1935/2791/394 1946/2790/394
f 1945/2774/394 1928/2789/394 1944/2793/394
f 1944/2793/394 1928/2789/394 1943/2794/394
f 1943/2794/394 1928/2789/394 1929/2795/394
f 1943/2794/394 1929/2795/394 1942/2796/394
f 1942/2796/394 1929/2795/394 1931/2797/394
f 1942/2796/394 1931/2797/394 1941/2798/394
f 1941/2798/394 1931/2797/394 1940/2799/394
f 1931/2797/394 1930/2800/394 1940/2799/394
f 1940/2799/394 1930/2800/394 1939/2801/394
f 1939/2801/394 1930/2800/394 1938/2802/394
f 1938/2802/394 1930/2800/394 1937/2803/394
f 1930/2800/394 1927/2804/394 1937/2803/394
f 1937/2803/394 1927/2804/394 1936/2792/394
f 1927/2804/394 1935/2791/394 1936/2792/394
f 1927/2804/394 1928/2789/394 1935/2791/394
f 1935/2791/394 1928/2789/394 1932/2762/394
f 1932/2762/394 1928/2789/394 1934/2788/394
f 1934/2788/394 1933/2782/394 1932/2762/394
f 1931/2797/394 1929/2795/394 1930/2800/394
f 1930/2800/394 1929/2795/394 1927/2804/394
f 1929/2795/394 1928/2789/394 1927/2804/394
f 1926/2805/2900 1925/2806/2900 1924/2807/2900
f 1923/2808/1466 1918/2809/47 1922/2810/2901
f 1922/2810/2901 1918/2809/47 1921/2811/709
f 1920/2812/702 1915/2813/47 1919/2808/2902
f 1919/2808/2902 1915/2813/47 1918/2809/47
f 1918/2809/47 1910/2814/47 1911/2811/704
f 1918/2809/47 1917/2815/47 1910/2814/47
f 1915/2813/47 1917/2815/47 1918/2809/47
f 1915/2813/47 1916/2816/1226 1917/2815/47
f 1913/2817/1226 1916/2816/1226 1915/2813/47
f 1912/2812/2903 1913/2817/1226 1915/2813/47
f 1914/2818/2904 1913/2817/1226 1912/2812/2903
f 1911/2811/704 1910/2814/47 1909/2819/709
f 1908/2820/1451 1896/2821/2905 1907/2822/1513
f 1907/2822/1513 1896/2821/2905 1905/2823/2906
f 1896/2821/2905 1901/2824/2907 1905/2823/2906
f 1906/2825/2908 1905/2823/2906 1901/2824/2907
f 1906/2825/2908 1904/2826/2909 1905/2823/2906
f 1905/2823/2906 1904/2826/2909 1903/2822/1451
f 1902/2827/2907 1901/2824/2907 1896/2821/2905
f 1896/2821/2906 1900/2828/2910 1899/2827/2911
f 1895/2829/2912 1896/2821/2908 1898/2820/2913
f 1897/2828/2914 1896/2821/2908 1895/2829/2912
f 1894/2807/2915 1893/2806/2915 1892/2830/2915
f 1869/2831/2916 1891/2832/2917 1885/2833/2918
f 1885/2833/2918 1891/2832/2917 1890/2834/2919
f 1887/2835/103 1889/2836/103 1888/2837/103
f 1888/2837/103 1872/2838/2920 1887/2835/103
f 1887/2835/103 1872/2838/2920 1865/2839/2921
f 1886/2840/2922 1887/2835/103 1865/2839/2921
f 1886/2840/2922 1865/2839/2921 1869/2831/2916
f 1886/2840/2922 1869/2831/2916 1884/2841/2923
f 1869/2831/2916 1885/2833/2918 1884/2841/2923
f 1885/2833/2918 1883/2834/2924 1884/2841/2923
f 1884/2841/2923 1883/2834/2924 1882/2842/2925
f 1866/2843/1604 1881/2844/2926 1880/2845/2925
f 1879/2845/2927 1878/2846/2746 1866/2843/103
f 1866/2843/103 1878/2846/2746 1868/2847/2928
f 1868/2847/2928 1878/2846/2746 1877/2848/2746
f 1875/2844/2924 1874/2849/103 1876/2850/2929
f 1866/2843/103 1874/2849/103 1875/2844/2924
f 1866/2843/103 1867/2851/873 1874/2849/103
f 1874/2849/103 1867/2851/873 1873/2852/2930
f 1867/2851/873 1865/2839/2921 1872/2838/2920
f 1870/2832/2931 1868/2847/2928 1871/2848/2932
f 1869/2831/2916 1868/2847/2928 1870/2832/2931
f 1868/2847/2928 1869/2831/2916 1865/2839/2921
f 1868/2847/2928 1865/2839/2921 1866/2843/103
f 1867/2851/873 1866/2843/103 1865/2839/2921
f 1864/2853/2933 1855/2854/2934 1863/2855/2935
f 1863/2855/2935 1855/2854/2934 1862/2856/2936
f 1856/2588/2937 1855/2854/2937 1861/2586/2937
f 1855/2854/2937 1860/2853/2938 1861/2586/2937
f 1861/2586/2937 1860/2853/2938 1859/2585/2939
f 1857/2857/2940 1856/2588/2937 1858/2590/2941
f 1851/2858/2937 1856/2588/2937 1857/2857/2940
f 1851/2858/2937 1855/2854/2937 1856/2588/2937
f 1855/2854/2937 1851/2858/2937 1854/2856/2942
f 1854/2856/2942 1851/2858/2937 1853/2859/2943
f 1853/2859/2943 1851/2858/2937 1852/2860/2944
f 1852/2860/2944 1851/2858/2937 1850/2857/2937
f 1842/2553/2945 1848/2861/2946 1849/2555/2946
f 1849/2555/2946 1848/2861/2946 1847/2721/2947
f 1846/2862/2948 1844/2863/2949 1845/2552/2950
f 1845/2552/2950 1844/2863/2949 1842/2553/2945
f 1843/2863/2951 1841/2864/2952 1842/2553/2945
f 1842/2553/2945 1841/2864/2952 1838/2861/2953
f 1840/2864/2954 1839/2865/2955 1838/2861/2953
f 1838/2861/2953 1839/2865/2955 1836/2866/2956
f 1838/2861/2953 1836/2866/2956 1837/2721/2957
f 1837/2721/2957 1836/2866/2956 1835/2723/2958
f 1833/2867/2959 1832/2868/2890 1834/2869/2960
f 1831/2870/2890 1832/2868/2890 1833/2867/2959
f 1831/2870/2890 1830/2871/2890 1832/2868/2890
f 1829/2872/2890 1830/2871/2890 1831/2870/2890
f 1829/2872/2890 1827/2873/2961 1830/2871/2890
f 1828/2874/2961 1827/2873/2961 1829/2872/2890
f 1828/2874/2961 1825/2875/3 1827/2873/2961
f 1827/2873/2961 1825/2875/3 1826/2876/3
f 1825/2875/3 1824/2877/3 1826/2876/3
f 1823/2878/3 1824/2877/3 1825/2875/3
f 1823/2878/3 1821/2879/2962 1824/2877/3
f 1822/2880/2962 1821/2879/2962 1823/2878/3
f 1822/2880/2962 1820/2881/2737 1821/2879/2962
f 1821/2879/2962 1820/2881/2737 1819/2882/2737
f 1820/2881/2737 1818/2883/2737 1819/2882/2737
f 1819/2882/2737 1818/2883/2737 1817/2884/2737
f 1818/2883/2737 1816/2885/2963 1817/2884/2737
f 1817/2884/2737 1816/2885/2963 1815/2886/2964
f 1814/2887/2965 1813/2888/2966 1812/2889/2967
f 1813/2888/2966 1811/2890/2968 1812/2889/2967
f 1812/2889/2967 1811/2890/2968 1810/2891/2969
f 1794/2892/234 1810/2891/2969 1811/2890/2968
f 1809/2893/234 1810/2891/2969 1794/2892/234
f 1794/2892/234 1808/2894/2970 1809/2893/234
f 1807/2895/2971 1808/2894/2970 1794/2892/234
f 1807/2895/2971 1805/2896/2972 1808/2894/2970
f 1804/2897/2973 1805/2896/2972 1807/2895/2971
f 1806/2898/2974 1805/2896/2972 1804/2897/2973
f 1795/2890/2969 1799/2888/2967 1796/2899/2975
f 1801/2900/2976 1802/2901/2977 1803/2902/2978
f 1800/2887/2979 1802/2901/2977 1801/2900/2976
f 1798/2903/2980 1800/2887/2979 1801/2900/2976
f 1799/2888/2967 1800/2887/2979 1798/2903/2980
f 1796/2899/2975 1799/2888/2967 1798/2903/2980
f 1798/2903/2980 1797/2904/2981 1796/2899/2975
f 1796/2899/2975 1797/2904/2981 1791/2905/2982
f 1791/2905/2982 1790/2906/2983 1796/2899/2975
f 1796/2899/2975 1790/2906/2983 1795/2890/2969
f 1795/2890/2969 1790/2906/2983 1794/2892/3
f 1790/2906/2983 1793/2895/2970 1794/2892/3
f 1788/2907/2984 1793/2895/2970 1790/2906/2983
f 1793/2895/2970 1788/2907/2984 1792/2897/2972
f 1792/2897/2972 1788/2907/2984 1785/2908/2985
f 1792/2897/2972 1785/2908/2985 1784/2898/2986
f 1774/2909/2987 1790/2906/2983 1791/2905/2982
f 1774/2909/2987 1789/2910/2988 1790/2906/2983
f 1790/2906/2983 1789/2910/2988 1788/2907/2984
f 1789/2910/2988 1787/2911/2989 1788/2907/2984
f 1788/2907/2984 1787/2911/2989 1785/2908/2985
f 1787/2911/2989 1786/2912/2990 1785/2908/2985
f 1785/2908/2985 1786/2912/2990 1782/2913/2991
f 1784/2898/2986 1785/2908/2985 1782/2913/2991
f 1784/2898/2986 1782/2913/2991 1783/2914/2992
f 1783/2914/2992 1782/2913/2991 1781/2915/2993
f 1778/2911/2994 1779/2916/2995 1780/2912/2996
f 1777/2917/2989 1779/2916/2995 1778/2911/2994
f 1776/2910/2997 1777/2917/2989 1778/2911/2994
f 1775/2918/2998 1777/2917/2989 1776/2910/2997
f 1776/2910/2997 1774/2909/2999 1775/2918/2998
f 1775/2918/2998 1774/2909/2999 1760/2919/2987
f 1760/2919/2987 1774/2909/2999 1773/2920/3000
f 1773/2920/3000 1774/2909/2999 1772/2905/3001
f 1772/2905/3001 1771/2921/2981 1773/2920/3000
f 1768/2904/3002 1771/2921/2981 1772/2905/3001
f 1768/2904/3002 1769/2922/3003 1771/2921/2981
f 1770/2923/3004 1769/2922/3003 1768/2904/3002
f 1767/2922/3005 1766/2924/3006 1765/2921/3007
f 1765/2921/3007 1766/2924/3006 1764/2925/3008
f 1765/2921/3007 1764/2925/3008 1763/2920/3009
f 1763/2920/3009 1764/2925/3008 1762/2926/3010
f 1762/2926/3010 1760/2919/2987 1763/2920/3009
f 1761/2927/3011 1760/2919/2987 1762/2926/3010
f 1761/2927/3011 1759/2928/3012 1760/2919/2987
f 1760/2919/2987 1759/2928/3012 1758/2918/3013
f 1759/2928/3012 1757/2929/3014 1758/2918/3013
f 1758/2918/3013 1757/2929/3014 1756/2917/3015
f 1757/2929/3014 1755/2930/3016 1756/2917/3015
f 1756/2917/3015 1755/2930/3016 1754/2916/3017
f 1753/2931/3018 1752/2932/3019 1749/2931/1452
f 1749/2931/1452 1752/2932/3019 1744/2933/3020
f 1750/2931/3021 1748/2934/3022 1751/2934/3023
f 1749/2931/1452 1748/2934/3022 1750/2931/3021
f 1748/2934/3022 1749/2931/1452 1744/2933/3020
f 1747/2935/3024 1748/2934/3022 1744/2933/3020
f 1747/2935/3024 1744/2933/3020 1743/2936/3025
f 1747/2935/3024 1743/2936/3025 1741/2937/3026
f 1746/2938/3027 1736/2938/1452 1745/2932/3028
f 1745/2932/3028 1736/2938/1452 1744/2933/3020
f 1736/2938/1452 1743/2936/3025 1744/2933/3020
f 1743/2936/3025 1736/2938/1452 1730/2939/47
f 1730/2939/47 1728/2940/355 1743/2936/3025
f 1743/2936/3025 1728/2940/355 1742/2941/3029
f 1741/2937/3026 1743/2936/3025 1742/2941/3029
f 1740/2942/3030 1741/2937/3026 1742/2941/3029
f 1741/2937/3026 1740/2942/3030 1739/2943/3031
f 1738/2939/3032 1730/2939/47 1737/2944/2891
f 1730/2939/47 1736/2938/1452 1737/2944/2891
f 1737/2944/2891 1736/2938/1452 1735/2938/2891
f 1730/2939/1452 1734/2939/3033 1733/2945/2891
f 1732/2946/3034 1727/2946/47 1731/2945/3035
f 1731/2945/3035 1727/2946/47 1730/2939/47
f 1727/2946/47 1728/2940/355 1730/2939/47
f 1729/2947/3036 1728/2940/355 1727/2946/47
f 1726/2948/3037 1725/2949/3037 1724/2950/3037
f 1724/2950/3037 1725/2949/3037 1723/2951/3037
f 1724/2950/3037 1723/2951/3037 1722/2952/3037
f 1722/2952/3037 1723/2951/3037 1720/2953/3037
f 1722/2952/3037 1720/2953/3037 1721/2954/3037
f 1721/2954/3037 1720/2953/3037 1719/2955/3037
f 1717/2956/3038 1716/2957/3039 1718/2958/3040
f 1715/2959/3039 1716/2957/3039 1717/2956/3038
f 1716/2957/3039 1715/2959/3039 1713/2960/3039
f 1713/2960/3039 1715/2959/3039 1714/2961/3039
f 1714/2961/3039 1712/2962/3041 1713/2960/3039
f 1713/2960/3039 1712/2962/3041 1711/2963/3042
f 1710/2964/3043 1708/2965/3044 1709/2966/3045
f 1709/2966/3045 1708/2965/3044 1707/2967/3046
f 1706/2968/394 1705/2969/394 1701/2970/394
f 1701/2970/394 1705/2969/394 1704/2971/394
f 1704/2971/394 1699/2972/394 1701/2970/394
f 1703/2968/3047 1701/2970/394 1702/2973/3048
f 1702/2973/3048 1701/2970/394 1695/2974/394
f 1701/2970/394 1694/2975/394 1695/2974/394
f 1701/2970/394 1699/2972/394 1694/2975/394
f 1694/2975/394 1699/2972/394 1700/2976/394
f 1700/2976/394 1699/2972/394 1698/2977/394
f 1695/2974/394 1696/2978/3049 1697/2973/394
f 1691/2979/3050 1696/2978/3049 1695/2974/394
f 1690/2980/394 1691/2979/3050 1695/2974/394
f 1695/2974/394 1694/2975/394 1690/2980/394
f 1694/2975/394 1693/2976/3051 1690/2980/394
f 1690/2980/394 1693/2976/3051 1692/2981/3052
f 1687/2981/394 1688/2982/3050 1690/2980/394
f 1688/2982/3050 1691/2979/3050 1690/2980/394
f 1689/2983/3053 1688/2982/3050 1687/2981/394
f 1674/2984/3054 1686/2985/3055 1679/2986/3054
f 1679/2986/3054 1686/2985/3055 1685/2987/3056
f 1685/2987/3056 1684/2988/3057 1679/2986/3054
f 1679/2986/3054 1684/2988/3057 1683/2989/3054
f 1682/2990/3058 1681/2991/3059 1680/2992/3054
f 1680/2992/3054 1681/2991/3059 1674/2984/3054
f 1680/2992/3054 1674/2984/3054 1678/2993/3054
f 1678/2993/3054 1674/2984/3054 1679/2986/3054
f 1679/2986/3054 1677/2989/3060 1678/2993/3054
f 1678/2993/3054 1677/2989/3060 1676/2994/3061
f 1675/2991/3062 1673/2995/3063 1674/2984/3054
f 1674/2984/3054 1673/2995/3063 1672/2985/3064
f 1671/2996/3065 1669/2997/3066 1670/2998/3067
f 1670/2998/3067 1669/2997/3066 1668/2999/3068
f 1661/2997/3069 1666/3000/3070 1667/2999/3071
f 1667/2999/3071 1666/3000/3070 1665/3001/3063
f 1664/3002/3072 1662/3003/3073 1663/2996/3074
f 1663/2996/3074 1662/3003/3073 1661/2997/3069
f 1655/3003/3075 1660/3004/3076 1661/2997/3069
f 1661/2997/3069 1660/3004/3076 1659/3000/3077
f 1658/3005/3078 1656/3006/3079 1657/3002/3080
f 1657/3002/3080 1656/3006/3079 1655/3003/3075
f 1656/3006/3079 1654/3007/3081 1655/3003/3075
f 1655/3003/3075 1654/3007/3081 1653/3004/3082
f 1644/3008/3083 1651/3009/3083 1652/3010/3084
f 1652/3010/3084 1651/3009/3083 1650/3011/3085
f 1649/3012/3086 1648/3013/3087 1646/3014/3083
f 1646/3014/3083 1648/3013/3087 1647/3015/3083
f 1646/3014/3083 1644/3008/3083 1645/3012/3088
f 1645/3012/3088 1644/3008/3083 1643/3010/3086
f 1642/3016/265 1640/3017/265 1641/3018/265
f 1641/3018/265 1640/3017/265 1639/3019/265
f 1636/3020/855 1637/3021/3089 1638/3022/3090
f 1625/3023/298 1637/3021/3089 1636/3020/855
f 1635/3024/387 1625/3023/298 1636/3020/855
f 1634/3025/298 1625/3023/298 1635/3024/387
f 1634/3025/298 1627/3026/298 1625/3023/298
f 1633/3027/298 1627/3026/298 1634/3025/298
f 1632/3028/869 1627/3026/298 1633/3027/298
f 1630/3029/869 1627/3026/298 1632/3028/869
f 1627/3026/298 1630/3029/869 1631/3030/861
f 1631/3030/861 1630/3029/869 1629/3031/3091
f 1628/3030/341 1626/3021/341 1627/3026/298
f 1627/3026/298 1626/3021/341 1625/3023/298
f 1624/2537/3092 1622/3032/3093 1623/2539/3094
f 1623/2539/3094 1622/3032/3093 1621/3033/3095
f 1622/3032/3093 1620/3034/3096 1621/3033/3095
f 1621/3033/3095 1620/3034/3096 1619/3035/3097
f 1618/3036/3098 1615/3037/3098 1617/3038/3098
f 1617/3038/3098 1615/3037/3098 1616/3039/3098
f 1616/3039/3098 1615/3037/3098 1614/3040/3098
f 1614/3040/3098 1615/3037/3098 1612/3041/3098
f 1614/3040/3098 1612/3041/3098 1613/3042/3098
f 1613/3042/3098 1612/3041/3098 1611/3043/3098
f 1610/3044/3099 1608/3045/3100 1609/3046/3100
f 1609/3046/3100 1608/3045/3100 1606/3047/3101
f 1607/3046/3102 1606/3047/3103 1604/3048/3104
f 1604/3048/3104 1606/3047/3103 1605/3049/3105
f 1604/3048/3104 1605/3049/3105 1602/3050/3106
f 1603/3048/3107 1604/3048/3104 1602/3050/3106
f 1603/3048/3107 1602/3050/3106 1601/2948/3106
f 1601/2948/3106 1602/3050/3106 1600/3051/3108
f 1601/2948/3106 1600/3051/3108 1598/2948/3109
f 1600/3051/3108 1599/2949/3110 1598/2948/3109
f 1597/3052/3111 1595/3053/3112 1596/3054/3112
f 1596/3054/3112 1595/3053/3112 1593/3055/3113
f 1594/3054/3114 1593/3055/3115 1591/3056/3116
f 1591/3056/3116 1593/3055/3115 1592/3057/3117
f 1592/3057/3117 1589/3058/3118 1591/3056/3116
f 1591/3056/3116 1589/3058/3118 1590/3059/3119
f 1590/3059/3119 1589/3058/3118 1588/3038/3118
f 1588/3038/3118 1589/3058/3118 1586/3060/3120
f 1588/3038/3118 1586/3060/3120 1587/3038/3121
f 1587/3038/3121 1586/3060/3120 1585/3036/3122
f 1582/3061/3123 1569/3062/3124 1584/3063/3125
f 1583/3064/3126 1569/3062/3124 1582/3061/3123
f 1561/3065/3127 1580/3066/3128 1581/3067/2954
f 1581/3067/2954 1580/3066/3128 1579/3068/3129
f 1580/3066/3128 1568/3069/3130 1579/3068/3129
f 1579/3068/3129 1568/3069/3130 1577/3070/3131
f 1576/3071/3132 1577/3070/3131 1568/3069/3130
f 1578/3072/3133 1577/3070/3131 1576/3071/3132
f 1575/3063/3124 1569/3062/3124 1571/3073/3134
f 1571/3073/3134 1569/3062/3124 1570/3074/3135
f 1573/3075/3136 1558/3076/3137 1574/3077/3138
f 1563/3078/3127 1558/3076/3137 1573/3075/3136
f 1572/3079/3136 1563/3078/3127 1573/3075/3136
f 1564/3080/3127 1563/3078/3127 1572/3079/3136
f 1571/3073/3134 1564/3080/3127 1572/3079/3136
f 1570/3074/3135 1564/3080/3127 1571/3073/3134
f 1565/3066/3139 1564/3080/3127 1570/3074/3135
f 1570/3074/3135 1569/3062/3124 1565/3066/3139
f 1565/3066/3139 1569/3062/3124 1568/3069/3124
f 1569/3062/3124 1567/3064/3132 1568/3069/3124
f 1568/3069/3124 1567/3064/3132 1566/3071/3126
f 1561/3065/3127 1564/3080/3127 1565/3066/3139
f 1555/3081/3127 1564/3080/3127 1561/3065/3127
f 1563/3078/3127 1564/3080/3127 1555/3081/3127
f 1555/3081/3127 1558/3076/3137 1563/3078/3127
f 1560/3082/2951 1561/3065/3127 1562/3067/3140
f 1555/3081/3127 1561/3065/3127 1560/3082/2951
f 1559/3083/3141 1558/3076/3137 1555/3081/3127
f 1554/3084/2935 1555/3081/3127 1557/3082/2949
f 1556/3083/2936 1555/3081/3127 1554/3084/2935
f 1553/3085/3142 1551/2544/3143 1552/3086/3144
f 1552/3086/3144 1551/2544/3143 1550/2546/3145
f 1551/2544/3143 1549/2544/3143 1550/2546/3145
f 1550/2546/3145 1549/2544/3143 1548/2546/3146
f 1535/3087/3147 1547/3088/3148 1546/3089/3149
f 1545/3089/3150 1544/3090/2825 1535/3087/3151
f 1535/3087/3151 1544/3090/2825 1543/3091/2656
f 1542/3091/3152 1541/3092/2631 1535/3087/3153
f 1535/3087/3153 1541/3092/2631 1537/3093/3147
f 1540/3092/3154 1539/3094/3155 1537/3093/3147
f 1537/3093/3147 1539/3094/3155 1538/3095/3153
f 1538/3095/3153 1534/3096/3151 1537/3093/3147
f 1534/3096/3151 1535/3087/3153 1537/3093/3147
f 1536/3088/3151 1535/3087/3153 1534/3096/3151
f 1532/2734/3156 1531/3097/3157 1533/2733/3158
f 1532/2734/3156 1528/2736/3159 1531/3097/3157
f 1531/3097/3157 1528/2736/3159 1529/3098/3160
f 1530/2737/3161 1529/3098/3160 1528/2736/3159
f 1527/3099/3162 1526/3100/3162 1525/3101/3162
f 1522/2671/3163 1523/3102/3163 1524/2672/3163
f 1523/3102/3163 1522/2671/3163 1521/3103/3163
f 1521/3103/3163 1522/2671/3163 1518/2661/3163
f 1518/2661/3163 1519/3104/3148 1521/3103/3163
f 1520/2663/3164 1519/3104/3148 1518/2661/3163
f 1507/3105/3165 1516/3106/3166 1517/3107/3167
f 1517/3107/3167 1516/3106/3166 1515/3108/3168
f 1513/2512/3169 1512/3109/3170 1514/2513/3171
f 1511/2512/3172 1512/3109/3170 1513/2512/3169
f 1512/3109/3170 1511/2512/3172 1509/3110/3173
f 1509/3110/3173 1511/2512/3172 1510/3106/3174
f 1509/3110/3175 1508/3106/3176 1506/3111/3177
f 1508/3106/3176 1507/3105/3178 1506/3111/3177
f 1504/3112/776 1503/3113/770 1505/3114/2071
f 1499/3115/770 1503/3113/770 1504/3112/776
f 1499/3115/770 1497/3116/770 1503/3113/770
f 1497/3116/770 1499/3115/770 1494/3117/3179
f 1502/3118/265 1487/3118/3180 1488/3119/265
f 1502/3118/265 1488/3119/265 1501/3120/265
f 1501/3120/265 1488/3119/265 1489/3121/265
f 1501/3120/265 1489/3121/265 1500/3122/3181
f 1500/3122/3181 1489/3121/265 1491/3123/3182
f 1500/3122/3181 1491/3123/3182 1498/3124/770
f 1498/3124/770 1491/3123/3182 1494/3117/3179
f 1494/3117/3179 1499/3115/770 1498/3124/770
f 1496/3125/770 1497/3116/770 1494/3117/3179
f 1494/3117/3179 1495/3126/2813 1496/3125/770
f 1493/3127/3183 1495/3126/2813 1494/3117/3179
f 1491/3123/3182 1493/3127/3183 1494/3117/3179
f 1492/3128/3184 1493/3127/3183 1491/3123/3182
f 1492/3128/3184 1491/3123/3182 1490/3129/3185
f 1490/3129/3185 1491/3123/3182 1489/3121/265
f 1489/3121/265 1481/3130/507 1490/3129/3185
f 1488/3119/265 1481/3130/507 1489/3121/265
f 1488/3119/265 1479/3119/3186 1481/3130/507
f 1488/3119/265 1487/3118/3180 1479/3119/3186
f 1487/3118/3180 1486/3131/3187 1479/3119/3186
f 1479/3119/3186 1486/3131/3187 1475/3132/3188
f 1485/3133/755 1475/3132/3188 1486/3131/3187
f 1474/3134/755 1475/3132/3188 1485/3133/755
f 1474/3134/755 1485/3133/755 1484/3135/755
f 1485/3133/755 1483/3136/2685 1484/3135/755
f 1484/3135/755 1483/3136/2685 1482/3137/759
f 1481/3130/507 1479/3119/3186 1480/3130/3189
f 1480/3130/3189 1479/3119/3186 1478/3138/3190
f 1478/3138/3190 1479/3119/3186 1475/3132/3188
f 1478/3138/3190 1475/3132/3188 1477/3139/3191
f 1477/3139/3191 1475/3132/3188 1476/3140/755
f 1476/3140/755 1475/3132/3188 1474/3134/755
f 1473/3141/3192 1471/3142/3193 1472/3143/3193
f 1472/3143/3193 1471/3142/3193 1465/3144/3194
f 1470/3142/3195 1469/3042/3196 1463/3145/3197
f 1463/3145/3197 1469/3042/3196 1468/3146/3198
f 1469/3042/3196 1467/3042/3199 1468/3146/3198
f 1468/3146/3198 1467/3042/3199 1466/3043/3200
f 1465/3144/3194 1464/3142/3201 1462/3147/3201
f 1464/3142/3201 1463/3145/3197 1462/3147/3201
f 1461/3148/3202 1460/2747/3202 1459/2750/3202
f 1453/3149/3203 1455/3150/3204 1458/3151/3205
f 1456/3152/298 1451/3153/298 1457/3154/298
f 1451/3153/298 1456/3152/298 1450/3155/298
f 1456/3152/298 1455/3150/3204 1450/3155/298
f 1454/3156/3206 1450/3155/298 1455/3150/3204
f 1454/3156/3206 1455/3150/3204 1453/3149/3203
f 1454/3156/3206 1453/3149/3203 1452/3157/3207
f 1451/3153/298 1450/3155/298 1449/3158/298
f 1448/3159/3208 1446/3160/265 1447/3161/3209
f 1447/3161/3209 1446/3160/265 1445/3162/265
f 1446/3160/265 1444/3163/3210 1445/3162/265
f 1445/3162/265 1444/3163/3210 1443/3164/3210
f 1444/3163/3210 1442/3165/3211 1443/3164/3210
f 1443/3164/3210 1442/3165/3211 1441/3166/3212
f 1438/3167/3213 457/3168/3214 1440/3169/3215
f 1438/3167/3213 459/3170/3216 457/3168/3214
f 1439/3171/3217 459/3170/3216 1438/3167/3213
f 1435/3169/3218 1436/3172/3219 1437/2749/3220
f 457/3168/3214 1436/3172/3219 1435/3169/3218
f 457/3168/3214 1431/3173/3221 1434/3172/3222
f 1433/3174/3223 1431/3173/3221 457/3168/3214
f 461/3174/2890 1431/3173/3221 1433/3174/3223
f 1432/3173/3224 1431/3173/3221 461/3174/2890
f 1423/3175/2890 1428/3176/3034 1430/3177/3225
f 467/3178/3 1429/3178/3226 465/3176/2961
f 465/3176/2961 1429/3178/3226 1428/3176/3034
f 1428/3176/3034 463/3179/2890 465/3176/2961
f 463/3179/2890 1428/3176/3034 1423/3175/2890
f 461/3174/2890 463/3179/2890 1423/3175/2890
f 1423/3175/2890 1427/3173/2890 461/3174/2890
f 1426/3180/2890 1427/3173/2890 1423/3175/2890
f 1423/3175/2890 1424/3181/3033 1426/3180/2890
f 1425/3177/3227 1424/3181/3033 1423/3175/2890
f 1418/3182/3228 1421/3183/3229 1422/3182/3230
f 1422/3182/3230 1421/3183/3229 1420/3183/3231
f 1421/3183/3229 1315/3184/47 1420/3183/3231
f 1420/3183/3231 1315/3184/47 1419/3185/3232
f 1415/3186/3233 1417/3187/3234 1418/3182/3228
f 1418/3182/3228 1417/3187/3234 1416/3183/3235
f 1417/3187/3234 1317/3188/47 1416/3183/3235
f 1416/3183/3235 1317/3188/47 1315/3184/47
f 1415/3186/3236 1414/3189/3237 1412/3187/3238
f 1412/3187/3238 1414/3189/3237 1413/3190/3239
f 1411/3191/3240 1412/3187/3238 1413/3190/3239
f 1317/3188/47 1412/3187/3238 1411/3191/3240
f 1410/3192/1466 1403/3193/47 1409/3194/3241
f 1409/3194/3241 1403/3193/47 1407/3195/3242
f 1407/3195/3242 1408/2566/3243 1409/3194/3241
f 1396/2564/3244 1408/2566/3243 1407/3195/3242
f 1406/2561/3245 1398/2560/3245 1399/3196/3246
f 1395/3195/3247 1403/3193/47 1397/3197/3247
f 1397/3197/3247 1403/3193/47 1400/3198/47
f 1405/3199/1453 1383/3200/47 1404/3192/703
f 1404/3192/703 1383/3200/47 1403/3193/47
f 1387/3201/47 1403/3193/47 1383/3200/47
f 1400/3198/47 1403/3193/47 1387/3201/47
f 1402/3201/3248 1400/3198/47 1387/3201/47
f 1401/3202/3249 1400/3198/47 1402/3201/3248
f 1401/3202/3249 1399/3196/3246 1400/3198/47
f 1400/3198/47 1399/3196/3246 1397/3197/3247
f 1399/3196/3246 1398/2560/3245 1397/3197/3247
f 1398/2560/3245 1396/2564/3244 1397/3197/3247
f 1397/3197/3247 1396/2564/3244 1395/3195/3247
f 1394/2641/3250 1393/3203/3251 1390/2639/3252
f 1390/2639/3252 1393/3203/3251 1392/3203/3253
f 1391/3201/3254 1392/3203/3253 1393/3203/3251
f 1387/3201/47 1392/3203/3253 1391/3201/3254
f 1390/2639/3252 1389/3203/3255 1386/2637/3250
f 1386/2637/3250 1389/3203/3255 1388/3204/3253
f 1389/3203/3255 1387/3201/47 1388/3204/3253
f 1388/3204/3253 1387/3201/47 1383/3200/47
f 1386/2637/3252 1381/3204/3256 1385/2635/3252
f 1385/2635/3252 1381/3204/3256 1384/3205/3257
f 1381/3204/3256 1382/3199/703 1384/3205/3257
f 1383/3200/47 1382/3199/703 1381/3204/3256
f 1380/3169/3258 1379/2749/3258 1378/3206/3258
f 1377/3207/3259 1371/3208/3260 1376/3209/3261
f 1376/3209/3261 1371/3208/3260 1375/3210/3260
f 1374/3211/3262 1372/3212/3263 1373/3207/3264
f 1373/3207/3264 1372/3212/3263 1371/3208/3265
f 759/3213/3266 1369/3214/3267 1370/3215/3268
f 1370/3215/3268 1369/3214/3267 1368/3216/3269
f 1359/3217/3270 1367/3217/3271 1366/3218/3272
f 1366/3218/3272 1367/3217/3271 1364/3218/3273
f 1364/3218/3273 1361/3219/103 1366/3218/3272
f 1365/3220/3274 1361/3219/103 1364/3218/3273
f 1363/3220/3275 1362/3221/3276 1361/3219/103
f 1361/3219/103 1362/3221/3276 921/3222/103
f 921/3222/103 923/3223/103 1361/3219/103
f 1361/3219/103 923/3223/103 1360/3218/3277
f 1360/3218/3277 923/3223/103 1358/3224/3278
f 1358/3224/3278 1359/3217/3279 1360/3218/3277
f 1357/3225/3280 1359/3217/3279 1358/3224/3278
f 1357/3225/3281 1353/3224/3282 1356/3226/3283
f 1356/3226/3283 1353/3224/3282 1355/3227/3284
f 1353/3224/3282 1354/3228/3285 1355/3227/3284
f 923/3223/103 1354/3228/3285 1353/3224/3282
f 1344/3229/47 1352/3230/3286 1351/3231/3287
f 1344/3229/47 1350/3231/1456 1345/3232/47
f 1345/3232/47 1350/3231/1456 1349/3232/1502
f 1345/3232/47 1349/3232/1502 1348/3233/3288
f 1347/3233/3289 1345/3232/47 1348/3233/3288
f 1346/3234/1466 1345/3232/47 1347/3233/3289
f 1338/3235/47 1345/3232/47 1346/3234/1466
f 1328/3236/47 1345/3232/47 1338/3235/47
f 1345/3232/47 1328/3236/47 1344/3229/47
f 1316/3237/47 1344/3229/47 1328/3236/47
f 1344/3229/47 1316/3237/47 1310/3238/47
f 1343/3239/3290 1341/3240/3291 1342/3241/2903
f 1342/3241/2903 1341/3240/3291 1335/3242/47
f 1337/3243/47 1340/3244/2903 1335/3242/47
f 1335/3242/47 1340/3244/2903 1339/3241/3292
f 1338/3235/47 1337/3243/47 1328/3236/47
f 1328/3236/47 1337/3243/47 1335/3242/47
f 1328/3236/47 1335/3242/47 1336/3245/1232
f 1336/3245/1232 1335/3242/47 1334/3240/3293
f 1333/3246/325 1318/3247/47 1332/3248/3294
f 1332/3248/3294 1318/3247/47 1331/3249/3295
f 1330/3250/3296 1316/3237/47 1329/3245/3297
f 1329/3245/3297 1316/3237/47 1328/3236/47
f 1310/3238/47 1319/3251/47 1327/3252/3298
f 1327/3252/3298 1319/3251/47 1325/3253/696
f 1324/3254/324 1325/3253/696 1319/3251/47
f 1326/3255/3299 1325/3253/696 1324/3254/324
f 1323/3191/3300 1322/3249/3300 1317/3188/47
f 1317/3188/47 1322/3249/3300 1318/3247/47
f 1321/3254/325 1319/3251/47 1320/3246/324
f 1320/3246/324 1319/3251/47 1318/3247/47
f 1310/3238/47 1318/3247/47 1319/3251/47
f 1317/3188/47 1318/3247/47 1310/3238/47
f 1310/3238/47 1316/3237/47 1317/3188/47
f 1317/3188/47 1316/3237/47 1315/3184/47
f 1316/3237/47 1314/3250/3301 1315/3184/47
f 1315/3184/47 1314/3250/3301 1313/3185/3302
f 1312/3256/3303 1310/3238/47 1311/3257/3304
f 1311/3257/3304 1310/3238/47 1309/3252/1444
f 1308/3258/3269 1306/3259/306 1307/3260/3268
f 1307/3260/3268 1306/3259/306 722/3261/3
f 1304/3262/3305 1289/3263/3306 1305/3264/3307
f 1298/3265/3308 1289/3263/3306 1304/3262/3305
f 1303/3266/3309 1298/3265/3308 1304/3262/3305
f 1302/3267/3310 1298/3265/3308 1303/3266/3309
f 1303/3266/3309 1301/3268/3311 1302/3267/3310
f 1302/3267/3310 1301/3268/3311 1295/3269/265
f 1300/3268/3312 1299/3270/3311 1295/3269/265
f 1295/3269/265 1299/3270/3311 1294/3271/265
f 1298/3265/3308 1286/3272/3308 1289/3263/3306
f 1298/3265/3308 1296/3273/3313 1286/3272/3308
f 1297/3267/3313 1296/3273/3313 1298/3265/3308
f 1297/3267/3313 1295/3269/265 1296/3273/3313
f 1296/3273/3313 1295/3269/265 1284/3274/265
f 1295/3269/265 1294/3271/265 1284/3274/265
f 1284/3274/265 1294/3271/265 1293/3275/265
f 1293/3275/265 1292/3276/3314 1284/3274/265
f 1284/3274/265 1292/3276/3314 1291/3277/3315
f 1288/3278/3308 1287/3279/3316 1290/3280/3316
f 1289/3263/3306 1286/3272/3308 1288/3278/3308
f 1286/3272/3308 1287/3279/3316 1288/3278/3308
f 1286/3272/3308 1285/3281/3317 1287/3279/3316
f 1282/3273/3318 1285/3281/3317 1286/3272/3308
f 1282/3273/3318 1283/3277/3314 1285/3281/3317
f 1284/3274/265 1283/3277/3314 1282/3273/3318
f 1268/3282/3319 1280/3283/3319 1281/3284/3319
f 1266/3285/3319 1280/3283/3319 1268/3282/3319
f 1266/3285/3319 1279/3286/3319 1280/3283/3319
f 1271/3287/3319 1279/3286/3319 1266/3285/3319
f 1279/3286/3319 1271/3287/3319 1278/3288/3319
f 1278/3288/3319 1271/3287/3319 1277/3289/3319
f 1271/3287/3319 1276/3290/3319 1277/3289/3319
f 1270/3291/3319 1276/3290/3319 1271/3287/3319
f 1270/3291/3319 1275/3292/3319 1276/3290/3319
f 1274/3293/3319 1275/3292/3319 1270/3291/3319
f 1270/3291/3319 1269/3294/3319 1274/3293/3319
f 1274/3293/3319 1269/3294/3319 1273/3295/3319
f 1269/3294/3319 1267/3296/3319 1273/3295/3319
f 1273/3295/3319 1267/3296/3319 1272/3297/3319
f 1271/3287/3319 1266/3285/3319 1270/3291/3319
f 1270/3291/3319 1266/3285/3319 1269/3294/3319
f 1266/3285/3319 1267/3296/3319 1269/3294/3319
f 1268/3282/3319 1267/3296/3319 1266/3285/3319
f 1261/2957/3320 1264/3298/3321 1265/2958/3322
f 1265/2958/3322 1264/3298/3321 1263/3299/3323
f 1262/3298/3324 1261/2957/3320 1259/3300/3325
f 1259/3300/3325 1261/2957/3320 1260/2960/3320
f 1260/2960/3320 1258/2963/3326 1259/3300/3325
f 1259/3300/3325 1258/2963/3326 1257/3301/3327
f 1241/3302/3328 1255/3303/3328 1256/3304/3328
f 1242/3305/3328 1255/3303/3328 1241/3302/3328
f 1242/3305/3328 1254/3306/3328 1255/3303/3328
f 1245/3307/3328 1254/3306/3328 1242/3305/3328
f 1245/3307/3328 1253/3308/3328 1254/3306/3328
f 1252/3309/3328 1253/3308/3328 1245/3307/3328
f 1246/3310/3328 1252/3309/3328 1245/3307/3328
f 1251/3311/3328 1252/3309/3328 1246/3310/3328
f 1246/3310/3328 1250/3312/3328 1251/3311/3328
f 1249/3313/3328 1250/3312/3328 1246/3310/3328
f 1246/3310/3328 1244/3314/3328 1249/3313/3328
f 1249/3313/3328 1244/3314/3328 1247/3315/3328
f 1243/3316/3328 1247/3315/3328 1244/3314/3328
f 1248/3317/3328 1247/3315/3328 1243/3316/3328
f 1246/3310/3328 1245/3307/3328 1244/3314/3328
f 1244/3314/3328 1245/3307/3328 1242/3305/3328
f 1244/3314/3328 1242/3305/3328 1243/3316/3328
f 1243/3316/3328 1242/3305/3328 1241/3302/3328
f 1214/3318/3329 1239/3319/3330 1240/3320/3331
f 1240/3320/3331 1239/3319/3330 1238/3321/3332
f 1217/3322/3329 1233/3323/3333 1214/3318/3329
f 1214/3318/3329 1233/3323/3333 1237/3319/3333
f 1233/3323/3333 1232/3324/3334 1237/3319/3333
f 1236/3325/3335 1225/3326/3336 1234/3327/3337
f 1221/3328/265 1236/3325/3335 1235/3329/3314
f 1235/3329/3314 1236/3325/3335 1234/3327/3337
f 1234/3327/3337 1217/3322/3329 1235/3329/3314
f 1233/3323/3333 1217/3322/3329 1234/3327/3337
f 1234/3327/3337 1225/3326/3336 1233/3323/3333
f 1225/3326/3336 1232/3324/3334 1233/3323/3333
f 1225/3326/3336 1226/3212/3336 1232/3324/3334
f 1230/3210/3338 1229/3330/3339 1231/3331/3340
f 1228/3208/3341 1229/3330/3339 1230/3210/3338
f 1228/3208/3341 1204/3332/3342 1229/3330/3339
f 1227/3212/3342 1204/3332/3342 1228/3208/3341
f 1227/3212/3342 1226/3212/3336 1204/3332/3342
f 1204/3332/3342 1226/3212/3336 1203/3333/3336
f 1203/3333/3336 1226/3212/3336 1225/3326/3336
f 1223/3325/3343 1203/3333/3336 1225/3326/3336
f 1224/3334/3343 1203/3333/3336 1223/3325/3343
f 1224/3334/3343 1223/3325/3343 1208/3335/265
f 1208/3335/265 1223/3325/3343 1221/3328/265
f 1208/3335/265 1221/3328/265 1209/3336/265
f 1209/3336/265 1221/3328/265 1222/3337/265
f 1222/3337/265 1221/3328/265 1220/3338/3314
f 1220/3338/3314 1221/3328/265 1219/3329/3344
f 1219/3329/3344 1218/3339/3329 1220/3338/3314
f 1217/3322/3329 1218/3339/3329 1219/3329/3344
f 1218/3339/3329 1217/3322/3329 1216/3340/3329
f 1216/3340/3329 1217/3322/3329 1214/3318/3329
f 1216/3340/3329 1214/3318/3329 1215/3341/3331
f 1215/3341/3331 1214/3318/3329 1213/3320/3345
f 1205/3330/3346 1211/3342/3347 1212/3331/3348
f 1212/3331/3348 1211/3342/3347 1210/3343/3349
f 1211/3342/3347 1208/3335/265 1210/3343/3349
f 1210/3343/3349 1208/3335/265 1209/3336/265
f 1202/3344/3350 1203/3333/3336 1207/3334/3351
f 1206/3342/3349 1207/3334/3351 1208/3335/265
f 1202/3344/3350 1207/3334/3351 1206/3342/3349
f 1205/3330/3346 1202/3344/3350 1206/3342/3349
f 1204/3332/3342 1202/3344/3350 1205/3330/3346
f 1204/3332/3342 1203/3333/3336 1202/3344/3350
f 1201/3345/3352 1200/3346/3353 1198/3347/3354
f 1198/3347/3354 1200/3346/3353 1199/3348/3355
f 1199/3348/3355 1196/3349/3356 1198/3347/3354
f 1198/3347/3354 1196/3349/3356 1197/3350/672
f 1197/3350/672 1196/3349/3356 1195/3351/673
f 1190/3352/3346 1193/3353/3348 1194/3354/3357
f 1194/3354/3357 1193/3353/3348 1192/3355/3358
f 1191/3354/3311 1189/3356/3359 1190/3352/3346
f 1190/3352/3346 1189/3356/3359 1187/3357/3305
f 1188/3358/3307 1186/3359/3360 1187/3357/3361
f 1187/3357/3361 1186/3359/3360 1185/3352/3339
f 1186/3359/3360 1184/3360/3362 1185/3352/3339
f 1185/3352/3339 1184/3360/3362 1183/3353/3340
f 1182/3361/3363 1181/3362/3364 1162/3363/3365
f 1162/3363/3365 1181/3362/3364 1180/3364/3366
f 1179/3365/3367 1180/3364/3366 1181/3362/3364
f 1165/3366/3329 1180/3364/3366 1179/3365/3367
f 1178/3367/3368 1177/3368/3369 1161/3369/3370
f 1176/3370/3314 1167/3371/3329 1175/3372/3371
f 1175/3372/3371 1167/3371/3329 1174/3373/3316
f 1167/3371/3329 1165/3366/3329 1174/3373/3316
f 1174/3373/3316 1165/3366/3329 1173/3365/3372
f 1172/3368/3373 1171/3361/3374 1161/3369/3375
f 1161/3369/3375 1171/3361/3374 1162/3363/3365
f 1170/3374/3314 1168/3375/3329 1169/3370/3315
f 1169/3370/3315 1168/3375/3329 1167/3371/3329
f 1168/3375/3329 1166/3376/3329 1167/3371/3329
f 1167/3371/3329 1166/3376/3329 1165/3366/3329
f 1166/3376/3329 1163/3377/3376 1165/3366/3329
f 1165/3366/3329 1163/3377/3376 1164/3364/3376
f 1164/3364/3376 1163/3377/3376 1162/3363/3365
f 1162/3363/3365 1163/3377/3376 1145/3378/3365
f 1145/3378/3365 1161/3369/3375 1162/3363/3365
f 1145/3378/3365 1148/3379/3377 1161/3369/3375
f 1148/3379/3377 1160/3380/3378 1161/3369/3375
f 1161/3369/3375 1160/3380/3378 1159/3367/3379
f 1158/3380/3380 1148/3379/3381 1157/3381/3382
f 1149/3382/3365 1154/3383/3383 1156/3384/3384
f 1155/3385/3385 1154/3383/3383 1149/3382/3365
f 1153/3386/3386 1152/3385/3387 1147/3387/3365
f 1147/3387/3365 1152/3385/3387 1149/3382/3365
f 1148/3379/3377 1150/3384/3388 1151/3381/3389
f 1149/3382/3365 1150/3384/3388 1148/3379/3377
f 1149/3382/3365 1148/3379/3377 1147/3387/3365
f 1147/3387/3365 1148/3379/3377 1145/3378/3365
f 1147/3387/3365 1145/3378/3365 1146/3386/3390
f 1146/3386/3390 1145/3378/3365 1144/3377/3390
f 1142/3388/394 1141/3389/394 1143/3390/394
f 1135/3391/394 1141/3389/394 1142/3388/394
f 1135/3391/394 1134/3392/394 1141/3389/394
f 1141/3389/394 1134/3392/394 1140/3393/394
f 1134/3392/394 1139/3394/394 1140/3393/394
f 1140/3393/394 1139/3394/394 1138/3395/394
f 1137/3388/3391 1136/3396/3392 1135/3391/394
f 1135/3391/394 1136/3396/3392 1125/3397/394
f 1135/3391/394 1125/3397/394 1134/3392/394
f 1134/3392/394 1125/3397/394 1128/3398/394
f 1134/3392/394 1128/3398/394 1133/3394/3393
f 1133/3394/3393 1128/3398/394 1132/3399/3394
f 1130/3399/394 1129/3400/3395 1131/3401/3396
f 1128/3398/394 1129/3400/3395 1130/3399/394
f 1129/3400/3395 1128/3398/394 1127/3402/3397
f 1127/3402/3397 1128/3398/394 1125/3397/394
f 1127/3402/3397 1125/3397/394 1126/3403/3398
f 1126/3403/3398 1125/3397/394 1124/3396/394
f 1123/3404/1090 1122/3405/2904 1110/3406/265
f 1110/3406/265 1122/3405/2904 1121/3407/1451
f 1120/3408/1886 1114/3409/265 1115/3410/3399
f 1118/3411/3090 1114/3409/265 1120/3408/1886
f 1119/3412/3400 1114/3409/265 1118/3411/3090
f 1114/3409/265 1117/3412/3401 1110/3406/265
f 1110/3406/265 1117/3412/3401 1116/3404/3401
f 1115/3410/3399 1114/3409/265 1097/3413/265
f 1114/3409/265 1107/3414/265 1097/3413/265
f 1110/3406/265 1107/3414/265 1114/3409/265
f 1104/3415/265 1107/3414/265 1110/3406/265
f 1104/3415/265 1110/3406/265 1109/3416/265
f 1103/3417/3402 1104/3415/265 1109/3416/265
f 1109/3416/265 1108/3418/265 1103/3417/3402
f 1103/3417/3402 1108/3418/265 1113/3419/3403
f 1108/3418/265 1106/3420/3404 1113/3419/3403
f 1095/3421/265 1111/3407/1513 1112/3422/1451
f 1110/3406/265 1111/3407/1513 1095/3421/265
f 1109/3416/265 1110/3406/265 1095/3421/265
f 1097/3413/265 1109/3416/265 1095/3421/265
f 1108/3418/265 1109/3416/265 1097/3413/265
f 1097/3413/265 1107/3414/265 1108/3418/265
f 1107/3414/265 1106/3420/3404 1108/3418/265
f 1107/3414/265 1104/3415/265 1106/3420/3404
f 1106/3420/3404 1104/3415/265 1105/3423/3096
f 1105/3423/3096 1104/3415/265 1103/3417/3402
f 1097/3413/265 1100/3410/3405 1102/3410/1896
f 1097/3413/265 1101/3413/3406 1100/3410/3405
f 1097/3413/265 1098/3421/267 1099/3413/765
f 1095/3421/265 1098/3421/267 1097/3413/265
f 1095/3421/265 1093/3422/3407 1096/3421/765
f 1095/3421/265 1094/3422/1508 1093/3422/3407
f 1092/3424/3408 1091/3425/3409 1083/3426/3410
f 1090/3427/3411 1084/3428/3412 1089/3429/3413
f 1084/3428/3412 1088/3427/3414 1083/3426/3415
f 1083/3426/3415 1088/3427/3414 1087/3424/3416
f 1086/3429/3417 1084/3428/3412 1085/3430/3418
f 1085/3430/3418 1084/3428/3412 1073/3431/3419
f 1084/3428/3412 1083/3426/3415 1073/3431/3419
f 1073/3431/3419 1083/3426/3415 1077/3432/3420
f 1083/3426/3415 1082/3425/3421 1077/3432/3420
f 1077/3432/3420 1082/3425/3421 1081/3433/3422
f 1080/3434/3423 1077/3432/3424 1079/3433/3425
f 1073/3431/3419 1077/3432/3420 1078/3435/3426
f 1078/3435/3426 1077/3432/3420 1076/3434/3427
f 1075/3435/3428 1074/3430/3429 1073/3431/3430
f 1072/3436/3431 1070/3437/3432 1071/3438/3433
f 1071/3438/3433 1070/3437/3432 1069/3439/3434
f 1068/3440/3435 1066/3441/3436 1067/3442/3437
f 1067/3442/3437 1066/3441/3436 1065/3443/3438
f 1064/3444/3439 1062/3445/3440 1063/3446/3440
f 1063/3446/3440 1062/3445/3440 1061/3447/3441
f 1060/3448/3442 1058/3449/3443 1059/3437/3444
f 1059/3437/3444 1058/3449/3443 1057/3439/3445
f 1050/3450/103 1054/3451/3446 1056/3452/418
f 1055/3453/1878 1054/3451/3446 1050/3450/103
f 1050/3450/103 1051/3454/1877 1053/3453/3447
f 1052/3455/3448 1051/3454/1877 1047/3456/1177
f 1047/3456/1177 1051/3454/1877 1044/3457/103
f 1044/3457/103 1051/3454/1877 1050/3450/103
f 1043/3458/103 1044/3457/103 1050/3450/103
f 1050/3450/103 1049/3452/3449 1043/3458/103
f 1043/3458/103 1049/3452/3449 1048/3459/3450
f 1047/3456/1177 1044/3457/103 1046/3460/1177
f 1046/3460/1177 1044/3457/103 1045/3461/103
f 1045/3461/103 1044/3457/103 1043/3458/103
f 1042/3462/3451 1040/3463/3452 1041/3464/3452
f 1041/3464/3452 1040/3463/3452 1039/3465/3453
f 1040/3463/3452 1038/3466/3454 1039/3465/3453
f 1039/3465/3453 1038/3466/3454 1037/3467/3455
f 1036/3468/3456 1034/3469/3457 1035/3470/3458
f 1035/3470/3458 1034/3469/3457 1031/3471/3459
f 1033/3470/3460 1031/3471/3459 1032/3466/3461
f 1032/3466/3461 1031/3471/3459 1030/3467/3462
f 1029/3472/3463 1028/3473/3464 1027/3474/3465
f 1027/3474/3465 1028/3473/3464 999/3475/3466
f 999/3475/3466 1026/3476/3467 1027/3474/3465
f 1024/3477/3468 1026/3476/3467 999/3475/3466
f 1026/3476/3467 1024/3477/3468 1025/3478/3082
f 1025/3478/3082 1024/3477/3468 1008/3479/3469
f 1023/3480/3470 1022/3481/3063 1010/3482/3469
f 1010/3482/3469 1022/3481/3063 1021/3483/3070
f 1017/3484/3469 1016/3485/3471 1018/3486/3472
f 1018/3486/3472 1016/3485/3471 1020/3487/3473
f 1019/3480/3474 1010/3482/3469 1018/3486/3472
f 1018/3486/3472 1010/3482/3469 1017/3484/3469
f 1010/3482/3469 1011/3488/3469 1017/3484/3469
f 1011/3488/3469 1015/3489/3471 1017/3484/3469
f 1017/3484/3469 1015/3489/3471 1016/3485/3471
f 1011/3488/3469 1013/3490/3475 1015/3489/3471
f 1012/3491/3476 1013/3490/3475 1011/3488/3469
f 1014/3492/3477 1013/3490/3475 1001/3493/3466
f 1001/3493/3466 1013/3490/3475 1012/3491/3476
f 1012/3491/3476 1000/3477/3476 1001/3493/3466
f 1011/3488/3469 1000/3477/3476 1012/3491/3476
f 1008/3479/3469 1000/3477/3476 1011/3488/3469
f 1008/3479/3469 1011/3488/3469 1010/3482/3469
f 1007/3483/3077 1008/3479/3469 1010/3482/3469
f 1009/3478/3478 1008/3479/3469 1007/3483/3077
f 1006/3494/3479 1005/3495/3480 1001/3493/3477
f 1001/3493/3477 1005/3495/3480 1004/3492/3481
f 1002/3494/3482 999/3475/3466 1003/3473/3483
f 1001/3493/3466 999/3475/3466 1002/3494/3482
f 1001/3493/3466 1000/3477/3476 999/3475/3466
f 998/3496/1351 997/3497/777 996/3498/103
f 996/3498/103 997/3497/777 995/3499/103
f 996/3498/103 995/3499/103 994/3500/103
f 991/3501/3484 992/3502/3485 993/3503/3486
f 990/3504/3487 992/3502/3485 991/3501/3484
f 987/3505/3488 990/3504/3487 991/3501/3484
f 989/3506/3489 990/3504/3487 987/3505/3488
f 989/3506/3489 987/3505/3488 988/3507/3490
f 988/3507/3490 987/3505/3488 986/3508/3491
f 985/3509/1451 978/3510/265 984/3511/3492
f 984/3511/3492 978/3510/265 983/3512/3401
f 982/3513/1451 977/3514/265 981/3509/3493
f 981/3509/3493 977/3514/265 978/3510/265
f 980/3512/1090 978/3510/265 979/3515/1091
f 979/3515/1091 978/3510/265 972/3516/265
f 978/3510/265 977/3514/265 972/3516/265
f 972/3516/265 977/3514/265 974/3517/265
f 974/3517/265 975/3518/2631 972/3516/265
f 976/3519/1886 975/3518/2631 974/3517/265
f 973/3518/1886 971/3520/3494 972/3516/265
f 972/3516/265 971/3520/3494 970/3515/1126
f 964/3521/3495 962/3522/298 969/3523/3008
f 969/3523/3008 962/3522/298 961/3524/298
f 969/3523/3008 961/3524/298 968/3525/3010
f 968/3525/3010 961/3524/298 960/3526/298
f 960/3526/298 958/3527/3496 968/3525/3010
f 967/2967/3497 965/3528/3498 966/2966/3499
f 966/2966/3499 965/3528/3498 964/3521/3495
f 965/3528/3498 963/3529/298 964/3521/3495
f 964/3521/3495 963/3529/298 962/3522/298
f 952/3530/298 962/3522/298 963/3529/298
f 953/3531/298 962/3522/298 952/3530/298
f 953/3531/298 961/3524/298 962/3522/298
f 955/3532/298 961/3524/298 953/3531/298
f 955/3532/298 960/3526/298 961/3524/298
f 957/3533/298 960/3526/298 955/3532/298
f 959/3534/298 960/3526/298 957/3533/298
f 959/3534/298 958/3527/3496 960/3526/298
f 959/3534/298 957/3533/298 958/3527/3496
f 958/3527/3496 957/3533/298 956/3535/3012
f 957/3533/298 955/3532/298 956/3535/3012
f 956/3535/3012 955/3532/298 954/3536/3014
f 955/3532/298 953/3531/298 954/3536/3014
f 954/3536/3014 953/3531/298 951/3537/3500
f 953/3531/298 952/3530/298 951/3537/3500
f 951/3537/3500 952/3530/298 949/3538/3501
f 951/3537/3500 949/3538/3501 950/2578/3502
f 950/2578/3502 949/3538/3501 948/2580/3503
f 947/3539/306 941/3540/2409 942/3541/103
f 946/3542/3504 945/3539/2409 944/3543/1864
f 944/3543/1864 945/3539/2409 942/3541/103
f 942/3541/103 943/3544/3505 944/3543/1864
f 922/3545/103 943/3544/3505 942/3541/103
f 924/3546/103 922/3545/103 942/3541/103
f 942/3541/103 941/3540/2409 924/3546/103
f 938/3547/3506 940/3544/3507 922/3545/103
f 922/3545/103 939/3548/110 938/3547/3506
f 921/3222/103 936/3549/3508 912/3550/103
f 937/3221/3509 936/3549/3508 921/3222/103
f 924/3546/103 933/3551/3269 935/3552/3510
f 934/3540/2412 933/3551/3269 924/3546/103
f 922/3545/103 920/3553/103 932/3548/3511
f 932/3548/3511 920/3553/103 931/3554/1897
f 930/3554/1898 931/3554/1897 920/3553/103
f 920/3553/103 929/3555/1899 930/3554/1898
f 920/3553/103 919/3556/103 929/3555/1899
f 929/3555/1899 919/3556/103 928/3556/1900
f 928/3556/1900 919/3556/103 927/3557/3512
f 926/3228/3513 923/3223/103 925/3552/3514
f 925/3552/3514 923/3223/103 924/3546/103
f 923/3223/103 922/3545/103 924/3546/103
f 921/3222/103 922/3545/103 923/3223/103
f 920/3553/103 922/3545/103 921/3222/103
f 921/3222/103 912/3550/103 920/3553/103
f 919/3556/103 920/3553/103 912/3550/103
f 919/3556/103 912/3550/103 918/3558/103
f 918/3558/103 912/3550/103 917/3559/103
f 917/3559/103 912/3550/103 908/3560/103
f 917/3559/103 908/3560/103 916/3561/1877
f 916/3561/1877 908/3560/103 915/3562/2631
f 914/3563/3515 908/3560/103 913/3549/1173
f 913/3549/1173 908/3560/103 912/3550/103
f 911/3564/3516 909/3562/1877 910/3563/1173
f 910/3563/1173 909/3562/1877 908/3560/103
f 907/3565/3517 904/2959/3320 906/3566/3518
f 906/3566/3518 904/2959/3320 905/2956/3519
f 904/2959/3320 903/3565/3321 900/2961/3320
f 900/2961/3320 903/3565/3321 902/3567/3520
f 901/3567/3517 899/3568/3521 900/2961/3320
f 900/2961/3320 899/3568/3521 898/2962/3522
f 897/3569/3523 888/3570/3524 896/3571/3323
f 896/3571/3323 888/3570/3524 887/3572/3525
f 886/3573/3524 889/3574/3524 894/3575/3524
f 894/3575/3524 893/3576/3526 895/3577/3527
f 889/3574/3524 893/3576/3526 894/3575/3524
f 889/3574/3524 892/3578/3528 893/3576/3526
f 891/3579/3325 892/3578/3528 889/3574/3524
f 889/3574/3524 890/3569/3529 891/3579/3325
f 888/3570/3524 890/3569/3529 889/3574/3524
f 888/3570/3524 889/3574/3524 886/3573/3524
f 888/3570/3524 886/3573/3524 887/3572/3525
f 887/3572/3525 886/3573/3524 885/3580/3530
f 878/3581/298 884/3582/3531 883/3583/3425
f 882/3582/3532 878/3581/298 881/3584/3533
f 881/3584/3533 878/3581/298 865/3585/298
f 878/3581/298 869/3586/298 865/3585/298
f 878/3581/298 879/3587/3534 869/3586/298
f 880/3583/870 879/3587/3534 878/3581/298
f 877/3588/3535 876/3589/3536 868/3588/298
f 868/3588/298 876/3589/3536 875/3589/3537
f 874/3586/3535 869/3586/298 873/3587/3538
f 873/3587/3538 869/3586/298 872/3587/870
f 868/3588/298 870/3586/861 871/3588/862
f 869/3586/298 870/3586/861 868/3588/298
f 865/3585/298 869/3586/298 868/3588/298
f 868/3588/298 867/3589/3539 865/3585/298
f 865/3585/298 867/3589/3539 866/3590/3537
f 865/3585/298 864/3590/3425 863/3584/3540
f 862/3591/3541 860/3592/3542 861/3593/3543
f 861/3593/3543 860/3592/3542 859/3594/3544
f 858/3595/3545 856/3596/3546 857/3597/3547
f 857/3597/3547 856/3596/3546 855/3598/3548
f 854/3593/3549 852/3594/3550 853/3599/3551
f 853/3599/3551 852/3594/3550 851/3600/3552
f 848/3601/3553 849/3602/3554 850/3603/3555
f 837/3604/47 849/3602/3554 848/3601/3553
f 840/3605/3556 838/3606/47 847/3607/3557
f 847/3607/3557 838/3606/47 846/3606/3558
f 837/3604/47 844/3608/1465 845/3602/1465
f 843/3609/47 844/3608/1465 837/3604/47
f 838/3606/47 843/3609/47 837/3604/47
f 841/3610/47 843/3609/47 838/3606/47
f 840/3605/3556 841/3610/47 838/3606/47
f 842/3611/3559 841/3610/47 840/3605/3556
f 836/3606/3560 837/3604/47 839/3601/3561
f 838/3606/47 837/3604/47 836/3606/3560
f 835/3612/298 834/3005/298 833/3613/298
f 833/3613/298 834/3005/298 832/3002/298
f 833/3613/298 832/3002/298 831/3614/298
f 831/3614/298 832/3002/298 829/2996/298
f 831/3614/298 829/2996/298 830/3615/298
f 830/3615/298 829/2996/298 828/2998/298
f 827/3616/3562 826/2990/3562 825/3617/3562
f 825/3617/3562 826/2990/3562 824/2992/3562
f 825/3617/3562 824/2992/3562 823/3618/3562
f 823/3618/3562 824/2992/3562 821/2993/3562
f 823/3618/3562 821/2993/3562 822/3619/3562
f 822/3619/3562 821/2993/3562 820/2994/3562
f 819/3620/3035 818/3621/3563 816/3620/2890
f 816/3620/2890 818/3621/3563 817/3621/2890
f 815/3622/3564 816/3620/2890 817/3621/2890
f 814/3623/3565 816/3620/2890 815/3622/3564
f 815/3622/3564 813/3624/2894 814/3623/3565
f 814/3623/3565 813/3624/2894 812/3625/2894
f 813/3624/2894 811/3626/2894 812/3625/2894
f 812/3625/2894 811/3626/2894 810/3627/2894
f 809/3628/3566 808/3346/3567 806/3629/3568
f 806/3629/3568 808/3346/3567 807/3345/3569
f 806/3629/3568 804/3630/3570 805/3628/3571
f 805/3628/3571 804/3630/3570 803/3631/3572
f 802/3632/3573 800/3633/1438 801/3634/3574
f 801/3634/3574 800/3633/1438 788/3635/394
f 799/3636/3575 791/3637/394 798/3638/3576
f 798/3638/3576 791/3637/394 797/3639/1423
f 796/3640/394 791/3637/394 790/3641/394
f 794/3642/3577 791/3637/394 796/3640/394
f 795/3639/1435 791/3637/394 794/3642/3577
f 793/3634/1431 788/3635/394 792/3636/1432
f 792/3636/1432 788/3635/394 791/3637/394
f 790/3641/394 791/3637/394 788/3635/394
f 790/3641/394 788/3635/394 789/3643/1438
f 789/3643/1438 788/3635/394 787/3633/314
f 786/3644/3578 785/3645/3579 784/3646/3580
f 784/3646/3580 785/3645/3579 782/3647/3146
f 784/3646/3580 782/3647/3146 783/2540/3581
f 783/2540/3581 782/3647/3146 781/2541/3582
f 768/3648/3583 779/3649/3268 780/3650/3584
f 780/3650/3584 779/3649/3268 778/3651/3294
f 775/3652/3239 770/3653/3585 777/3654/3586
f 776/3655/3264 770/3653/3585 775/3652/3239
f 774/3654/3587 770/3653/3588 773/3650/3589
f 773/3650/3589 770/3653/3588 768/3648/3590
f 772/3655/3259 771/3656/3259 770/3653/3588
f 770/3653/3588 771/3656/3259 761/3657/3591
f 768/3648/3590 770/3653/3588 761/3657/3591
f 768/3648/3590 761/3657/3591 759/3213/3266
f 767/3215/3592 768/3648/3590 759/3213/3266
f 769/3649/3593 768/3648/3590 767/3215/3592
f 766/3656/3594 765/3658/3594 761/3657/3591
f 761/3657/3591 765/3658/3594 760/3659/3591
f 751/3359/3595 763/3658/3596 764/3360/3595
f 762/3660/3597 763/3658/3596 751/3359/3595
f 762/3660/3597 760/3659/3591 763/3658/3596
f 755/3661/3585 760/3659/3591 762/3660/3597
f 759/3213/3266 760/3659/3591 755/3661/3585
f 759/3213/3266 761/3657/3591 760/3659/3591
f 755/3661/3585 757/3214/3598 759/3213/3266
f 758/3662/3598 757/3214/3598 755/3661/3585
f 755/3661/3585 754/3663/3599 756/3662/3600
f 752/3660/3601 754/3663/3599 755/3661/3585
f 754/3663/3599 752/3660/3601 753/3358/3602
f 753/3358/3602 752/3660/3601 751/3359/3603
f 750/3625/3604 749/3664/3604 748/3623/3604
f 747/3665/103 745/3666/103 746/3667/103
f 746/3667/103 745/3666/103 744/3668/103
f 743/3669/3294 741/3670/3268 742/3671/305
f 742/3671/305 741/3670/3268 734/3672/3
f 738/3673/3555 725/3674/3 740/3675/3605
f 739/3676/3606 725/3674/3 738/3673/3555
f 722/3261/3 736/3670/3607 737/3260/3592
f 734/3672/3 736/3670/3607 722/3261/3
f 722/3261/3 724/3677/3 734/3672/3
f 733/3678/305 734/3672/3 724/3677/3
f 735/3671/239 734/3672/3 733/3678/305
f 732/3678/239 724/3677/3 731/3679/3608
f 731/3679/3608 724/3677/3 730/3680/3609
f 724/3677/3 725/3674/3 729/3680/3610
f 729/3680/3610 725/3674/3 728/3676/3611
f 727/3675/3321 725/3674/3 726/3681/3520
f 726/3681/3520 725/3674/3 715/3682/3
f 725/3674/3 724/3677/3 715/3682/3
f 715/3682/3 724/3677/3 711/3683/3
f 711/3683/3 724/3677/3 722/3261/3
f 711/3683/3 722/3261/3 723/3684/3612
f 723/3684/3612 722/3261/3 721/3259/307
f 715/3682/3 718/3685/3613 720/3681/3605
f 719/3686/3614 718/3685/3613 715/3682/3
f 717/3686/3615 715/3682/3 716/3687/3616
f 716/3687/3616 715/3682/3 711/3683/3
f 714/3684/307 713/3688/3617 711/3683/3
f 713/3688/3617 712/3687/3615 711/3683/3
f 710/3689/568 708/3689/3618 709/3690/3619
f 709/3690/3619 708/3689/3618 701/3691/103
f 697/3692/3620 707/3692/3621 699/3693/103
f 699/3693/103 707/3692/3621 706/3694/3622
f 699/3693/103 705/3694/3623 701/3691/103
f 701/3691/103 705/3694/3623 704/3690/3624
f 703/3689/570 702/3695/570 701/3691/103
f 701/3691/103 702/3695/570 700/3696/103
f 700/3696/103 699/3693/103 701/3691/103
f 696/3697/103 699/3693/103 700/3696/103
f 696/3697/103 697/3692/3620 699/3693/103
f 698/3603/3625 697/3692/3620 696/3697/103
f 695/3698/3626 694/3699/1485 693/3700/3627
f 693/3700/3627 694/3699/1485 691/3701/3628
f 693/3700/3627 691/3701/3628 692/3702/3629
f 692/3702/3629 691/3701/3628 690/3703/3630
f 685/3704/3631 688/3705/3632 689/3706/3633
f 689/3706/3633 688/3705/3632 687/3707/3032
f 679/3708/3634 685/3704/3635 686/3709/3636
f 686/3709/3636 685/3704/3635 684/3706/3637
f 683/3710/3638 682/3711/3639 681/3712/3640
f 681/3712/3640 682/3711/3639 679/3708/3634
f 681/3712/3640 679/3708/3634 680/3713/2885
f 680/3713/2885 679/3708/3634 678/3709/3641
f 677/3626/661 675/3714/1399 676/3627/660
f 676/3627/660 675/3714/1399 674/3715/3642
f 675/3714/1399 670/3716/103 674/3715/3642
f 674/3715/3642 670/3716/103 673/3717/103
f 670/3716/103 671/2556/103 673/3717/103
f 672/2557/103 671/2556/103 670/3716/103
f 669/3599/3643 668/3600/3643 667/3718/3643
f 666/3596/3644 664/3719/3645 665/3598/3646
f 665/3598/3646 664/3719/3645 663/3720/3647
f 662/3721/2436 660/3722/3648 661/3723/3649
f 661/3723/3649 660/3722/3648 655/3724/3650
f 655/3724/3651 658/3725/298 659/3726/298
f 659/3726/298 658/3725/298 657/3727/298
f 656/3722/3652 654/3728/3653 655/3724/3654
f 655/3724/3654 654/3728/3653 653/3725/3655
f 652/3729/3656 650/3730/3657 651/3731/3658
f 651/3731/3658 650/3730/3657 649/3732/3659
f 642/3733/3660 648/3734/3661 647/3735/3662
f 646/3736/3663 642/3733/1265 645/3735/3664
f 642/3733/1265 643/3737/3665 639/3738/1265
f 644/3736/3664 643/3737/3665 642/3733/1265
f 639/3738/1265 641/3737/3666 640/3739/3667
f 639/3738/1265 638/3739/3668 637/3740/3669
f 636/3740/3670 633/3741/3671 635/3738/3672
f 635/3738/3672 633/3741/3671 634/3732/3673
f 633/3741/3671 631/3742/3674 632/3732/3675
f 632/3732/3675 631/3742/3674 630/3731/3676
f 629/3743/3677 619/3744/3678 628/3745/3679
f 628/3745/3679 619/3744/3678 627/3746/3680
f 619/3744/3678 623/3747/3681 627/3746/3680
f 627/3746/3680 623/3747/3681 626/3748/3682
f 625/3749/3683 624/3750/3684 619/3744/3678
f 619/3744/3678 624/3750/3684 623/3747/3681
f 622/3751/3685 620/3749/3686 621/3743/3687
f 621/3743/3687 620/3749/3686 619/3744/3678
f 618/3726/3688 616/3727/3689 617/3752/3689
f 617/3752/3689 616/3727/3689 615/3753/3690
f 614/3754/3691 605/3755/3692 612/3756/3693
f 612/3756/3693 605/3755/3692 613/3757/3694
f 610/3758/3695 612/3756/3693 613/3757/3694
f 611/3759/3696 612/3756/3693 610/3758/3695
f 610/3758/3695 609/3760/3695 611/3759/3696
f 607/3761/3697 609/3760/3695 610/3758/3695
f 609/3760/3695 607/3761/3697 608/2518/3698
f 608/2518/3698 607/3761/3697 606/2519/3699
f 605/3755/3692 603/3754/3700 604/3762/3701
f 604/3762/3701 603/3754/3700 602/3763/3702
f 601/3764/3703 599/3765/3704 589/3766/3705
f 589/3766/3705 599/3765/3704 600/3767/3706
f 599/3765/3704 597/3768/3707 600/3767/3706
f 598/3765/3708 597/3768/3707 599/3765/3704
f 598/3765/3708 596/2954/3709 597/3768/3707
f 597/3768/3707 596/2954/3709 595/3769/3710
f 596/2954/3709 594/2954/3711 595/3769/3710
f 595/3769/3710 594/2954/3711 593/2955/3712
f 592/3770/3713 590/3764/3714 591/3771/3715
f 591/3771/3715 590/3764/3714 589/3766/3716
f 588/3772/3717 587/3773/3718 585/3774/3719
f 585/3774/3719 587/3773/3718 586/3775/3720
f 585/3774/3721 583/3776/3722 584/3772/3722
f 584/3772/3722 583/3776/3722 582/3777/3723
f 581/2458/3724 579/2457/3725 580/3778/3726
f 580/3778/3726 579/2457/3725 578/3779/3727
f 577/3443/3728 575/3443/3729 576/3442/3730
f 576/3442/3730 575/3443/3729 574/3780/3731
f 573/3781/3732 571/3782/3733 572/3783/3734
f 572/3783/3734 571/3782/3733 570/3782/3735
f 569/3784/3736 567/3785/3737 568/3786/3738
f 568/3786/3738 567/3785/3737 566/3787/3739
f 567/3785/3737 565/3788/3740 566/3787/3739
f 566/3787/3739 565/3788/3740 564/3789/3741
f 563/3790/3742 558/3790/47 562/3791/3743
f 558/3790/47 559/3792/703 561/3791/3303
f 560/3793/47 559/3792/703 558/3790/47
f 557/3794/2102 556/3795/2102 555/3796/2104
f 555/3796/2104 556/3795/2102 554/3797/3744
f 555/3796/2104 554/3797/3744 552/3798/47
f 552/3798/47 554/3797/3744 553/3799/47
f 553/3799/47 551/3800/3745 552/3798/47
f 552/3798/47 551/3800/3745 550/3801/47
f 545/3802/3746 548/3803/3747 549/3446/3747
f 549/3446/3747 548/3803/3747 547/3444/3748
f 546/2467/3749 544/2466/3750 545/3802/3746
f 545/3802/3746 544/2466/3750 543/3803/3751
f 537/3804/3752 541/3449/3753 542/3805/3754
f 542/3805/3754 541/3449/3753 540/3448/3755
f 539/3703/3756 537/3804/3757 538/3702/3758
f 538/3702/3758 537/3804/3757 536/3805/3759
f 535/2651/1994 533/2652/3760 534/3506/1991
f 534/3506/1991 533/2652/3760 532/3504/3761
f 531/3806/3762 529/2965/3763 530/3807/2034
f 530/3807/2034 529/2965/3763 528/2964/3764
f 527/3808/3765 387/3809/2737 526/3810/3766
f 526/3810/3766 387/3809/2737 525/3811/3767
f 387/3809/2737 389/3812/2737 525/3811/3767
f 525/3811/3767 389/3812/2737 524/3813/3768
f 389/3812/2737 522/3814/2737 523/3813/3769
f 523/3813/3769 522/3814/2737 521/3815/3770
f 515/3816/3771 519/3817/3772 520/3818/3771
f 520/3818/3771 519/3817/3772 518/3819/3773
f 517/3817/3774 515/3816/3775 516/3784/3776
f 516/3784/3776 515/3816/3775 514/3785/3777
f 513/3800/3778 511/3820/3779 512/3801/3779
f 512/3801/3779 511/3820/3779 510/3821/3780
f 509/3822/2924 506/3823/2737 508/3824/3781
f 508/3824/3781 506/3823/2737 507/3825/2737
f 507/3825/2737 506/3823/2737 505/3826/2737
f 505/3826/2737 506/3823/2737 504/3827/2737
f 505/3826/2737 504/3827/2737 503/3828/3782
f 503/3828/3782 504/3827/2737 502/3829/3783
f 503/3828/3782 502/3829/3783 501/3830/2734
f 501/3830/2734 502/3829/3783 499/3831/2734
f 501/3830/2734 499/3831/2734 500/3794/2734
f 500/3794/2734 499/3831/2734 498/3795/2734
f 497/3832/3784 495/3833/3785 496/3834/3786
f 496/3834/3786 495/3833/3785 493/3835/3787
f 492/3836/3788 493/3835/3787 495/3833/3785
f 494/3837/3789 493/3835/3787 492/3836/3788
f 491/3447/3790 489/3445/3791 490/3440/3792
f 490/3440/3792 489/3445/3791 488/3441/3793
f 487/3782/3794 485/3436/3795 486/3783/3796
f 486/3783/3796 485/3436/3795 484/3438/3797
f 482/3838/2929 475/3839/2737 483/3840/2924
f 474/3841/2737 475/3839/2737 482/3838/2929
f 482/3838/2929 472/3838/2962 474/3841/2737
f 481/3842/3798 472/3838/2962 482/3838/2929
f 469/3842/3 472/3838/2962 481/3842/3798
f 469/3842/3 481/3842/3798 467/3178/3
f 467/3178/3 481/3842/3798 480/3178/3799
f 479/3840/3800 475/3839/2737 478/3843/2925
f 478/3843/2925 475/3839/2737 477/3844/2737
f 477/3844/2737 475/3839/2737 476/3845/2737
f 476/3845/2737 475/3839/2737 450/3846/2737
f 474/3841/2737 450/3846/2737 475/3839/2737
f 451/3847/2737 450/3846/2737 474/3841/2737
f 473/3848/2737 451/3847/2737 474/3841/2737
f 472/3838/2962 473/3848/2737 474/3841/2737
f 471/3849/3801 473/3848/2737 472/3838/2962
f 469/3842/3 471/3849/3801 472/3838/2962
f 470/3850/3 471/3849/3801 469/3842/3
f 470/3850/3 469/3842/3 468/3851/3
f 468/3851/3 469/3842/3 467/3178/3
f 468/3851/3 467/3178/3 466/3852/3802
f 466/3852/3802 467/3178/3 465/3176/2961
f 466/3852/3802 465/3176/2961 464/3853/2890
f 464/3853/2890 465/3176/2961 463/3179/2890
f 464/3853/2890 463/3179/2890 462/3854/2890
f 462/3854/2890 463/3179/2890 461/3174/2890
f 462/3854/2890 461/3174/2890 460/3854/3803
f 460/3854/3803 461/3174/2890 458/3174/3804
f 460/3854/3803 458/3174/3804 459/3170/3216
f 459/3170/3216 458/3174/3804 457/3168/3214
f 456/3855/3805 455/3856/3806 454/3857/3807
f 454/3857/3807 455/3856/3806 452/3858/3808
f 452/3858/3808 450/3846/2737 454/3857/3807
f 453/3845/3809 450/3846/2737 452/3858/3808
f 451/3847/2737 447/3859/3810 450/3846/2737
f 450/3846/2737 447/3859/3810 449/3857/3811
f 447/3859/3810 448/3855/3812 449/3857/3811
f 444/3860/3813 448/3855/3812 447/3859/3810
f 445/3861/3814 446/3862/3815 437/3855/3816
f 437/3855/3816 444/3860/3817 445/3861/3814
f 445/3861/3814 444/3860/3817 443/3863/3818
f 442/3862/3819 441/2806/3819 440/2805/3819
f 440/2805/3819 438/3856/3820 439/3862/3821
f 439/3862/3821 438/3856/3820 437/3855/3822
f 429/3864/298 435/3865/298 436/3866/298
f 431/3867/298 435/3865/298 429/3864/298
f 434/3868/3823 431/3867/298 429/3864/298
f 433/3869/3226 431/3867/298 434/3868/3823
f 433/3869/3226 432/3870/3824 431/3867/298
f 430/3868/3825 429/3864/3826 428/3871/3827
f 424/3872/3828 423/3873/3829 427/3874/3830
f 426/3875/3831 420/3876/3832 425/3877/3833
f 425/3877/3833 420/3876/3832 424/3872/3828
f 420/3876/3832 423/3873/3829 424/3872/3828
f 420/3876/3832 421/3878/3834 423/3873/3829
f 422/3879/3835 421/3878/3834 420/3876/3832
f 420/3876/3832 418/3875/3836 419/3879/3837
f 419/3879/3837 418/3875/3836 417/3880/3838
f 416/3881/3839 414/3882/3840 415/3883/3840
f 415/3883/3840 414/3882/3840 413/3884/3841
f 412/2751/3842 410/2753/3843 411/3885/3808
f 411/3885/3808 410/2753/3843 409/3886/3844
f 396/3887/2890 407/3888/3845 408/3889/2890
f 408/3889/2890 407/3888/3845 406/3890/3670
f 405/3891/3846 404/3892/3847 398/3893/2890
f 398/3893/2890 404/3892/3847 403/3894/3848
f 398/3893/2890 403/3894/3848 396/3887/2890
f 396/3887/2890 403/3894/3848 402/3888/3670
f 400/3891/3849 399/3895/2890 401/3896/3850
f 398/3893/2890 399/3895/2890 400/3891/3849
f 398/3893/2890 397/3897/2890 399/3895/2890
f 396/3887/2890 397/3897/2890 398/3893/2890
f 396/3887/2890 394/3898/2961 397/3897/2890
f 395/3889/2961 394/3898/2961 396/3887/2890
f 378/3899/3 394/3898/2961 395/3889/2961
f 393/3900/3 394/3898/2961 378/3899/3
f 378/3899/3 392/3901/3 393/3900/3
f 374/3902/3 392/3901/3 378/3899/3
f 392/3901/3 374/3902/3 390/3903/2962
f 390/3903/2962 374/3902/3 391/3814/2962
f 391/3814/2962 389/3812/2737 390/3903/2962
f 390/3903/2962 389/3812/2737 388/3904/2737
f 389/3812/2737 387/3809/2737 388/3904/2737
f 388/3904/2737 387/3809/2737 386/3905/2737
f 387/3809/2737 385/3808/3851 386/3905/2737
f 386/3905/2737 385/3808/3851 384/3906/3852
f 383/3890/3665 381/3907/3853 382/3889/3
f 382/3889/3 381/3907/3853 378/3899/3
f 380/3908/3664 374/3902/3 379/3907/3664
f 379/3907/3664 374/3902/3 378/3899/3
f 377/3815/3664 375/3814/3 376/3908/3853
f 376/3908/3853 375/3814/3 374/3902/3
f 373/2573/3854 370/3909/3855 372/3733/3856
f 372/3733/3856 370/3909/3855 371/3734/3768
f 370/3909/3857 368/2573/3858 369/3910/3859
f 369/3910/3859 368/2573/3858 367/2575/3837
f 366/2753/3860 364/3881/3861 365/3886/3861
f 365/3886/3861 364/3881/3861 363/3883/298
f 361/3911/1914 360/3912/3 362/3913/635
f 359/3914/3 360/3912/3 361/3911/1914
f 359/3914/3 358/3915/3 360/3912/3
f 347/3916/3 358/3915/3 359/3914/3
f 347/3916/3 343/3917/642 358/3915/3
f 343/3917/642 357/3918/3 358/3915/3
f 341/3919/3862 357/3918/3 343/3917/642
f 341/3919/3862 356/3920/3 357/3918/3
f 355/3921/3863 356/3920/3 341/3919/3862
f 341/3919/3862 354/3922/640 355/3921/3863
f 342/3923/640 354/3922/640 341/3919/3862
f 342/3923/640 353/3924/640 354/3922/640
f 353/3924/640 342/3923/640 352/3925/640
f 352/3925/640 342/3923/640 345/3926/640
f 352/3925/640 345/3926/640 351/3927/640
f 351/3927/640 345/3926/640 350/3928/3864
f 350/3928/3864 345/3926/640 346/3929/3865
f 350/3928/3864 346/3929/3865 349/3930/3
f 349/3930/3 346/3929/3865 348/3931/3
f 346/3929/3865 344/3932/3862 348/3931/3
f 348/3931/3 344/3932/3862 347/3916/3
f 344/3932/3862 343/3917/642 347/3916/3
f 345/3926/640 344/3932/3862 346/3929/3865
f 345/3926/640 342/3923/640 344/3932/3862
f 344/3932/3862 342/3923/640 343/3917/642
f 343/3917/642 342/3923/640 341/3919/3862
f 320/3933/394 339/3934/3866 340/3935/3866
f 320/3933/394 338/3936/2598 339/3934/3866
f 320/3933/394 337/3937/2598 338/3936/2598
f 320/3933/394 336/3938/394 337/3937/2598
f 320/3933/394 335/3939/394 336/3938/394
f 320/3933/394 334/3940/3867 335/3939/394
f 320/3933/394 318/3941/394 334/3940/3867
f 334/3940/3867 318/3941/394 333/3942/3867
f 333/3942/3867 318/3941/394 332/3942/394
f 332/3942/394 318/3941/394 331/3943/394
f 331/3943/394 318/3941/394 330/3944/316
f 330/3944/316 318/3941/394 329/3945/316
f 318/3941/394 328/3946/3868 329/3945/316
f 328/3946/3868 318/3941/394 327/3947/3868
f 322/3948/394 323/3949/394 326/3948/394
f 324/3950/394 317/3951/394 325/3952/394
f 323/3949/394 317/3951/394 324/3950/394
f 317/3951/394 323/3949/394 316/3953/394
f 316/3953/394 323/3949/394 322/3948/394
f 316/3953/394 322/3948/394 321/3954/739
f 321/3954/739 322/3948/394 319/3955/739
f 321/3954/739 319/3955/739 320/3933/394
f 320/3933/394 319/3955/739 318/3941/394
f 317/3951/394 316/3953/394 315/3956/394
f 311/3957/952 313/3958/952 314/3959/952
f 311/3957/952 312/3960/952 313/3958/952
f 310/3961/952 312/3960/952 311/3957/952
f 307/3962/952 310/3961/952 311/3957/952
f 307/3962/952 309/3963/952 310/3961/952
f 307/3962/952 308/3964/952 309/3963/952
f 307/3962/952 306/3965/952 308/3964/952
f 304/3966/952 306/3965/952 307/3962/952
f 304/3966/952 305/3967/952 306/3965/952
f 304/3966/952 303/3968/952 305/3967/952
f 304/3966/952 301/3969/952 303/3968/952
f 301/3969/952 302/3970/952 303/3968/952
f 299/3971/952 302/3970/952 301/3969/952
f 301/3969/952 300/3972/952 299/3971/952
f 296/3973/2536 298/3974/2536 297/3975/2536
f 283/3976/2536 296/3973/2536 297/3975/2536
f 283/3976/2536 279/3977/2536 296/3973/2536
f 279/3977/2536 294/3978/3869 296/3973/2536
f 295/3979/2866 294/3978/3869 279/3977/2536
f 292/3980/3870 291/3981/3871 293/3982/3870
f 290/3983/3872 291/3981/3871 292/3980/3870
f 290/3983/3872 289/3984/2536 291/3981/3871
f 288/3985/2536 289/3984/2536 290/3983/3872
f 288/3985/2536 287/3986/2536 289/3984/2536
f 286/3987/2536 287/3986/2536 288/3985/2536
f 286/3987/2536 285/3988/2536 287/3986/2536
f 284/3989/2536 285/3988/2536 286/3987/2536
f 284/3989/2536 283/3976/2536 285/3988/2536
f 282/3990/2536 283/3976/2536 284/3989/2536
f 282/3990/2536 279/3977/2536 283/3976/2536
f 282/3990/2536 281/3991/2536 279/3977/2536
f 281/3991/2536 280/3992/2536 279/3977/2536
f 269/3993/3873 278/3994/298 273/3995/298
f 273/3995/298 278/3994/298 276/3996/298
f 278/3994/298 277/3997/298 276/3996/298
f 273/3995/298 276/3996/298 275/3998/298
f 272/3999/3874 274/4000/3875 269/3993/3873
f 272/3999/3874 269/3993/3873 273/3995/298
f 272/3999/3874 273/3995/298 271/4001/3876
f 272/3999/3874 271/4001/3876 270/4002/3877
f 269/3993/298 268/4000/3878 267/4003/3878
usemtl metal_light
f 6149/1/1 6148/2/1 6147/1/1
f 6146/3/2 6144/4/3 6145/5/4
f 6145/5/4 6144/4/3 6138/6/3
f 6144/4/3 6143/7/3 6138/6/3
f 6138/6/3 6143/7/3 6142/8/3
f 6143/7/3 6141/9/3 6142/8/3
f 6142/8/3 6141/9/3 6140/10/3
f 6139/5/5 6138/6/3 6137/11/6
f 6136/12/7 6134/13/8 6135/14/9
f 6135/14/9 6134/13/8 6133/15/10
f 6132/16/11 6131/17/11 6130/18/11
f 3946/19/12 3953/19/12 6129/20/13
f 6129/20/13 3953/19/12 3952/19/14
f 6128/21/15 4979/22/16 6127/22/17
f 6126/23/18 6124/24/19 6125/25/20
f 6125/25/20 6124/24/19 6123/26/21
f 6122/27/22 6121/28/22 6120/27/22
f 6119/29/23 6118/30/23 6117/31/23
f 6116/32/24 6114/33/25 6115/34/26
f 6115/34/26 6114/33/25 6113/35/27
f 6112/36/28 6110/37/29 6111/38/29
f 6111/38/29 6110/37/29 6109/39/30
f 6108/38/31 6106/39/32 6107/40/32
f 6107/40/32 6106/39/32 6105/41/33
f 6104/37/34 6102/36/35 6103/42/36
f 6103/42/36 6102/36/35 6101/43/37
f 6100/44/38 6098/44/38 6099/45/38
f 6099/45/38 6098/44/38 6097/45/38
f 6096/34/39 6094/35/40 6095/46/41
f 6095/46/41 6094/35/40 6093/47/42
f 6092/48/22 6091/49/22 6090/50/22
f 6087/51/43 6089/52/44 2602/53/45
f 6088/53/46 6089/52/44 6087/51/43
f 6087/51/43 2588/54/47 6088/53/46
f 2596/54/48 2588/54/47 6087/51/43
f 2596/54/48 6087/51/43 2599/55/49
f 2599/55/49 6087/51/43 2602/53/45
f 6086/56/50 6085/57/51 4066/58/47
f 4066/58/47 6085/57/51 4065/59/52
f 6083/60/53 6084/61/54 6082/62/55
f 6083/60/53 6082/62/55 6081/63/56
f 6081/63/56 6082/62/55 6080/64/55
f 6081/63/56 6080/64/55 6079/65/57
f 6076/66/58 6077/67/59 6078/68/59
f 6077/67/59 6076/66/58 6075/69/60
f 6075/69/60 6076/66/58 6074/70/61
f 6075/69/60 6074/70/61 6073/71/62
f 6067/72/63 6072/73/64 6065/74/63
f 6065/74/63 6072/73/64 6063/75/65
f 6071/76/66 6070/77/67 6061/78/66
f 6061/78/66 6070/77/67 6069/79/68
f 6070/77/67 6068/80/63 6069/79/68
f 6069/79/68 6068/80/63 6057/81/63
f 6068/80/63 6067/72/63 6057/81/63
f 6057/81/63 6067/72/63 6065/74/63
f 6057/81/63 6065/74/63 6066/81/69
f 6066/81/69 6065/74/63 6064/74/70
f 6065/74/63 6063/75/65 6064/74/70
f 6064/74/70 6063/75/65 6062/75/71
f 6061/78/66 6059/79/67 6060/78/72
f 6060/78/72 6059/79/67 6058/79/73
f 6059/79/67 6057/81/63 6058/79/73
f 6058/79/73 6057/81/63 6056/81/74
f 6052/82/75 6054/83/76 6055/84/76
f 6055/84/76 6054/83/76 6053/85/77
f 6052/82/75 6051/84/75 6050/86/75
f 6048/87/78 6049/88/79 6047/89/80
f 6046/90/81 6048/87/78 6047/89/80
f 6047/89/80 6045/91/82 6046/90/81
f 6046/90/81 6045/91/82 6044/92/83
f 6043/93/84 6042/94/85 6041/95/86
f 6041/95/86 6042/94/85 6039/96/87
f 6041/95/86 6039/96/87 6040/97/88
f 6039/96/87 6038/98/89 6040/97/88
f 6039/96/87 6037/99/90 6038/98/89
f 6038/98/89 6037/99/90 6036/100/91
f 6030/101/92 6034/102/93 6035/103/93
f 6034/102/93 6030/101/92 6032/104/93
f 6032/104/93 6031/105/94 6033/106/93
f 6032/104/93 6030/101/92 6031/105/94
f 6031/105/94 6030/101/92 6027/107/95
f 6027/107/95 6030/101/92 6029/108/95
f 6026/109/3 6027/107/95 6029/108/95
f 6028/110/3 6027/107/95 6026/109/3
f 6025/111/96 6024/112/96 6023/113/96
f 6022/114/97 6020/115/98 6021/116/99
f 6021/116/99 6020/115/98 6019/117/100
f 6020/115/98 6018/118/101 6019/117/100
f 6019/117/100 6018/118/101 6017/119/102
f 6014/120/103 6015/120/104 6016/121/105
f 6013/122/106 6015/120/104 6014/120/103
f 6014/120/103 6010/123/103 6013/122/106
f 6013/122/106 6010/123/103 6012/124/107
f 6010/123/103 6011/123/108 6012/124/107
f 6009/125/109 6011/123/108 6010/123/103
f 6010/123/103 6008/126/103 6009/125/109
f 6009/125/109 6008/126/103 6007/127/110
f 6004/128/111 6006/129/112 6005/130/112
f 6005/130/112 6002/131/113 6004/128/111
f 6004/128/111 6002/131/113 6003/132/114
f 6003/132/114 6002/131/113 6001/133/115
f 5999/134/105 5998/135/103 6000/134/103
f 5997/135/116 5998/135/103 5999/134/105
f 5998/135/103 5997/135/116 5996/135/117
f 5993/136/118 5995/137/119 5994/138/120
f 5994/138/120 5992/139/121 5993/136/118
f 5993/136/118 5992/139/121 5991/140/122
f 5990/141/22 5989/142/22 5988/143/22
f 5986/144/123 5984/145/124 5987/144/125
f 5985/146/126 5984/145/124 5986/144/123
f 5985/146/126 5982/147/127 5984/145/124
f 5984/145/124 5982/147/127 5983/148/128
f 5983/148/128 5982/147/127 5980/149/129
f 5980/149/129 5982/147/127 5981/150/130
f 5981/150/130 5979/151/131 5980/149/129
f 5980/149/129 5979/151/131 5978/152/132
f 5979/151/131 5977/153/133 5978/152/132
f 5978/152/132 5977/153/133 5976/154/134
f 5975/155/135 5973/156/136 5974/157/137
f 5974/157/137 5973/156/136 5971/158/138
f 5972/156/139 5970/159/140 5971/158/139
f 5971/158/139 5970/159/140 5969/160/141
f 5970/159/140 5968/161/142 5969/160/141
f 5969/160/141 5968/161/142 5967/162/143
f 5968/161/142 5966/163/144 5967/162/143
f 5967/162/143 5966/163/144 5965/163/145
f 5963/164/146 5964/165/147 5962/166/148
f 5963/164/146 5962/166/148 5961/167/149
f 5961/167/149 5962/166/148 5960/168/150
f 5961/167/149 5960/168/150 5959/169/150
f 5946/170/151 5958/171/152 5957/172/152
f 5957/172/152 5958/171/152 5956/173/153
f 5957/172/152 5956/173/153 5954/174/154
f 5954/174/154 5956/173/153 5955/175/155
f 5953/176/156 5954/174/154 5955/175/155
f 5952/177/157 5954/174/154 5953/176/156
f 5953/176/156 5951/178/157 5952/177/157
f 5952/177/157 5951/178/157 5950/179/158
f 5949/163/159 5947/180/160 5948/163/161
f 5948/163/161 5947/180/160 5945/181/162
f 5944/171/163 5945/181/162 5947/180/160
f 5946/170/164 5945/181/162 5944/171/163
f 5921/182/165 5942/183/166 5943/184/167
f 5943/184/167 5942/183/166 5941/185/168
f 5942/183/166 5918/185/169 5941/185/168
f 5941/185/168 5918/185/169 5940/186/170
f 5930/187/171 5938/187/172 5939/188/173
f 5939/188/173 5938/187/172 5937/188/174
f 5935/189/175 5930/187/176 5936/188/177
f 5929/190/178 5930/187/176 5935/189/175
f 5933/189/179 5929/190/178 5935/189/175
f 5934/190/180 5929/190/178 5933/189/179
f 5931/187/181 5921/182/165 5932/184/182
f 5930/187/176 5921/182/165 5931/187/181
f 5930/187/176 5922/191/183 5921/182/165
f 5929/190/178 5922/191/183 5930/187/176
f 5929/190/178 5928/190/184 5922/191/183
f 5922/191/183 5928/190/184 5927/192/185
f 5926/186/186 5918/185/169 5925/193/187
f 5925/193/187 5918/185/169 5917/194/188
f 5914/195/189 5916/196/190 5923/197/191
f 5923/197/191 5916/196/190 5919/195/192
f 5924/192/193 5923/197/191 5922/191/183
f 5922/191/183 5923/197/191 5919/195/192
f 5922/191/183 5919/195/192 5921/182/165
f 5921/182/165 5919/195/192 5920/183/194
f 5919/195/192 5918/185/169 5920/183/194
f 5916/196/190 5918/185/169 5919/195/192
f 5918/185/169 5916/196/190 5917/194/188
f 5917/194/188 5916/196/190 5915/198/195
f 5916/196/190 5914/195/189 5915/198/195
f 5915/198/195 5914/195/189 5913/199/196
f 5912/200/197 5910/200/198 5911/201/199
f 5911/201/199 5910/200/198 5905/201/200
f 5909/200/201 5908/202/202 5905/201/203
f 5905/201/203 5908/202/202 5902/203/204
f 5902/203/204 5908/202/202 5901/204/205
f 5907/201/206 5905/201/203 5906/205/207
f 5906/205/207 5905/201/203 5904/206/208
f 5905/201/203 5902/203/204 5904/206/208
f 5904/206/208 5902/203/204 5903/207/209
f 5903/207/209 5902/203/204 5899/208/210
f 5901/204/205 5899/208/210 5902/203/204
f 5900/209/211 5899/208/210 5901/204/205
f 5900/209/211 5898/210/212 5899/208/210
f 5899/208/210 5898/210/212 5897/211/213
f 5896/212/214 5895/213/214 5894/214/214
f 5893/215/215 5891/216/216 5892/217/217
f 5892/217/217 5891/216/216 5886/218/218
f 5890/219/219 5888/220/220 5889/221/221
f 5889/221/221 5888/220/220 5882/222/222
f 5886/218/223 5884/223/224 5887/217/225
f 5885/224/226 5884/223/224 5886/218/223
f 5885/224/226 5883/221/227 5884/223/224
f 5884/223/224 5883/221/227 5882/222/228
f 5881/225/229 5880/226/229 5879/227/229
f 5877/228/230 5868/229/3 5878/230/231
f 5876/231/232 5868/229/3 5877/228/230
f 5876/231/232 5875/232/233 5868/229/3
f 5868/229/3 5875/232/233 5874/233/234
f 5874/233/234 5873/234/235 5868/229/3
f 5868/229/3 5873/234/235 5872/235/236
f 5873/234/235 5871/236/237 5872/235/236
f 5872/235/236 5871/236/237 5870/237/238
f 5869/230/239 5868/229/3 5866/238/240
f 5866/238/240 5868/229/3 5867/235/241
f 5867/235/241 5865/237/242 5866/238/240
f 5866/238/240 5865/237/242 5864/239/243
f 5863/240/244 5861/241/245 5862/242/246
f 5862/242/246 5861/241/245 5860/243/247
f 5859/179/248 5857/178/249 5858/244/249
f 5858/244/249 5857/178/249 5856/245/250
f 5845/246/251 5854/247/252 5855/198/253
f 5855/198/253 5854/247/252 5853/194/254
f 5848/248/255 5851/249/256 5852/240/257
f 5852/240/257 5851/249/256 5850/241/258
f 5848/248/255 5846/199/259 5849/249/260
f 5847/250/261 5846/199/259 5848/248/255
f 5847/250/261 5845/246/262 5846/199/259
f 5846/199/259 5845/246/262 5844/198/263
f 5843/251/264 5842/252/264 5841/253/264
f 3434/254/265 5839/254/266 5840/255/267
f 5840/255/267 5839/254/266 5838/255/268
f 5837/256/269 5835/257/270 5836/258/271
f 5836/258/271 5835/257/270 5834/259/272
f 5833/260/273 5831/256/274 5832/261/274
f 5832/261/274 5831/256/274 5830/258/275
f 5829/262/276 5827/263/277 5828/264/278
f 5828/264/278 5827/263/277 5826/265/279
f 5825/264/280 5823/266/281 5824/262/281
f 5824/262/281 5823/266/281 5822/267/282
f 5821/45/283 5819/267/284 5820/44/285
f 5820/44/285 5819/267/284 5818/266/286
f 5817/268/287 4983/269/288 5816/270/289
f 5815/271/184 5812/272/290 5814/273/291
f 5814/273/291 5812/272/290 4925/274/292
f 5812/272/290 4922/275/293 4925/274/292
f 4922/275/293 5812/272/290 5813/276/294
f 5813/276/294 5812/272/290 5810/277/295
f 5809/271/296 5810/277/295 5812/272/290
f 5811/277/297 5810/277/295 5809/271/296
f 5808/278/298 5806/279/298 5807/280/298
f 5807/280/298 5806/279/298 5805/281/298
f 5804/280/299 5802/281/299 5803/282/299
f 5803/282/299 5802/281/299 5801/283/299
f 5800/284/47 5798/285/47 5799/286/47
f 5799/286/47 5798/285/47 5797/287/47
f 5796/288/103 5794/289/103 5795/290/103
f 5795/290/103 5794/289/103 5793/291/103
f 5792/292/300 5791/293/301 5790/294/302
f 5790/294/302 5791/293/301 5789/295/303
f 5790/294/302 5789/295/303 5788/296/304
f 5787/297/239 5786/298/305 5784/299/3
f 5784/299/3 5786/298/305 5785/300/3
f 5785/300/3 5783/301/3 5784/299/3
f 5784/299/3 5783/301/3 5782/302/3
f 5783/301/3 5781/303/306 5782/302/3
f 5782/302/3 5781/303/306 5780/304/307
f 5777/305/308 5779/306/308 5778/307/308
f 5777/305/308 5775/307/309 5776/70/309
f 5776/70/309 5775/307/309 5774/71/310
f 5773/308/311 5771/309/311 5772/310/311
f 5772/310/311 5771/309/311 5770/311/311
f 5769/312/312 5767/313/289 5768/314/313
f 5768/314/313 5767/313/289 4919/315/290
f 5766/316/314 5765/317/315 3921/318/316
f 3921/318/316 5765/317/315 5764/319/317
f 5754/320/298 5762/321/298 5763/321/298
f 5754/320/298 5752/322/298 5762/321/298
f 5762/321/298 5752/322/298 5761/323/298
f 5761/323/298 5752/322/298 5760/323/298
f 5758/324/298 5757/325/298 5759/325/298
f 5756/324/298 5757/325/298 5758/324/298
f 5756/324/298 5755/326/318 5757/325/298
f 5753/327/318 5755/326/318 5756/324/298
f 5755/326/318 5753/327/318 5754/320/298
f 5754/320/298 5753/327/318 5752/322/298
f 5751/328/319 5747/329/320 5750/330/321
f 5748/331/322 5750/330/321 5747/329/320
f 5750/330/321 5748/331/322 5749/332/322
f 5748/331/322 5747/329/320 5746/333/323
f 5744/334/47 5743/335/47 5745/336/47
f 5741/337/47 5743/335/47 5744/334/47
f 5743/335/47 5741/337/47 5742/338/324
f 5742/338/324 5741/337/47 5740/339/325
f 5739/340/326 5738/341/326 5737/342/326
f 5736/343/327 5735/344/328 4978/345/329
f 5734/346/330 5733/347/330 5732/348/330
f 4976/349/331 5731/349/327 5730/350/328
f 5729/351/332 5728/347/332 5727/346/332
f 5726/352/333 5724/353/334 5725/354/335
f 5725/354/335 5724/353/334 5723/355/336
f 5722/356/103 5720/357/103 5721/358/103
f 5721/358/103 5720/357/103 5719/359/103
f 5720/357/103 5718/360/337 5719/359/103
f 5719/359/103 5718/360/337 5717/361/338
f 5716/362/339 5039/363/298 5715/364/340
f 5715/364/340 5039/363/298 5714/365/341
f 5712/366/342 5711/367/343 5713/368/344
f 5709/369/343 5711/367/343 5712/366/342
f 5711/367/343 5709/369/343 5710/370/345
f 5710/370/345 5709/369/343 5708/371/346
f 5707/372/347 5706/373/348 5705/374/349
f 5705/374/350 5704/373/351 5703/374/352
f 5704/373/351 5702/375/353 5703/374/352
f 5703/374/352 5702/375/353 5701/376/354
f 5700/377/355 5697/378/47 5699/379/356
f 5699/379/356 5697/378/47 5698/380/47
f 5698/380/47 5697/378/47 5696/381/47
f 5695/382/357 5693/383/358 5694/384/359
f 5694/384/359 5693/383/358 5692/385/360
f 5691/386/361 5689/387/362 5690/388/363
f 5690/388/363 5689/387/362 3329/389/364
f 5688/390/365 5686/391/366 5687/392/367
f 5687/392/367 5686/391/366 5685/393/368
f 5684/118/369 5682/394/370 5683/119/371
f 5683/119/371 5682/394/370 5681/394/372
f 5680/395/373 5679/396/374 5676/397/375
f 5676/397/375 5679/396/374 5678/398/376
f 5677/398/377 5675/399/378 5676/397/375
f 5676/397/375 5675/399/378 5674/400/379
f 5670/401/380 5672/402/381 5673/403/382
f 5673/403/382 5672/402/381 5671/404/383
f 5670/401/380 5668/405/384 5669/402/385
f 5669/402/385 5668/405/384 5667/405/386
f 5040/406/298 5666/407/387 5665/408/388
f 5664/409/338 5662/410/103 5663/411/389
f 5663/411/389 5662/410/103 5661/412/103
f 5662/410/103 5660/413/103 5661/412/103
f 5661/412/103 5660/413/103 5659/414/103
f 5658/415/390 5656/416/391 5657/415/392
f 5657/415/392 5656/416/391 5655/416/393
f 5647/417/394 5645/418/394 5654/419/394
f 5643/420/394 5652/421/394 5653/422/394
f 5644/423/394 5652/421/394 5643/420/394
f 5644/423/394 5651/424/394 5652/421/394
f 5650/425/394 5651/424/394 5644/423/394
f 5646/426/394 5650/425/394 5644/423/394
f 5649/427/394 5650/425/394 5646/426/394
f 5649/427/394 5646/426/394 5648/428/394
f 5648/428/394 5646/426/394 5647/417/394
f 5646/426/394 5645/418/394 5647/417/394
f 5646/426/394 5644/423/394 5645/418/394
f 5645/418/394 5644/423/394 5643/420/394
f 5642/429/395 5641/430/395 5640/431/395
f 5639/432/396 5637/433/397 5638/434/398
f 5638/434/398 5637/433/397 5635/435/399
f 5636/434/400 5635/435/401 5633/436/402
f 5633/436/402 5635/435/401 5634/437/403
f 5629/438/404 5632/434/405 5633/436/406
f 5631/439/407 5632/434/405 5629/438/404
f 5629/438/404 5630/440/408 5631/439/407
f 5629/438/404 5602/441/103 5630/440/408
f 5629/438/404 5628/442/409 5602/441/103
f 5602/441/103 5628/442/409 5613/443/103
f 5617/444/103 5626/445/105 5627/446/410
f 5627/446/410 5626/445/105 5625/447/411
f 5624/442/412 5623/448/413 5613/443/103
f 5613/443/103 5623/448/413 5622/449/414
f 5613/443/103 5621/449/415 5617/444/103
f 5617/444/103 5621/449/415 5620/445/416
f 5616/450/103 5618/446/417 5619/451/418
f 5617/444/103 5618/446/417 5616/450/103
f 5616/450/103 5613/443/103 5617/444/103
f 5615/452/103 5613/443/103 5616/450/103
f 5614/453/419 5613/443/103 5615/452/103
f 5614/453/419 5612/453/103 5613/443/103
f 5602/441/103 5613/443/103 5612/453/103
f 5602/441/103 5612/453/103 5611/454/103
f 5602/441/103 5611/454/103 5610/455/103
f 5602/441/103 5610/455/103 5601/456/103
f 5608/385/420 5607/384/421 5609/384/422
f 5603/457/423 5607/384/421 5608/385/420
f 5607/384/421 5603/457/423 5606/458/424
f 5606/458/424 5603/457/423 5599/457/103
f 5604/440/425 5596/385/426 5605/439/427
f 5603/457/423 5596/385/426 5604/440/425
f 5602/441/103 5603/457/423 5604/440/425
f 5599/457/103 5603/457/423 5602/441/103
f 5602/441/103 5601/456/103 5599/457/103
f 5599/457/103 5601/456/103 5600/459/103
f 5600/459/103 5598/460/424 5599/457/103
f 5599/457/103 5598/460/424 5597/458/428
f 5596/385/429 5595/434/430 5594/439/430
f 5590/461/394 5593/462/394 5587/463/394
f 5587/463/394 5593/462/394 5585/464/394
f 5593/462/394 5592/465/394 5585/464/394
f 5585/464/394 5592/465/394 5583/466/394
f 5591/467/394 5590/461/394 5589/468/394
f 5589/468/394 5590/461/394 5587/463/394
f 5589/468/394 5587/463/394 5588/469/394
f 5588/469/394 5587/463/394 5586/470/394
f 5587/463/394 5585/464/394 5586/470/394
f 5586/470/394 5585/464/394 5584/471/394
f 5585/464/394 5583/466/394 5584/471/394
f 5584/471/394 5583/466/394 5582/472/394
f 5581/473/431 5580/474/431 5579/474/431
f 5578/475/432 5576/476/433 5577/477/434
f 5577/477/434 5576/476/433 5575/478/435
f 5569/331/436 5573/479/437 5574/332/438
f 5574/332/438 5573/479/437 5572/332/439
f 5571/331/440 5570/480/441 5568/479/442
f 5569/331/436 5568/479/443 5567/479/444
f 5566/481/445 5565/482/446 5558/483/447
f 5558/483/447 5565/482/446 5564/484/448
f 5563/485/449 5561/486/450 5562/487/451
f 5562/487/451 5561/486/450 5560/488/452
f 5561/486/450 5559/481/453 5560/488/452
f 5560/488/452 5559/481/453 5558/483/447
f 5557/116/454 5555/400/455 5556/114/455
f 5556/114/455 5555/400/455 5554/399/456
f 5553/489/457 5552/490/457 5551/491/457
f 5547/492/458 5549/493/459 5550/494/460
f 5548/495/461 5549/493/459 5547/492/458
f 5548/495/461 5547/492/458 5546/496/461
f 5545/325/462 5542/497/462 5544/324/462
f 5544/324/462 5542/497/462 5543/498/462
f 5543/498/462 5542/497/462 5541/499/462
f 5541/499/462 5542/497/462 5537/500/462
f 5541/499/462 5537/500/462 5539/501/462
f 5541/499/462 5539/501/462 5540/502/462
f 5539/501/462 5537/500/462 5538/503/462
f 5538/503/462 5537/500/462 5536/504/462
f 5535/505/463 5533/506/464 5534/507/465
f 5534/507/465 5533/506/464 5532/508/466
f 5533/506/464 5531/509/467 5532/508/466
f 5532/508/466 5531/509/467 5530/510/468
f 5529/320/469 5528/321/469 5527/511/469
f 5526/512/470 5524/512/471 5525/513/391
f 5525/513/391 5524/512/471 5523/513/393
f 5522/513/390 5520/513/472 5521/514/473
f 5521/514/473 5520/513/472 5519/514/474
f 5518/515/475 5516/516/476 5517/517/477
f 5517/517/477 5516/516/476 5515/518/478
f 5514/519/479 5512/520/480 5513/521/481
f 5513/521/481 5512/520/480 5510/522/482
f 5511/523/483 5510/522/482 5508/524/484
f 5508/524/484 5510/522/482 5509/520/485
f 5508/524/484 5506/520/486 5507/525/487
f 5507/525/487 5506/520/486 5505/526/488
f 5504/516/489 5502/515/490 5503/519/490
f 5503/519/490 5502/515/490 5501/520/491
f 5500/527/265 5498/528/492 5499/529/493
f 5499/529/493 5498/528/492 5497/530/494
f 5496/510/495 5495/509/496 5493/531/496
f 5493/531/496 5495/509/496 5494/532/497
f 5494/532/497 5492/533/498 5493/531/496
f 5493/531/496 5492/533/498 5491/534/499
f 5490/535/500 5484/507/501 5489/482/502
f 5489/482/502 5484/507/501 5488/484/503
f 5487/505/504 5485/507/505 5486/535/505
f 5486/535/505 5485/507/505 5484/507/506
f 5483/536/507 5481/536/508 5482/536/509
f 5482/536/509 5481/536/508 5480/536/510
f 5479/537/511 5477/538/511 5478/539/511
f 5478/539/511 5477/538/511 5476/540/511
f 5475/541/512 5473/542/513 5474/543/514
f 5474/543/514 5473/542/513 5472/544/515
f 5471/545/516 5469/546/517 5470/547/518
f 5470/547/518 5469/546/517 5468/548/519
f 5467/549/520 5465/550/521 5466/551/522
f 5466/551/522 5465/550/521 5464/552/523
f 5463/553/524 5461/554/525 5462/555/526
f 5462/555/526 5461/554/525 5460/556/527
f 5459/557/528 5457/558/529 5458/559/530
f 5458/559/530 5457/558/529 5456/560/531
f 5455/561/532 5453/562/533 5454/563/533
f 5454/563/533 5453/562/533 5452/564/534
f 5451/547/535 5449/548/536 5450/553/537
f 5450/553/537 5449/548/536 5448/554/538
f 5447/542/539 5445/541/540 5446/552/541
f 5446/552/541 5445/541/540 5444/551/542
f 5443/565/543 5441/558/544 5442/566/545
f 5442/566/545 5441/558/544 5440/557/546
f 5439/567/547 5437/568/548 5438/561/549
f 5438/561/549 5437/568/548 5436/562/550
f 5435/569/551 5433/570/552 5434/571/553
f 5434/571/553 5433/570/552 5432/572/554
f 5431/573/555 5429/574/556 5430/575/557
f 5430/575/557 5429/574/556 5428/576/558
f 5425/577/559 5426/578/560 5427/577/561
f 5424/578/562 5426/578/560 5425/577/559
f 5425/577/559 5423/579/562 5424/578/562
f 5424/578/562 5423/579/562 5422/580/563
f 5421/581/564 5420/582/564 5419/583/565
f 5414/584/566 5418/585/567 5416/586/568
f 5404/587/566 5416/586/568 5417/586/569
f 5414/584/566 5416/586/568 5404/587/566
f 5404/587/566 5406/588/566 5414/584/566
f 5414/584/566 5406/588/566 5415/589/566
f 5415/589/566 5413/590/570 5414/584/566
f 5414/584/566 5413/590/570 5412/585/570
f 5411/591/571 5410/592/572 5398/591/566
f 5398/591/566 5410/592/572 5405/592/566
f 5410/592/572 5409/593/573 5405/592/566
f 5405/592/566 5409/593/573 5407/593/570
f 5408/594/570 5406/588/566 5407/593/570
f 5407/593/570 5406/588/566 5405/592/566
f 5406/588/566 5404/587/566 5405/592/566
f 5405/592/566 5404/587/566 5398/591/566
f 5404/587/566 5403/586/574 5398/591/566
f 5398/591/566 5403/586/574 5402/595/575
f 5401/595/576 5399/591/577 5400/595/574
f 5400/595/574 5399/591/577 5398/591/566
f 5397/596/578 5396/597/579 5393/598/580
f 5393/598/580 5396/597/579 5395/599/581
f 5392/600/582 5393/598/580 5395/599/581
f 5394/601/583 5393/598/580 5392/600/582
f 5391/602/584 5390/603/585 5388/604/586
f 5388/604/586 5390/603/585 5389/605/587
f 5388/604/586 5386/605/588 5387/606/588
f 5387/606/588 5386/605/588 5385/607/589
f 5384/608/590 5383/609/591 5378/610/592
f 5378/610/592 5383/609/591 5382/611/593
f 5381/612/594 5379/608/595 5380/613/596
f 5380/613/596 5379/608/595 5378/610/597
f 5377/614/598 5375/614/599 5376/615/599
f 5376/615/599 5375/614/599 5374/616/600
f 5373/617/601 5372/618/602 5370/619/603
f 5370/619/603 5372/618/602 5371/620/604
f 5370/619/603 5368/621/605 5369/617/606
f 5369/617/606 5368/621/605 5367/622/607
f 5355/623/608 5366/624/609 5353/625/610
f 5353/625/610 5366/624/609 5365/626/611
f 5366/624/609 5364/627/47 5365/626/611
f 5365/626/611 5364/627/47 5349/628/47
f 5364/627/47 5363/629/47 5349/628/47
f 5349/628/47 5363/629/47 5347/630/47
f 5363/629/47 5362/631/612 5347/630/47
f 5347/630/47 5362/631/612 5361/632/613
f 4443/633/614 4444/634/615 5358/635/616
f 5358/635/616 4444/634/615 5360/636/617
f 5359/637/618 5358/635/616 5360/636/617
f 5359/637/618 5356/638/619 5358/635/616
f 5358/635/616 5356/638/619 5357/639/620
f 5357/639/620 5356/638/619 5354/640/621
f 5356/638/619 5355/623/608 5354/640/621
f 5354/640/621 5355/623/608 5353/625/610
f 5354/640/621 5353/625/610 5340/641/622
f 5340/641/622 5353/625/610 5352/642/623
f 5353/625/610 5351/626/624 5352/642/623
f 5352/642/623 5351/626/624 5350/643/625
f 5351/626/624 5349/628/47 5350/643/625
f 5350/643/625 5349/628/47 5348/644/626
f 5349/628/47 5347/630/47 5348/644/626
f 5348/644/626 5347/630/47 5346/645/627
f 5347/630/47 5345/632/612 5346/645/627
f 5346/645/627 5345/632/612 5344/646/628
f 5343/639/629 5341/640/630 5342/647/631
f 5342/647/631 5341/640/630 5340/641/632
f 5333/648/3 5339/649/305 5336/648/633
f 5336/648/633 5339/649/305 5338/649/634
f 5335/650/3 5336/648/633 5337/650/635
f 5333/648/3 5336/648/633 5335/650/3
f 5334/651/3 5333/648/3 5335/650/3
f 5323/652/3 5333/648/3 5334/651/3
f 5323/652/3 5332/653/231 5333/648/3
f 5333/648/3 5332/653/231 5331/649/636
f 5330/654/637 5328/655/638 5329/656/639
f 5329/656/639 5328/655/638 5327/657/640
f 5328/655/638 5326/653/641 5327/657/640
f 5327/657/640 5326/653/641 5325/652/642
f 5326/653/641 5324/653/305 5325/652/642
f 5325/652/642 5324/653/305 5323/652/3
f 5306/658/103 5321/659/643 5322/658/644
f 5322/658/644 5321/659/643 5320/660/645
f 5319/661/646 5305/661/647 5318/662/648
f 5318/662/648 5305/661/647 5317/662/649
f 5316/663/650 5307/663/103 5315/661/105
f 5315/661/105 5307/663/103 5305/661/103
f 5302/664/651 5304/665/103 5314/666/652
f 5304/665/103 5306/658/103 5314/666/652
f 5314/666/652 5306/658/103 5313/658/653
f 5312/659/654 5306/658/103 5308/667/655
f 5303/668/656 5301/668/657 5305/661/103
f 5305/661/103 5301/668/657 5311/662/658
f 5309/667/659 5307/663/103 5310/663/414
f 5308/667/655 5307/663/103 5309/667/659
f 5308/667/655 5306/658/103 5307/663/103
f 5307/663/103 5306/658/103 5305/661/103
f 5305/661/103 5306/658/103 5304/665/103
f 5305/661/103 5304/665/103 5303/668/656
f 5303/668/656 5304/665/103 5302/664/651
f 5303/668/656 5302/664/651 5301/668/657
f 4263/669/660 5300/670/661 5298/671/662
f 5298/671/662 5300/670/661 5299/672/662
f 5299/672/662 5297/672/103 5298/671/662
f 5298/671/662 5297/672/103 4265/671/103
f 5296/673/663 5293/674/664 5295/675/665
f 5295/675/665 5293/674/664 5294/676/666
f 5293/674/664 5292/677/667 5294/676/666
f 5289/678/668 5292/677/667 5293/674/664
f 5289/678/668 5290/679/669 5292/677/667
f 5291/680/670 5290/679/669 5289/678/668
f 5288/681/671 5287/682/672 5286/683/673
f 5285/684/674 5283/685/675 5284/686/676
f 5284/686/676 5283/685/675 5280/687/677
f 5280/687/677 5282/685/678 5281/688/678
f 5280/687/677 5279/688/679 5278/689/679
f 5278/689/679 5279/688/679 5276/690/680
f 5278/689/679 5276/690/680 5277/691/681
f 5277/691/681 5276/690/680 5275/692/682
f 5274/693/683 5273/694/684 5270/695/685
f 5270/695/685 5273/694/684 5272/340/686
f 5272/340/686 5271/342/685 5270/695/685
f 5269/696/687 5268/697/688 5267/698/689
f 5267/698/689 5268/697/688 5265/699/690
f 5267/698/689 5265/699/690 5266/700/691
f 5266/700/691 5265/699/690 5264/701/692
f 4167/702/693 5262/702/694 5263/703/695
f 5263/703/695 5262/702/694 5259/704/696
f 5258/705/697 5259/704/696 5261/705/698
f 5260/703/699 5259/704/696 5258/705/697
f 5257/706/700 5235/707/47 5256/708/701
f 5256/708/701 5235/707/47 5255/709/702
f 5235/707/47 5248/710/47 5254/709/703
f 5254/709/703 5248/710/47 5253/710/702
f 5249/711/704 5247/712/47 5252/713/705
f 5250/710/706 5249/711/704 5251/711/707
f 5248/710/47 5249/711/704 5250/710/706
f 5248/710/47 5247/712/47 5249/711/704
f 5235/707/47 5247/712/47 5248/710/47
f 5246/714/47 5247/712/47 5235/707/47
f 5245/715/47 5246/714/47 5235/707/47
f 5235/707/47 5227/716/47 5245/715/47
f 5245/715/47 5227/716/47 5244/715/47
f 5244/715/47 5227/716/47 5243/717/47
f 5243/717/47 5227/716/47 5242/718/47
f 5242/718/47 5227/716/47 5241/719/47
f 5227/716/47 5228/515/47 5241/719/47
f 5241/719/47 5228/515/47 5240/720/47
f 5240/720/47 5228/515/47 5239/721/708
f 5239/721/708 5228/515/47 5238/517/709
f 5237/525/710 5227/716/47 5236/706/711
f 5236/706/711 5227/716/47 5235/707/47
f 5234/525/712 5225/526/713 5233/722/714
f 5234/525/712 5233/722/714 5227/716/47
f 5229/517/704 5226/515/715 5232/517/716
f 5226/515/715 5231/515/717 5232/517/716
f 5232/517/716 5231/515/717 5230/517/718
f 5228/515/47 5226/515/715 5229/517/704
f 5228/515/47 5227/716/47 5226/515/715
f 5226/515/715 5227/716/47 5224/722/719
f 5224/722/719 5222/515/720 5226/515/715
f 5225/526/721 5222/515/720 5224/722/719
f 5223/520/722 5222/515/720 5221/526/722
f 5220/723/723 5218/724/724 5219/725/725
f 5219/725/725 5218/724/724 5217/726/726
f 5216/727/727 5214/728/728 5215/729/729
f 5215/729/729 5214/728/728 5213/730/730
f 5212/731/731 5210/732/732 5211/733/733
f 5211/733/733 5210/732/732 5209/734/734
f 5208/735/735 5205/736/736 5207/736/737
f 5207/736/737 5205/736/736 5206/737/736
f 5206/737/736 5205/736/736 5204/738/736
f 5204/738/736 5205/736/736 5202/739/736
f 5204/738/736 5202/739/736 5203/739/738
f 5203/739/738 5202/739/736 5201/740/386
f 5200/741/739 5199/742/739 5198/743/739
f 5197/744/740 5195/745/740 5196/746/740
f 5196/746/740 5195/745/740 5194/747/740
f 5193/748/741 5191/749/741 5192/750/741
f 5192/750/741 5191/749/741 5190/751/741
f 5189/752/298 5187/753/742 5188/754/743
f 5188/754/743 5187/753/742 5186/755/744
f 5185/493/745 5183/756/746 5184/494/747
f 5184/494/747 5183/756/746 5182/757/748
f 5181/758/749 5179/759/749 5180/760/749
f 5180/760/749 5179/759/749 5178/761/749
f 5177/762/750 5175/759/751 5176/763/752
f 5176/763/752 5175/759/751 5174/758/753
f 5173/764/754 5161/765/755 5171/764/756
f 5171/764/756 5161/765/755 5172/765/757
f 5172/765/757 3229/765/47 5171/764/756
f 5171/764/756 3229/765/47 5170/764/758
f 3232/766/47 5168/767/47 5169/768/47
f 3229/765/47 5168/767/47 3232/766/47
f 5168/767/47 3229/765/47 5167/767/759
f 5167/767/759 3229/765/47 5166/765/760
f 5166/765/760 5165/769/755 5167/767/759
f 5161/765/755 5165/769/755 5166/765/760
f 5161/765/755 5164/770/755 5165/769/755
f 5146/771/761 5164/770/755 5161/765/755
f 5164/770/755 5146/771/761 5149/772/762
f 5163/773/763 5146/771/761 5162/764/764
f 5162/764/764 5146/771/761 5161/765/755
f 5150/774/265 5160/775/267 5153/776/265
f 5153/776/265 5160/775/267 5159/777/765
f 5158/775/766 5150/774/265 5147/773/767
f 5147/773/767 5150/774/265 5148/771/762
f 5157/777/766 5155/778/768 5153/776/265
f 5153/776/265 5155/778/768 5154/779/769
f 5134/780/770 5155/778/768 5156/781/771
f 5154/779/769 5155/778/768 5134/780/770
f 5154/779/769 5134/780/770 5135/782/769
f 5135/782/769 5153/776/265 5154/779/769
f 5152/783/265 5153/776/265 5135/782/769
f 5152/783/265 5150/774/265 5153/776/265
f 5151/784/265 5150/774/265 5152/783/265
f 5151/784/265 5149/772/762 5150/774/265
f 5150/774/265 5149/772/762 5148/771/762
f 5149/772/762 5146/771/761 5148/771/762
f 5148/771/762 5146/771/761 5147/773/767
f 5147/773/767 5146/771/761 5145/773/754
f 5144/785/771 5143/786/772 5136/787/770
f 5136/787/770 5143/786/772 5142/788/773
f 5141/781/774 5140/785/775 5134/780/770
f 5134/780/770 5140/785/775 5136/787/770
f 5137/789/770 5138/788/776 5139/790/777
f 5136/787/770 5138/788/776 5137/789/770
f 5133/791/770 5136/787/770 5137/789/770
f 5134/780/770 5136/787/770 5133/791/770
f 5135/782/769 5134/780/770 5133/791/770
f 5132/792/778 5131/793/779 5124/794/780
f 5130/795/781 5120/795/782 5129/796/783
f 5121/797/784 5128/798/785 5122/799/786
f 5122/799/786 5128/798/785 5127/800/787
f 5126/792/788 5124/794/789 5125/800/790
f 5125/800/790 5124/794/789 5122/799/786
f 5123/801/791 5122/799/786 5124/794/789
f 5120/795/792 5122/799/786 5123/801/791
f 5122/799/786 5120/795/792 5121/797/784
f 5121/797/784 5120/795/792 5119/795/793
f 5118/802/794 5116/803/795 5117/804/795
f 5117/804/795 5116/803/795 5113/805/796
f 5113/805/797 5115/806/798 5114/806/799
f 5113/805/800 5111/803/801 5112/806/802
f 5112/806/802 5111/803/801 5110/803/803
f 5109/807/804 5107/808/805 5108/809/806
f 5108/809/806 5107/808/805 5106/810/807
f 5105/811/808 5103/812/809 5104/813/809
f 5104/813/809 5103/812/809 5102/814/810
f 5101/815/811 5100/816/812 5095/817/3
f 5098/815/813 5097/818/3 5099/819/814
f 5095/817/3 5097/818/3 5098/815/813
f 5097/818/3 5095/817/3 5096/820/3
f 5096/820/3 5095/817/3 5094/821/3
f 5093/822/815 5091/823/816 5092/824/817
f 5092/824/817 5091/823/816 5090/825/818
f 5091/823/816 5089/826/819 5090/825/818
f 5090/825/818 5089/826/819 5088/827/820
f 5087/828/821 5085/829/822 5086/830/823
f 5086/830/823 5085/829/822 5084/831/824
f 5083/832/825 5081/833/826 5082/834/827
f 5082/834/827 5081/833/826 5080/835/828
f 5079/821/829 5074/836/829 5075/820/830
f 5078/837/831 5076/838/832 5077/839/833
f 5077/839/833 5076/838/832 5068/840/834
f 5075/820/830 5068/840/834 5076/838/832
f 5074/836/829 5068/840/834 5075/820/830
f 5074/836/829 5072/841/835 5068/840/834
f 5074/836/829 5073/842/836 5072/841/835
f 5068/840/834 5072/841/835 5071/843/837
f 5067/844/838 5068/840/839 5070/843/840
f 5069/839/841 5068/840/839 5067/844/838
f 5066/845/842 5065/846/843 5064/847/844
f 5063/848/845 5024/848/298 5062/849/175
f 5062/849/175 5024/848/298 5042/850/298
f 5062/849/175 5042/850/298 5061/851/846
f 5042/850/298 5059/852/847 5061/851/846
f 5044/853/298 5059/852/847 5042/850/298
f 5060/854/848 5059/852/847 5044/853/298
f 5057/855/849 5041/856/298 5058/856/850
f 5043/857/298 5041/856/298 5057/855/849
f 5057/855/849 5055/858/851 5043/857/298
f 5056/859/852 5043/857/298 5055/858/851
f 5041/856/298 5053/860/853 5054/856/854
f 5041/856/298 5052/861/855 5053/860/853
f 5041/856/298 5040/406/298 5052/861/855
f 5052/861/855 5040/406/298 5051/408/855
f 5049/862/856 5050/407/857 5040/406/298
f 5049/862/856 5040/406/298 5048/362/858
f 5048/362/858 5040/406/298 5039/363/298
f 5045/863/298 5046/859/859 5047/864/860
f 5043/857/298 5046/859/859 5045/863/298
f 5045/863/298 5044/853/298 5043/857/298
f 5043/857/298 5044/853/298 5042/850/298
f 5043/857/298 5042/850/298 5041/856/298
f 5041/856/298 5042/850/298 5024/848/298
f 5041/856/298 5024/848/298 5040/406/298
f 5040/406/298 5024/848/298 5026/865/298
f 5040/406/298 5026/865/298 5039/363/298
f 5039/363/298 5026/865/298 5030/866/298
f 5030/866/298 5038/867/861 5039/363/298
f 5039/363/298 5038/867/861 5037/365/862
f 5036/868/863 5035/869/864 5030/866/298
f 5030/866/298 5035/869/864 5034/867/865
f 5032/870/866 5026/865/298 5033/871/867
f 5032/870/866 5031/868/868 5026/865/298
f 5026/865/298 5031/868/868 5030/866/298
f 5029/871/869 5026/865/298 5028/872/870
f 5026/865/298 5025/873/869 5027/872/871
f 5024/848/298 5025/873/869 5026/865/298
f 5025/873/869 5024/848/298 5022/874/872
f 5024/848/298 5023/848/173 5022/874/872
f 5021/875/873 5020/876/874 5019/877/103
f 5019/877/103 5020/876/874 5018/878/103
f 5019/877/103 5018/878/103 5017/879/103
f 5016/880/875 5014/881/876 5015/882/877
f 5015/882/877 5014/881/876 5013/883/878
f 5012/469/307 5009/470/3 5011/428/306
f 5011/428/306 5009/470/3 5010/427/3
f 5010/427/3 5009/470/3 5008/884/3
f 5008/884/3 5009/470/3 5006/471/3
f 5008/884/3 5006/471/3 5007/424/305
f 5007/424/305 5006/471/3 5005/472/239
f 4992/885/879 5004/886/880 5003/885/881
f 5001/887/882 5002/887/883 4998/888/884
f 4998/888/884 4997/889/885 5001/887/882
f 5000/890/886 4991/891/887 4999/892/886
f 4999/892/886 4991/891/887 4998/888/884
f 4998/888/884 4991/891/887 4992/885/888
f 4998/888/884 4992/885/888 4997/889/885
f 4997/889/885 4992/885/888 4996/885/889
f 4990/891/890 4991/891/887 4995/891/891
f 4992/885/888 4993/21/892 4994/886/893
f 4979/22/16 4993/21/892 4992/885/888
f 4992/885/888 4976/349/894 4979/22/16
f 4992/885/888 4991/891/887 4976/349/894
f 4988/893/895 4976/349/894 4991/891/887
f 4991/891/887 4990/891/890 4988/893/895
f 4989/349/328 4976/349/894 4988/893/895
f 4987/894/896 4986/895/897 4980/896/288
f 4984/270/898 4978/345/899 4985/344/900
f 4983/269/901 4978/345/899 4984/270/898
f 4980/896/902 4978/345/899 4983/269/901
f 4982/22/893 4979/22/16 4981/895/903
f 4981/895/903 4979/22/16 4980/896/902
f 4979/22/16 4978/345/899 4980/896/902
f 4979/22/16 4976/349/894 4978/345/899
f 4978/345/899 4976/349/894 4977/343/904
f 4977/343/904 4976/349/894 4975/350/327
f 4974/897/325 4973/898/324 4972/899/47
f 4972/899/47 4973/898/324 4969/900/47
f 4969/900/47 4970/901/47 4972/899/47
f 4971/902/47 4970/901/47 4969/900/47
f 4967/755/905 4966/903/906 4968/754/907
f 4964/904/908 4966/903/906 4967/755/905
f 4966/903/906 4964/904/908 4965/905/909
f 4965/905/909 4964/904/908 4963/906/910
f 4962/907/911 4960/908/912 4961/909/913
f 4961/909/913 4960/908/912 4959/908/914
f 4948/910/915 4958/911/916 4957/912/917
f 4956/912/918 4955/913/919 4948/910/915
f 4948/910/915 4955/913/919 4949/914/920
f 4955/913/919 4954/915/921 4949/914/920
f 4949/914/920 4954/915/921 4953/916/922
f 4952/917/923 4950/918/924 4951/916/925
f 4951/916/925 4950/918/924 4949/914/920
f 4950/918/924 4941/919/926 4949/914/920
f 4949/914/920 4941/919/926 4948/910/915
f 4948/910/915 4941/919/926 4942/920/927
f 4948/910/915 4942/920/927 4947/911/928
f 4947/911/928 4942/920/927 4946/921/929
f 4946/921/929 4942/920/927 4945/922/930
f 4945/922/930 4942/920/927 4944/923/328
f 4942/920/927 4940/924/931 4944/923/328
f 4944/923/328 4940/924/931 4943/925/932
f 4942/920/927 4941/919/926 4940/924/931
f 4940/924/290 4937/926/290 4939/925/933
f 4939/925/933 4937/926/290 4938/927/934
f 4937/926/290 4934/928/290 4936/927/327
f 4936/927/327 4934/928/290 4935/929/935
f 4934/928/290 4921/930/290 4933/929/327
f 4933/929/327 4921/930/290 4932/931/936
f 4922/275/293 4931/276/937 4919/315/290
f 4919/315/290 4931/276/937 4930/314/938
f 4926/932/189 4924/933/939 4929/934/940
f 4928/273/941 4925/274/292 4927/935/942
f 4926/932/189 4927/935/942 4925/274/292
f 4925/274/292 4924/933/939 4926/932/189
f 4925/274/292 4922/275/293 4924/933/939
f 4924/933/939 4922/275/293 4923/936/943
f 4922/275/293 4921/930/944 4923/936/943
f 4919/315/290 4921/930/944 4922/275/293
f 4921/930/944 4919/315/290 4920/931/945
f 4920/931/945 4919/315/290 4918/313/898
f 4917/937/946 4915/938/199 4916/937/629
f 4916/937/629 4915/938/199 4911/938/947
f 4911/938/947 4908/939/947 4914/937/948
f 4914/937/948 4908/939/947 4907/940/616
f 4913/938/206 4912/941/207 4911/938/947
f 4911/938/947 4912/941/207 4910/942/947
f 4911/938/947 4910/942/947 4908/939/947
f 4910/942/947 4909/943/947 4908/939/947
f 4908/939/947 4909/943/947 4904/944/947
f 4908/939/947 4904/944/947 4907/940/616
f 4907/940/616 4904/944/947 4906/945/949
f 4906/945/949 4904/944/947 4905/946/950
f 4905/946/950 4904/944/947 4903/947/951
f 4902/948/952 4890/949/952 4891/950/952
f 4902/948/952 4888/951/952 4890/949/952
f 4901/952/952 4888/951/952 4902/948/952
f 4901/952/952 4886/953/952 4888/951/952
f 4900/954/952 4886/953/952 4901/952/952
f 4900/954/952 4884/955/952 4886/953/952
f 4899/956/952 4884/955/952 4900/954/952
f 4899/956/952 4881/957/952 4884/955/952
f 4898/958/952 4881/957/952 4899/956/952
f 4897/959/953 4881/957/952 4898/958/952
f 4897/959/953 4898/958/952 4895/960/952
f 4896/961/954 4897/959/953 4895/960/952
f 4896/961/954 4895/960/952 4894/962/952
f 4840/963/952 4893/964/952 4842/965/952
f 4842/965/952 4893/964/952 4862/966/952
f 4893/964/952 4892/967/952 4862/966/952
f 4862/966/952 4892/967/952 4874/968/952
f 4892/967/952 4891/950/952 4874/968/952
f 4874/968/952 4891/950/952 4879/969/952
f 4891/950/952 4890/949/952 4879/969/952
f 4890/949/952 4878/970/955 4879/969/952
f 4890/949/952 4889/971/956 4878/970/955
f 4888/951/952 4889/971/956 4890/949/952
f 4888/951/952 4887/972/957 4889/971/956
f 4886/953/952 4887/972/957 4888/951/952
f 4886/953/952 4885/955/958 4887/972/957
f 4884/955/952 4885/955/958 4886/953/952
f 4884/955/952 4883/973/959 4885/955/958
f 4881/957/952 4883/973/959 4884/955/952
f 4883/973/959 4881/957/952 4882/974/960
f 4882/974/960 4881/957/952 4880/959/961
f 4874/968/952 4879/969/952 4876/968/962
f 4876/968/962 4879/969/952 4875/975/963
f 4879/969/952 4878/970/955 4875/975/963
f 4871/976/964 4875/975/963 4877/977/612
f 4876/968/962 4875/975/963 4871/976/964
f 4862/966/952 4874/968/952 4873/978/965
f 4873/978/965 4874/968/952 4872/968/966
f 4873/978/965 4872/968/966 4858/978/195
f 4858/978/195 4872/968/966 4871/976/964
f 4871/976/964 4867/979/195 4858/978/195
f 4869/980/964 4867/979/195 4871/976/964
f 4868/977/967 4869/980/964 4871/976/964
f 4870/981/612 4869/980/964 4868/977/967
f 4867/979/195 4866/982/968 4858/978/195
f 4858/978/195 4866/982/968 4865/983/969
f 4864/984/970 4845/985/952 4863/983/971
f 4863/983/971 4845/985/952 4843/986/952
f 4863/983/971 4843/986/952 4861/987/921
f 4861/987/921 4843/986/952 4842/965/952
f 4842/965/952 4862/966/952 4861/987/921
f 4861/987/921 4862/966/952 4859/978/972
f 4861/987/921 4859/978/972 4860/983/968
f 4860/983/968 4859/978/972 4858/978/195
f 4850/988/973 4856/984/974 4857/989/975
f 4857/989/975 4856/984/974 4855/984/917
f 4856/984/974 4847/990/952 4855/984/917
f 4855/984/917 4847/990/952 4845/985/952
f 4851/991/976 4850/988/977 4854/989/978
f 4853/992/930 4852/992/979 4851/991/976
f 4851/991/976 4852/992/979 4837/991/980
f 4837/991/980 4850/988/977 4851/991/976
f 4837/991/980 4810/993/981 4850/988/977
f 4810/993/981 4849/994/982 4850/988/977
f 4850/988/977 4849/994/982 4848/984/983
f 4849/994/982 4812/995/952 4848/984/983
f 4848/984/983 4812/995/952 4847/990/952
f 4812/995/952 4821/996/952 4847/990/952
f 4847/990/952 4821/996/952 4846/997/952
f 4847/990/952 4846/997/952 4845/985/952
f 4845/985/952 4846/997/952 4844/998/952
f 4845/985/952 4844/998/952 4843/986/952
f 4843/986/952 4844/998/952 4841/999/952
f 4843/986/952 4841/999/952 4842/965/952
f 4842/965/952 4841/999/952 4840/963/952
f 4818/1000/3 4817/1001/3 4839/1000/984
f 4839/1000/984 4817/1001/3 4838/1001/985
f 4838/1001/985 4832/1002/986 4839/1000/984
f 4810/993/981 4832/1002/986 4838/1001/985
f 4832/1002/986 4810/993/981 4837/991/980
f 4837/991/980 4833/1003/987 4832/1002/986
f 4836/992/988 4833/1003/987 4837/991/980
f 4835/1004/989 4833/1003/987 4836/992/988
f 4834/1005/990 4833/1003/987 4835/1004/989
f 4833/1003/987 4834/1005/990 4822/1006/991
f 4833/1003/987 4822/1006/991 4832/1002/986
f 4832/1002/986 4822/1006/991 4823/1000/992
f 4828/1007/993 4826/1007/994 4831/1008/995
f 4831/1008/995 4830/1009/996 4828/1007/993
f 4828/1007/993 4830/1009/996 4829/1009/997
f 4737/1010/998 4828/1007/993 4829/1009/997
f 4738/1011/999 4828/1007/993 4737/1010/998
f 4738/1011/999 4826/1007/994 4828/1007/993
f 4827/1011/1000 4826/1007/994 4738/1011/999
f 4827/1011/1000 4742/1012/3 4826/1007/994
f 4826/1007/994 4742/1012/3 4820/1013/1001
f 4826/1007/994 4820/1013/1001 4825/1008/1002
f 4819/1006/1001 4825/1008/1002 4820/1013/1001
f 4824/1005/1002 4825/1008/1002 4819/1006/1001
f 4822/1006/991 4824/1005/1002 4819/1006/1001
f 4818/1000/3 4822/1006/991 4819/1006/1001
f 4823/1000/992 4822/1006/991 4818/1000/3
f 4806/1014/1003 4809/1001/1004 4817/1001/3
f 4812/995/952 4813/1015/952 4821/996/952
f 4742/1012/3 4819/1006/1001 4820/1013/1001
f 4818/1000/3 4819/1006/1001 4742/1012/3
f 4741/1016/3 4818/1000/3 4742/1012/3
f 4817/1001/3 4818/1000/3 4741/1016/3
f 4816/1017/1005 4817/1001/3 4741/1016/3
f 4815/1014/1006 4817/1001/3 4816/1017/1005
f 4763/1018/952 4815/1014/1006 4816/1017/1005
f 4808/1019/952 4815/1014/1006 4763/1018/952
f 4764/1020/952 4808/1019/952 4763/1018/952
f 4814/1015/952 4808/1019/952 4764/1020/952
f 4813/1015/952 4808/1019/952 4814/1015/952
f 4805/1019/952 4808/1019/952 4813/1015/952
f 4805/1019/952 4813/1015/952 4812/995/952
f 4811/994/1007 4805/1019/952 4812/995/952
f 4807/1014/1008 4805/1019/952 4811/994/1007
f 4811/994/1007 4810/993/981 4807/1014/1008
f 4807/1014/1008 4810/993/981 4809/1001/1004
f 4807/1014/1008 4809/1001/1004 4806/1014/1003
f 4805/1019/952 4806/1014/1003 4808/1019/952
f 4807/1014/1008 4806/1014/1003 4805/1019/952
f 4804/1021/961 4785/1022/952 4803/1023/1009
f 4803/1023/1009 4785/1022/952 4802/1022/1010
f 4785/1022/952 4787/1024/952 4802/1022/1010
f 4802/1022/1010 4787/1024/952 4801/1025/1011
f 4787/1024/952 4789/1026/952 4801/1025/1011
f 4801/1025/1011 4789/1026/952 4800/1027/1012
f 4789/1026/952 4791/1028/952 4800/1027/1012
f 4800/1027/1012 4791/1028/952 4799/1029/1013
f 4791/1028/952 4793/1030/952 4799/1029/1013
f 4799/1029/1013 4793/1030/952 4798/1031/1014
f 4793/1030/952 4794/1031/952 4798/1031/1014
f 4798/1031/1014 4794/1031/952 4796/1032/1015
f 4797/1033/1016 4796/1032/1015 4776/1033/1017
f 4776/1033/1017 4796/1032/1015 4795/1032/1018
f 4796/1032/1015 4794/1031/952 4795/1032/1018
f 4795/1032/1018 4794/1031/952 4752/1034/952
f 4794/1031/952 4751/1035/952 4752/1034/952
f 4793/1030/952 4751/1035/952 4794/1031/952
f 4792/1036/952 4751/1035/952 4793/1030/952
f 4791/1028/952 4792/1036/952 4793/1030/952
f 4790/1037/952 4792/1036/952 4791/1028/952
f 4789/1026/952 4790/1037/952 4791/1028/952
f 4788/1038/952 4790/1037/952 4789/1026/952
f 4787/1024/952 4788/1038/952 4789/1026/952
f 4786/1039/952 4788/1038/952 4787/1024/952
f 4785/1022/952 4786/1039/952 4787/1024/952
f 4784/1040/952 4786/1039/952 4785/1022/952
f 4783/1021/953 4784/1040/952 4785/1022/952
f 4783/1021/953 4782/1041/952 4784/1040/952
f 4781/1042/954 4782/1041/952 4783/1021/953
f 4782/1041/952 4781/1042/954 4780/1043/952
f 4775/1032/1019 4752/1034/952 4774/1044/1020
f 4774/1044/1020 4752/1034/952 4753/1045/952
f 4779/1046/1016 4778/1033/1021 4777/1046/1017
f 4777/1046/1017 4778/1033/1021 4776/1033/1022
f 4777/1046/1017 4776/1033/1022 4773/1047/1022
f 4773/1047/1022 4776/1033/1022 4767/1044/1022
f 4776/1033/1022 4775/1032/1019 4767/1044/1022
f 4767/1044/1022 4775/1032/1019 4774/1044/1020
f 4773/1047/1022 4767/1044/1022 4772/1048/1023
f 4772/1048/1023 4767/1044/1022 4771/1049/1024
f 4770/1050/1025 4769/1049/1026 4730/1051/952
f 4730/1051/952 4769/1049/1026 4758/1052/952
f 4769/1049/1026 4768/1053/1027 4758/1052/952
f 4758/1052/952 4768/1053/1027 4755/1054/952
f 4768/1053/1027 4753/1045/952 4755/1054/952
f 4766/1044/1028 4753/1045/952 4768/1053/1027
f 4765/1049/1029 4766/1044/1028 4768/1053/1027
f 4767/1044/1022 4766/1044/1028 4765/1049/1029
f 4763/1018/952 4762/1055/952 4764/1020/952
f 4747/1056/1030 4749/1057/952 4745/1017/1003
f 4745/1017/1003 4749/1057/952 4763/1018/952
f 4749/1057/952 4762/1055/952 4763/1018/952
f 4732/1057/952 4762/1055/952 4749/1057/952
f 4761/1058/952 4762/1055/952 4732/1057/952
f 4729/1051/952 4761/1058/952 4732/1057/952
f 4760/1059/952 4761/1058/952 4729/1051/952
f 4730/1051/952 4760/1059/952 4729/1051/952
f 4759/1060/952 4760/1059/952 4730/1051/952
f 4730/1051/952 4758/1052/952 4759/1060/952
f 4759/1060/952 4758/1052/952 4757/1061/952
f 4758/1052/952 4755/1054/952 4757/1061/952
f 4757/1061/952 4755/1054/952 4756/1062/952
f 4755/1054/952 4754/1063/952 4756/1062/952
f 4753/1045/952 4754/1063/952 4755/1054/952
f 4753/1045/952 4750/1064/952 4754/1063/952
f 4752/1034/952 4750/1064/952 4753/1045/952
f 4752/1034/952 4751/1035/952 4750/1064/952
f 4732/1057/952 4749/1057/952 4748/1065/1031
f 4748/1065/1031 4749/1057/952 4747/1056/1030
f 4747/1056/1030 4734/1056/1032 4748/1065/1031
f 4746/1066/1033 4734/1056/1032 4747/1056/1030
f 4747/1056/1030 4745/1017/1003 4746/1066/1033
f 4746/1066/1033 4745/1017/1003 4741/1016/3
f 4737/1010/998 4744/1009/1034 4736/1010/1035
f 4736/1010/1035 4744/1009/1034 4743/1009/1036
f 4742/1012/3 4740/1011/1037 4741/1016/3
f 4741/1016/3 4740/1011/1037 4739/1066/1038
f 4740/1011/1037 4738/1011/999 4739/1066/1038
f 4739/1066/1038 4738/1011/999 4734/1056/1039
f 4738/1011/999 4737/1010/998 4734/1056/1039
f 4734/1056/1039 4737/1010/998 4727/1067/1040
f 4737/1010/998 4736/1010/1035 4727/1067/1040
f 4727/1067/1040 4736/1010/1035 4735/1068/1041
f 4734/1056/1039 4727/1067/1040 4733/1065/1042
f 4733/1065/1042 4727/1067/1040 4731/1050/1043
f 4731/1050/1043 4732/1057/952 4733/1065/1042
f 4729/1051/952 4732/1057/952 4731/1050/1043
f 4730/1051/952 4729/1051/952 4728/1050/1044
f 4728/1050/1044 4729/1051/952 4725/1050/1045
f 4725/1050/1045 4726/1068/1046 4728/1050/1044
f 4727/1067/1047 4726/1068/1046 4725/1050/1045
f 4724/1069/1048 4723/1070/1049 4720/908/1049
f 4720/908/1049 4723/1070/1049 4722/909/1050
f 4721/1069/1051 4720/908/1052 4719/1071/1051
f 4715/369/1053 4717/371/1054 4718/371/1055
f 4716/366/1056 4717/371/1054 4715/369/1053
f 4716/366/1056 4715/369/1053 4714/366/1057
f 4713/1072/1058 4711/1073/1059 4712/1074/1059
f 4712/1074/1059 4711/1073/1059 4710/1075/1060
f 4709/1076/1061 4707/1077/1062 4708/1078/1063
f 4708/1078/1063 4707/1077/1062 4706/1079/1064
f 4704/1080/951 4703/1081/1065 4705/1082/1066
f 4702/1083/1067 4703/1081/1065 4704/1080/951
f 4702/1083/1067 4701/1084/1068 4703/1081/1065
f 4700/1085/1069 4701/1084/1068 4702/1083/1067
f 4700/1085/1069 4698/1086/1070 4701/1084/1068
f 4699/1087/1071 4698/1086/1070 4700/1085/1069
f 4699/1087/1071 4697/1088/1072 4698/1086/1070
f 4698/1086/1070 4697/1088/1072 4696/1089/1073
f 4676/1090/265 4696/1089/1073 4697/1088/1072
f 4694/1091/1074 4696/1089/1073 4676/1090/265
f 4696/1089/1073 4694/1091/1074 4695/1092/1075
f 4695/1092/1075 4694/1091/1074 4682/1093/1076
f 4693/1094/1077 4692/1095/1078 4685/1096/1079
f 4685/1096/1079 4692/1095/1078 4686/1097/1080
f 4686/1097/1080 4692/1095/1078 4691/1098/1081
f 4690/1099/1082 4686/1097/1080 4691/1098/1081
f 4687/1100/1083 4686/1097/1080 4690/1099/1082
f 4687/1100/1083 4690/1099/1082 4689/1101/1084
f 4688/1092/1085 4682/1093/1076 4687/1100/1083
f 4687/1100/1083 4682/1093/1076 4686/1097/1080
f 4686/1097/1080 4682/1093/1076 4685/1096/1079
f 4685/1096/1079 4682/1093/1076 4684/1102/1086
f 4682/1093/1076 4679/1103/864 4683/1102/1087
f 4681/1091/1088 4679/1103/864 4682/1093/1076
f 4676/1090/265 4679/1103/864 4681/1091/1088
f 4680/1104/1089 4679/1103/864 4676/1090/265
f 4678/1104/1090 4676/1090/265 4677/1105/1091
f 4677/1105/1091 4676/1090/265 4640/1106/265
f 4675/1088/1092 4640/1106/265 4676/1090/265
f 4658/1107/1093 4640/1106/265 4675/1088/1092
f 4675/1088/1092 4674/1087/1094 4658/1107/1093
f 4658/1107/1093 4674/1087/1094 4673/1108/1095
f 4674/1087/1094 4672/1085/1096 4673/1108/1095
f 4673/1108/1095 4672/1085/1096 4671/1109/1097
f 4672/1085/1096 4670/1083/1098 4671/1109/1097
f 4671/1109/1097 4670/1083/1098 4669/1110/1099
f 4670/1083/1098 4668/1080/1100 4669/1110/1099
f 4669/1110/1099 4668/1080/1100 4667/1111/1100
f 4666/1112/1101 4664/1113/1102 4665/1111/1103
f 4665/1111/1103 4664/1113/1102 4663/1110/1104
f 4664/1113/1102 4662/1114/1105 4663/1110/1104
f 4663/1110/1104 4662/1114/1105 4661/1109/1106
f 4662/1114/1105 4659/1115/1107 4661/1109/1106
f 4661/1109/1106 4659/1115/1107 4660/1108/1108
f 4660/1108/1108 4659/1115/1107 4658/1107/1093
f 4658/1107/1093 4659/1115/1107 4657/1116/1109
f 4657/1116/1109 4640/1106/265 4658/1107/1093
f 4656/1117/1110 4640/1106/265 4657/1116/1109
f 4657/1116/1109 4655/1118/1111 4656/1117/1110
f 4656/1117/1110 4655/1118/1111 4643/1119/1112
f 4653/1120/1113 4646/1121/1114 4654/1122/1115
f 4646/1121/1114 4653/1120/1113 4647/1123/1116
f 4647/1123/1116 4653/1120/1113 4652/1124/1117
f 4647/1123/1116 4652/1124/1117 4650/1125/1118
f 4650/1125/1118 4648/1126/1119 4647/1123/1116
f 4651/1127/1120 4648/1126/1119 4650/1125/1118
f 4643/1119/1121 4648/1126/1119 4649/1128/1122
f 4647/1123/1116 4648/1126/1119 4643/1119/1121
f 4647/1123/1116 4643/1119/1121 4646/1121/1114
f 4646/1121/1114 4643/1119/1121 4645/1118/1123
f 4639/1129/340 4643/1119/1112 4644/1128/1124
f 4642/1117/1125 4643/1119/1112 4639/1129/340
f 4639/1129/340 4640/1106/265 4642/1117/1125
f 4641/1105/1126 4640/1106/265 4639/1129/340
f 4630/1130/1127 4637/1131/1128 4638/745/1129
f 4638/745/1129 4637/1131/1128 4636/747/1130
f 4630/1130/1127 4635/1132/1127 4634/1131/1127
f 4633/1133/1131 4627/1134/1131 4632/1135/1132
f 4632/1135/1132 4627/1134/1131 4631/1136/1132
f 4630/1130/1133 4628/1136/1134 4629/1132/1134
f 4629/1132/1134 4628/1136/1134 4627/1134/1131
f 4599/1137/1135 4625/1137/1136 4626/1138/1137
f 4623/1139/1138 4625/1137/1136 4599/1137/1135
f 4625/1137/1136 4623/1139/1138 4624/1140/1139
f 4624/1140/1139 4623/1139/1138 4608/1141/1140
f 4622/1142/1141 4620/1143/1142 4621/1144/1143
f 4621/1144/1143 4620/1143/1142 4606/1145/1144
f 4619/1140/1145 4608/1141/1146 4618/1143/1147
f 4618/1143/1147 4608/1141/1146 4606/1145/1148
f 4603/1146/1149 4607/1147/1150 4617/1148/1151
f 4617/1148/1151 4607/1147/1150 4616/1149/1152
f 4615/1144/1153 4606/1145/1148 4605/1150/849
f 4609/1151/1154 4611/1152/1155 4607/1147/1150
f 4607/1147/1150 4611/1152/1155 4614/1149/1156
f 4612/1153/1157 4596/1154/1158 4613/1155/1159
f 4598/1156/1160 4596/1154/1158 4612/1153/1157
f 4611/1152/1155 4598/1156/1160 4612/1153/1157
f 4609/1151/1154 4598/1156/1160 4611/1152/1155
f 4609/1151/1154 4599/1137/1161 4598/1156/1160
f 4610/1139/1162 4599/1137/1161 4609/1151/1154
f 4610/1139/1162 4609/1151/1154 4608/1141/1146
f 4608/1141/1146 4609/1151/1154 4607/1147/1150
f 4608/1141/1146 4607/1147/1150 4606/1145/1148
f 4606/1145/1148 4607/1147/1150 4603/1146/1149
f 4605/1150/849 4606/1145/1148 4603/1146/1149
f 4605/1150/849 4603/1146/1149 4604/1150/851
f 4604/1150/851 4603/1146/1149 4602/1148/1163
f 4601/1138/1164 4600/1157/1165 4599/1137/1161
f 4599/1137/1161 4600/1157/1165 4597/1158/1022
f 4599/1137/1161 4597/1158/1022 4598/1156/1160
f 4598/1156/1160 4597/1158/1022 4596/1154/1158
f 4589/1159/103 4595/1160/1166 4590/1161/1167
f 4594/1162/103 4595/1160/1166 4589/1159/103
f 4589/1159/103 4588/1163/103 4594/1162/103
f 4546/1164/1168 4593/1165/1169 4541/1166/1170
f 4562/1167/1171 4593/1165/1169 4546/1164/1168
f 4562/1167/1171 4592/1168/1123 4593/1165/1169
f 4591/1169/1114 4592/1168/1123 4562/1167/1171
f 4560/1170/1172 4591/1169/1114 4562/1167/1171
f 4590/1161/1167 4591/1169/1114 4560/1170/1172
f 4558/1171/103 4590/1161/1167 4560/1170/1172
f 4589/1159/103 4590/1161/1167 4558/1171/103
f 4558/1171/103 4557/1172/103 4589/1159/103
f 4589/1159/103 4557/1172/103 4588/1163/103
f 4557/1172/103 4573/1173/103 4588/1163/103
f 4588/1163/103 4573/1173/103 4587/1174/103
f 4573/1173/103 4578/1175/103 4587/1174/103
f 4587/1174/103 4578/1175/103 4586/1176/103
f 4586/1176/103 4578/1175/103 4585/1177/103
f 4585/1177/103 4578/1175/103 4584/1178/103
f 4578/1175/103 4583/1175/1173 4584/1178/103
f 4584/1178/103 4583/1175/1173 4582/1178/1174
f 4581/1179/1175 4580/1180/1176 4573/1173/103
f 4573/1173/103 4580/1180/1176 4577/1181/1177
f 4577/1181/1177 4578/1175/103 4573/1173/103
f 4579/1175/1174 4578/1175/103 4577/1181/1177
f 4576/1182/1139 4557/1172/103 4555/1183/1178
f 4575/1182/1179 4574/1179/1147 4557/1172/103
f 4557/1172/103 4574/1179/1147 4573/1173/103
f 4567/1184/103 4563/1185/1180 4565/1186/1181
f 4572/1187/103 4563/1185/1180 4567/1184/103
f 4567/1184/103 4554/1188/103 4572/1187/103
f 4554/1188/103 4556/1189/103 4572/1187/103
f 4572/1187/103 4556/1189/103 4559/1190/103
f 4561/1191/1182 4572/1187/103 4559/1190/103
f 4563/1185/1180 4572/1187/103 4561/1191/1182
f 4570/1192/1183 4569/1193/103 4571/1194/1184
f 4554/1188/103 4569/1193/103 4570/1192/1183
f 4554/1188/103 4568/1195/103 4569/1193/103
f 4567/1184/103 4568/1195/103 4554/1188/103
f 4567/1184/103 4566/1196/1185 4568/1195/103
f 4565/1186/1181 4566/1196/1185 4567/1184/103
f 4565/1186/1181 4552/1197/1186 4566/1196/1185
f 4564/1198/1187 4552/1197/1186 4565/1186/1181
f 4563/1185/1180 4564/1198/1187 4565/1186/1181
f 4548/1199/1188 4564/1198/1187 4563/1185/1180
f 4563/1185/1180 4546/1164/1168 4548/1199/1188
f 4561/1191/1182 4546/1164/1168 4563/1185/1180
f 4561/1191/1182 4562/1167/1171 4546/1164/1168
f 4560/1170/1172 4562/1167/1171 4561/1191/1182
f 4561/1191/1182 4559/1190/103 4560/1170/1172
f 4560/1170/1172 4559/1190/103 4558/1171/103
f 4559/1190/103 4556/1189/103 4558/1171/103
f 4558/1171/103 4556/1189/103 4557/1172/103
f 4555/1183/1178 4557/1172/103 4556/1189/103
f 4556/1189/103 4554/1188/103 4555/1183/1178
f 4555/1183/1178 4554/1188/103 4553/1192/1137
f 4552/1197/1186 4550/1198/1189 4551/1200/1190
f 4551/1200/1190 4550/1198/1189 4549/1201/1191
f 4548/1199/1188 4549/1201/1191 4550/1198/1189
f 4547/1202/1192 4549/1201/1191 4548/1199/1188
f 4546/1164/1168 4547/1202/1192 4548/1199/1188
f 4541/1166/1170 4547/1202/1192 4546/1164/1168
f 4544/1203/1193 4543/1165/1194 4545/1168/1111
f 4542/1204/1107 4543/1165/1194 4544/1203/1193
f 4542/1204/1107 4541/1166/1170 4543/1165/1194
f 4540/1205/1105 4541/1166/1170 4542/1204/1107
f 4540/1205/1105 4538/1202/1195 4541/1166/1170
f 4539/1206/1196 4538/1202/1195 4540/1205/1105
f 4537/1207/1197 4538/1202/1195 4539/1206/1196
f 4536/1201/1198 4538/1202/1195 4537/1207/1197
f 4535/1208/1199 4536/1201/1198 4537/1207/1197
f 4534/1200/1200 4536/1201/1198 4535/1208/1199
f 4534/1200/1200 4535/1208/1199 4533/1209/1201
f 4532/1210/1202 4534/1200/1200 4533/1209/1201
f 4530/1211/202 4532/1210/1202 4533/1209/1201
f 4531/1212/1203 4532/1210/1202 4530/1211/202
f 4530/1211/202 4528/1213/1204 4531/1212/1203
f 4529/1214/1205 4528/1213/1204 4530/1211/202
f 4529/1214/1205 4518/1215/1206 4528/1213/1204
f 4518/1215/1206 4527/1216/1207 4528/1213/1204
f 4516/1217/1208 4527/1216/1207 4518/1215/1206
f 4527/1216/1207 4516/1217/1208 4526/1218/1209
f 4526/1218/1209 4516/1217/1208 4525/1219/1210
f 4526/1218/1209 4525/1219/1210 4524/1220/103
f 4524/1220/103 4525/1219/1210 4512/1221/103
f 4524/1220/103 4512/1221/103 4523/1222/103
f 4523/1222/103 4512/1221/103 4510/1223/103
f 4523/1222/103 4510/1223/103 4522/1224/1016
f 4522/1224/1016 4510/1223/103 4521/1225/1211
f 4519/1226/1212 4518/1215/1206 4520/1214/1213
f 4517/1227/1214 4518/1215/1206 4519/1226/1212
f 4517/1227/1214 4516/1217/1208 4518/1215/1206
f 4515/1228/1215 4516/1217/1208 4517/1227/1214
f 4516/1217/1208 4515/1228/1215 4514/1219/1216
f 4514/1219/1216 4515/1228/1215 4513/1229/1217
f 4514/1219/1216 4513/1229/1217 4512/1221/103
f 4512/1221/103 4513/1229/1217 4511/1230/1218
f 4511/1230/1218 4510/1223/103 4512/1221/103
f 4507/1231/1219 4510/1223/103 4511/1230/1218
f 4507/1231/1219 4508/1225/1016 4510/1223/103
f 4509/1232/1220 4508/1225/1016 4507/1231/1219
f 4506/330/431 4505/332/431 4504/1233/431
f 4461/1234/47 4459/1235/47 4503/1236/47
f 4459/1235/47 4502/1237/1221 4503/1236/47
f 4503/1236/47 4502/1237/1221 4501/1238/1222
f 4500/1239/1223 4482/1240/47 4499/1239/1224
f 4499/1239/1224 4482/1240/47 4498/1240/1225
f 4482/1240/47 4484/1241/47 4498/1240/1225
f 4498/1240/1225 4484/1241/47 4497/1241/1226
f 4496/1237/170 4459/1235/47 4494/1242/1227
f 4494/1242/1227 4459/1235/47 4457/1243/47
f 4494/1242/1227 4480/1244/47 4495/1245/1228
f 4457/1243/47 4480/1244/47 4494/1242/1227
f 4457/1243/47 4456/1246/47 4480/1244/47
f 4493/1245/1229 4480/1244/47 4492/1239/181
f 4492/1239/181 4480/1244/47 4482/1240/47
f 4481/1247/47 4479/1248/47 4491/1249/47
f 4491/1249/47 4479/1248/47 4490/1250/1230
f 4490/1250/1230 4479/1248/47 4478/1251/1231
f 4488/1241/1232 4487/1252/47 4489/1252/1225
f 4484/1241/47 4487/1252/47 4488/1241/1232
f 4484/1241/47 4486/1253/47 4487/1252/47
f 4485/1254/47 4486/1253/47 4484/1241/47
f 4484/1241/47 4483/1255/47 4485/1254/47
f 4482/1240/47 4483/1255/47 4484/1241/47
f 4482/1240/47 4481/1247/47 4483/1255/47
f 4480/1244/47 4481/1247/47 4482/1240/47
f 4480/1244/47 4479/1248/47 4481/1247/47
f 4480/1244/47 4456/1246/47 4479/1248/47
f 4479/1248/47 4456/1246/47 4478/1251/1231
f 4478/1251/1231 4456/1246/47 4454/1256/1233
f 4478/1251/1231 4454/1256/1233 4477/1257/1234
f 4477/1257/1234 4454/1256/1233 4471/1258/1235
f 4477/1257/1234 4471/1258/1235 4472/1259/1085
f 4476/634/1236 4475/1260/1237 4464/1261/1238
f 4474/1262/1239 4475/1260/1237 4476/634/1236
f 4475/1260/1237 4474/1262/1239 4467/1263/1240
f 4467/1263/1240 4474/1262/1239 4469/1264/1241
f 4455/1265/47 4458/1266/47 4473/1267/1242
f 4463/1268/1243 4466/1269/1244 4460/1270/47
f 4460/1270/47 4466/1269/1244 4458/1266/47
f 4473/1267/1242 4458/1266/47 4466/1269/1244
f 4473/1267/1242 4466/1269/1244 4468/1271/1245
f 4471/1258/1235 4473/1267/1242 4468/1271/1245
f 4454/1256/1233 4473/1267/1242 4471/1258/1235
f 4454/1256/1233 4455/1265/47 4473/1267/1242
f 4472/1259/1085 4471/1258/1235 4470/1272/1246
f 4471/1258/1235 4468/1271/1245 4470/1272/1246
f 4470/1272/1246 4468/1271/1245 4449/1273/1247
f 4468/1271/1245 4469/1264/1241 4449/1273/1247
f 4467/1263/1240 4469/1264/1241 4468/1271/1245
f 4468/1271/1245 4466/1269/1244 4467/1263/1240
f 4466/1269/1244 4465/1260/1248 4467/1263/1240
f 4463/1268/1243 4465/1260/1248 4466/1269/1244
f 4465/1260/1248 4463/1268/1243 4464/1261/1238
f 4464/1261/1238 4463/1268/1243 4462/1274/1249
f 4463/1268/1243 4460/1270/47 4462/1274/1249
f 4462/1274/1249 4460/1270/47 4461/1234/47
f 4460/1270/47 4459/1235/47 4461/1234/47
f 4460/1270/47 4458/1266/47 4459/1235/47
f 4459/1235/47 4458/1266/47 4457/1243/47
f 4458/1266/47 4455/1265/47 4457/1243/47
f 4455/1265/47 4456/1246/47 4457/1243/47
f 4456/1246/47 4455/1265/47 4454/1256/1233
f 4451/1272/1250 4452/1275/1251 4453/1259/1075
f 4450/1276/1070 4452/1275/1251 4451/1272/1250
f 4449/1273/1247 4450/1276/1070 4451/1272/1250
f 4448/1277/1252 4450/1276/1070 4449/1273/1247
f 4446/1264/1253 4448/1277/1252 4449/1273/1247
f 4447/1278/1254 4448/1277/1252 4446/1264/1253
f 4447/1278/1254 4446/1264/1253 4445/1279/1255
f 4445/1279/1255 4446/1264/1253 4442/1262/1256
f 4442/1262/1256 4443/633/614 4445/1279/1255
f 4444/634/615 4443/633/614 4442/1262/1256
f 4441/1280/1257 4440/1280/1258 4439/1281/1259
f 4439/1281/1259 4440/1280/1258 4438/1282/1260
f 4439/1281/1259 4438/1282/1260 4437/1281/1261
f 4436/1283/1262 4434/1284/1263 4435/1285/1264
f 4435/1285/1264 4434/1284/1263 4433/1286/1265
f 4428/1287/1266 4431/876/1267 4432/1288/1267
f 4432/1288/1267 4431/876/1267 4430/875/1268
f 4429/1288/1269 4427/1289/1270 4428/1287/1266
f 4428/1287/1266 4427/1289/1270 4426/1290/1271
f 4425/835/1272 4423/833/1273 4424/1291/1274
f 4424/1291/1274 4423/833/1273 4422/1292/1275
f 4421/1293/1276 4419/808/1277 4420/1294/1278
f 4420/1294/1278 4419/808/1277 4418/807/1279
f 4417/1295/1280 4415/832/1281 4416/1296/1282
f 4416/1296/1282 4415/832/1281 4414/834/1283
f 4413/1297/1284 4411/1298/1285 4412/810/1286
f 4412/810/1286 4411/1298/1285 4410/809/1287
f 4409/1299/1288 4407/1300/1289 4408/1299/1290
f 4408/1299/1290 4407/1300/1289 4406/1301/1291
f 4405/1302/1292 4403/1303/1293 4404/1304/1294
f 4404/1304/1294 4403/1303/1293 4402/1305/1295
f 4401/829/1296 4399/1295/1297 4400/831/1297
f 4400/831/1297 4399/1295/1297 4398/1296/1298
f 4397/1297/1299 4395/811/1300 4396/1298/1301
f 4396/1298/1301 4395/811/1300 4394/813/1302
f 4393/1303/1303 4391/1306/1304 4392/1305/1304
f 4392/1305/1304 4391/1306/1304 4390/1307/1305
f 4389/1299/1306 4387/827/1307 4388/1299/1308
f 4388/1299/1308 4387/827/1307 4386/826/1309
f 4385/812/1310 4383/1302/1311 4384/814/1312
f 4384/814/1312 4383/1302/1311 4382/1304/1313
f 4381/1300/1314 4379/828/1315 4380/1301/1315
f 4380/1301/1315 4379/828/1315 4378/830/1316
f 4376/1308/1317 4375/1309/1318 4377/1310/1319
f 4368/1311/1318 4375/1309/1318 4376/1308/1317
f 4375/1309/1318 4368/1311/1318 4374/1312/1318
f 4374/1312/1318 4368/1311/1318 4367/1313/1318
f 4367/1313/1318 4373/1314/1320 4374/1312/1318
f 4374/1312/1318 4373/1314/1320 4372/1315/1321
f 4371/1316/1322 4369/1317/1318 4370/1308/1323
f 4370/1308/1323 4369/1317/1318 4368/1311/1318
f 4364/1318/1318 4368/1311/1318 4369/1317/1318
f 4367/1313/1318 4368/1311/1318 4364/1318/1318
f 4364/1318/1318 4365/1314/313 4367/1313/1318
f 4366/1319/1324 4365/1314/313 4364/1318/1318
f 4348/1320/1325 4362/1321/1326 4363/1322/1327
f 4363/1322/1327 4362/1321/1326 4361/1323/1328
f 4356/1324/1329 4359/485/1330 4360/1325/1331
f 4360/1325/1331 4359/485/1330 4358/487/1332
f 4357/1325/1333 4354/1326/1334 4356/1324/1335
f 4356/1324/1335 4354/1326/1334 4355/1327/1336
f 4355/1327/1336 4354/1326/1334 4352/1328/1337
f 4352/1328/1337 4354/1326/1334 4353/1329/1338
f 4353/1329/1338 4351/1330/1339 4352/1328/1337
f 4352/1328/1337 4351/1330/1339 4350/1331/1340
f 4351/1330/1339 4347/1332/1341 4350/1331/1340
f 4350/1331/1340 4347/1332/1341 4349/1333/1342
f 4349/1333/1342 4347/1332/1341 4348/1320/1325
f 4348/1320/1325 4347/1332/1341 4346/1321/1343
f 4345/99/1344 4344/1334/1345 4343/100/1344
f 4342/1335/1346 4340/1335/1347 4341/1336/1348
f 4341/1336/1348 4340/1335/1347 4339/1336/1349
f 4335/1337/1174 4333/1338/103 4338/1339/1350
f 4338/1339/1350 4333/1338/103 4243/1340/103
f 4242/1341/103 4243/1340/103 4333/1338/103
f 4333/1338/103 4337/1342/777 4242/1341/103
f 4336/1338/1351 4337/1342/777 4333/1338/103
f 4333/1338/103 4334/1337/1352 4336/1338/1351
f 4335/1337/1174 4334/1337/1352 4333/1338/103
f 4331/1343/1353 4329/1344/1354 4332/1345/1355
f 4330/1344/1356 4329/1344/1354 4331/1343/1353
f 4330/1344/1356 4328/1346/1357 4329/1344/1354
f 4329/1344/1354 4328/1346/1357 4327/1347/1358
f 4320/1348/1359 4325/1349/1360 4326/1348/1360
f 4326/1348/1360 4325/1349/1360 4324/1349/1361
f 4323/1350/1362 4321/1349/1363 4322/1350/1364
f 4322/1350/1364 4321/1349/1363 4320/1348/1359
f 4317/1351/1365 4318/294/1366 4319/296/1367
f 4317/1351/1365 4314/1352/1368 4318/294/1366
f 4316/1353/1369 4314/1352/1368 4317/1351/1365
f 4316/1353/1369 4315/1354/1369 4314/1352/1368
f 4313/1355/1370 4311/600/1370 4312/1356/1371
f 4312/1356/1371 4311/600/1370 4309/599/1371
f 4310/597/1372 4308/1356/1373 4309/599/1374
f 4309/599/1374 4308/1356/1373 4306/1356/1375
f 4308/1356/1373 4307/1357/1376 4306/1356/1375
f 4306/1356/1375 4307/1357/1376 4304/1358/1377
f 4306/1356/1375 4304/1358/1377 4305/1355/1378
f 4305/1355/1378 4304/1358/1377 4303/622/1379
f 4301/136/1380 4300/1359/1381 4302/137/1382
f 4301/136/1380 4298/1360/1381 4300/1359/1381
f 4300/1359/1381 4298/1360/1381 4299/1361/1383
f 4299/1361/1383 4298/1360/1381 4297/1362/1383
f 4296/1363/1384 4295/1364/1384 4294/1365/1384
f 4292/1366/1385 4290/93/1386 4293/1367/1387
f 4291/94/1388 4290/93/1386 4292/1366/1385
f 4291/94/1388 4284/94/1389 4290/93/1386
f 4290/93/1386 4284/94/1389 4289/93/1390
f 4284/94/1391 4287/1368/1392 4288/1369/1393
f 4288/1369/1393 4287/1368/1392 4286/1369/1394
f 4285/1370/395 4284/94/1391 4283/94/395
f 4282/1371/1395 4281/1371/1396 4273/1371/103
f 4273/1371/103 4281/1371/1396 4280/1371/655
f 4273/1371/103 4278/1372/1397 4279/1371/776
f 4277/1372/103 4278/1372/1397 4273/1371/103
f 4273/1371/103 4272/90/103 4277/1372/103
f 4277/1372/103 4272/90/103 4276/92/103
f 4274/1373/424 4273/1371/103 4275/1371/428
f 4245/1374/103 4273/1371/103 4274/1373/424
f 4245/1374/103 4272/90/103 4273/1371/103
f 4245/1374/103 4244/1375/103 4272/90/103
f 4272/90/103 4244/1375/103 4271/87/103
f 4271/87/103 4244/1375/103 4251/1376/103
f 4271/87/103 4251/1376/103 4270/88/103
f 4270/88/103 4251/1376/103 4250/1377/103
f 4270/88/103 4250/1377/103 4269/1378/103
f 4269/1378/103 4250/1377/103 4268/1379/103
f 4250/1377/103 4248/1377/1398 4268/1379/103
f 4268/1379/103 4248/1377/1398 4267/1380/130
f 4268/1379/103 4267/1380/130 4265/671/103
f 4265/671/103 4267/1380/130 4266/671/127
f 4264/671/126 4265/671/103 4266/671/127
f 4262/671/1399 4265/671/103 4264/671/126
f 4261/669/1400 4262/671/1399 4264/671/126
f 4263/669/660 4262/671/1399 4261/669/1400
f 4257/1070/1401 4260/1069/1402 4256/1381/134
f 4256/1381/134 4260/1069/1402 4259/1382/1403
f 4257/1070/1401 4253/1383/1404 4258/1383/1405
f 4252/1375/1406 4253/1383/1404 4257/1070/1401
f 4256/1381/134 4252/1375/1406 4257/1070/1401
f 4249/1376/133 4252/1375/1406 4256/1381/134
f 4254/1384/1407 4238/1385/103 4255/1385/1408
f 4253/1383/1404 4238/1385/103 4254/1384/1407
f 4238/1385/103 4253/1383/1404 4244/1375/103
f 4244/1375/103 4253/1383/1404 4252/1375/1406
f 4244/1375/103 4252/1375/1406 4251/1376/103
f 4251/1376/103 4252/1375/1406 4249/1376/133
f 4251/1376/103 4249/1376/133 4250/1377/103
f 4250/1377/103 4249/1376/133 4248/1377/1398
f 4246/1339/1409 4245/1374/103 4247/1373/1410
f 4243/1340/103 4245/1374/103 4246/1339/1409
f 4245/1374/103 4243/1340/103 4244/1375/103
f 4244/1375/103 4243/1340/103 4238/1385/103
f 4238/1385/103 4243/1340/103 4242/1341/103
f 4238/1385/103 4242/1341/103 4240/1386/103
f 4238/1385/103 4240/1386/103 4241/1387/103
f 4241/1387/103 4240/1386/103 4239/1388/103
f 4238/1385/103 4232/1387/1411 4237/1385/1412
f 4237/1385/1412 4232/1387/1411 4235/1387/1413
f 4236/1389/1414 4235/1387/1413 4234/1390/1415
f 4234/1390/1415 4235/1387/1413 4232/1387/1411
f 4234/1390/1415 4232/1387/1411 4233/1391/1379
f 4233/1391/1379 4232/1387/1411 4231/1388/1416
f 4230/1392/1417 4229/1393/1417 4228/1394/1417
f 4227/1395/1418 4225/1396/1419 4226/1397/1420
f 4226/1397/1420 4225/1396/1419 4224/1398/1421
f 4204/1399/316 4221/1400/772 4223/1401/1422
f 4222/1400/1423 4221/1400/772 4204/1399/316
f 4218/1402/1424 4212/1403/394 4220/1404/1425
f 4219/1405/1426 4212/1403/394 4218/1402/1424
f 4217/1406/1427 4205/1407/1428 4216/1408/1429
f 4216/1408/1429 4205/1407/1428 4215/1409/1430
f 4214/1404/1431 4212/1403/394 4213/1406/1432
f 4213/1406/1432 4212/1403/394 4205/1407/394
f 4212/1403/394 4198/1410/394 4205/1407/394
f 4210/1405/763 4198/1410/394 4212/1403/394
f 4211/1411/1433 4198/1410/394 4210/1405/763
f 4207/1400/1434 4203/1412/394 4209/1413/1435
f 4208/1401/1436 4206/1409/1437 4204/1399/394
f 4204/1399/394 4203/1412/394 4207/1400/1434
f 4204/1399/394 4206/1409/1437 4205/1407/394
f 4205/1407/394 4198/1410/394 4204/1399/394
f 4204/1399/394 4198/1410/394 4203/1412/394
f 4203/1412/394 4198/1410/394 4202/1414/394
f 4198/1410/394 4201/1415/1438 4202/1414/394
f 4202/1414/394 4201/1415/1438 4200/1416/314
f 4199/1415/1439 4198/1410/394 4196/1415/756
f 4198/1410/394 4197/1411/1426 4196/1415/756
f 4194/1417/3 4191/1418/3 4195/1419/3
f 4193/1420/3 4191/1418/3 4194/1417/3
f 4193/1420/3 4192/1418/3 4191/1418/3
f 4189/1421/1440 4188/62/1441 4190/61/1440
f 4187/1422/1442 4188/62/1441 4189/1421/1440
f 4185/1423/1442 4188/62/1441 4187/1422/1442
f 4187/1422/1442 4186/1424/1442 4185/1423/1442
f 4184/1425/1443 4183/702/1444 4182/1425/1445
f 4182/1425/1445 4183/702/1444 4167/702/1446
f 4182/1425/1445 4167/702/1446 4181/1426/1447
f 4181/1426/1447 4167/702/1446 4168/1427/1448
f 4181/1426/1447 4168/1427/1448 4180/1426/1449
f 4180/1426/1449 4168/1427/1448 4178/1427/1450
f 4178/1427/1450 4179/1428/1451 4180/1426/1449
f 4170/1429/1452 4179/1428/1451 4178/1427/1450
f 4177/1428/1453 4170/1429/47 4176/1430/703
f 4176/1430/703 4170/1429/47 4171/1431/47
f 4175/1430/1453 4171/1431/47 4174/1430/1454
f 4171/1431/47 4173/1431/1455 4174/1430/1454
f 4173/1431/1455 4171/1431/47 4172/1432/1456
f 4172/1432/1456 4171/1431/47 4153/1433/47
f 4171/1431/47 4158/1434/47 4153/1433/47
f 4158/1434/47 4171/1431/47 4170/1429/47
f 4158/1434/47 4170/1429/47 4162/1435/1457
f 4162/1435/1457 4170/1429/47 4169/1427/1458
f 4168/1427/1448 4162/1435/1457 4169/1427/1458
f 4163/1435/1459 4162/1435/1457 4168/1427/1448
f 4167/702/1446 4163/1435/1459 4168/1427/1448
f 4166/703/1460 4163/1435/1459 4167/702/1446
f 4163/1435/1459 4166/703/1460 4164/1436/1461
f 4164/1436/1461 4166/703/1460 4165/705/1462
f 4161/1434/1463 4163/1435/1459 4164/1436/1461
f 4162/1435/1457 4163/1435/1459 4161/1434/1463
f 4161/1434/1463 4158/1434/47 4162/1435/1457
f 4159/1434/1464 4158/1434/47 4161/1434/1463
f 4159/1434/1464 4157/1437/47 4158/1434/47
f 4160/1437/1465 4157/1437/47 4159/1434/1464
f 4158/1434/47 4157/1437/47 4153/1433/47
f 4153/1433/47 4157/1437/47 4156/1438/47
f 4153/1433/47 4156/1438/47 4152/1433/706
f 4152/1433/706 4156/1438/47 4155/1438/1466
f 4154/1432/1455 4153/1433/47 4151/1433/1467
f 4153/1433/47 4152/1433/706 4151/1433/1467
f 4150/768/1468 4149/1439/1469 4148/766/1470
f 4148/766/1470 4149/1439/1469 4147/1440/1419
f 4148/766/1470 4147/1440/1419 4146/1441/1471
f 4145/1442/1472 4140/1443/1473 4144/1442/1474
f 4140/1443/1473 4141/1443/1475 4144/1442/1474
f 4144/1442/1474 4141/1443/1475 4143/1442/1476
f 4142/1443/1477 4141/1443/1475 4140/1443/1473
f 4139/1444/1478 4137/1445/1479 4138/1446/1480
f 4138/1446/1480 4137/1445/1479 4136/1447/1481
f 4135/1448/1482 4133/1449/1483 4134/1450/1484
f 4134/1450/1484 4133/1449/1483 4132/1451/1485
f 4131/1452/1486 4129/1453/1487 4130/1454/1488
f 4130/1454/1488 4129/1453/1487 4128/1455/1489
f 4127/1456/1490 4111/1457/1491 4126/1458/1492
f 4126/1458/1492 4111/1457/1491 4125/1459/1447
f 4111/1457/1491 4112/1460/1491 4125/1459/1447
f 4125/1459/1447 4112/1460/1491 4124/1461/1445
f 4112/1460/1491 4123/1462/1453 4124/1461/1445
f 4124/1461/1445 4123/1462/1453 4122/1463/1493
f 4107/1464/1494 4119/1465/1495 4120/1464/1496
f 4121/1465/1497 4119/1465/1495 4107/1464/1494
f 4120/1464/1496 4119/1465/1495 4110/1466/265
f 4110/1466/265 4119/1465/1495 4118/1467/1498
f 4111/1457/1491 4117/1456/1499 4092/1468/1500
f 4092/1468/1500 4117/1456/1499 4116/1468/1501
f 4110/1466/1500 4115/1467/1499 4112/1460/1491
f 4112/1460/1491 4115/1467/1499 4114/1462/1451
f 4113/1465/1456 4107/1464/1494 4106/1469/1502
f 4112/1460/1491 4111/1457/1491 4110/1466/1500
f 4110/1466/1500 4111/1457/1491 4092/1468/1500
f 4109/1470/1503 4110/1466/1500 4092/1468/1500
f 4108/1464/1504 4110/1466/1500 4109/1470/1503
f 4094/1470/1494 4108/1464/1504 4109/1470/1503
f 4107/1464/1494 4108/1464/1504 4094/1470/1494
f 4107/1464/1494 4094/1470/1494 4095/1471/1494
f 4106/1469/1502 4107/1464/1494 4095/1471/1494
f 4106/1469/1502 4095/1471/1494 4105/1472/1505
f 4105/1472/1505 4095/1471/1494 4104/1473/1506
f 4104/1473/1506 4103/1472/1507 4105/1472/1505
f 4098/1473/265 4103/1472/1507 4104/1473/1506
f 4098/1473/265 4102/1474/1508 4103/1472/1507
f 4101/1475/265 4102/1474/1508 4098/1473/265
f 4086/1476/265 4101/1475/265 4098/1473/265
f 4099/1477/265 4101/1475/265 4086/1476/265
f 4087/1476/1508 4099/1477/265 4086/1476/265
f 4100/1477/1508 4099/1477/265 4087/1476/1508
f 4086/1476/265 4098/1473/265 4097/1476/1509
f 4097/1476/1509 4098/1473/265 4096/1473/1510
f 4096/1473/1510 4084/1478/1494 4097/1476/1509
f 4095/1471/1494 4084/1478/1494 4096/1473/1510
f 4095/1471/1494 4094/1470/1494 4084/1478/1494
f 4094/1470/1494 4089/1470/1511 4084/1478/1494
f 4094/1470/1494 4090/1470/1496 4089/1470/1511
f 4089/1470/1511 4090/1470/1496 4093/1470/1512
f 4090/1470/1496 4091/1468/1513 4093/1470/1512
f 4092/1468/1500 4091/1468/1513 4090/1470/1496
f 4084/1478/1494 4089/1470/1511 4088/1478/1514
f 4087/1476/1508 4086/1476/265 4085/1476/1467
f 4085/1476/1467 4086/1476/265 4082/1476/1515
f 4082/1476/1515 4083/1478/1516 4085/1476/1467
f 4084/1478/1517 4083/1478/1516 4082/1476/1515
f 2581/1479/1518 4080/1480/1519 4081/1480/1520
f 4079/1481/1521 4080/1480/1519 2581/1479/1518
f 4079/1481/1521 4078/1480/47 4080/1480/1519
f 2587/1482/47 4078/1480/47 4079/1481/1521
f 2587/1482/47 4064/1483/47 4078/1480/47
f 4078/1480/47 4064/1483/47 4063/1484/47
f 4077/1485/1522 4067/1486/47 4076/1487/1523
f 4076/1487/1523 4067/1486/47 4068/1488/1524
f 4075/1485/489 4074/56/1525 4067/1486/47
f 4067/1486/47 4074/56/1525 4066/58/47
f 4073/1489/1526 2593/1490/47 2606/1491/1527
f 4073/1489/1526 2592/1492/47 2593/1490/47
f 4072/1493/1528 2592/1492/47 4073/1489/1526
f 4072/1493/1528 2591/1494/47 2592/1492/47
f 4071/1495/1529 2591/1494/47 4072/1493/1528
f 4071/1495/1529 2590/1496/47 2591/1494/47
f 4070/1497/1530 2590/1496/47 4071/1495/1529
f 4070/1497/1530 2589/1498/47 2590/1496/47
f 4069/1499/1531 2589/1498/47 4070/1497/1530
f 4068/1488/1524 2589/1498/47 4069/1499/1531
f 4067/1486/47 2589/1498/47 4068/1488/1524
f 4067/1486/47 2587/1482/47 2589/1498/47
f 4067/1486/47 4066/58/47 2587/1482/47
f 2587/1482/47 4066/58/47 4064/1483/47
f 4066/58/47 4065/59/52 4064/1483/47
f 4064/1483/47 4065/59/52 4062/1500/1532
f 4064/1483/47 4062/1500/1532 4063/1484/47
f 4063/1484/47 4062/1500/1532 4061/1484/1522
f 4060/323/1533 4059/322/1533 4058/1501/1533
f 4057/1502/1534 4055/1503/1535 4056/1394/1535
f 4056/1394/1535 4055/1503/1535 4054/1392/1536
f 4053/1504/1537 4051/1505/1538 4052/1506/1538
f 4052/1506/1538 4051/1505/1538 4050/1507/1539
f 4049/1508/307 4046/1509/1540 4039/1510/3
f 4039/1510/3 4046/1509/1540 4048/1511/1541
f 4048/1511/1541 4046/1509/1540 4047/1512/1542
f 4047/1512/1542 4046/1509/1540 4045/1513/1543
f 4039/1510/3 4043/1508/1544 4044/1508/1545
f 4042/1510/232 4043/1508/1544 4039/1510/3
f 4042/1510/232 4039/1510/3 4041/1514/233
f 4041/1514/233 4039/1510/3 4040/1514/234
f 4040/1514/234 4039/1510/3 4038/1515/235
f 4038/1515/235 4039/1510/3 4036/1511/1546
f 4038/1515/235 4036/1511/1546 4037/1516/237
f 4037/1516/237 4036/1511/1546 4035/1512/238
f 4034/1517/1547 4033/1518/1547 4032/1519/1547
f 4020/1520/1548 4031/1521/1549 4022/1520/1550
f 4022/1520/1550 4031/1521/1549 4030/1522/1551
f 4031/1521/1549 4029/1521/1552 4030/1522/1551
f 4030/1522/1551 4029/1521/1552 4028/1522/1553
f 4028/1522/1554 4027/1523/1555 4025/1522/1556
f 4025/1522/1556 4027/1523/1555 4026/1523/1557
f 4026/1523/1557 4024/1524/1558 4025/1522/1556
f 4025/1522/1556 4024/1524/1558 4022/1520/1550
f 4023/1525/1559 4022/1520/1550 4024/1524/1558
f 4019/1526/1560 4022/1520/1550 4023/1525/1559
f 4019/1526/1560 4020/1520/1548 4022/1520/1550
f 4021/1527/1561 4020/1520/1548 4019/1526/1560
f 4017/1528/1562 4013/1529/1563 4018/1530/1564
f 4011/1531/1565 4013/1529/1563 4017/1528/1562
f 4017/1528/1562 4016/1532/1566 4011/1531/1565
f 4011/1531/1565 4016/1532/1566 4014/1532/1567
f 4011/1531/1565 4014/1532/1567 4015/1531/1568
f 4015/1531/1568 4014/1532/1567 4000/1532/1569
f 4013/1529/1563 4011/1531/1565 4012/1529/1570
f 4012/1529/1570 4011/1531/1565 4007/1531/1571
f 4010/1529/1572 4007/1531/1573 4009/1533/1574
f 4009/1533/1574 4007/1531/1573 4008/1534/1575
f 4007/1531/1573 4005/1532/1576 4006/1534/1577
f 4006/1534/1577 4005/1532/1576 3998/1535/1578
f 4004/1536/1579 4001/1536/1580 4003/1532/1581
f 4003/1532/1581 4001/1536/1580 4002/1532/1582
f 4002/1532/1582 4001/1536/1580 4000/1532/1583
f 4000/1532/1583 4001/1536/1580 3997/1536/1548
f 3997/1536/1548 3998/1535/1578 4000/1532/1583
f 3999/1537/1561 3998/1535/1578 3997/1536/1548
f 3996/608/1584 3995/1538/1584 3994/1539/1584
f 3991/1540/1585 3992/1293/1586 3993/1294/1587
f 3990/1541/1588 3992/1293/1586 3991/1540/1585
f 3991/1540/1585 3988/1542/1589 3990/1541/1588
f 3990/1541/1588 3988/1542/1589 3989/1543/1590
f 3989/1543/1590 3988/1542/1589 3987/1544/1591
f 3986/1545/1547 3985/1546/1547 3984/1547/1547
f 3983/1548/1592 3981/684/1593 3982/1549/1593
f 3982/1549/1593 3981/684/1593 3980/686/1594
f 3979/1550/1595 3977/1551/1596 3978/1552/1596
f 3978/1552/1596 3977/1551/1596 3976/1553/1597
f 3939/1554/103 3974/1554/1598 3975/1554/334
f 3975/1554/334 3974/1554/1598 3973/1555/1599
f 3971/1556/1600 3972/1557/1601 3958/1556/1602
f 3970/1557/1603 3972/1557/1601 3971/1556/1600
f 3970/1557/1603 3971/1556/1600 3961/1558/1604
f 3970/1557/1603 3961/1558/1604 3969/1559/1605
f 3969/1559/1605 3961/1558/1604 3962/1560/103
f 3962/1560/103 3967/1559/1606 3968/1559/1607
f 3963/1560/1608 3967/1559/1606 3962/1560/103
f 3963/1560/1608 3966/1561/1609 3967/1559/1606
f 3963/1560/1608 3965/1562/1609 3966/1561/1609
f 3964/1554/1610 3965/1562/1609 3963/1560/1608
f 3963/1560/1608 3939/1554/103 3964/1554/1610
f 3962/1560/103 3939/1554/103 3963/1560/1608
f 3939/1554/103 3962/1560/103 3941/1563/103
f 3941/1563/103 3962/1560/103 3961/1558/1604
f 3941/1563/103 3961/1558/1604 3959/20/1611
f 3959/20/1611 3961/1558/1604 3960/1556/1612
f 3958/1556/12 3959/20/1611 3960/1556/1612
f 3945/19/12 3959/20/1611 3958/1556/12
f 3958/1556/12 3947/1564/12 3945/19/12
f 3957/1557/1572 3947/1564/12 3958/1556/12
f 3955/1564/12 3947/1564/12 3957/1557/1572
f 3956/1565/1613 3955/1564/12 3957/1557/1572
f 3955/1564/12 3956/1565/1613 3954/1443/12
f 3955/1564/12 3954/1443/12 3953/19/12
f 3953/19/12 3954/1443/12 3951/1442/12
f 3953/19/12 3951/1442/12 3952/19/14
f 3952/19/14 3951/1442/12 3950/1442/1614
f 3948/20/1614 3946/19/12 3949/20/1614
f 3945/19/12 3946/19/12 3948/20/1614
f 3945/19/12 3947/1564/12 3946/19/12
f 3944/20/1615 3943/20/1616 3945/19/12
f 3942/20/1617 3943/20/1616 3944/20/1615
f 3942/20/1617 3941/1563/103 3943/20/1616
f 3938/1563/1618 3941/1563/103 3942/20/1617
f 3938/1563/1618 3939/1554/103 3941/1563/103
f 3940/1554/1618 3939/1554/103 3938/1563/1618
f 3935/1566/1619 3925/1567/394 3937/1568/314
f 3936/1569/1620 3925/1567/394 3935/1566/1619
f 3934/1569/314 3933/316/1438 3923/1570/394
f 3923/1570/394 3933/316/1438 3921/318/394
f 3932/1569/1621 3924/1567/394 3930/1569/1622
f 3931/1568/1623 3925/1567/394 3926/1571/1623
f 3930/1569/1622 3924/1567/394 3925/1567/394
f 3923/1570/394 3924/1567/394 3929/1569/394
f 3927/1572/1624 3917/1573/394 3928/1574/1431
f 3926/1571/1623 3917/1573/394 3927/1572/1624
f 3926/1571/1623 3925/1567/394 3917/1573/394
f 3925/1567/394 3915/1573/394 3917/1573/394
f 3924/1567/394 3915/1573/394 3925/1567/394
f 3915/1573/394 3924/1567/394 3901/1575/394
f 3901/1575/394 3924/1567/394 3923/1570/394
f 3900/1576/394 3901/1575/394 3923/1570/394
f 3900/1576/394 3923/1570/394 3921/318/394
f 3900/1576/394 3921/318/394 3922/1576/1625
f 3922/1576/1625 3921/318/394 3920/319/477
f 3919/1574/1427 3918/1574/1626 3915/1573/394
f 3915/1573/394 3918/1574/1626 3917/1573/394
f 3901/1575/394 3916/1574/394 3915/1573/394
f 3914/1577/1627 3913/1578/1628 3909/1579/394
f 3909/1579/394 3913/1578/1628 3912/1580/314
f 3912/1580/314 3910/1574/1629 3909/1579/394
f 3911/1577/1427 3909/1579/394 3908/1581/1626
f 3909/1579/394 3910/1574/1629 3901/1575/394
f 3901/1575/394 3902/1582/394 3909/1579/394
f 3908/1581/1626 3909/1579/394 3902/1582/394
f 3908/1581/1626 3902/1582/394 3907/1583/2
f 3900/1576/394 3906/1576/1630 3905/1584/1631
f 3900/1576/394 3905/1584/1631 3899/1585/1632
f 3904/1583/394 3902/1582/394 3903/1583/394
f 3903/1583/394 3902/1582/394 3894/1582/394
f 3892/1586/394 3894/1582/394 3902/1582/394
f 3902/1582/394 3901/1575/394 3892/1586/394
f 3892/1586/394 3901/1575/394 3900/1576/394
f 3892/1586/394 3900/1576/394 3889/1587/394
f 3900/1576/394 3899/1585/1632 3889/1587/394
f 3889/1587/394 3899/1585/1632 3898/1587/1633
f 3896/1588/1634 3892/1586/394 3897/1588/1635
f 3895/1586/394 3892/1586/394 3896/1588/1634
f 3895/1586/394 3894/1582/394 3892/1586/394
f 3893/1588/1636 3892/1586/394 3891/1589/1636
f 3891/1589/1636 3892/1586/394 3889/1587/394
f 3891/1589/1636 3889/1587/394 3890/1589/1637
f 3890/1589/1637 3889/1587/394 3888/1587/1638
f 3887/1590/1639 3885/1591/1640 3886/1592/1641
f 3886/1592/1641 3885/1591/1640 3883/1593/1642
f 3882/1594/1643 3883/1593/1642 3885/1591/1640
f 3884/1595/1644 3883/1593/1642 3882/1594/1643
f 3881/1596/1645 3879/1597/1646 3880/1419/1647
f 3880/1419/1647 3879/1597/1646 3878/1417/745
f 3877/1598/1648 3875/1595/1648 3876/1599/1648
f 3876/1599/1648 3875/1595/1648 3874/1594/1648
f 3873/1598/1649 3871/1599/1650 3872/1600/1651
f 3872/1600/1651 3871/1599/1650 3870/1601/1652
f 3869/1602/1653 3867/1602/1654 3868/1603/1655
f 3868/1603/1655 3867/1602/1654 3865/1604/1656
f 3866/1602/1657 3864/1605/1658 3865/1604/1656
f 3865/1604/1656 3864/1605/1658 3863/341/1659
f 3862/1606/1660 3858/1607/1661 3859/1608/1662
f 3860/1609/1663 3856/1610/1664 3861/1611/1665
f 3861/1611/1665 3856/1610/1664 3855/1612/1665
f 3859/1608/1662 3856/1610/1664 3860/1609/1663
f 3859/1608/1662 3858/1607/1661 3856/1610/1664
f 3858/1607/1661 3857/1613/1661 3856/1610/1664
f 3856/1610/1664 3857/1613/1661 3854/1614/1666
f 3855/1612/1665 3856/1610/1664 3854/1614/1666
f 3855/1612/1665 3854/1614/1666 3853/1615/1667
f 3852/1616/1668 3851/1617/1669 3850/1618/1670
f 3847/1619/1671 3849/1418/1672 3848/1418/1673
f 3847/1619/1674 3846/1418/1675 3845/1420/1675
f 3842/1620/1676 3843/555/1677 3844/556/1678
f 3841/1621/1679 3843/555/1677 3842/1620/1676
f 3842/1620/1676 3840/1622/1680 3841/1621/1679
f 3841/1621/1679 3840/1622/1680 3839/1623/1681
f 3838/572/1682 3836/565/1683 3837/571/1684
f 3837/571/1684 3836/565/1683 3835/566/1685
f 3834/1624/6 3832/1625/1686 3833/1626/5
f 3833/1626/5 3832/1625/1686 3818/1627/1687
f 3812/1628/265 3828/1629/1688 3831/1630/1689
f 3829/1631/1690 3827/1632/265 3830/1633/1691
f 3828/1629/1688 3827/1632/265 3829/1631/1690
f 3827/1632/265 3828/1629/1688 3812/1628/265
f 3812/1628/265 3811/1634/265 3827/1632/265
f 3827/1632/265 3811/1634/265 3826/1633/1692
f 3826/1633/1692 3811/1634/265 3825/1635/1693
f 3818/1627/1687 3817/1636/1694 3824/1626/4
f 3823/1625/1695 3819/1637/1696 3818/1627/1687
f 3811/1634/265 3821/1634/1697 3822/1635/1698
f 3822/1635/1698 3821/1634/1697 3820/1635/1699
f 3821/1634/1697 3809/1634/1687 3820/1635/1699
f 3820/1635/1699 3809/1634/1687 3819/1637/1696
f 3818/1627/1687 3819/1637/1696 3809/1634/1687
f 3809/1634/1687 3808/1638/1687 3818/1627/1687
f 3808/1638/1687 3817/1636/1694 3818/1627/1687
f 3817/1636/1694 3808/1638/1687 3807/1639/1700
f 3807/1639/1700 3805/1639/265 3817/1636/1694
f 3817/1636/1694 3805/1639/265 3804/1636/766
f 3812/1628/265 3816/1630/1701 3813/1640/1702
f 3813/1640/1702 3816/1630/1701 3815/1641/1703
f 3814/1642/1704 3813/1640/1702 3815/1641/1703
f 3758/1643/1705 3813/1640/1702 3814/1642/1704
f 3758/1643/1705 3756/1644/1706 3813/1640/1702
f 3813/1640/1702 3756/1644/1706 3812/1628/265
f 3812/1628/265 3756/1644/1706 3755/1645/265
f 3755/1645/265 3811/1634/265 3812/1628/265
f 3755/1645/265 3754/1645/1707 3811/1634/265
f 3811/1634/265 3754/1645/1707 3810/1634/1707
f 3754/1645/1707 3809/1634/1687 3810/1634/1707
f 3752/1644/1687 3809/1634/1687 3754/1645/1707
f 3752/1644/1687 3808/1638/1687 3809/1634/1687
f 3778/1646/1708 3808/1638/1687 3752/1644/1687
f 3808/1638/1687 3778/1646/1708 3807/1639/1700
f 3807/1639/1700 3778/1646/1708 3806/1647/1709
f 3807/1639/1700 3806/1647/1709 3805/1639/265
f 3805/1639/265 3806/1647/1709 3780/1647/265
f 3805/1639/265 3780/1647/265 3792/1648/265
f 3805/1639/265 3792/1648/265 3804/1636/766
f 3804/1636/766 3792/1648/265 3803/1649/1710
f 3792/1648/265 3801/1648/1508 3802/1649/267
f 3802/1649/267 3801/1648/1508 3800/1649/1711
f 3795/1650/1712 3796/1651/1713 3799/1650/1714
f 3773/1652/1715 3772/1653/1716 3799/1650/1714
f 3773/1652/1715 3799/1650/1714 3791/1654/1717
f 3791/1654/1717 3799/1650/1714 3796/1651/1713
f 3790/1655/265 3791/1654/1717 3796/1651/1713
f 3790/1655/265 3796/1651/1713 3798/1655/1718
f 3798/1655/1718 3796/1651/1713 3797/1651/1719
f 3797/1651/1719 3796/1651/1713 3795/1650/1712
f 3793/1648/1513 3790/1655/265 3794/1655/1451
f 3792/1648/265 3790/1655/265 3793/1648/1513
f 3792/1648/265 3780/1647/265 3790/1655/265
f 3780/1647/265 3791/1654/1717 3790/1655/265
f 3786/1653/1720 3788/1653/1721 3789/1650/1722
f 3789/1650/1722 3788/1653/1721 3787/1650/1723
f 3786/1653/1724 3784/1656/1725 3785/1653/1726
f 3785/1653/1726 3784/1656/1725 3768/1656/1727
f 3752/1644/1687 3783/1657/1728 3778/1646/1708
f 3778/1646/1708 3783/1657/1728 3782/1658/1729
f 3783/1657/1728 3757/1657/1705 3782/1658/1729
f 3782/1658/1729 3757/1657/1705 3781/1652/1730
f 3779/1647/1731 3775/1654/1732 3780/1647/265
f 3774/1654/1733 3775/1654/1732 3779/1647/1731
f 3774/1654/1733 3779/1647/1731 3777/1658/1734
f 3777/1658/1734 3779/1647/1731 3778/1646/1708
f 3777/1658/1734 3776/1652/1735 3774/1654/1733
f 3773/1652/1715 3775/1654/1732 3774/1654/1733
f 3757/1657/1705 3759/1659/1736 3773/1652/1715
f 3773/1652/1715 3759/1659/1736 3772/1653/1716
f 3762/1660/1737 3772/1653/1716 3759/1659/1736
f 3770/1656/1738 3772/1653/1716 3762/1660/1737
f 3770/1656/1738 3762/1660/1737 3766/1661/1739
f 3771/1662/64 3770/1656/1738 3766/1661/1739
f 3767/1663/1740 3770/1656/1738 3771/1662/64
f 3767/1663/1740 3768/1656/1727 3770/1656/1738
f 3769/1663/1741 3768/1656/1727 3767/1663/1740
f 3766/1661/1739 3762/1660/1737 3765/1664/1715
f 3762/1660/1737 3763/1665/1715 3765/1664/1715
f 3765/1664/1715 3763/1665/1715 3764/1666/1715
f 3759/1659/1736 3763/1665/1715 3762/1660/1737
f 3760/1665/1742 3758/1643/1705 3761/1642/1743
f 3753/1657/1744 3751/1644/1745 3757/1657/1705
f 3759/1659/1736 3758/1643/1705 3760/1665/1742
f 3758/1643/1705 3759/1659/1736 3757/1657/1705
f 3757/1657/1705 3756/1644/1706 3758/1643/1705
f 3757/1657/1705 3751/1644/1745 3756/1644/1706
f 3756/1644/1706 3751/1644/1745 3755/1645/265
f 3755/1645/265 3751/1644/1745 3754/1645/1707
f 3751/1644/1745 3752/1644/1687 3754/1645/1707
f 3753/1657/1744 3752/1644/1687 3751/1644/1745
f 3747/1667/1746 3749/1668/1747 3750/1669/1748
f 3750/1669/1748 3749/1668/1747 3748/1670/1749
f 3747/1667/1746 3743/1671/1750 3746/1668/1751
f 3746/1668/1751 3743/1671/1750 3745/1672/1752
f 3745/1672/1752 3743/1671/1750 3744/1673/1753
f 3744/1673/1753 3743/1671/1750 3729/1674/1754
f 3742/14/1755 3740/1675/1756 3741/12/1757
f 3741/12/1757 3740/1675/1756 3738/1676/1758
f 3739/1675/1759 3736/1155/1760 3738/1676/1758
f 3738/1676/1758 3736/1155/1760 3737/1677/1761
f 3737/1677/1761 3736/1155/1760 3734/1677/1762
f 3734/1677/1762 3736/1155/1760 3735/1154/1763
f 3734/1677/1762 3732/1154/1764 3733/1678/1765
f 3733/1678/1765 3732/1154/1764 3724/1158/1766
f 3727/1679/1767 3730/1673/1768 3731/1680/1769
f 3731/1680/1769 3730/1673/1768 3729/1674/1770
f 3728/1680/1771 3723/1681/1772 3727/1679/1767
f 3727/1679/1767 3723/1681/1772 3726/1157/1773
f 3723/1681/1772 3724/1158/1766 3726/1157/1773
f 3725/1678/1774 3724/1158/1766 3723/1681/1772
f 3722/23/1775 3721/25/1776 3720/1682/1777
f 3720/1682/1777 3721/25/1776 3719/1683/1778
f 3720/1682/1777 3719/1683/1778 3716/1684/1779
f 3716/1684/1779 3719/1683/1778 3718/1685/1780
f 3713/1686/1781 3716/1684/1779 3718/1685/1780
f 3717/1687/1782 3716/1684/1779 3713/1686/1781
f 3708/1688/1783 3714/1687/1784 3715/1689/1785
f 3715/1689/1785 3714/1687/1784 3713/1686/1786
f 3712/1690/1787 3704/1691/1788 3709/1691/1789
f 3709/1691/1789 3704/1691/1788 3711/1692/1789
f 3708/1688/1783 3709/1691/1789 3711/1692/1789
f 3710/1689/1790 3709/1691/1789 3708/1688/1783
f 3697/1693/1791 3706/1694/1792 3707/1695/1793
f 3707/1695/1793 3706/1694/1792 3705/1696/1794
f 3702/1690/1795 3703/1697/1796 3704/1691/1787
f 3700/1698/1797 3703/1697/1796 3702/1690/1795
f 3700/1698/1797 3699/1699/1798 3701/1697/1799
f 3696/1700/1800 3699/1699/1798 3700/1698/1797
f 3696/1700/1800 3697/1693/1801 3699/1699/1798
f 3698/1694/1801 3697/1693/1801 3696/1700/1800
f 3695/1701/1802 3693/1702/1323 3694/1703/1803
f 3694/1703/1803 3693/1702/1323 3675/1704/1804
f 3686/1705/1804 3691/1706/1805 3692/1707/1806
f 3692/1707/1806 3691/1706/1805 3690/1708/1807
f 3689/1706/859 3686/1705/1804 3688/1709/1808
f 3688/1709/1808 3686/1705/1804 3674/1710/1809
f 3686/1705/1804 3682/1711/1810 3674/1710/1809
f 3682/1711/1810 3686/1705/1804 3687/1712/1811
f 3687/1712/1811 3686/1705/1804 3685/1707/1812
f 3684/1712/1813 3683/1713/1814 3682/1711/1810
f 3680/1714/1815 3682/1711/1810 3683/1713/1814
f 3680/1714/1815 3673/1715/1816 3682/1711/1810
f 3682/1711/1810 3673/1715/1816 3674/1710/1809
f 3681/1716/1817 3673/1715/1816 3680/1714/1815
f 3679/1702/1818 3678/1709/1819 3675/1704/1804
f 3675/1704/1804 3678/1709/1819 3674/1710/1809
f 3677/1703/1820 3675/1704/1804 3676/1717/881
f 3676/1717/881 3675/1704/1804 3671/1718/1821
f 3674/1710/1809 3671/1718/1821 3675/1704/1804
f 3672/1719/1822 3671/1718/1821 3674/1710/1809
f 3674/1710/1809 3673/1715/1816 3672/1719/1822
f 3666/1720/1804 3670/1721/893 3671/1718/1804
f 3671/1718/1804 3670/1721/893 3669/1717/1823
f 3668/1721/892 3666/1720/1804 3667/1722/881
f 3667/1722/881 3666/1720/1804 3663/1723/1804
f 3665/1722/1824 3663/1723/1804 3664/1724/881
f 3664/1724/881 3663/1723/1804 3653/1725/1804
f 3659/1726/1825 3655/1727/1826 3653/1725/1821
f 3662/1728/1827 3661/1729/1828 3660/1730/1829
f 3660/1730/1829 3661/1729/1828 3647/1731/1830
f 3660/1730/1829 3647/1731/1830 3659/1726/1825
f 3659/1726/1825 3647/1731/1830 3646/1732/1831
f 3646/1732/1831 3655/1727/1826 3659/1726/1825
f 3646/1732/1831 3658/1733/1832 3655/1727/1826
f 3655/1727/1826 3658/1733/1832 3657/1734/1833
f 3657/1734/1833 3656/1735/1834 3655/1727/1826
f 3655/1727/1826 3656/1735/1834 3652/1736/889
f 3652/1736/889 3653/1725/1821 3655/1727/1826
f 3654/1724/1835 3653/1725/1821 3652/1736/889
f 3646/1732/1831 3651/1737/1044 3650/1733/1836
f 3649/1729/1837 3648/1738/1027 3647/1731/1830
f 3647/1731/1830 3648/1738/1027 3645/1739/1838
f 3647/1731/1830 3645/1739/1838 3646/1732/1831
f 3646/1732/1831 3645/1739/1838 3644/1737/1839
f 3643/342/1840 3642/341/1840 3641/1605/1840
f 3640/546/1841 3638/545/1842 3639/560/1843
f 3639/560/1843 3638/545/1842 3637/559/1844
f 3636/563/1845 3634/564/1846 3635/544/1847
f 3635/544/1847 3634/564/1846 3633/543/1848
f 3632/573/1849 3630/575/1850 3631/567/1851
f 3631/567/1851 3630/575/1850 3629/568/1852
f 3628/1740/1853 3626/576/1854 3627/1741/1854
f 3627/1741/1854 3626/576/1854 3625/574/1855
f 3622/1742/1856 3623/1743/1857 3624/1744/1858
f 3621/1745/1859 3623/1743/1857 3622/1742/1856
f 3622/1742/1856 3620/1746/1860 3621/1745/1859
f 3621/1745/1859 3620/1746/1860 3619/1747/1861
f 3618/1748/1862 3617/1749/1863 3613/1748/1864
f 3613/1748/1864 3617/1749/1863 3616/1750/1865
f 3597/1751/1866 3614/1748/1867 3615/1751/1868
f 3615/1751/1868 3614/1748/1867 3613/1748/1864
f 3612/1752/1869 3610/1752/1870 3611/1751/1871
f 3611/1751/1871 3610/1752/1870 3597/1751/1872
f 3610/1752/1870 3609/1753/1873 3597/1751/1872
f 3597/1751/1872 3609/1753/1873 3598/1754/1874
f 3609/1753/1873 3608/1753/1875 3598/1754/1874
f 3598/1754/1874 3608/1753/1875 3607/1754/1876
f 3608/1753/1875 3606/1753/1877 3607/1754/1876
f 3607/1754/1876 3606/1753/1877 3600/1755/103
f 3605/134/105 3603/1756/103 3604/135/1878
f 3604/135/1878 3603/1756/103 3602/1757/103
f 3593/1758/103 3602/1757/103 3603/1756/103
f 3591/1759/103 3602/1757/103 3593/1758/103
f 3601/1760/103 3602/1757/103 3591/1759/103
f 3591/1759/103 3600/1755/103 3601/1760/103
f 3591/1759/103 3590/1761/1879 3600/1755/103
f 3600/1755/103 3590/1761/1879 3599/1754/1880
f 3599/1754/1880 3590/1761/1879 3598/1754/1874
f 3598/1754/1874 3590/1761/1879 3589/1762/1881
f 3598/1754/1874 3589/1762/1881 3597/1751/1872
f 3597/1751/1872 3589/1762/1881 3596/1748/1882
f 3589/1762/1881 3587/1762/1883 3596/1748/1882
f 3596/1748/1882 3587/1762/1883 3595/1749/571
f 3592/1763/570 3593/1758/103 3594/1764/1884
f 3591/1759/103 3593/1758/103 3592/1763/570
f 3592/1763/570 3588/1763/1885 3591/1759/103
f 3591/1759/103 3588/1763/1885 3590/1761/1879
f 3590/1761/1879 3588/1763/1885 3589/1762/1881
f 3589/1762/1881 3588/1763/1885 3587/1762/1883
f 3586/1765/1886 3585/1766/1887 3577/1767/1888
f 3577/1767/1888 3585/1766/1887 3576/1768/1873
f 3556/1769/265 3557/1769/104 3584/1769/1889
f 3557/1769/104 3583/1770/1890 3584/1769/1889
f 3584/1769/1889 3583/1770/1890 3552/1770/1494
f 3583/1770/1890 3582/1771/1891 3552/1770/1494
f 3552/1770/1494 3582/1771/1891 3549/1771/1494
f 3549/1771/1494 3582/1771/1891 3580/1771/1496
f 3580/1771/1496 3582/1771/1891 3581/1771/1892
f 3579/1772/1893 3580/1771/1496 3581/1771/1892
f 3545/1772/265 3580/1771/1496 3579/1772/1893
f 3578/1765/1894 3545/1772/265 3579/1772/1893
f 3577/1767/1888 3545/1772/265 3578/1765/1894
f 3545/1772/265 3577/1767/1888 3547/1773/1500
f 3547/1773/1500 3577/1767/1888 3570/1774/1888
f 3577/1767/1888 3576/1768/1873 3570/1774/1888
f 3570/1774/1888 3576/1768/1873 3574/1775/1870
f 3570/1774/1888 3574/1775/1870 3575/1776/646
f 3575/1776/646 3574/1775/1870 3573/1777/1895
f 3572/1778/1896 3558/1769/1896 3559/1778/265
f 3569/1779/1897 3570/1774/1888 3571/1776/1886
f 3547/1773/1500 3570/1774/1888 3569/1779/1897
f 3567/1780/1898 3547/1773/1500 3569/1779/1897
f 3568/1781/1496 3547/1773/1500 3567/1780/1898
f 3567/1780/1898 3550/1781/1494 3568/1781/1496
f 3566/1780/1899 3550/1781/1494 3567/1780/1898
f 3565/1782/1900 3550/1781/1494 3566/1780/1899
f 3551/1783/1494 3550/1781/1494 3565/1782/1900
f 3564/1784/1901 3551/1783/1494 3565/1782/1900
f 3563/1785/1503 3551/1783/1494 3564/1784/1901
f 3562/1784/116 3563/1785/1503 3564/1784/1901
f 3555/1785/265 3563/1785/1503 3562/1784/116
f 3561/1786/1896 3555/1785/265 3562/1784/116
f 3560/1787/265 3555/1785/265 3561/1786/1896
f 3560/1787/265 3556/1769/265 3555/1785/265
f 3559/1778/265 3556/1769/265 3560/1787/265
f 3559/1778/265 3558/1769/1896 3556/1769/265
f 3558/1769/1896 3557/1769/104 3556/1769/265
f 3556/1769/265 3554/1769/1503 3555/1785/265
f 3555/1785/265 3554/1769/1503 3553/1785/1889
f 3554/1769/1503 3552/1770/1494 3553/1785/1889
f 3553/1785/1889 3552/1770/1494 3551/1783/1494
f 3552/1770/1494 3549/1771/1494 3551/1783/1494
f 3551/1783/1494 3549/1771/1494 3550/1781/1494
f 3550/1781/1494 3549/1771/1494 3548/1781/1504
f 3548/1781/1504 3549/1771/1494 3546/1771/1503
f 3548/1781/1504 3546/1771/1503 3547/1773/1500
f 3547/1773/1500 3546/1771/1503 3545/1772/265
f 3544/1788/1902 3541/1789/1903 3543/1790/1904
f 3543/1790/1904 3541/1789/1903 3542/1791/1905
f 3541/1789/1903 3523/1792/1906 3542/1791/1905
f 3540/1793/1907 3523/1792/1906 3541/1789/1903
f 3523/1792/1906 3540/1793/1907 3521/1794/1908
f 3521/1794/1908 3540/1793/1907 3539/1795/1909
f 3539/1795/1909 3520/1796/1910 3521/1794/1908
f 3538/1797/1911 3520/1796/1910 3539/1795/1909
f 3538/1797/1911 3530/1798/1912 3520/1796/1910
f 3537/1799/1913 3530/1798/1912 3538/1797/1911
f 3536/1800/1913 3530/1798/1912 3537/1799/1913
f 3535/1801/1913 3530/1798/1912 3536/1800/1913
f 3534/1802/1913 3530/1798/1912 3535/1801/1913
f 3533/1803/635 3530/1798/1912 3534/1802/1913
f 3532/1804/1914 3530/1798/1912 3533/1803/635
f 3532/1804/1914 3531/1805/1915 3530/1798/1912
f 3530/1798/1912 3531/1805/1915 3529/1806/1916
f 3530/1798/1912 3529/1806/1916 3520/1796/1910
f 3520/1796/1910 3529/1806/1916 3528/1807/1917
f 3519/1808/1918 3520/1796/1910 3528/1807/1917
f 3527/1790/1902 3525/1791/1919 3526/1809/1920
f 3526/1809/1920 3525/1791/1919 3524/1810/1921
f 3525/1791/1919 3523/1792/1906 3524/1810/1921
f 3524/1810/1921 3523/1792/1906 3522/1811/1922
f 3521/1794/1908 3522/1811/1922 3523/1792/1906
f 3519/1808/1918 3522/1811/1922 3521/1794/1908
f 3521/1794/1908 3520/1796/1910 3519/1808/1918
f 3518/247/1923 3514/1812/1924 3517/194/1925
f 3517/194/1925 3514/1812/1924 3516/193/1926
f 3516/193/1926 3514/1812/1924 3515/219/1927
f 3515/219/1927 3514/1812/1924 3513/220/1928
f 3505/1813/3 3509/1813/1914 3512/1814/306
f 3512/1814/306 3509/1813/1914 3511/1814/1929
f 3509/1813/1914 3508/1348/3 3510/1348/635
f 3505/1813/3 3508/1348/3 3509/1813/1914
f 3505/1813/3 3507/1815/3 3508/1348/3
f 3496/1816/3 3507/1815/3 3505/1813/3
f 3496/1816/3 3505/1813/3 3506/1817/1545
f 3506/1817/1545 3505/1813/3 3504/1814/1930
f 3503/1818/640 3500/1819/640 3502/1820/1931
f 3502/1820/1931 3500/1819/640 3501/1821/1932
f 3500/1819/640 3499/1817/1933 3501/1821/1932
f 3497/1816/642 3499/1817/1933 3500/1819/640
f 3499/1817/1933 3497/1816/642 3498/1817/306
f 3498/1817/306 3497/1816/642 3496/1816/3
f 3482/1822/1934 3495/1823/1935 3493/1824/1936
f 3493/1824/1936 3495/1823/1935 3494/1824/1937
f 3494/1824/1937 3485/1825/1938 3493/1824/1936
f 3492/1824/1939 3491/1826/1940 3485/1825/47
f 3485/1825/47 3491/1826/1940 3486/1827/47
f 3487/1826/1941 3486/1827/47 3491/1826/1940
f 3487/1826/1941 3491/1826/1940 3490/1826/1942
f 3490/1826/1942 3489/1828/1942 3487/1826/1941
f 3487/1826/1941 3489/1828/1942 3488/1829/1943
f 3462/1830/47 3487/1826/1941 3488/1829/1943
f 3486/1827/47 3487/1826/1941 3462/1830/47
f 3467/1831/47 3486/1827/47 3462/1830/47
f 3485/1825/47 3486/1827/47 3467/1831/47
f 3483/1832/48 3485/1825/47 3467/1831/47
f 3484/1824/1944 3485/1825/47 3483/1832/48
f 3483/1832/48 3482/1822/1934 3484/1824/1944
f 3465/1833/1934 3482/1822/1934 3483/1832/48
f 3465/1833/1934 3472/1834/49 3482/1822/1934
f 3472/1834/49 3481/1823/1945 3482/1822/1934
f 3479/1834/1934 3481/1823/1945 3472/1834/49
f 3480/1835/1946 3481/1823/1945 3479/1834/1934
f 3479/1834/1934 3478/1835/1934 3480/1835/1946
f 3474/1833/1934 3478/1835/1934 3479/1834/1934
f 3477/1836/1934 3478/1835/1934 3474/1833/1934
f 3474/1833/1934 3475/1833/1947 3477/1836/1934
f 3477/1836/1934 3475/1833/1947 3476/1837/1948
f 3474/1833/1934 3470/1833/1949 3475/1833/1947
f 3473/1833/1934 3470/1833/1949 3474/1833/1934
f 3465/1833/1934 3470/1833/1949 3473/1833/1934
f 3473/1833/1934 3472/1834/49 3465/1833/1934
f 3471/1838/1950 3470/1833/1949 3465/1833/1934
f 3468/1831/1951 3462/1830/47 3469/1839/1952
f 3467/1831/47 3462/1830/47 3468/1831/1951
f 3466/1831/1953 3467/1831/47 3468/1831/1951
f 3464/1832/1954 3467/1831/47 3466/1831/1953
f 3463/1838/1955 3464/1832/1954 3466/1831/1953
f 3465/1833/1934 3464/1832/1954 3463/1838/1955
f 3462/1830/47 3460/1829/1956 3461/1839/1957
f 3461/1839/1957 3460/1829/1956 3459/1828/1958
f 3458/1840/1959 3456/1840/1960 3457/1841/1961
f 3457/1841/1961 3456/1840/1960 3455/1842/1962
f 3441/1843/1963 3453/1844/1964 3454/1843/1965
f 3454/1843/1965 3453/1844/1964 3452/1844/1966
f 3445/1845/265 3450/1843/1967 3451/1845/1513
f 3451/1845/1513 3450/1843/1967 3449/1843/1968
f 3450/1843/1967 3441/1843/1969 3449/1843/1968
f 3449/1843/1968 3441/1843/1969 3448/1843/1970
f 3434/254/265 3446/1845/1508 3447/254/1508
f 3445/1845/265 3446/1845/1508 3434/254/265
f 3434/254/265 3435/1846/265 3445/1845/265
f 3435/1846/265 3443/1843/1971 3445/1845/265
f 3444/1847/1971 3443/1843/1971 3435/1846/265
f 3444/1847/1971 3442/1847/1963 3443/1843/1971
f 3443/1843/1971 3442/1847/1963 3441/1843/1963
f 3442/1847/1963 3440/1848/1972 3441/1843/1963
f 3441/1843/1963 3440/1848/1972 3439/1844/1973
f 3438/1849/1710 3436/1850/265 3437/255/1710
f 3437/255/1710 3436/1850/265 3434/254/265
f 3436/1850/265 3435/1846/265 3434/254/265
f 3433/1851/1974 3431/1852/1975 3432/697/1976
f 3432/697/1976 3431/1852/1975 3430/699/1975
f 3431/1852/1975 3429/1853/1977 3430/699/1975
f 3430/699/1975 3429/1853/1977 3428/701/1978
f 3427/1854/755 3425/1855/755 3426/1856/755
f 3426/1856/755 3425/1855/755 3414/1857/755
f 3424/1858/1979 3420/1859/1980 3423/1854/1981
f 3423/1854/1981 3420/1859/1980 3418/1855/1982
f 3423/1854/1981 3418/1855/1982 3422/1854/1983
f 3422/1854/1983 3418/1855/1982 3416/1855/1984
f 3249/1860/47 3421/1860/1985 3420/1859/1980
f 3420/1859/1980 3421/1860/1985 3419/1855/1986
f 3420/1859/1980 3419/1855/1986 3418/1855/1982
f 3418/1855/1982 3419/1855/1986 3417/1855/88
f 3418/1855/1982 3417/1855/88 3416/1855/1984
f 3416/1855/1984 3417/1855/88 3413/1861/1987
f 3413/1861/1987 3414/1857/755 3416/1855/1984
f 3415/1857/91 3414/1857/755 3413/1861/1987
f 3412/1862/1988 3410/1863/1989 3411/1864/1990
f 3411/1864/1990 3410/1863/1989 3408/1865/1991
f 3408/1865/1991 3410/1863/1989 3409/1866/1992
f 3408/1865/1991 3409/1866/1992 3406/1865/1993
f 3408/1865/1991 3406/1865/1993 3407/581/1994
f 3407/581/1994 3406/1865/1993 3405/582/1372
f 3404/1867/1995 3389/1868/1996 3386/540/1997
f 3384/1869/298 3404/1867/1995 3386/540/1997
f 3404/1867/1995 3384/1869/298 3403/1870/1998
f 3403/1870/1998 3384/1869/298 3383/1871/298
f 3403/1870/1998 3383/1871/298 3402/1871/1999
f 3402/1871/1999 3383/1871/298 3401/1871/862
f 3383/1871/298 3400/1872/341 3401/1871/862
f 3381/1873/298 3400/1872/341 3383/1871/298
f 3400/1872/341 3381/1873/298 3399/1873/2000
f 3399/1873/2000 3381/1873/298 3398/1874/2001
f 3398/1874/2001 3381/1873/298 3382/1875/298
f 3397/1875/2002 3398/1874/2001 3382/1875/298
f 3382/1875/298 3385/538/298 3397/1875/2002
f 3397/1875/2002 3385/538/298 3396/538/2003
f 3385/538/298 3387/538/2004 3396/538/2003
f 3396/538/2003 3387/538/2004 3395/538/869
f 3387/538/2004 3393/1876/2005 3395/538/869
f 3394/537/2006 3393/1876/2005 3387/538/2004
f 3392/539/2007 3388/540/2008 3391/1877/2009
f 3391/1877/2009 3388/540/2008 3390/1868/855
f 3388/540/2008 3389/1868/1996 3390/1868/855
f 3386/540/1997 3389/1868/1996 3388/540/2008
f 3388/540/2008 3387/538/2004 3386/540/1997
f 3386/540/1997 3387/538/2004 3385/538/298
f 3386/540/1997 3385/538/298 3384/1869/298
f 3384/1869/298 3385/538/298 3382/1875/298
f 3384/1869/298 3382/1875/298 3383/1871/298
f 3383/1871/298 3382/1875/298 3381/1873/298
f 3380/1369/2010 3379/1368/2010 3378/375/2011
f 3379/1368/2010 3377/1370/2012 3378/375/2011
f 3378/375/2011 3377/1370/2012 3376/376/2013
f 3375/1878/2014 3373/1879/2015 3374/1880/2015
f 3374/1880/2015 3373/1879/2015 3372/1881/2016
f 3371/1882/2017 3369/1883/2018 3370/1884/2019
f 3370/1884/2019 3369/1883/2018 3368/1885/2020
f 3362/1605/2021 3366/1605/2022 3367/1602/2022
f 3367/1602/2022 3366/1605/2022 3365/1602/2023
f 3364/695/2024 3356/695/2025 3363/342/2026
f 3363/342/2026 3356/695/2025 3361/342/2027
f 3363/342/2026 3361/342/2027 3362/1605/2021
f 3362/1605/2021 3361/342/2027 3360/1605/2028
f 3359/1886/2029 3357/693/2030 3358/695/2031
f 3358/695/2031 3357/693/2030 3356/695/2025
f 3355/1286/2032 3353/1887/2033 3354/1888/1861
f 3354/1888/1861 3353/1887/2033 3352/1889/1265
f 3351/1890/2034 3349/1891/2035 3350/1892/2036
f 3350/1892/2036 3349/1891/2035 3348/1893/2037
f 3344/1894/2038 3343/1895/2039 3347/382/2040
f 3347/382/2040 3343/1895/2039 3346/383/2041
f 3343/1895/2039 3341/1896/2042 3346/383/2041
f 3346/383/2041 3341/1896/2042 3345/432/2043
f 3330/1894/2044 3327/1895/2045 3344/1894/2038
f 3344/1894/2038 3327/1895/2045 3343/1895/2039
f 3327/1895/2045 3336/1897/2045 3343/1895/2039
f 3343/1895/2039 3336/1897/2045 3341/1896/2042
f 3336/1897/2045 3342/1898/2046 3341/1896/2042
f 3341/1896/2042 3342/1898/2046 3339/1899/2047
f 3341/1896/2042 3339/1899/2047 3340/432/2048
f 3340/432/2048 3339/1899/2047 3338/433/74
f 3336/1897/2045 3335/1900/2049 3337/1898/2050
f 3327/1895/2045 3328/1901/2045 3336/1897/2045
f 3328/1901/2045 3335/1900/2049 3336/1897/2045
f 3328/1901/2045 3334/1902/2051 3335/1900/2049
f 3332/1903/2052 3334/1902/2051 3328/1901/2045
f 3329/389/2045 3332/1903/2052 3328/1901/2045
f 3333/387/2052 3332/1903/2052 3329/389/2045
f 3331/388/2044 3329/389/2045 3330/1894/2044
f 3330/1894/2044 3329/389/2045 3327/1895/2045
f 3329/389/2045 3328/1901/2045 3327/1895/2045
f 3322/1904/2053 3316/1905/2053 3326/1906/1465
f 3326/1906/1465 3316/1905/2053 3325/1907/1465
f 3318/1908/1465 3317/1909/2053 3324/1910/1465
f 3315/1911/2054 3313/1912/2053 3323/1911/2055
f 3317/1909/2053 3316/1905/2053 3322/1904/2053
f 3321/1913/1462 3306/1913/2053 3320/1914/1461
f 3320/1914/1461 3306/1913/2053 3312/1914/2053
f 3320/1914/1461 3312/1914/2053 3319/1908/2056
f 3319/1908/2056 3312/1914/2053 3318/1908/1465
f 3312/1914/2053 3317/1909/2053 3318/1908/1465
f 3312/1914/2053 3313/1912/2053 3317/1909/2053
f 3317/1909/2053 3313/1912/2053 3316/1905/2053
f 3316/1905/2053 3313/1912/2053 3315/1911/2054
f 3316/1905/2053 3315/1911/2054 3314/1907/2057
f 3313/1912/2053 3306/1913/2053 3311/1911/2058
f 3306/1913/2053 3313/1912/2053 3312/1914/2053
f 3311/1911/2058 3306/1913/2053 3310/1915/2059
f 3309/1915/2060 3307/1915/2061 3308/1913/697
f 3308/1913/697 3307/1915/2061 3306/1913/2062
f 3298/1916/1126 3296/1916/265 3305/1917/1091
f 3305/1917/1091 3296/1916/265 3294/1917/265
f 3292/1918/2063 3305/1917/1091 3294/1917/265
f 3304/1918/2064 3305/1917/1091 3292/1918/2063
f 3292/1918/2063 3290/1919/770 3304/1918/2064
f 3304/1918/2064 3290/1919/770 3303/1919/2065
f 3290/1919/770 3288/1920/770 3303/1919/2065
f 3303/1919/2065 3288/1920/770 3302/1920/2066
f 3288/1920/770 3287/1921/776 3302/1920/2066
f 3302/1920/2066 3287/1921/776 3301/1921/1996
f 3295/1328/265 3297/1922/2067 3300/1327/2068
f 3299/1922/2069 3297/1922/2067 3298/1916/1126
f 3298/1916/1126 3297/1922/2067 3296/1916/265
f 3296/1916/265 3297/1922/2067 3295/1328/265
f 3296/1916/265 3295/1328/265 3294/1917/265
f 3294/1917/265 3295/1328/265 3293/1331/265
f 3294/1917/265 3293/1331/265 3292/1918/2063
f 3292/1918/2063 3293/1331/265 3291/1333/2070
f 3292/1918/2063 3291/1333/2070 3290/1919/770
f 3290/1919/770 3291/1333/2070 3289/1320/770
f 3290/1919/770 3289/1320/770 3288/1920/770
f 3288/1920/770 3289/1320/770 3286/1322/770
f 3288/1920/770 3286/1322/770 3287/1921/776
f 3287/1921/776 3286/1322/770 3285/1923/2071
f 3284/1924/2072 3281/1925/2073 3282/1924/2074
f 3283/1926/2075 3282/1924/2074 3281/1925/2073
f 3280/1927/2076 3277/1927/2077 3278/1928/2078
f 3279/1929/2079 3278/1928/2078 3277/1927/2077
f 3276/1930/2080 3262/1931/47 3261/1932/47
f 3266/1931/2081 3262/1931/47 3276/1930/2080
f 3275/1933/755 3266/1931/2081 3276/1930/2080
f 3268/1931/755 3266/1931/2081 3275/1933/755
f 3274/1934/755 3268/1931/755 3275/1933/755
f 3270/1935/755 3268/1931/755 3274/1934/755
f 3273/1934/2082 3270/1935/755 3274/1934/755
f 3272/1935/2067 3270/1935/755 3273/1934/2082
f 3272/1935/2067 3271/1936/2083 3270/1935/755
f 3270/1935/755 3271/1936/2083 3269/1936/2084
f 3270/1935/755 3269/1936/2084 3268/1931/755
f 3268/1931/755 3269/1936/2084 3267/1937/2085
f 3268/1931/755 3267/1937/2085 3266/1931/2081
f 3266/1931/2081 3267/1937/2085 3265/1937/2086
f 3265/1937/2086 3262/1931/47 3266/1931/2081
f 3264/1937/1226 3262/1931/47 3265/1937/2086
f 3263/1938/2087 3262/1931/47 3264/1937/1226
f 3251/1939/47 3262/1931/47 3263/1938/2087
f 3251/1939/47 3261/1932/47 3262/1931/47
f 3251/1939/47 3249/1860/47 3261/1932/47
f 3261/1932/47 3249/1860/47 3260/1940/47
f 3249/1860/47 3259/1859/47 3260/1940/47
f 3260/1940/47 3259/1859/47 3258/1858/47
f 3244/1941/1387 3245/1942/2088 3257/1943/1385
f 3257/1943/1385 3245/1942/2088 3255/1944/2089
f 3257/1943/1385 3255/1944/2089 3256/1945/2090
f 3256/1945/2090 3255/1944/2089 3254/1946/2091
f 3253/1947/2092 3231/1948/47 3252/1938/2093
f 3252/1938/2093 3231/1948/47 3251/1939/47
f 3231/1948/47 3233/1949/47 3251/1939/47
f 3251/1939/47 3233/1949/47 3249/1860/47
f 3233/1949/47 3244/1941/1387 3249/1860/47
f 3248/1860/2094 3249/1860/47 3244/1941/1387
f 3250/1860/2095 3249/1860/47 3248/1860/2094
f 3240/1950/2096 3247/1951/2097 3237/1950/47
f 3237/1950/47 3247/1951/2097 3235/1951/47
f 3247/1951/2097 3243/1949/2098 3235/1951/47
f 3247/1951/2097 3246/1952/2099 3243/1949/2098
f 3243/1949/2098 3246/1952/2099 3245/1942/2088
f 3243/1949/2098 3245/1942/2088 3244/1941/1387
f 3243/1949/2098 3244/1941/1387 3233/1949/47
f 3235/1951/47 3243/1949/2098 3233/1949/47
f 3241/1953/2100 3224/1954/47 3242/1955/2101
f 3239/1956/47 3224/1954/47 3241/1953/2100
f 3240/1950/2096 3239/1956/47 3241/1953/2100
f 3237/1950/47 3239/1956/47 3240/1950/2096
f 3239/1956/47 3237/1950/47 3238/1957/47
f 3238/1957/47 3237/1950/47 3236/1958/47
f 3237/1950/47 3235/1951/47 3236/1958/47
f 3236/1958/47 3235/1951/47 3234/1441/47
f 3235/1951/47 3233/1949/47 3234/1441/47
f 3234/1441/47 3233/1949/47 3232/766/47
f 3232/766/47 3233/1949/47 3231/1948/47
f 3232/766/47 3231/1948/47 3229/765/47
f 3228/1947/704 3229/765/47 3231/1948/47
f 3230/764/709 3229/765/47 3228/1947/704
f 3227/1959/2102 3226/1960/2103 3225/1954/2104
f 3225/1954/2104 3226/1960/2103 3223/1955/2105
f 3225/1954/2104 3223/1955/2105 3224/1954/47
f 3224/1954/47 3223/1955/2105 3222/1955/1438
f 3221/1961/2106 3220/1962/639 3219/1962/1349
f 3212/1963/2107 3217/1963/2108 3218/1963/2109
f 3218/1963/2109 3217/1963/2108 3216/1963/2110
f 3215/1964/2111 3213/1964/2112 3214/1963/2113
f 3214/1963/2113 3213/1964/2112 3212/1963/2107
f 3199/1965/2114 3210/1966/2115 3211/1967/2116
f 3209/1968/2117 3210/1966/2115 3199/1965/2114
f 3209/1968/2117 3208/1969/2118 3210/1966/2115
f 3206/1970/2119 3208/1969/2118 3209/1968/2117
f 3208/1969/2118 3206/1970/2119 3207/1971/2120
f 3207/1971/2120 3206/1970/2119 3205/1972/2121
f 3204/1973/2122 3200/1974/2123 3203/1973/2124
f 3203/1973/2124 3200/1974/2123 3202/1974/2105
f 3202/1974/2105 3200/1974/2123 3201/1967/2125
f 3201/1967/2125 3200/1974/2123 3199/1965/2126
f 3198/1975/1384 3197/1976/1384 3196/1977/1384
f 3183/1978/47 3194/1979/2127 3195/1980/704
f 3195/1980/704 3194/1979/2127 3193/1981/2128
f 3191/1982/2129 3183/1978/47 3192/1980/2129
f 3180/1983/47 3183/1978/47 3191/1982/2129
f 3189/1984/2130 3180/1983/47 3191/1982/2129
f 3190/1985/702 3180/1983/47 3189/1984/2130
f 3183/1978/47 3184/1986/2131 3188/1979/2132
f 3187/1987/2133 3186/1988/2134 3174/1989/47
f 3174/1989/47 3186/1988/2134 3178/1988/47
f 3178/1988/47 3186/1988/2134 3185/1990/2135
f 3178/1988/47 3185/1990/2135 3179/1991/47
f 3179/1991/47 3185/1990/2135 3184/1986/2131
f 3179/1991/47 3184/1986/2131 3183/1978/47
f 3183/1978/47 3174/1989/47 3179/1991/47
f 3180/1983/47 3174/1989/47 3183/1978/47
f 3180/1983/47 3181/1989/706 3174/1989/47
f 3182/1985/706 3181/1989/706 3180/1983/47
f 3179/1991/47 3174/1989/47 3178/1988/47
f 3174/1989/356 3175/1987/2136 3177/1987/2137
f 3176/1989/702 3175/1987/2136 3174/1989/356
f 3173/1528/2138 3172/1530/2139 3171/1992/2140
f 3170/1993/2141 3169/1993/2142 3162/1994/2143
f 3162/1994/2143 3169/1993/2142 3160/1994/63
f 3169/1993/2142 3168/1995/64 3160/1994/63
f 3160/1994/63 3168/1995/64 3167/1996/63
f 3167/1996/63 3158/1997/63 3160/1994/63
f 3166/1998/63 3158/1997/63 3167/1996/63
f 3158/1997/63 3166/1998/63 3165/1999/68
f 3165/1999/68 3166/1998/63 3164/2000/67
f 3165/1999/68 3164/2000/67 3154/2001/66
f 3154/2001/66 3164/2000/67 3163/2002/66
f 3162/1994/2143 3160/1994/63 3161/2003/481
f 3161/2003/481 3160/1994/63 3158/1997/63
f 3159/2003/2144 3158/1997/63 3157/2004/2145
f 3157/2004/2145 3158/1997/63 3155/1999/67
f 3157/2004/2145 3155/1999/67 3156/2001/2146
f 3156/2001/2146 3155/1999/67 3154/2001/66
f 3152/2005/2147 3139/2006/2148 3153/2007/2149
f 3139/2006/2148 3148/2008/3 3141/2009/3
f 3148/2008/3 3139/2006/2148 3152/2005/2147
f 3150/2010/2150 3148/2008/3 3152/2005/2147
f 3151/2011/2151 3148/2008/3 3150/2010/2150
f 3141/2009/3 3148/2008/3 3144/2012/3
f 3147/2013/2152 3148/2008/3 3149/2011/2153
f 3144/2012/3 3148/2008/3 3147/2013/2152
f 3146/2014/2154 3144/2012/3 3147/2013/2152
f 3145/2015/1665 3144/2012/3 3146/2014/2154
f 3143/2016/1665 3144/2012/3 3145/2015/1665
f 3141/2009/3 3144/2012/3 3143/2016/1665
f 3142/2017/2155 3141/2009/3 3143/2016/1665
f 3140/2018/3 3141/2009/3 3142/2017/2155
f 3140/2018/3 3139/2006/2148 3141/2009/3
f 3137/2006/2156 3139/2006/2148 3140/2018/3
f 3139/2006/2148 3137/2006/2156 3138/2007/2157
f 3138/2007/2157 3137/2006/2156 3136/2007/2158
f 3135/2019/2159 3134/2020/2159 3133/2021/2159
f 3122/348/2160 3131/669/2161 3132/348/2162
f 3132/348/2162 3131/669/2161 3130/669/2163
f 3129/2022/2164 3126/2023/2165 3128/2024/2166
f 3128/2024/2166 3126/2023/2165 3127/2023/2167
f 3126/2023/2165 3125/347/2168 3127/2023/2167
f 3123/2025/2169 3125/347/2168 3126/2023/2165
f 3125/347/2168 3123/2025/2169 3124/348/2170
f 3124/348/2170 3123/2025/2169 3122/348/2171
f 3118/2026/2149 3110/2027/3 3121/2026/2172
f 3121/2026/2172 3110/2027/3 3120/2028/362
f 3119/2029/2173 3117/2030/2174 3118/2026/2149
f 3118/2026/2149 3117/2030/2174 3110/2027/3
f 3117/2030/2174 3116/2031/3 3110/2027/3
f 3110/2027/3 3116/2031/3 3111/2032/3
f 3116/2031/3 3115/2033/2175 3111/2032/3
f 3111/2032/3 3115/2033/2175 3114/2034/2176
f 3113/2034/1665 3112/2034/2177 3111/2032/3
f 3111/2032/3 3112/2034/2177 3109/2032/2178
f 3111/2032/3 3109/2032/2178 3110/2027/3
f 3110/2027/3 3109/2032/2178 3108/2028/2179
f 3106/2035/2180 3102/1835/2181 3107/1836/2182
f 3105/2036/2181 3102/1835/2181 3106/2035/2180
f 3105/2036/2181 3104/2036/2181 3102/1835/2181
f 3104/2036/2181 3103/1835/2181 3102/1835/2181
f 3099/1619/2183 3100/372/2184 3101/1418/2185
f 3097/373/2186 3100/372/2184 3099/1619/2183
f 3099/1619/2183 3098/1420/2187 3097/373/2186
f 3094/2037/2188 3097/373/2186 3098/1420/2187
f 3094/2037/2188 3095/375/2189 3097/373/2186
f 3096/1369/2190 3095/375/2189 3094/2037/2188
f 3093/2038/1665 3087/2039/2191 3092/2040/2192
f 3092/2040/2192 3087/2039/2191 3086/2041/2193
f 3091/2042/2194 3089/2042/1666 3090/2038/2176
f 3090/2038/2176 3089/2042/1666 3087/2039/2191
f 3089/2042/1666 3088/2043/1661 3087/2039/2191
f 3087/2039/2191 3088/2043/1661 3085/2044/1661
f 3087/2039/2191 3085/2044/1661 3086/2041/2193
f 3086/2041/2193 3085/2044/1661 3084/2045/2195
f 3083/1946/2196 3082/1946/2197 3080/1944/2198
f 3081/1946/2199 3080/1944/2198 3074/2046/2200
f 3074/2046/2200 3080/1944/2198 3069/2046/2198
f 3078/1942/2198 3069/2046/2198 3080/1944/2198
f 3079/2047/2198 3069/2046/2198 3078/1942/2198
f 3078/1942/2198 3076/2048/2198 3079/2047/2198
f 3075/1952/2198 3076/2048/2198 3078/1942/2198
f 3077/2049/2201 3076/2048/2198 3075/1952/2198
f 3074/2046/2200 3069/2046/2198 3073/2046/349
f 3073/2046/349 3069/2046/2198 3070/2046/2202
f 3070/2046/2202 3072/2050/2203 3073/2046/349
f 3059/2050/2204 3072/2050/2203 3070/2046/2202
f 3060/2047/2205 3070/2046/2202 3071/2047/2206
f 3071/2047/2206 3070/2046/2202 3069/2046/2198
f 3068/2051/2207 3066/2052/2208 3067/2050/2209
f 3067/2050/2209 3066/2052/2208 3063/2053/2210
f 3063/2053/2211 3065/2054/2212 3064/2054/2213
f 3063/2053/2214 3062/2054/2215 3059/2050/2216
f 3059/2050/2216 3062/2054/2215 3061/2050/2217
f 3056/2051/2218 3059/2050/2219 3060/2047/2220
f 3060/2047/2220 3059/2050/2219 3058/2046/2221
f 3057/2052/2222 3056/2051/2218 3054/1603/2223
f 3056/2051/2218 3055/1602/2224 3054/1603/2223
f 3052/2055/2225 3051/2056/2226 3053/2057/2227
f 3049/2058/2228 3051/2056/2226 3052/2055/2225
f 3051/2056/2226 3049/2058/2228 3050/614/2229
f 3050/614/2229 3049/2058/2228 3048/614/2230
f 3047/601/2231 3046/600/2232 3045/2059/2233
f 3045/2059/2233 3046/600/2232 3043/1355/2234
f 3045/2059/2233 3043/1355/2234 3044/621/2235
f 3044/621/2235 3043/1355/2234 3042/622/2236
f 3041/615/2237 3040/616/2238 3039/2060/2239
f 3039/2060/2239 3040/616/2238 3036/2061/2240
f 3036/2061/2240 3037/2062/2241 3039/2060/2239
f 3038/2063/2242 3037/2062/2241 3036/2061/2240
f 3035/620/2243 3034/618/2244 3032/2064/2245
f 3032/2064/2245 3034/618/2244 3033/2065/2246
f 3032/2064/2245 3031/2065/2247 3030/2066/2248
f 3030/2066/2248 3031/2065/2247 3027/1923/2249
f 3027/1923/2249 3028/1323/2250 3030/2066/2248
f 3029/1322/2251 3028/1323/2250 3027/1923/2249
f 3026/332/2252 3024/2067/2253 3025/1864/2252
f 3021/1864/2254 3024/2067/2255 3022/1862/2256
f 3022/1862/2256 3024/2067/2255 3023/2068/1404
f 3022/1862/2256 3020/1862/2257 3021/1864/2254
f 3021/1864/2254 3020/1862/2257 3011/1864/2258
f 3019/330/2259 3014/1233/2260 3018/330/2260
f 3018/330/2260 3014/1233/2260 3017/1864/2261
f 3016/332/2262 3015/332/2263 3014/1233/2260
f 3014/1233/2260 3015/332/2263 3013/1233/2264
f 3011/1864/2258 3014/1233/2260 3013/1233/2264
f 3013/1233/2264 3012/1864/2265 3011/1864/2258
f 3010/383/2266 3009/432/2267 3007/385/2267
f 3009/432/2267 3008/434/2268 3007/385/2267
f 3005/908/2269 3002/908/2270 3006/908/2271
f 2999/908/2272 3002/908/2270 3005/908/2269
f 3005/908/2269 3004/803/2273 2999/908/2272
f 2999/908/2272 3004/803/2273 3003/803/2274
f 3002/908/2270 2999/908/2272 3001/1071/2275
f 3001/1071/2275 2999/908/2272 3000/1071/2276
f 2999/908/2272 2997/803/2277 2998/1071/2278
f 2998/1071/2278 2997/803/2277 2995/802/2279
f 2996/804/2280 2994/2069/2281 2995/802/2282
f 2995/802/2282 2994/2069/2281 2993/669/2283
f 2993/669/2283 2994/2069/2281 2991/2070/2284
f 2993/669/2283 2991/2070/2284 2992/348/2285
f 2992/348/2285 2991/2070/2284 2990/346/2286
f 2989/2071/2287 2987/2072/2288 2988/2073/2288
f 2987/2072/2288 2985/2074/2289 2988/2073/2288
f 2984/2075/2290 2985/2074/2289 2987/2072/2288
f 2986/2076/2291 2985/2074/2289 2984/2075/2290
f 2981/2077/2292 2980/2078/1689 2983/2079/2293
f 2982/10/2292 2975/9/2294 2981/2077/2292
f 2981/2077/2292 2975/9/2294 2976/2080/2295
f 2981/2077/2292 2976/2080/2295 2980/2078/1689
f 2980/2078/1689 2976/2080/2295 2979/2081/2296
f 2977/2082/2297 2974/2083/2298 2978/2084/2299
f 2976/2080/2295 2974/2083/2298 2977/2082/2297
f 2976/2080/2295 2975/9/2294 2974/2083/2298
f 2973/2085/2300 2971/2085/2301 2972/2086/2151
f 2972/2086/2151 2971/2085/2301 2956/2086/2302
f 2964/2087/2303 2969/516/2304 2970/519/2305
f 2966/2088/2306 2969/516/2304 2964/2087/2303
f 2969/516/2304 2966/2088/2306 2968/518/2307
f 2968/518/2307 2966/2088/2306 2967/2089/1631
f 2958/2089/2308 2967/2089/1631 2951/2088/2309
f 2951/2088/2309 2967/2089/1631 2966/2088/2306
f 2951/2088/2309 2966/2088/2306 2950/2090/2302
f 2950/2090/2302 2966/2088/2306 2964/2087/2303
f 2950/2090/2302 2964/2087/2303 2965/2091/2310
f 2965/2091/2310 2964/2087/2303 2963/2092/2311
f 2964/2087/2303 2962/519/2312 2963/2092/2311
f 2963/2092/2311 2962/519/2312 2961/521/2144
f 2953/2093/2313 2950/2090/2302 2960/2091/2314
f 2959/2085/2308 2958/2089/2308 2956/2086/2309
f 2956/2086/2309 2958/2089/2308 2951/2088/2309
f 2956/2086/2309 2951/2088/2309 2952/2094/2309
f 2957/2086/2315 2956/2086/2309 2955/2095/2316
f 2955/2095/2316 2956/2086/2309 2952/2094/2309
f 2955/2095/2316 2952/2094/2309 2954/2096/2317
f 2954/2096/2317 2952/2094/2309 2953/2093/2313
f 2952/2094/2309 2950/2090/2302 2953/2093/2313
f 2952/2094/2309 2951/2088/2309 2950/2090/2302
f 2949/2097/2318 2936/2098/2319 2948/2099/2320
f 2948/2099/2320 2936/2098/2319 2944/2100/2321
f 2944/2100/2321 2936/2098/2319 2937/2101/2322
f 2947/2101/2323 2944/2100/2321 2937/2101/2322
f 2946/2100/2131 2944/2100/2321 2947/2101/2323
f 2943/2099/2324 2944/2100/2321 2946/2100/2131
f 2945/2099/2318 2944/2100/2321 2943/2099/2324
f 2942/2101/2127 2937/2101/2322 2941/2102/2325
f 2941/2102/2325 2937/2101/2322 2940/2102/2326
f 2937/2101/2322 2938/2103/2327 2939/2102/2328
f 2935/2104/2329 2938/2103/2327 2937/2101/2322
f 2937/2101/2322 2936/2098/2319 2935/2104/2329
f 2934/760/2330 2933/761/2331 2932/2105/1642
f 2932/2105/1642 2933/761/2331 2930/2106/2332
f 2932/2105/1642 2930/2106/2332 2931/2107/2333
f 2931/2107/2333 2930/2106/2332 2929/2108/2334
f 2928/2109/2335 2927/2110/2336 2926/2111/2337
f 2927/2110/2336 2925/2110/2338 2926/2111/2337
f 2926/2111/2337 2925/2110/2338 2924/2112/2339
f 2923/2113/2340 2921/2020/2341 2922/2114/2342
f 2922/2114/2342 2921/2020/2341 2920/2019/2343
f 2919/1507/2344 2917/1505/2345 2918/2115/2345
f 2918/2115/2345 2917/1505/2345 2916/2116/2346
f 2910/333/2347 2915/2117/2348 2914/2117/2349
f 2910/333/2350 2911/480/803 2913/331/2351
f 2912/2117/2352 2911/480/803 2910/333/2350
f 2909/1347/2353 2908/1346/2354 2907/2118/2355
f 2907/2118/2355 2908/1346/2354 2905/2119/2356
f 2907/2118/2355 2905/2119/2356 2906/1306/2357
f 2906/1306/2357 2905/2119/2356 2904/1307/2358
f 2903/2120/1542 2902/2121/1543 2901/2122/1919
f 2901/2122/1919 2902/2121/1543 2900/2123/2359
f 2901/2122/1919 2900/2123/2359 2882/2124/2360
f 2882/2124/2360 2900/2123/2359 2899/2125/2361
f 2899/2125/2361 2884/2126/2362 2882/2124/2360
f 2898/2127/2363 2884/2126/2362 2899/2125/2361
f 2884/2126/2362 2898/2127/2363 2886/2128/1910
f 2886/2128/1910 2898/2127/2363 2897/2129/2364
f 2896/2130/2365 2886/2128/1910 2897/2129/2364
f 2888/2131/1912 2886/2128/1910 2896/2130/2365
f 2895/2130/1929 2888/2131/1912 2896/2130/2365
f 2894/2131/1914 2888/2131/1912 2895/2130/1929
f 2894/2131/1914 2893/2132/635 2888/2131/1912
f 2888/2131/1912 2893/2132/635 2892/2132/1913
f 2892/2132/1913 2891/2133/1913 2888/2131/1912
f 2888/2131/1912 2891/2133/1913 2890/2134/1913
f 2888/2131/1912 2890/2134/1913 2889/2135/1913
f 2889/2135/1913 2887/2136/2366 2888/2131/1912
f 2888/2131/1912 2887/2136/2366 2886/2128/1910
f 2887/2136/2366 2885/2137/2367 2886/2128/1910
f 2886/2128/1910 2885/2137/2367 2884/2126/2362
f 2885/2137/2367 2883/2138/2368 2884/2126/2362
f 2884/2126/2362 2883/2138/2368 2882/2124/2360
f 2883/2138/2368 2878/2139/2369 2882/2124/2360
f 2882/2124/2360 2878/2139/2369 2881/2122/1905
f 2878/2139/2369 2879/2120/2370 2881/2122/1905
f 2880/2140/2371 2879/2120/2370 2878/2139/2369
f 2877/2024/2372 2874/2023/2373 2876/2141/2374
f 2876/2141/2374 2874/2023/2373 2875/351/2375
f 2875/351/2375 2874/2023/2373 2873/347/2376
f 2871/2142/2377 2870/2143/2378 2872/2144/2379
f 2868/2145/2380 2870/2143/2378 2871/2142/2377
f 2870/2143/2378 2868/2145/2380 2869/2146/1262
f 2869/2146/1262 2868/2145/2380 2867/2147/2381
f 2866/2148/1547 2865/2149/1547 2864/2150/1547
f 2863/2151/2382 2862/1924/2382 2858/1926/2382
f 2858/1926/2383 2859/2152/2384 2861/2153/2385
f 2860/1925/2386 2859/2152/2384 2858/1926/2383
f 2857/2154/2387 2856/2154/342 2852/2155/2388
f 2852/2155/2388 2856/2154/342 2855/2156/344
f 2850/2157/2389 2853/2154/2390 2854/2158/2391
f 2854/2158/2391 2853/2154/2390 2852/2155/2392
f 2848/2159/2393 2842/2158/2394 2843/2160/2395
f 2848/2159/2393 2843/2160/2395 2846/2161/1602
f 2846/2161/1602 2843/2160/2395 2844/2162/1611
f 2848/2159/2393 2850/2157/2389 2851/2158/2396
f 2849/2157/2397 2850/2157/2389 2848/2159/2393
f 2848/2159/2393 2847/2159/1602 2849/2157/2397
f 2846/2161/1602 2847/2159/1602 2848/2159/2393
f 2847/2159/1602 2846/2161/1602 2835/2163/12
f 2835/2163/12 2846/2161/1602 2833/2164/1602
f 2844/2162/1611 2833/2164/1602 2846/2161/1602
f 2845/2165/1612 2833/2164/1602 2844/2162/1611
f 2844/2162/1611 2819/2166/103 2845/2165/1612
f 2808/2162/103 2819/2166/103 2844/2162/1611
f 2844/2162/1611 2843/2160/2395 2808/2162/103
f 2808/2162/103 2843/2160/2395 2841/2167/2398
f 2843/2160/2395 2842/2158/2394 2841/2167/2398
f 2838/2168/1615 2835/2163/12 2840/2168/14
f 2839/2163/12 2835/2163/12 2838/2168/1615
f 2837/2168/2399 2835/2163/12 2836/2168/1615
f 2836/2168/1615 2835/2163/12 2833/2164/1602
f 2833/2164/12 2832/2169/2400 2834/2168/1614
f 2830/2165/2401 2832/2169/2400 2833/2164/12
f 2830/2165/2401 2831/2170/2402 2832/2169/2400
f 2819/2166/103 2831/2170/2402 2830/2165/2401
f 2829/2171/2403 2828/2172/2404 2821/2173/103
f 2821/2173/103 2828/2172/2404 2827/2174/1618
f 2821/2173/103 2826/2174/2402 2819/2166/103
f 2819/2166/103 2826/2174/2402 2825/2170/2405
f 2816/2175/2406 2824/2176/2407 2817/2177/103
f 2817/2177/103 2824/2176/2407 2818/2178/103
f 2824/2176/2407 2823/2179/2408 2818/2178/103
f 2818/2178/103 2823/2179/2408 2820/2180/103
f 2823/2179/2408 2822/2171/2409 2820/2180/103
f 2820/2180/103 2822/2171/2409 2821/2173/103
f 2819/2166/103 2820/2180/103 2821/2173/103
f 2818/2178/103 2820/2180/103 2819/2166/103
f 2808/2162/103 2818/2178/103 2819/2166/103
f 2808/2162/103 2817/2177/103 2818/2178/103
f 2808/2162/103 2809/2181/103 2817/2177/103
f 2809/2181/103 2816/2175/2406 2817/2177/103
f 2810/2182/2410 2816/2175/2406 2809/2181/103
f 2814/2183/2411 2801/2184/103 2815/2185/2412
f 2813/2186/2413 2801/2184/103 2814/2183/2411
f 2813/2186/2413 2800/2187/103 2801/2184/103
f 2812/2188/2414 2800/2187/103 2813/2186/2413
f 2812/2188/2414 2811/2189/2415 2800/2187/103
f 2800/2187/103 2811/2189/2415 2799/2190/103
f 2810/2182/2410 2799/2190/103 2811/2189/2415
f 2809/2181/103 2799/2190/103 2810/2182/2410
f 2809/2181/103 2808/2162/103 2799/2190/103
f 2777/2191/103 2799/2190/103 2808/2162/103
f 2777/2191/103 2808/2162/103 2807/2155/2416
f 2807/2155/2416 2808/2162/103 2804/2167/2417
f 2804/2167/2417 2805/2155/2418 2807/2155/2416
f 2806/2158/2419 2805/2155/2418 2804/2167/2417
f 2803/2185/2266 2801/2184/103 2802/2192/2403
f 2802/2192/2403 2801/2184/103 2794/2193/103
f 2801/2184/103 2777/2191/103 2794/2193/103
f 2801/2184/103 2800/2187/103 2777/2191/103
f 2777/2191/103 2800/2187/103 2799/2190/103
f 2798/2192/2420 2794/2193/103 2797/2194/2421
f 2797/2194/2421 2794/2193/103 2796/2195/2422
f 2794/2193/103 2795/2196/2423 2796/2195/2422
f 2786/2197/103 2795/2196/2423 2794/2193/103
f 2794/2193/103 2777/2191/103 2786/2197/103
f 2793/2196/2424 2786/2197/103 2791/2196/2425
f 2786/2197/103 2792/2198/2266 2791/2196/2425
f 2790/2199/2426 2789/2200/2427 2782/2201/2428
f 2782/2201/2428 2789/2200/2427 2788/2202/2429
f 2789/2200/2427 2787/2200/103 2788/2202/2429
f 2788/2202/2429 2787/2200/103 2777/2191/103
f 2777/2191/103 2787/2200/103 2786/2197/103
f 2786/2197/103 2787/2200/103 2783/2203/103
f 2783/2203/103 2784/2198/2409 2786/2197/103
f 2785/2203/2412 2784/2198/2409 2783/2203/103
f 2776/2204/2430 2780/2156/2431 2778/2202/2432
f 2778/2202/2432 2780/2156/2431 2782/2201/2433
f 2781/2155/2434 2780/2156/2431 2779/2155/2435
f 2779/2155/2435 2780/2156/2431 2776/2204/2430
f 2779/2155/2435 2776/2204/2430 2777/2191/103
f 2778/2202/2432 2777/2191/103 2776/2204/2430
f 2775/2205/2436 2774/2206/2437 2772/2207/298
f 2772/2207/298 2774/2206/2437 2773/2208/298
f 2772/2207/2438 2768/2208/2439 2771/2209/2440
f 2768/2208/2439 2769/752/2441 2771/2209/2440
f 2770/753/2441 2769/752/2441 2768/2208/2439
f 2767/2210/3 2761/2211/3 2766/2212/306
f 2766/2212/306 2761/2211/3 2765/2213/307
f 2761/2211/3 2762/2214/2442 2764/2213/1930
f 2763/2215/1349 2762/2214/2442 2761/2211/3
f 2760/2216/2443 2759/2217/2443 2758/1841/2443
f 2757/1617/2444 2755/1616/2445 2756/2218/2446
f 2756/2218/2446 2755/1616/2445 2754/2219/2447
f 2755/1616/2445 2753/2220/2448 2754/2219/2447
f 2754/2219/2447 2753/2220/2448 2748/2219/2449
f 2751/2218/2450 2749/2219/2451 2752/2218/2452
f 2750/2219/2453 2749/2219/2451 2751/2218/2450
f 2750/2219/2453 2748/2219/2449 2749/2219/2451
f 2749/2219/2451 2748/2219/2449 2746/2219/2454
f 2743/2221/2455 2746/2219/2454 2748/2219/2449
f 2747/2221/2456 2746/2219/2454 2743/2221/2455
f 2738/2220/2457 2744/2222/2458 2745/2219/2459
f 2745/2219/2459 2744/2222/2458 2743/2221/2455
f 2742/2223/1945 2741/2224/2460 2738/2220/2457
f 2738/2220/2457 2741/2224/2460 2740/2222/2461
f 2739/2223/1935 2738/2220/2457 2737/1616/2462
f 2734/2225/2463 2735/2226/2464 2736/2227/2465
f 2735/2226/2464 2734/2225/2463 2733/2228/2466
f 2733/2228/2466 2734/2225/2463 2731/2225/2467
f 2733/2228/2466 2731/2225/2467 2732/569/2467
f 2732/569/2467 2731/2225/2467 2730/570/2468
f 2728/549/2469 2727/2229/2470 2729/550/2471
f 2725/2230/2472 2727/2229/2470 2728/549/2469
f 2727/2229/2470 2725/2230/2472 2726/2231/2473
f 2726/2231/2473 2725/2230/2472 2724/2232/2474
f 2723/2233/2456 2722/2234/2475 2716/2235/2476
f 2716/2235/2476 2722/2234/2475 2715/2235/2477
f 2722/2234/2475 2721/2236/2478 2715/2235/2477
f 2715/2235/2477 2721/2236/2478 2720/2237/2479
f 2715/2235/2477 2720/2237/2479 2718/2238/2480
f 2718/2238/2480 2720/2237/2479 2719/2237/2481
f 2717/2239/1555 2718/2238/2480 2719/2237/2481
f 2711/2240/2482 2718/2238/2480 2717/2239/1555
f 2716/2235/2476 2715/2235/2477 2714/2235/2483
f 2714/2235/2483 2715/2235/2477 2712/2238/2484
f 2714/2235/2483 2712/2238/2484 2713/2241/2485
f 2713/2241/2485 2712/2238/2484 2711/2240/2482
f 2710/1927/2486 2707/1928/2487 2709/2242/2488
f 2709/2242/2488 2707/1928/2487 2708/2243/2489
f 2708/2243/2489 2707/1928/2487 2706/2244/2490
f 2705/2245/2491 2704/2246/2492 2703/2247/2493
f 2703/2247/2493 2704/2246/2492 2701/2248/2494
f 2703/2247/2493 2701/2248/2494 2702/379/2495
f 2702/379/2495 2701/2248/2494 2700/377/2496
f 2699/2249/1349 2696/2250/3 2698/2251/2497
f 2698/2251/2497 2696/2250/3 2697/2252/2498
f 2697/2252/2498 2696/2250/3 2695/2253/3
f 2694/1964/2499 2693/651/2500 2692/1963/2501
f 2692/1963/2501 2693/651/2500 2690/650/2502
f 2692/1963/2501 2690/650/2502 2691/1963/2503
f 2691/1963/2503 2690/650/2502 2689/650/2504
f 2688/2254/2505 2687/2255/2506 2686/2254/2507
f 2686/2254/2507 2687/2255/2506 2684/2256/2508
f 2686/2254/2507 2684/2256/2508 2685/1292/2509
f 2685/1292/2509 2684/2256/2508 2683/1291/2510
f 2682/2257/2511 2681/2258/2511 2680/2258/2511
f 2679/2259/2512 2676/2260/2513 2678/2259/2514
f 2678/2259/2514 2676/2260/2513 2677/2260/2515
f 2676/2260/2513 2674/2261/2516 2675/2260/2517
f 2675/2260/2517 2674/2261/2516 2672/2262/2518
f 2673/2261/2519 2671/2263/2520 2672/2262/2521
f 2672/2262/2521 2671/2263/2520 2670/2264/2522
f 2669/2036/2523 2666/2036/2524 2668/2036/2525
f 2668/2036/2525 2666/2036/2524 2667/1835/2526
f 2666/2036/2527 2664/2036/2528 2665/578/2529
f 2665/578/2529 2664/2036/2528 2661/577/2530
f 2663/578/2531 2661/577/2532 2662/578/2533
f 2662/578/2533 2661/577/2532 2660/577/2534
f 2659/2265/2535 2658/2266/2404 2654/2267/2536
f 2654/2267/2536 2658/2266/2404 2657/2268/233
f 2657/2268/233 2656/2269/233 2654/2267/2536
f 2654/2267/2536 2656/2269/233 2655/2270/2536
f 2648/2271/2536 2653/2272/2537 2654/2267/2536
f 2654/2267/2536 2653/2272/2537 2652/2265/2538
f 2648/2271/2536 2651/2273/1614 2650/2272/2400
f 2648/2271/2536 2650/2272/2400 2649/2272/2538
f 2630/2274/2536 2647/2275/2399 2648/2271/2536
f 2648/2271/2536 2647/2275/2399 2646/2273/1615
f 2645/2276/2539 2644/2277/1599 2639/2278/2536
f 2639/2278/2536 2644/2277/1599 2643/2279/2540
f 2642/2280/1615 2635/2281/2536 2641/2282/1617
f 2640/2283/2535 2641/2282/1617 2635/2281/2536
f 2635/2281/2536 2639/2278/2536 2640/2283/2535
f 2640/2283/2535 2639/2278/2536 2638/2279/2535
f 2637/2284/2541 2633/2285/2536 2636/2280/14
f 2636/2280/14 2633/2285/2536 2635/2281/2536
f 2630/2274/2536 2631/2286/2541 2634/2275/1614
f 2633/2285/2536 2631/2286/2541 2630/2274/2536
f 2633/2285/2536 2632/2284/1615 2631/2286/2541
f 2630/2274/2542 2629/2275/2543 2628/2275/2541
f 2627/2287/2544 2625/2288/1949 2626/2289/1934
f 2626/2289/1934 2625/2288/1949 2600/2289/1934
f 2624/2290/1974 2623/2291/1976 2619/2292/2545
f 2619/2292/2545 2623/2291/1976 2622/2291/2546
f 2604/2293/2547 2620/52/2548 2621/2291/2549
f 2621/2291/2549 2620/52/2548 2619/2292/2550
f 2618/2288/1948 2617/2294/1948 2600/2289/1934
f 2600/2289/1934 2617/2294/1948 2598/2295/1934
f 2616/2296/2551 2598/2295/1934 2617/2294/1948
f 2615/2297/2552 2598/2295/1934 2616/2296/2551
f 2614/2298/1957 2615/2297/2552 2616/2296/2551
f 2595/2299/47 2615/2297/2552 2614/2298/1957
f 2613/2300/1525 2608/2301/47 2612/2302/2553
f 2612/2302/2553 2608/2301/47 2611/2303/1952
f 2609/2303/1957 2595/2299/47 2610/2298/2554
f 2608/2301/47 2595/2299/47 2609/2303/1957
f 2594/2304/47 2595/2299/47 2608/2301/47
f 2607/2300/2555 2594/2304/47 2608/2301/47
f 2606/1491/1527 2594/2304/47 2607/2300/2555
f 2606/1491/1527 2593/1490/47 2594/2304/47
f 2604/2293/2547 2602/53/45 2605/52/2556
f 2603/2305/2557 2602/53/45 2604/2293/2547
f 2601/2306/1934 2602/53/45 2603/2305/2557
f 2599/55/49 2602/53/45 2601/2306/1934
f 2600/2289/1934 2599/55/49 2601/2306/1934
f 2598/2295/1934 2599/55/49 2600/2289/1934
f 2599/55/49 2598/2295/1934 2596/54/48
f 2596/54/48 2598/2295/1934 2597/2297/2558
f 2597/2297/2558 2595/2299/47 2596/54/48
f 2596/54/48 2595/2299/47 2588/54/47
f 2594/2304/47 2588/54/47 2595/2299/47
f 2593/1490/47 2588/54/47 2594/2304/47
f 2592/1492/47 2588/54/47 2593/1490/47
f 2591/1494/47 2588/54/47 2592/1492/47
f 2590/1496/47 2588/54/47 2591/1494/47
f 2589/1498/47 2588/54/47 2590/1496/47
f 2589/1498/47 2587/1482/47 2588/54/47
f 2588/54/47 2587/1482/47 2584/53/2559
f 2584/53/2559 2587/1482/47 2586/1481/2560
f 2583/2292/2561 2584/53/2559 2586/1481/2560
f 2585/52/2562 2584/53/2559 2583/2292/2561
f 2583/2292/2561 2582/1481/2563 2580/2290/2564
f 2582/1481/2563 2581/1479/2565 2580/2290/2564
f 2579/1443/2566 2578/1443/2566 2577/1565/2566
f 2576/1281/2567 2575/1281/2567 2574/1282/2568
f 2574/1282/2568 2572/1443/2569 2573/1281/2570
f 2573/1281/2570 2572/1443/2569 2571/1565/2571
f 2571/1565/2572 2570/1443/2573 2569/1565/2573
f 2568/2307/2574 2566/2264/2574 2567/2308/2574
f 2566/2264/2575 2564/2307/2576 2565/2309/2577
f 2565/2309/2577 2564/2307/2576 2562/2310/2578
f 2563/2309/2579 2562/2310/2580 2561/2311/2579
f 2560/2312/2536 2559/2313/233 2554/2314/2536
f 2554/2314/2536 2559/2313/233 2558/2315/233
f 2558/2315/233 2557/2316/2581 2554/2314/2536
f 2554/2314/2536 2557/2316/2581 2556/2317/2582
f 2550/2318/2536 2554/2314/2536 2555/2319/2583
f 2555/2319/2583 2554/2314/2536 2553/2317/2584
f 2552/2320/1947 2533/2321/2536 2551/2322/1947
f 2551/2322/1947 2533/2321/2536 2550/2318/2536
f 2551/2322/1947 2550/2318/2536 2548/2319/2585
f 2550/2318/2536 2549/2319/2584 2548/2319/2585
f 2547/2323/2586 2543/2324/2536 2546/2325/1958
f 2546/2325/1958 2543/2324/2536 2545/2326/2584
f 2544/2326/2587 2543/2324/2536 2542/2327/2588
f 2542/2327/2588 2543/2324/2536 2539/2328/2536
f 2542/2327/2588 2539/2328/2536 2540/2329/2589
f 2541/2329/2590 2540/2329/2589 2539/2328/2536
f 2539/2328/2536 2536/2330/2536 2538/2329/1950
f 2538/2329/1950 2536/2330/2536 2537/2331/1949
f 2537/2331/1949 2536/2330/2536 2535/2332/1947
f 2536/2330/2536 2533/2321/2536 2535/2332/1947
f 2535/2332/1947 2533/2321/2536 2534/2320/2544
f 2534/2320/2544 2533/2321/2536 2532/2320/1949
f 2531/2333/2591 2526/2334/1636 2527/2335/394
f 2529/2336/394 2506/2337/394 2530/2336/394
f 2528/2337/394 2506/2337/394 2529/2336/394
f 2528/2337/394 2505/2338/394 2506/2337/394
f 2527/2335/394 2505/2338/394 2528/2337/394
f 2527/2335/394 2520/2339/394 2505/2338/394
f 2527/2335/394 2526/2334/1636 2520/2339/394
f 2526/2334/1636 2525/2334/2592 2520/2339/394
f 2520/2339/394 2525/2334/2592 2524/2339/2593
f 2505/2338/394 2522/2340/2038 2523/2338/2594
f 2521/2341/2595 2522/2340/2038 2505/2338/394
f 2505/2338/394 2520/2339/394 2521/2341/2595
f 2521/2341/2595 2520/2339/394 2519/2339/2595
f 2518/2342/2596 2517/2343/2597 2504/2344/2598
f 2504/2344/2598 2517/2343/2597 2516/2345/2599
f 2515/2346/2600 2514/2347/2601 2507/2348/394
f 2507/2348/394 2514/2347/2601 2513/2349/2602
f 2511/2350/1626 2507/2348/394 2512/2349/1427
f 2506/2337/394 2507/2348/394 2511/2350/1626
f 2511/2350/1626 2510/2336/2603 2506/2337/394
f 2504/2344/394 2509/2345/1434 2490/2351/394
f 2490/2351/394 2509/2345/1434 2508/2352/1435
f 2507/2348/394 2491/2353/394 2501/2346/2604
f 2506/2337/394 2491/2353/394 2507/2348/394
f 2506/2337/394 2490/2351/394 2491/2353/394
f 2505/2338/394 2490/2351/394 2506/2337/394
f 2490/2351/394 2505/2338/394 2504/2344/394
f 2505/2338/394 2503/2338/2605 2504/2344/394
f 2504/2344/394 2503/2338/2605 2502/2342/359
f 2501/2346/2604 2491/2353/394 2500/2354/417
f 2499/2355/1423 2498/2356/1423 2487/2355/394
f 2487/2355/394 2498/2356/1423 2494/2356/394
f 2498/2356/1423 2497/2356/2606 2494/2356/394
f 2494/2356/394 2497/2356/2606 2496/2356/1431
f 2494/2356/394 2496/2356/1431 2495/2354/2607
f 2494/2356/394 2493/2354/394 2487/2355/394
f 2487/2355/394 2493/2354/394 2492/2352/394
f 2493/2354/394 2491/2353/394 2492/2352/394
f 2492/2352/394 2491/2353/394 2490/2351/394
f 2489/2352/2608 2488/2357/1620 2487/2355/394
f 2488/2357/1620 2486/2357/2609 2487/2355/394
f 2487/2355/394 2486/2357/2609 2485/2355/1435
f 2484/2358/2610 2480/2359/2611 2483/2358/2612
f 2483/2358/2612 2480/2359/2611 2482/2359/2613
f 2482/2359/2613 2480/2359/2611 2481/2360/2614
f 2481/2360/2614 2480/2359/2611 2474/2360/2615
f 2412/2361/2616 2472/2358/2617 2479/2359/1739
f 2412/2361/2616 2479/2359/1739 2477/2360/2618
f 2412/2361/2616 2477/2360/2618 2410/2362/2619
f 2410/2362/2619 2477/2360/2618 2478/2363/64
f 2478/2363/64 2477/2360/2618 2475/2364/65
f 2474/2360/2615 2475/2364/65 2477/2360/2618
f 2476/2364/2620 2475/2364/65 2474/2360/2615
f 2473/2365/2621 2466/2366/2622 2467/2365/2623
f 2422/2367/2624 2465/2368/2625 2415/2369/2626
f 2415/2369/2626 2465/2368/2625 2414/2370/2627
f 2465/2368/2625 2466/2366/2622 2414/2370/2627
f 2414/2370/2627 2466/2366/2622 2473/2365/2621
f 2414/2370/2627 2473/2365/2621 2412/2361/2616
f 2412/2361/2616 2473/2365/2621 2467/2365/2623
f 2412/2361/2616 2467/2365/2623 2472/2358/2617
f 2472/2358/2617 2467/2365/2623 2468/2371/2628
f 2468/2371/2628 2471/2358/2629 2472/2358/2617
f 2470/2371/2630 2471/2358/2629 2468/2371/2628
f 2468/2371/2628 2469/2372/2631 2470/2371/2630
f 2457/2372/265 2469/2372/2631 2468/2371/2628
f 2467/2365/2623 2457/2372/265 2468/2371/2628
f 2455/2366/265 2457/2372/265 2467/2365/2623
f 2467/2365/2623 2466/2366/2622 2455/2366/265
f 2466/2366/2622 2452/2373/2632 2455/2366/265
f 2465/2368/2625 2452/2373/2632 2466/2366/2622
f 2431/2374/2624 2452/2373/2632 2465/2368/2625
f 2422/2367/2624 2431/2374/2624 2465/2368/2625
f 2464/2375/2633 2462/2376/1896 2463/2375/267
f 2463/2375/267 2462/2376/1896 2456/2376/265
f 2461/2375/1710 2456/2376/265 2460/2377/766
f 2460/2377/766 2456/2376/265 2454/2373/265
f 2454/2373/265 2453/2377/2634 2460/2377/766
f 2457/2372/265 2458/2376/2635 2459/2372/1886
f 2456/2376/265 2458/2376/2635 2457/2372/265
f 2455/2366/265 2456/2376/265 2457/2372/265
f 2454/2373/265 2456/2376/265 2455/2366/265
f 2455/2366/265 2452/2373/2632 2454/2373/265
f 2452/2373/2632 2453/2377/2634 2454/2373/265
f 2431/2374/2624 2453/2377/2634 2452/2373/2632
f 2451/2378/2636 2449/2379/811 2450/2380/781
f 2450/2380/781 2449/2379/811 2432/2381/2624
f 2432/2381/2624 2447/2382/2637 2448/2380/2638
f 2430/2383/2624 2447/2382/2637 2432/2381/2624
f 2430/2383/2624 2446/2384/2639 2447/2382/2637
f 2444/2383/2640 2446/2384/2639 2430/2383/2624
f 2444/2383/2640 2445/2384/1698 2446/2384/2639
f 2440/2383/265 2445/2384/1698 2444/2383/2640
f 2440/2383/265 2442/2385/788 2443/2384/2641
f 2439/2386/265 2442/2385/788 2440/2383/265
f 2441/2383/2632 2430/2383/2624 2429/2387/2632
f 2429/2387/2632 2440/2383/265 2441/2383/2632
f 2428/2387/265 2440/2383/265 2429/2387/2632
f 2428/2387/265 2427/2388/265 2440/2383/265
f 2440/2383/265 2427/2388/265 2439/2386/265
f 2439/2386/265 2427/2388/265 2436/2389/2642
f 2436/2389/2642 2438/2390/2643 2439/2386/265
f 2439/2386/265 2438/2390/2643 2437/2385/2644
f 2436/2389/2642 2427/2388/265 2435/2391/2645
f 2434/2379/813 2433/2377/814 2432/2381/2624
f 2432/2381/2624 2433/2377/814 2431/2374/2624
f 2431/2374/2624 2430/2383/2624 2432/2381/2624
f 2430/2383/2624 2431/2374/2624 2422/2367/2624
f 2429/2387/2632 2430/2383/2624 2422/2367/2624
f 2429/2387/2632 2422/2367/2624 2420/2367/2646
f 2420/2367/2646 2428/2387/265 2429/2387/2632
f 2419/2367/1706 2428/2387/265 2420/2367/2646
f 2419/2367/1706 2427/2388/265 2428/2387/265
f 2423/2392/1702 2427/2388/265 2419/2367/1706
f 2427/2388/265 2423/2392/1702 2426/2391/2647
f 2426/2391/2647 2423/2392/1702 2425/2393/2648
f 2423/2392/1702 2424/2394/2649 2425/2393/2648
f 2418/2395/1705 2424/2394/2649 2423/2392/1702
f 2419/2367/1706 2418/2395/1705 2423/2392/1702
f 2420/2367/2646 2422/2367/2624 2421/2369/2650
f 2421/2369/2650 2413/2369/2651 2420/2367/2646
f 2420/2367/2646 2413/2369/2651 2419/2367/1706
f 2413/2369/2651 2418/2395/1705 2419/2367/1706
f 2413/2369/2651 2411/2396/2652 2418/2395/1705
f 2411/2396/2652 2417/2397/2653 2418/2395/1705
f 2418/2395/1705 2417/2397/2653 2416/2394/2654
f 2411/2396/2652 2409/2398/1715 2408/2397/1715
f 2414/2370/2627 2413/2369/2651 2415/2369/2626
f 2412/2361/2616 2413/2369/2651 2414/2370/2627
f 2412/2361/2616 2411/2396/2652 2413/2369/2651
f 2411/2396/2652 2412/2361/2616 2410/2362/2619
f 2409/2398/1715 2411/2396/2652 2410/2362/2619
f 2410/2362/2619 2407/2399/1739 2409/2398/1715
f 2409/2398/1715 2407/2399/1739 2408/2397/1715
f 2408/2397/1715 2407/2399/1739 2406/2400/1715
f 2403/2401/2631 2399/2402/267 2405/2402/2655
f 2402/2403/1896 2401/2401/265 2404/2401/2656
f 2401/2401/265 2399/2402/267 2403/2401/2631
f 2391/2403/265 2401/2401/265 2402/2403/1896
f 2397/2404/265 2401/2401/265 2391/2403/265
f 2398/2405/265 2401/2401/265 2397/2404/265
f 2398/2405/265 2399/2402/267 2401/2401/265
f 2400/2406/2657 2399/2402/267 2398/2405/265
f 2391/2403/265 2395/2407/1971 2397/2404/265
f 2397/2404/265 2395/2407/1971 2396/2408/1971
f 2396/2408/1971 2395/2407/1971 2394/2408/1963
f 2394/2408/1963 2395/2407/1971 2386/2407/2658
f 2394/2408/1963 2386/2407/2658 2393/2409/1972
f 2393/2409/1972 2386/2407/2658 2392/2410/1973
f 2391/2403/265 2390/2403/2631 2389/2407/2659
f 2389/2407/2659 2390/2403/2631 2388/2407/648
f 2389/2407/2659 2388/2407/648 2386/2407/2660
f 2386/2407/2660 2388/2407/648 2387/2407/2661
f 2386/2407/2662 2384/2407/2663 2385/2410/1964
f 2385/2410/1964 2384/2407/2663 2383/2410/2664
f 2382/416/390 2380/2411/2665 2381/416/472
f 2381/416/472 2380/2411/2665 2379/2411/2666
f 2378/2412/2318 2377/2413/2666 2368/2414/2321
f 2368/2414/2321 2377/2413/2666 2376/2415/652
f 2376/2415/652 2375/2416/2667 2368/2414/2321
f 2368/2414/2321 2375/2416/2667 2369/2417/2668
f 2374/2416/2669 2373/2418/2609 2369/2417/2668
f 2369/2417/2668 2373/2418/2609 2372/2419/2326
f 2371/2420/2327 2369/2417/2668 2372/2419/2326
f 2370/2421/2329 2369/2417/2668 2371/2420/2327
f 2365/2422/2319 2369/2417/2668 2370/2421/2329
f 2368/2414/2321 2369/2417/2668 2365/2422/2319
f 2365/2422/2319 2366/2412/2670 2368/2414/2321
f 2367/2423/2318 2366/2412/2670 2365/2422/2319
f 2363/2424/1691 2362/2425/2671 2364/2426/2672
f 2358/2427/2673 2362/2425/2671 2363/2424/1691
f 2362/2425/2671 2358/2427/2673 2361/2428/2674
f 2361/2428/2674 2358/2427/2673 2357/2429/2675
f 2358/2427/2673 2355/2430/2676 2357/2429/2675
f 2358/2427/2673 2359/2431/1693 2355/2430/2676
f 2360/2424/2677 2359/2431/1693 2358/2427/2673
f 2357/2429/2675 2355/2430/2676 2351/2432/2678
f 2355/2430/2676 2353/2433/2679 2351/2432/2678
f 2353/2433/2679 2355/2430/2676 2356/2430/2680
f 2356/2430/2680 2355/2430/2676 2354/2431/787
f 2351/2432/2678 2353/2433/2679 2352/2434/2681
f 2351/2432/2682 2350/2434/2683 2349/2435/2684
