# Blender 5.0.0
# www.blender.org
mtllib building4.mtl
o Tower_05.smd
v -30.205273 -0.000011 12.338641
v -30.599703 -0.000008 12.966345
v -30.375513 -0.000008 12.702391
v -53.926792 24.901583 -4.037879
v -53.963905 24.806293 -3.852209
v -53.886112 24.781952 -4.037946
v -54.006577 24.909327 -3.860787
v -53.926800 25.026361 -4.037879
v -54.006676 25.026379 -3.860448
v -54.049812 34.542660 -3.860454
v -53.969936 34.542641 -4.037880
v -54.728111 35.867683 -4.037883
v -54.807987 35.829277 -3.869199
v -54.023033 3.793528 7.197920
v -53.943195 3.628708 7.135138
v -54.023148 6.601299 -3.865805
v -53.943287 6.537974 -4.037875
v -53.943298 6.823516 -4.037875
v -54.023178 6.823530 -3.860447
v -54.023678 19.836899 -3.860449
v -53.943802 19.836884 -4.037878
v -54.023720 20.025610 -3.860449
v -53.943840 20.025595 -4.037878
v -54.023636 20.145245 -3.860791
v -53.943851 20.153025 -4.037878
v -53.981522 20.245579 -3.852354
v -53.903725 20.270000 -4.037938
v -53.598732 21.322880 -3.661226
v -53.524849 21.339508 -4.039125
v -53.598804 23.729073 -3.661222
v -53.524929 23.712458 -4.039125
v -30.550211 12.281720 -11.116163
v -29.024632 20.356842 -13.671448
v -31.753139 12.270911 -11.765456
v -28.175335 35.867741 -8.711442
v -28.187424 22.757919 -8.274473
v -28.187424 35.867741 -8.274475
v -28.175198 22.757919 -8.707815
v -28.233746 21.524179 -8.699131
v -28.165554 21.512985 -11.058489
v -28.336487 20.287874 -10.896091
v -28.187737 20.305552 -11.348642
v -29.732670 12.261861 -9.613482
v -29.831295 12.264035 -9.747315
v -28.329388 20.329662 -11.802895
v -29.962902 12.266375 -9.969590
v -28.413971 20.339815 -12.075062
v -30.270844 12.274423 -10.570777
v -28.734158 20.348749 -12.912101
v -28.567354 21.536249 -13.166413
v -28.860241 21.538416 -13.947107
v -28.511158 22.757910 -13.253070
v -28.246021 21.526194 -8.274475
v -28.303986 22.757919 -7.931295
v -28.408335 20.302877 -8.674358
v -29.829567 12.260968 -9.482580
v -29.843590 12.166202 -9.593430
v -29.894531 12.167264 -9.747317
v -30.074280 12.168771 -9.969586
v -30.378033 12.179508 -10.542023
v -30.653593 12.189251 -11.061331
v -28.361767 21.520056 -7.934665
v -29.949421 12.254380 -8.458750
v -28.421267 20.305580 -8.274474
v -29.970993 12.253192 -8.274473
v -28.533533 20.292847 -7.944665
v -30.026081 12.253194 -8.031583
v -30.121140 12.160005 -8.113992
v -30.082314 12.160005 -8.274473
v -30.048937 12.160888 -8.458750
v -29.863499 12.165811 -9.482580
v -48.094017 43.353889 4.368928
v -48.273350 43.347706 4.446578
v -48.094017 43.135773 4.372983
v -48.270950 43.526127 4.448661
v -48.088139 44.047791 4.378809
v -48.265564 44.048721 4.454585
v -55.693855 43.010098 4.185794
v -55.686592 41.861828 2.912097
v -55.620674 43.069546 4.069054
v -55.608711 41.999836 2.800662
v -55.667274 40.833946 1.588065
v -55.588310 40.975384 1.480957
v -55.667191 40.137848 0.644893
v -55.588310 40.280289 0.539101
v -55.588310 39.517063 -0.482480
v -55.667168 39.374737 -0.376545
v -55.667393 38.599529 -1.422553
v -55.588310 38.739185 -1.531896
v -55.537636 37.627403 -2.599481
v -55.458050 37.755939 -2.721207
v -55.323860 36.730701 -3.430710
v -55.243984 36.829258 -3.575896
v -18.799547 86.401321 3.174482
v -18.556248 86.082367 3.174482
v -18.556242 86.401329 3.174482
v -18.811127 86.082336 3.174482
v -31.982124 86.401283 3.023894
v -47.633766 86.401245 3.155728
v -48.011635 86.082298 3.155728
v -48.266529 86.401237 3.155729
v -48.266529 86.082291 3.155730
v -48.266533 76.714066 3.155729
v -48.011635 76.714081 3.155731
v -18.811129 76.713814 3.174485
v -18.556238 76.714134 3.174486
v -28.819805 39.940609 -14.908173
v -27.797415 39.517139 -13.960922
v -27.532368 39.943531 -13.849773
v -29.056095 39.517139 -14.988262
v -28.546455 37.755989 -14.055126
v -29.790710 37.755997 -15.035017
v -28.805609 35.867710 -14.053429
v -30.045586 35.867691 -15.028845
v -28.804834 22.757929 -14.040898
v -30.046345 22.757938 -15.000462
v -30.100109 21.541319 -14.896734
v -30.259159 20.367651 -14.594873
v -28.511557 35.867722 -13.267909
v -28.250677 37.756001 -13.268796
v -27.497852 39.517139 -13.130170
v -27.212437 39.946861 -12.989565
v -27.261208 40.318851 -13.674688
v -26.938702 40.315422 -12.800293
v -26.979004 40.627628 -13.409997
v -26.661095 40.626385 -12.530028
v -26.632881 40.977074 -13.055857
v -28.187441 22.757914 -12.384639
v -28.187424 35.867733 -12.402027
v -27.924644 37.756020 -12.402020
v -27.167641 39.517143 -12.214425
v -26.859772 39.950531 -12.041353
v -26.583204 40.311649 -11.836443
v -26.310665 40.625015 -11.560037
v -26.326820 40.976910 -12.174659
v -25.989449 40.976734 -11.203309
v -22.042278 45.072819 -7.744529
v -21.705244 45.072956 -6.856428
v -21.387325 45.879349 -7.002681
v -21.054512 45.879414 -6.137798
v -20.940268 45.879475 -5.784937
v -20.403772 46.685871 -5.620640
v -21.568205 45.073086 -6.461817
v -25.853804 40.976551 -10.804229
v -26.204063 40.606831 -11.206863
v -26.472710 40.308910 -11.490762
v -26.746634 39.964073 -11.708904
v -27.076275 39.517143 -11.915903
v -27.844181 37.756012 -12.126163
v -28.107805 35.867733 -12.127217
v -28.107637 22.757914 -12.108211
v -27.954361 35.867729 -11.631520
v -27.954365 22.757914 -11.612536
v -28.163654 21.529385 -12.030184
v -28.244511 21.533878 -12.305841
v -28.013641 21.519371 -11.544620
v -28.107267 22.757919 -11.115419
v -28.108173 35.867744 -11.139186
v -27.843948 37.756027 -11.139182
v -27.691582 37.756012 -11.631520
v -27.912334 37.756031 -8.485567
v -27.087938 39.517143 -10.942655
v -26.934576 39.517143 -11.438487
v -26.592264 39.999012 -11.235970
v -26.735996 40.012180 -10.735038
v -26.375729 40.284245 -11.074018
v -26.541618 40.269608 -10.593982
v -26.162066 40.606831 -10.856629
v -26.348751 40.494747 -10.404070
v -25.756386 40.976265 -10.396733
v -25.907358 40.976120 -9.913470
v -21.472179 45.073307 -6.067194
v -21.625841 45.073402 -5.554306
v -20.821438 45.879578 -5.343636
v -20.974916 45.879639 -4.840480
v -20.170698 46.685867 -4.836457
v -20.323597 46.685856 -4.344647
v -21.045469 45.880043 -0.572611
v -20.394674 46.685860 0.380244
v -21.696230 45.074211 -1.569857
v -25.976925 40.975063 -6.735230
v -26.387976 40.526310 -7.172443
v -26.603128 40.276264 -7.393856
v -26.810749 40.002369 -7.592412
v -27.155483 39.517147 -7.906780
v -21.054506 45.880093 -0.025921
v -20.403778 46.685863 0.985476
v -21.705244 45.074322 -1.059472
v -25.989449 40.974873 -6.163185
v -26.395037 40.531994 -6.590790
v -26.614199 40.277458 -6.817871
v -26.824205 40.000607 -7.026775
v -27.167643 39.517147 -7.360357
v -27.924646 37.756031 -8.007946
v -21.222349 45.880131 0.371602
v -21.867626 45.074409 -0.636991
v -26.149578 40.974731 -5.737441
v -26.586273 40.488899 -6.215285
v -26.769791 40.271084 -6.413029
v -26.945477 40.034744 -6.596063
v -27.307405 39.517147 -6.966217
v -28.048071 37.756031 -7.649291
v -28.303984 35.867748 -7.931302
v -19.101440 76.353249 -4.136093
v -19.254889 76.353279 -4.632070
v -19.393913 48.210217 -4.219339
v -19.217117 76.353264 -3.696934
v -19.543594 48.218174 -3.763299
v -19.456072 63.514095 1.699794
v -19.459469 63.190853 1.698208
v -19.470119 63.270813 2.393692
v -19.474068 62.889843 2.391699
v -19.586021 62.951279 2.749362
v -19.591537 62.403629 2.747075
v -19.479525 62.363522 2.388945
v -19.734152 48.242798 2.687939
v -19.626217 48.211735 2.314895
v -20.097424 47.559540 2.217884
v -19.954229 47.559536 1.846403
v -20.556780 46.685856 1.371993
v -19.321180 76.353256 1.762787
v -19.466885 63.582859 2.395325
v -19.582413 63.309593 2.750858
v -19.334507 76.353249 2.462147
v -19.579325 63.616230 2.752139
v -19.451048 76.353691 2.805330
v -19.469007 62.282860 1.693753
v -19.463936 62.765705 1.696122
v -19.616835 48.212467 1.624719
v -20.735567 46.685867 -6.474038
v -20.285337 47.559536 -6.055604
v -19.954227 47.559536 -5.241858
v -19.966280 48.184601 -5.811762
v -19.639343 48.185631 -5.010604
v -19.861742 47.559536 -4.938137
v -19.552069 48.193138 -4.724569
v -19.721157 47.559540 -4.462466
v -19.874483 47.559532 -3.966604
v -19.945175 47.559536 1.186339
v -20.303503 46.685867 -5.299820
v -23.369427 76.623512 -7.927511
v -32.598385 91.851662 -7.918921
v -32.598385 76.623657 -7.918917
v -23.369514 91.851685 -7.918921
v -22.931190 76.623634 -7.927515
v -22.930216 91.851685 -7.918919
v -21.191051 76.624405 -7.405941
v -21.191042 91.851669 -7.380469
v -21.212996 91.974892 -7.380469
v -22.944822 91.974907 -7.918919
v -23.369518 91.974907 -7.918921
v -32.591343 91.974907 -7.918924
v -48.274166 43.213779 4.154858
v -48.156719 43.069324 4.258821
v -48.276421 43.070946 4.154533
v -48.096752 43.211563 4.220697
v -48.088139 44.047764 4.216957
v -48.265564 44.048683 4.148378
v -48.088131 45.072514 4.212327
v -48.265564 45.072529 4.139957
v -48.088131 46.685780 4.212543
v -48.265564 46.685787 4.140359
v -48.088135 48.433125 4.212521
v -48.265564 48.433125 4.140325
v -48.088135 49.844784 4.212509
v -48.265564 49.844788 4.140296
v -48.088131 51.306374 4.212493
v -48.265564 51.306377 4.140267
v -48.088135 53.154186 4.212421
v -48.265564 53.154198 4.140231
v -48.087391 73.827904 4.212208
v -48.264820 73.827911 4.140026
v -48.265282 76.467308 4.134778
v -48.116348 76.555634 4.209487
v -56.769012 12.836140 -9.015246
v -56.769012 12.836140 -9.128327
v -56.769016 12.949219 -9.015247
v -56.983757 12.949219 -9.128326
v -56.769016 12.836135 -10.937926
v -56.983749 12.949214 -11.062156
v -56.769016 12.836135 -11.093349
v -56.769012 12.949212 -11.175239
v -56.824318 45.770260 -1.029020
v -56.912155 44.964260 -1.919621
v -57.073402 44.964340 -2.032768
v -56.712547 45.770157 -0.915869
v -56.597584 46.576141 0.050500
v -56.512985 46.576134 0.163579
v -56.023960 47.449799 0.995479
v -55.973984 47.449802 1.108561
v -55.566628 48.111057 1.468974
v -55.561054 48.111664 1.582515
v -40.964401 62.170071 1.608614
v -40.757240 62.175362 1.721695
v -40.583851 91.223236 -6.648058
v -40.583851 91.223236 -2.519884
v -40.583851 82.782928 -2.519883
v -40.583851 76.496918 -6.648057
v -40.583851 76.496895 1.608292
v -20.628681 76.418350 2.850341
v -19.802416 76.420830 2.849678
v -20.610571 76.354187 2.947472
v -19.732435 76.354195 2.947473
v -19.566793 76.433105 2.805332
v -19.451048 76.353691 2.805330
v -53.575916 4.680992 -8.275568
v -53.575912 8.578692 -8.274522
v -31.573353 4.681050 -8.275566
v -31.573353 8.578753 -8.274526
v -53.575912 8.783340 -8.274468
v -31.573353 8.783400 -8.274471
v -53.774849 4.680992 -8.356531
v -53.774845 8.578691 -8.355487
v -53.774845 8.783339 -8.355433
v -53.578228 9.002335 -8.274468
v -31.573353 9.002395 -8.274471
v -53.777164 9.002333 -8.355433
v -53.610912 12.088851 -8.274471
v -31.573353 12.088908 -8.274474
v -31.374424 12.088913 -8.355436
v -31.374426 9.002398 -8.355435
v -31.374426 8.783403 -8.355435
v -31.374426 8.578756 -8.355489
v -31.374424 4.681054 -8.356529
v -31.413345 4.523645 -8.394752
v -31.573353 4.485590 -8.356614
v -53.575916 4.485527 -8.356617
v -53.735916 4.523582 -8.394753
v -53.809841 12.088848 -8.355435
v -19.952682 76.352821 -6.431613
v -21.191055 76.352577 -7.406165
v -20.262873 48.183643 -6.538563
v -21.499538 48.183563 -7.480955
v -20.585718 47.559536 -6.793828
v -21.814583 47.559494 -7.716329
v -21.036564 46.685863 -7.248234
v -22.299004 46.685841 -8.219589
v -21.689251 45.879261 -7.787299
v -22.956371 45.879189 -8.781597
v -22.348040 45.072670 -8.550204
v -23.624037 45.072521 -9.561381
v -27.910160 40.977253 -14.134952
v -28.273720 40.625378 -14.492908
v -28.557781 40.321884 -14.750212
v -19.658634 76.353050 -5.706207
v -19.334507 76.353279 -4.906588
v -47.887299 86.401245 12.076956
v -48.266529 86.082291 12.076957
v -48.266529 86.401245 12.076956
v -47.887299 86.082291 12.076959
v -32.065601 86.401291 12.076956
v -32.048649 86.082359 12.076961
v -32.078732 80.673775 12.076959
v -35.905426 76.713829 12.076960
v -47.887302 76.713799 12.076962
v -48.266529 76.713791 12.076959
v -35.580669 1.827761 -8.575614
v -35.741589 2.019105 -8.499227
v -35.740322 1.888152 -8.479837
v -27.378105 12.253822 4.924056
v -27.378105 0.000014 10.795905
v -27.378105 12.317511 10.795902
v -27.378105 13.203539 6.675784
v -27.378105 13.260612 10.021363
v -27.378105 33.651585 10.021359
v -27.378105 34.598721 10.795898
v -27.378109 33.637016 6.673798
v -27.378109 34.582466 4.920571
v -27.378105 3.678160 8.354342
v -27.378105 6.332171 4.925965
v -27.378105 3.405783 8.581228
v -27.378105 3.087451 8.657941
v -27.378105 0.000013 8.657942
v -27.378105 35.438053 10.795898
v -27.378109 35.438053 4.920408
v -27.370712 35.867496 4.920348
v -27.370705 35.867496 10.795899
v -27.348532 36.296432 4.920324
v -27.348528 36.296436 10.795897
v -27.311741 36.829327 10.795896
v -27.311745 36.829311 4.920323
v -27.115328 37.756008 10.795896
v -27.115330 37.756012 4.920323
v -26.783270 38.739265 10.795897
v -26.783266 38.739265 4.920322
v -26.358315 39.517147 10.795896
v -26.358315 39.517147 4.920322
v -25.816139 40.280357 10.795896
v -25.816139 40.280365 4.920323
v -25.180130 40.974686 10.795896
v -25.180126 40.974686 4.920324
v -24.109079 42.001205 5.283235
v -24.109077 42.001205 10.795897
v -23.038027 43.024929 6.516422
v -23.038027 43.024944 10.795897
v -21.966974 44.049507 7.939028
v -21.966974 44.049511 10.795897
v -21.317701 44.593216 8.771156
v -21.319826 44.593220 10.795897
v -32.791637 76.531303 -7.592201
v -23.369431 76.539185 -7.692486
v -32.598385 76.623657 -7.918917
v -23.369427 76.623512 -7.927511
v -22.931190 76.623634 -7.927515
v -22.929655 76.539192 -7.634498
v -21.191051 76.624405 -7.405941
v -21.221748 76.539192 -7.289593
v -19.952681 76.625122 -6.431613
v -20.007071 76.539200 -6.377225
v -48.117439 76.625130 11.468362
v -48.266529 76.713936 11.456066
v -48.266529 76.713898 11.467869
v -48.115421 76.627525 11.456512
v -48.255203 76.713943 11.448588
v -48.102539 76.626076 11.448975
v -48.252159 76.713966 11.446529
v -48.102833 76.625137 11.446994
v -25.304466 40.974689 4.830825
v -24.233414 42.001202 5.193736
v -25.180128 40.974686 4.741323
v -24.109079 42.001209 5.104234
v -23.162359 43.024910 6.426918
v -23.038025 43.024944 6.337420
v -22.091316 44.049500 7.849515
v -21.966970 44.049507 7.760019
v -21.400915 44.696194 8.793112
v -21.235651 44.748833 8.740095
v -25.180128 40.974686 4.741323
v -25.816139 40.280365 4.741322
v -25.304466 40.974689 4.830825
v -25.940483 40.280369 4.830824
v -26.358315 39.517151 4.741320
v -26.482655 39.517151 4.830822
v -26.783264 38.739269 4.741322
v -26.907604 38.739285 4.830822
v -27.115326 37.756016 4.741322
v -27.239658 37.756016 4.830824
v -27.311737 36.829308 4.741322
v -27.436073 36.829311 4.830824
v -27.348515 36.296440 4.741322
v -27.472862 36.296417 4.830824
v -27.370705 35.867496 4.741322
v -27.495045 35.867493 4.830824
v -27.378105 35.438053 4.741323
v -27.502443 35.438049 4.830825
v -27.502443 34.584969 4.830825
v -27.378105 34.581970 4.741323
v -27.378105 6.355187 4.741326
v -27.502449 6.343680 4.830830
v -41.622387 15.689268 12.966345
v -41.622330 15.913485 12.702376
v -30.599716 15.670907 12.966348
v -30.398151 15.872301 12.715814
v -41.622284 16.083731 12.338597
v -30.344845 16.065294 12.338643
v -30.205273 15.925705 12.338643
v -30.034000 15.925673 12.076972
v -30.344849 16.236567 12.076970
v -35.898502 76.624985 11.927867
v -47.887299 76.625145 11.927881
v -35.905426 76.713829 12.076960
v -47.887302 76.713799 12.076962
v -48.117477 76.625153 11.927911
v -48.266529 76.713791 12.076959
v -19.334507 91.974915 2.947493
v -19.334507 91.974907 2.462143
v -19.334507 91.851662 2.947493
v -19.334505 91.851685 2.462143
v -19.319433 91.974915 1.762734
v -19.319433 91.851700 1.762735
v -19.201757 91.974930 -3.697368
v -19.201759 91.851685 -3.697368
v -19.101437 91.974945 -4.136098
v -19.101442 91.851746 -4.136098
v -19.254887 91.974937 -4.616983
v -19.254885 91.851715 -4.632072
v -19.334505 91.974953 -4.886770
v -19.334499 91.851677 -4.906589
v -19.658634 91.974953 -5.682378
v -19.334505 76.629707 2.462147
v -19.334507 76.630325 2.947470
v -19.321144 76.629349 1.762738
v -19.216839 76.626633 -3.697367
v -19.101442 76.626434 -4.136095
v -19.254885 76.625908 -4.632070
v -19.334499 76.625656 -4.906585
v -19.658628 91.851677 -5.706211
v -19.952677 91.974930 -6.404155
v -19.952673 91.851639 -6.431630
v -21.212996 91.974892 -7.380469
v -21.191042 91.851669 -7.380469
v -21.191051 76.624405 -7.405941
v -19.952681 76.625122 -6.431613
v -19.658634 76.625381 -5.706206
v -21.221865 76.438416 -7.289251
v -19.952682 76.352821 -6.431613
v -20.007439 76.438416 -6.376861
v -21.191055 76.352577 -7.406165
v -22.929644 76.438416 -7.634593
v -22.931213 76.352333 -7.927518
v -23.369429 76.438408 -7.692655
v -23.369434 76.352264 -7.987945
v -32.598385 76.352180 -7.927518
v -32.791641 76.417168 -7.595511
v -27.378105 6.355187 4.741326
v -27.378105 6.259757 4.793136
v -27.502449 6.343680 4.830830
v -27.502447 6.301714 4.846612
v -27.378105 6.216949 4.845413
v -27.502449 6.274557 4.882873
v -31.505928 -0.000003 12.966342
v -31.505920 2.542315 12.966347
v -30.599703 -0.000008 12.966345
v -30.599705 2.558879 12.966346
v -30.599716 15.670907 12.966348
v -31.560286 2.639004 12.966347
v -41.622860 7.176262 12.966347
v -41.622387 15.689268 12.966345
v -54.177387 6.537974 -4.037878
v -55.077953 6.537971 -4.037878
v -54.177315 3.628786 7.135158
v -55.077953 3.629088 7.135237
v -55.332836 3.634696 7.113657
v -55.332832 6.537971 -4.037877
v -19.566793 76.433105 2.805332
v -19.463797 76.441841 2.462148
v -19.451048 76.353691 2.805330
v -19.334507 76.353249 2.462147
v -19.449362 76.440872 1.762774
v -19.321180 76.353256 1.762787
v -19.336685 76.438408 -3.697060
v -19.217117 76.353264 -3.696934
v -19.230051 76.438416 -4.136094
v -19.101440 76.353249 -4.136093
v -19.254889 76.353279 -4.632070
v -19.377226 76.438408 -4.632065
v -19.334507 76.353279 -4.906588
v -19.447790 76.438408 -4.906585
v -19.658634 76.353050 -5.706207
v -19.741230 76.438408 -5.677497
v -20.007439 76.438416 -6.376861
v -19.952682 76.352821 -6.431613
v -56.912209 35.758041 -9.015246
v -57.119438 37.646317 -8.864153
v -56.912205 37.646290 -8.751066
v -57.119434 35.758045 -9.128329
v -57.058037 17.581747 -9.128326
v -56.769016 12.949219 -9.015247
v -56.983757 12.949219 -9.128326
v -40.185898 76.489059 2.866038
v -20.627039 76.552673 2.850335
v -40.185898 76.359566 2.866038
v -20.628681 76.418350 2.850341
v -19.802416 76.420830 2.849678
v -19.794321 76.555382 2.849667
v -19.566793 76.433105 2.805332
v -19.564785 76.556519 2.805322
v -50.628071 -0.056463 -10.578532
v -34.876488 -0.056456 -10.578622
v -50.570099 0.064942 -10.470498
v -50.709915 0.097388 -10.501036
v -50.473972 0.098924 -10.279162
v -36.803444 1.262704 7.565166
v -48.701118 1.262697 7.565235
v -35.030586 0.098935 -10.279252
v -34.934456 0.055885 -10.461740
v -34.794640 0.097395 -10.501133
v -27.378109 0.000009 7.370963
v -27.378101 0.000014 7.507923
v -27.378105 3.308644 7.379356
v -27.378105 3.376707 7.516950
v -27.378105 3.062775 8.500730
v -27.378105 3.366561 8.422551
v -27.378105 3.515983 7.486504
v -27.378101 3.629951 8.172322
v -27.378113 3.629084 7.399708
v -27.378105 6.216949 4.845413
v -27.378119 3.701372 7.247072
v -27.378107 4.692754 3.514265
v -27.378109 4.556556 3.492089
v -27.378115 3.566327 7.255104
v -27.378105 3.451706 7.346585
v -27.378105 0.000015 8.500731
v -27.311737 36.829308 4.741322
v -27.311737 36.829327 3.514920
v -27.348515 36.296440 4.741322
v -27.348515 36.296455 3.514920
v -27.370705 35.867496 4.741322
v -27.370712 35.867519 3.514920
v -27.378105 35.438053 4.741323
v -27.378109 35.438049 3.514919
v -27.378105 34.581970 4.741323
v -27.378109 34.578583 3.514919
v -27.378105 6.355187 4.741326
v -27.378105 6.259757 4.793136
v -21.235651 44.748833 8.740095
v -21.236713 44.747688 7.954505
v -21.966970 44.049507 7.760019
v -21.966970 44.049511 6.968801
v -23.038025 43.024944 6.337420
v -23.038027 43.024944 5.546196
v -24.109079 42.001209 5.104234
v -24.109081 42.001202 4.054878
v -25.180128 40.974686 4.741323
v -25.180132 40.974686 3.514920
v -25.816139 40.280365 4.741322
v -25.816143 40.280365 3.514917
v -26.358315 39.517151 4.741320
v -26.358315 39.517147 3.514918
v -26.783264 38.739269 4.741322
v -26.783270 38.739277 3.514919
v -27.115326 37.756016 4.741322
v -27.115322 37.756031 3.514919
v -27.378105 28.276567 12.076971
v -27.378105 0.000011 12.076976
v -27.632988 28.276571 12.076971
v -27.583351 0.000010 12.076976
v -27.632988 0.000010 12.076976
v -30.033998 -0.000008 12.076973
v -30.033998 2.440110 12.076973
v -30.034000 15.925673 12.076972
v -30.344849 16.236567 12.076970
v -41.622234 16.254971 12.076968
v -52.732197 4.022406 -8.242988
v -32.458004 4.539589 -8.247876
v -52.732193 4.539575 -8.247756
v -32.458008 4.022420 -8.243114
v -32.452419 3.965556 -8.223652
v -32.411060 3.983534 -8.206556
v -52.728546 3.974856 -8.218132
v -21.867626 45.074409 -0.636991
v -26.149578 40.974731 -5.737441
v -22.227455 45.074432 -0.478463
v -26.557785 40.974678 -5.574600
v -56.912209 40.977371 -13.517512
v -56.912209 44.963081 -8.900275
v -57.072594 40.977371 -13.404428
v -57.073399 44.963108 -8.787195
v -56.712608 45.769627 -8.143758
v -56.824318 45.769627 -8.030676
v -30.205273 15.925705 12.338643
v -30.205273 2.474965 12.338642
v -30.398151 15.872301 12.715814
v -30.379114 2.524903 12.704527
v -30.375513 -0.000008 12.702391
v -30.205273 -0.000011 12.338641
v -30.398151 15.872301 12.715814
v -30.379114 2.524903 12.704527
v -30.599716 15.670907 12.966348
v -30.599705 2.558879 12.966346
v -30.599703 -0.000008 12.966345
v -30.375513 -0.000008 12.702391
v -48.265564 48.433128 9.272234
v -48.265564 49.838417 10.381280
v -48.265564 48.433128 10.135128
v -48.265564 49.836918 11.111553
v -48.265564 51.304718 11.025300
v -48.265560 51.304340 11.524680
v -48.265564 53.154980 11.323573
v -48.265564 53.155163 11.524680
v -48.265564 53.881111 11.524680
v -48.265564 54.701092 11.527332
v -48.265564 55.521877 11.528327
v -48.265564 56.366486 11.527714
v -48.223083 57.242077 11.525298
v -48.224049 58.123711 11.521061
v -32.249687 2.880213 -9.020135
v -32.288544 2.705125 -9.020321
v -32.249687 2.705134 -9.020133
v -32.249687 2.659794 -9.020138
v -32.288548 2.659795 -9.020323
v -52.596600 2.701872 -9.119541
v -52.635437 2.662359 -9.119660
v -32.288548 2.649835 -9.020243
v -52.661152 2.640698 -9.075624
v -32.249687 2.649855 -9.020137
v -32.249687 2.935531 -9.020139
v -32.288544 2.935518 -9.020160
v -32.288544 2.880221 -9.020217
v -52.453117 2.883516 -9.059304
v -52.504097 2.888480 -9.039469
v -52.653881 2.697816 -9.106153
v -52.668957 2.669082 -9.106627
v -52.690033 2.658785 -9.068629
v -52.428013 2.925525 -9.028585
v -52.473389 2.920563 -9.020595
v -27.502443 34.601715 10.885400
v -27.378105 0.000014 10.795905
v -27.502449 0.000013 10.885406
v -27.378105 12.317511 10.795902
v -27.378105 34.598721 10.795898
v -27.378105 35.438053 10.795898
v -27.502443 35.438049 10.885400
v -27.495045 35.867485 10.885401
v -27.370705 35.867496 10.795899
v -27.472858 36.296432 10.885398
v -27.348528 36.296436 10.795897
v -27.436077 36.829308 10.885400
v -27.311741 36.829327 10.795896
v -27.239658 37.756016 10.885402
v -27.115328 37.756008 10.795896
v -26.907604 38.739269 10.885404
v -26.783270 38.739265 10.795897
v -26.482655 39.517147 10.885399
v -26.358315 39.517147 10.795896
v -25.940491 40.280357 10.885396
v -25.816139 40.280357 10.795896
v -25.304466 40.974678 10.885396
v -25.180130 40.974686 10.795896
v -52.701988 2.613557 -8.360681
v -52.663654 2.578577 -8.369229
v -52.661922 2.621357 -8.377525
v -52.714256 2.614146 -8.340371
v -52.719090 2.617420 -8.345518
v -52.719902 2.627425 -8.307227
v -52.747314 2.097615 -8.422605
v -52.726955 2.605867 -8.283618
v -52.733086 2.098335 -8.477420
v -52.525524 2.894117 -8.989213
v -52.473389 2.920563 -9.020595
v -52.479584 2.931059 -8.977847
v -52.504097 2.888480 -9.039469
v -52.653881 2.697816 -9.106153
v -52.685623 2.691237 -9.056897
v -52.497173 2.944619 -6.569816
v -52.723724 2.643026 -8.310115
v -52.725567 2.944619 7.089268
v -52.725578 2.676836 7.089268
v -52.725426 2.630744 -8.288046
v -52.723705 2.640894 7.089270
v -52.718098 2.605339 7.089270
v -52.758133 1.827681 -8.496421
v -52.742962 1.827684 -8.549331
v -52.759930 1.269296 -9.258329
v -52.732410 1.303937 -9.287743
v -52.668957 2.669082 -9.106627
v -52.690033 2.658785 -9.068629
v -52.553589 1.827687 8.575798
v -52.433662 1.269305 8.566736
v -52.230473 0.153633 8.551376
v -52.783314 0.138121 -10.376008
v -52.223003 0.097091 8.550757
v -52.791496 0.096795 -10.412115
v -52.222305 0.040060 8.550552
v -52.770870 0.097337 -10.472083
v -52.813705 0.054418 -10.440227
v -53.055981 -0.297531 -10.636464
v -53.038849 -0.298427 -10.681795
v -53.604252 17.090677 -3.276972
v -53.654633 19.142750 -8.547111
v -53.585655 19.217236 -8.546187
v -51.310211 19.996622 -2.837750
v -51.328804 22.734652 -8.521064
v -51.255592 20.228798 -2.797039
v -51.259708 22.809122 -8.520297
v -51.234638 23.834217 -2.714121
v -51.234627 26.742973 -8.520021
v -51.201797 23.897837 -2.636934
v -51.201809 26.822256 -8.522765
v -53.505436 4.539570 7.717956
v -53.531464 4.539575 -8.925175
v -53.614899 4.584869 -8.995930
v -53.627258 4.634529 7.654989
v -53.630653 4.634740 -9.009352
v -53.643845 4.693748 7.638971
v -53.644703 4.695479 -9.021342
v -53.649445 4.755869 7.626797
v -53.649445 4.758655 -9.025456
v -53.649448 9.021094 -3.755895
v -53.649445 8.027328 -9.561569
v -53.649441 10.888875 -10.030907
v -53.649452 14.017976 -2.634987
v -53.649437 11.505383 -10.002553
v -53.649452 15.026129 -2.863715
v -53.679413 19.044308 -8.547815
v -53.677349 16.811495 -3.256635
v -53.659336 16.959913 -3.278501
v -57.119438 37.646324 -14.265921
v -56.912212 37.646324 -14.378998
v -57.033157 39.407425 -14.271856
v -56.912209 39.407413 -14.384935
v -56.912209 39.823277 -14.323244
v -57.032707 39.823277 -14.210165
v -56.912220 40.207298 -14.168941
v -57.033127 40.207176 -14.055949
v -56.912224 40.518036 -13.954960
v -57.034908 40.517818 -13.842087
v -56.912209 40.977371 -13.517512
v -57.072594 40.977371 -13.404428
v -53.775246 8.783339 -10.457694
v -53.578491 9.003980 -10.530687
v -53.777538 9.002333 -10.457757
v -53.610912 12.088851 -10.539608
v -31.573353 12.088908 -10.539598
v -31.573353 9.004035 -10.530684
v -31.374426 12.088913 -10.458638
v -31.374048 9.002397 -10.457754
v -31.573353 8.785156 -10.530051
v -31.374022 8.783401 -10.457693
v -31.573353 8.579515 -10.486381
v -31.373905 8.578303 -10.413286
v -31.573357 4.662873 -9.654657
v -31.371685 4.672012 -9.567540
v -31.409899 4.519246 -9.477078
v -31.573357 4.475442 -9.507300
v -53.575912 4.475379 -9.507298
v -53.575916 4.662804 -9.654661
v -53.739368 4.519180 -9.477077
v -53.777580 4.671947 -9.567536
v -53.809845 12.088851 -10.458642
v -53.775360 8.578239 -10.413288
v -53.576172 8.579459 -10.486385
v -53.576187 8.785102 -10.530055
v -32.476681 0.097350 -10.461919
v -32.464634 1.268255 -9.257617
v -32.483444 1.303090 -9.287174
v -32.479767 1.827667 -8.548090
v -32.464630 1.827602 -8.493651
v -32.481728 2.084669 -8.450217
v -32.464630 2.080443 -8.398215
v -32.464630 0.130629 -10.383726
v -32.458149 0.097054 -10.413153
v -32.439365 0.062908 -10.435847
v -32.485825 2.621029 -8.245957
v -32.464630 2.640713 -8.186740
v -32.464630 2.640715 7.089154
v -32.464630 1.807256 8.575682
v -32.464630 1.268256 8.568438
v -32.464634 0.144173 8.555449
v -32.464645 0.097350 8.555020
v -32.464642 0.050527 8.554880
v -32.175011 -0.297517 -10.636531
v -32.193275 -0.298418 -10.682025
v -32.479507 0.097354 -10.472548
v -31.540760 4.692286 7.636888
v -31.614552 4.564186 -8.935596
v -31.630310 4.563110 7.692722
v -31.575836 4.584854 -8.967286
v -31.540751 4.694250 -8.996563
v -31.540764 8.980883 -3.721949
v -31.540752 7.997274 -9.548156
v -31.540752 10.888892 -10.031046
v -31.540764 13.998228 -2.580157
v -31.540752 11.505408 -10.002684
v -31.540754 14.994853 -2.781505
v -31.570728 19.044317 -8.547943
v -31.568554 16.700581 -3.148341
v -31.591324 16.847977 -3.170789
v -31.597107 19.141296 -8.547261
v -31.650761 16.975214 -3.172064
v -31.668430 19.212105 -8.546406
v -34.251083 20.008284 -2.833737
v -34.233398 22.739799 -8.521083
v -34.308456 20.231735 -2.795792
v -34.304600 22.810541 -8.522426
v -34.330688 23.834352 -2.714219
v -34.330688 26.742941 -8.520120
v -34.363525 26.822224 -8.522864
v -34.363525 23.897953 -2.637031
v -48.115837 76.555641 4.305949
v -48.264771 76.467293 4.355197
v -48.086739 73.822304 4.308802
v -48.264168 73.822311 4.360667
v -48.088135 53.154217 4.349462
v -48.265564 53.154232 4.434486
v -48.088131 51.306293 4.353144
v -48.265564 51.306297 4.441097
v -48.088135 49.844460 4.356018
v -48.265564 49.844467 4.446326
v -48.088135 48.433128 4.358788
v -48.265564 48.433128 4.451375
v -48.088131 46.685783 4.362226
v -48.265564 46.685787 4.457625
v -48.088131 45.072594 4.390950
v -48.265564 45.072609 4.465067
v -48.265564 44.048721 4.454585
v -48.088139 44.047791 4.378809
v -25.180134 40.974689 3.204074
v -24.233418 42.001205 3.899456
v -24.109085 42.001209 3.744035
v -25.304468 40.974689 3.359496
v -25.816139 40.280369 3.204075
v -25.940483 40.280365 3.359496
v -26.358316 39.517147 3.204075
v -26.482655 39.517147 3.359496
v -26.783270 38.739269 3.204075
v -26.907604 38.739277 3.359496
v -27.115322 37.756016 3.204076
v -27.239660 37.756031 3.359499
v -27.311737 36.829327 3.204076
v -27.436079 36.829311 3.359499
v -27.348526 36.296436 3.204076
v -27.472860 36.296436 3.359499
v -27.370708 35.867485 3.204077
v -27.495045 35.867493 3.359484
v -27.378105 35.438049 3.204077
v -27.502447 35.438053 3.359442
v -27.502447 34.580894 3.359330
v -27.378105 34.577717 3.204077
v -27.378107 4.767677 3.201280
v -27.502445 4.737253 3.356091
v -27.378109 4.638916 3.179106
v -27.502445 4.601400 3.321677
v -27.378094 6.538049 -4.037875
v -27.378094 6.593701 -3.727034
v -27.378105 6.823397 -4.037875
v -27.378107 4.767677 3.201280
v -27.378105 34.577717 3.204077
v -27.378105 6.881308 -3.727032
v -27.378109 19.949720 -3.727036
v -27.378105 19.957062 -4.037878
v -27.378109 21.584471 -3.727036
v -27.378105 21.615288 -4.037878
v -27.378109 23.655077 -3.727036
v -27.378107 23.666241 -4.037878
v -27.378113 34.558544 -3.727038
v -27.378107 34.547848 -4.037880
v -27.378109 35.438053 -4.037878
v -27.378113 35.438061 -3.727038
v -27.378105 35.438049 3.204077
v -27.370239 35.879047 -3.672258
v -27.370708 35.867485 3.204077
v -27.349895 36.276493 -3.841502
v -27.348522 36.296436 -3.521081
v -27.311737 36.829338 -3.575894
v -27.370762 35.868504 -3.986772
v -27.348526 36.296436 3.204076
v -27.311737 36.829338 -3.265052
v -27.311737 36.829327 3.204076
v -27.115322 37.756027 -2.410365
v -27.115322 37.756016 3.204076
v -26.783266 38.739269 -1.304848
v -26.783270 38.739269 3.204075
v -26.358315 39.517151 -0.339557
v -26.358316 39.517147 3.204075
v -25.816139 40.280365 0.753199
v -25.816139 40.280369 3.204075
v -25.180134 40.974686 1.737272
v -25.180134 40.974689 3.204074
v -24.109081 42.001209 2.792259
v -24.109085 42.001209 3.744035
v -23.038023 43.024944 3.328208
v -23.038025 43.024944 5.235357
v -21.966967 44.049511 3.470614
v -21.211794 44.770748 3.208222
v -21.966970 44.049500 3.159770
v -23.038023 43.024944 3.017365
v -24.109081 42.001209 2.541353
v -25.180128 40.974689 1.426434
v -25.816139 40.280369 0.454790
v -26.358315 39.517147 -0.564085
v -26.783266 38.739269 -1.615693
v -27.115326 37.756023 -2.721206
v -21.966972 44.049511 6.657966
v -21.213898 44.768867 3.518929
v -20.895929 45.072609 3.480143
v -20.895927 45.072418 3.208222
v -20.751101 45.251961 3.208221
v -20.750923 45.252350 3.480143
v -19.594450 46.685871 3.465488
v -20.747738 45.257030 8.135199
v -19.594450 46.685871 8.211531
v -18.705511 48.433197 3.467613
v -18.705511 48.433205 8.216900
v -18.539263 49.845551 3.476791
v -18.539255 49.845810 8.210314
v -18.543547 51.305531 3.485332
v -18.543543 51.306042 8.203035
v -18.543543 73.590675 3.468719
v -21.225040 44.758789 7.657755
v -20.895929 45.073414 8.055281
v -18.554789 73.590080 8.195227
v -18.556240 76.466637 8.194220
v -18.543543 76.467377 3.466575
v -18.556255 76.467377 3.174485
v -18.554802 73.590660 3.174485
v -18.543549 51.305412 3.174489
v -18.539261 49.845497 3.165944
v -18.705513 48.433205 3.156774
v -19.594452 46.685879 3.154644
v -56.769012 12.949212 -11.175239
v -57.099602 20.174208 -13.775990
v -56.983749 12.949214 -11.062156
v -56.891281 20.173798 -13.888913
v -57.114281 21.390263 -14.120314
v -56.906769 21.390045 -14.233334
v -57.119438 22.648218 -14.243135
v -56.912216 22.648218 -14.356215
v -56.912216 35.758022 -14.383989
v -57.119434 35.758030 -14.270914
v -56.912212 37.646324 -14.378998
v -57.119438 37.646324 -14.265921
v -31.575836 4.584854 -8.967286
v -31.540751 4.694250 -8.996563
v -31.695415 4.539590 -8.995810
v -53.494789 4.539575 -9.024965
v -53.603897 4.648688 -9.025239
v -53.614899 4.584869 -8.995930
v -53.630653 4.634740 -9.009352
v -53.644703 4.695479 -9.021342
v -53.649445 4.758655 -9.025456
v -31.540752 7.997274 -9.548156
v -53.649445 8.027328 -9.561569
v -31.540752 10.888892 -10.031046
v -53.649441 10.888875 -10.030907
v -53.649437 11.505383 -10.002553
v -31.540752 11.505408 -10.002684
v -40.407631 76.295326 -6.648057
v -40.248333 76.291054 -6.761135
v -40.352901 76.414665 -6.648058
v -40.145672 76.414642 -6.761137
v -40.360531 76.305809 1.608291
v -40.407631 76.295326 -6.648057
v -40.352901 76.414673 1.608291
v -40.352901 76.414665 -6.648058
v -40.376625 91.223244 -6.761136
v -40.583851 91.223236 -6.648058
v -40.376625 76.496887 -6.761138
v -40.583851 76.496918 -6.648057
v -28.692524 13.967676 7.302460
v -28.692528 14.019428 9.392960
v -28.692528 32.876274 7.301218
v -28.692528 32.889481 9.392958
v -48.266533 76.714066 3.155729
v -48.266525 76.713036 3.466572
v -48.102840 76.616592 3.324327
v -48.117584 76.624725 3.619982
v -48.265324 76.713112 4.134669
v -48.116348 76.624763 4.209470
v -54.805870 20.804752 -3.908062
v -54.835487 21.339504 -3.789208
v -55.059643 20.804752 -3.845245
v -55.028458 20.269997 -4.025506
v -55.283802 20.269997 -4.025622
v -55.077953 20.153023 -4.037881
v -55.320442 20.150381 -4.034781
v -55.077953 20.025593 -4.037881
v -55.332832 20.025589 -4.037881
v -55.332836 19.836910 -4.037881
v -55.077953 19.836916 -4.037880
v -55.077953 6.823559 -4.037878
v -55.332832 6.823318 -4.037878
v -55.077953 6.537971 -4.037878
v -55.332832 6.537971 -4.037877
v -54.177387 6.537974 -4.037878
v -54.177399 6.823526 -4.037878
v -54.177795 19.836891 -4.037880
v -54.177826 20.025595 -4.037880
v -54.177834 20.153025 -4.037880
v -54.135773 20.269999 -4.027364
v -54.580601 21.339504 -3.789208
v -54.580601 23.712458 -3.789210
v -54.835487 23.712458 -3.789209
v -55.027607 24.781948 -4.025294
v -53.738655 21.339508 -3.827297
v -53.738716 23.712458 -3.827299
v -54.117279 24.781952 -4.027222
v -54.159920 24.901583 -4.037881
v -55.077953 24.901579 -4.037881
v -55.077953 25.026361 -4.037880
v -54.159924 25.026361 -4.037879
v -55.055489 33.241341 -4.037881
v -54.229660 34.542641 -4.037885
v -55.147110 34.542637 -4.037885
v -55.027802 35.867683 -4.037883
v -56.086411 35.867676 -4.037883
v -55.535011 36.829258 -3.575896
v -56.563015 36.829254 -3.575895
v -55.768375 37.755939 -2.721206
v -56.864559 37.755939 -2.721206
v -55.059643 24.247208 -3.845247
v -55.283802 24.781944 -4.025623
v -55.320442 24.901575 -4.034783
v -55.332825 25.026358 -4.037881
v -55.310371 33.241337 -4.037881
v -55.407356 34.553005 -4.037883
v -56.320709 35.867676 -4.037880
v -56.817894 36.829250 -3.575894
v -57.119438 37.755939 -2.721209
v -56.864559 38.739182 -1.519494
v -57.119442 38.739178 -1.519496
v -55.929863 38.739185 -1.528577
v -55.929863 39.517063 -0.479248
v -56.864559 39.517059 -0.470402
v -55.929863 40.280289 0.542441
v -56.864559 40.280281 0.551580
v -55.929863 40.975384 1.483902
v -56.864563 40.975380 1.491961
v -55.944805 41.999836 2.803066
v -56.864563 41.999832 2.809645
v -56.864563 43.291904 4.345877
v -55.955414 43.320614 4.389755
v -56.864559 44.048767 5.329723
v -49.214973 44.048786 5.329725
v -49.214973 45.073051 6.545489
v -48.265560 44.048790 5.329721
v -48.265564 45.073044 6.545487
v -48.265564 46.685787 8.368371
v -49.221214 43.332096 4.453238
v -48.273350 43.347706 4.446578
v -57.119442 39.517063 -0.470405
v -57.119442 40.280281 0.551578
v -57.119438 40.975990 1.472142
v -57.119438 42.001064 2.809649
v -57.119442 43.222004 4.255015
v -57.119442 44.048767 5.329720
v -56.864559 45.073051 6.545492
v -56.465332 46.685764 8.368373
v -49.214973 46.685780 8.368370
v -55.381271 48.433102 10.135129
v -49.196701 48.433125 10.135129
v -55.636158 48.433102 10.135128
v -56.720222 46.685764 8.368370
v -57.119442 45.073051 6.545488
v -48.265564 48.433128 10.135128
v -49.193089 49.837662 11.111551
v -48.265564 49.836918 11.111553
v -49.169304 51.304317 11.524677
v -48.265560 51.304340 11.524680
v -48.773071 53.155155 11.523895
v -48.265564 53.155163 11.524680
v -48.614349 53.881107 11.524756
v -48.265564 53.881111 11.524680
v -48.495667 54.701099 11.527331
v -48.265564 54.701092 11.527332
v -48.401920 55.521976 11.528325
v -48.265564 55.521877 11.528327
v -48.318050 56.366508 11.527714
v -48.265564 56.366486 11.527714
v -53.965942 49.840405 11.111547
v -52.457073 51.304245 11.524674
v -50.619358 53.155151 11.521062
v -49.883209 53.881104 11.525034
v -49.332764 54.701061 11.527325
v -48.897972 55.522282 11.528321
v -48.508995 56.366482 11.527714
v -48.308052 57.242085 11.525298
v -48.241402 57.242085 11.525300
v -48.223083 57.242077 11.525298
v -48.266525 58.123737 11.545970
v -48.266529 58.123711 11.530074
v -48.350533 57.242085 11.525301
v -48.593967 56.366508 11.527719
v -48.982933 55.522316 11.528328
v -49.502689 54.701096 11.527332
v -50.138107 53.881104 11.525038
v -50.874237 53.155148 11.521063
v -52.740788 51.304234 11.524678
v -54.217388 49.840187 11.111550
v -48.233208 58.123722 11.523001
v -48.224049 58.123711 11.521061
v -48.251534 73.680092 11.460991
v -48.247467 73.679016 11.458961
v -48.251663 76.467102 11.447832
v -48.254818 76.467079 11.449883
v -48.266342 73.684006 11.468392
v -48.266308 76.467072 11.457361
v -52.661922 2.621357 -8.377525
v -32.529045 2.580888 -8.275368
v -32.485825 2.621029 -8.245957
v -32.464630 2.640713 -8.186740
v -52.661156 2.640700 -8.416599
v -52.701988 2.613557 -8.360681
v -52.719090 2.617420 -8.345518
v -32.481728 2.084669 -8.450217
v -32.485825 2.621029 -8.245957
v -32.529045 2.085656 -8.472878
v -32.479767 1.827667 -8.548090
v -32.529045 1.827701 -8.575756
v -32.483444 1.303090 -9.287174
v -52.663654 2.578577 -8.369229
v -35.741589 2.019105 -8.499227
v -35.580669 1.827761 -8.575614
v -32.529045 1.317582 -9.299458
v -32.479507 0.097354 -10.472548
v -32.529636 0.097354 -10.501354
v -32.238487 -0.298791 -10.700944
v -34.655407 -0.298745 -10.700707
v -34.794640 0.097395 -10.501133
v -34.876488 -0.056456 -10.578622
v -50.849152 -0.298750 -10.700613
v -50.628071 -0.056463 -10.578532
v -50.709915 0.097388 -10.501036
v -52.721489 0.097338 -10.501235
v -52.682373 1.317567 -9.299336
v -32.193275 -0.298418 -10.682025
v -35.586357 1.317633 -9.299273
v -35.776386 1.317300 -9.188281
v -34.934456 0.055885 -10.461740
v -35.740322 1.888152 -8.479837
v -53.038849 -0.298427 -10.681795
v -52.994259 -0.298804 -10.700827
v -52.770870 0.097337 -10.472083
v -52.732410 1.303937 -9.287743
v -52.694618 1.827688 -8.575635
v -52.742962 1.827684 -8.549331
v -52.683491 2.097541 -8.501457
v -52.733086 2.098335 -8.477420
v -52.714256 2.614146 -8.340371
v -49.724281 2.019099 -8.499142
v -49.923889 1.827752 -8.575523
v -49.918198 1.317619 -9.299186
v -50.570099 0.064942 -10.470498
v -49.728165 1.317290 -9.188195
v -49.764305 1.864144 -8.461675
v -32.282318 2.935541 -8.970707
v -34.163734 2.944630 -6.637332
v -51.415569 2.944623 -6.771681
v -52.421185 2.944617 -8.974493
v -52.462231 2.944619 -6.667885
v -52.479584 2.931059 -8.977847
v -52.525524 2.894117 -8.989213
v -52.497173 2.944619 -6.569816
v -32.295235 2.944631 7.089153
v -33.158134 2.944628 6.911212
v -32.249687 2.925766 7.089148
v -32.249687 2.935506 -8.971982
v -32.249687 2.935531 -9.020139
v -32.288544 2.935518 -9.020160
v -52.428013 2.925525 -9.028585
v -52.473389 2.920563 -9.020595
v -36.807888 1.275274 7.626250
v -36.803444 1.262704 7.565166
v -36.806034 1.267070 7.564834
v -36.808651 1.303987 7.681779
v -48.696671 1.275268 7.626319
v -48.695908 1.303980 7.681849
v -48.698524 1.267062 7.564903
v -48.701118 1.262697 7.565235
v -48.266533 76.714066 3.155729
v -48.266529 86.082291 3.155730
v -48.266525 76.713036 3.466572
v -48.266529 86.082291 3.466571
v -48.266529 86.401245 3.466571
v -48.266529 86.401245 4.131476
v -48.266476 86.082291 4.131712
v -48.265324 76.713112 4.134669
v -48.266529 86.401237 3.155729
v -48.266529 76.467300 11.869732
v -48.117443 76.555977 11.927876
v -48.266529 76.467316 12.076962
v -48.117439 76.556053 11.869731
v -48.266525 76.467293 11.655068
v -48.117447 76.556000 11.654598
v -48.266525 76.467072 11.469234
v -48.117432 76.555885 11.468745
v -48.266308 76.467072 11.457361
v -48.115585 76.553391 11.456917
v -47.887299 76.467308 12.076948
v -47.887299 76.555969 11.927879
v -36.025612 76.466858 12.076959
v -35.896030 76.466866 11.952629
v -35.895905 76.534164 11.907453
v -31.573357 4.475442 -9.507300
v -53.575916 4.404573 -9.279642
v -31.573355 4.404631 -9.279642
v -31.409899 4.519246 -9.477078
v -31.371698 4.489419 -9.301815
v -31.374424 4.485600 -8.552078
v -31.573353 4.404634 -8.552115
v -31.413345 4.523645 -8.394752
v -31.573353 4.485590 -8.356614
v -53.575916 4.485527 -8.356617
v -53.575916 4.404573 -8.552120
v -53.735916 4.523582 -8.394753
v -53.774845 4.485539 -8.552084
v -53.777576 4.489355 -9.301816
v -53.739368 4.519180 -9.477077
v -53.575912 4.475379 -9.507298
v -18.556250 76.713661 8.194216
v -18.705334 76.624817 8.194219
v -18.680592 76.713676 8.349636
v -18.829710 76.624672 8.349637
v -18.556238 76.714134 3.174486
v -18.715816 76.619118 3.319613
v -18.556238 76.713104 3.466575
v -18.705269 76.624748 3.466575
v -18.705334 76.624817 8.194219
v -18.556250 76.713661 8.194216
v -27.378103 28.277716 11.766121
v -27.378105 0.000011 12.076976
v -27.378105 28.276567 12.076971
v -27.378103 0.000017 11.766126
v -27.378105 28.411861 11.766121
v -27.378105 28.540783 11.766121
v -27.378107 34.599216 10.974901
v -27.378105 0.000019 10.974906
v -27.378107 34.601402 11.766120
v -48.102840 76.616592 3.324327
v -48.011635 76.714081 3.155731
v -48.266533 76.714066 3.155729
v -47.816505 76.625275 3.304833
v -18.811129 76.713814 3.174485
v -18.811129 76.627167 3.306397
v -18.715816 76.619118 3.319613
v -18.556238 76.714134 3.174486
v -50.495018 53.155148 12.076962
v -52.361561 51.300404 12.076962
v -50.874233 53.155144 12.076962
v -52.740788 51.300159 12.076962
v -53.841614 49.840416 12.076966
v -54.217384 49.840191 12.076964
v -55.256939 48.433102 12.076965
v -55.636154 48.433102 12.076963
v -56.341003 46.685760 12.076962
v -56.720222 46.685760 12.076963
v -56.740219 45.074348 12.076963
v -57.119442 45.074348 12.076963
v -57.119438 44.049088 12.076963
v -56.740219 44.049099 12.076963
v -56.740219 38.740009 12.076964
v -55.971153 35.867683 12.076965
v -56.740219 37.755947 12.076965
v -56.740219 36.829243 12.076964
v -57.119442 37.755947 12.076965
v -57.119442 36.829239 12.076964
v -57.119442 38.740009 12.076964
v -56.327709 35.867683 12.076965
v -55.408432 34.553570 12.076965
v -55.023300 34.542259 12.076965
v -43.796722 34.568661 12.076965
v -49.758873 53.881104 12.076963
v -36.025612 39.929359 12.076968
v -49.123463 54.701069 12.076962
v -48.603714 55.523167 12.076962
v -48.214741 56.366508 12.076965
v -48.266529 73.684013 12.076961
v -47.887299 73.684013 12.076950
v -48.266529 58.123737 12.076962
v -47.887299 76.467308 12.076948
v -36.025612 76.466858 12.076959
v -36.025612 73.614464 12.076959
v -47.887299 58.123737 12.076962
v -47.971310 57.242085 12.076961
v -48.350533 57.242085 12.076961
v -48.593967 56.366508 12.076965
v -48.982933 55.523167 12.076962
v -49.502686 54.701099 12.076967
v -50.138100 53.881104 12.076966
v -48.266529 76.467316 12.076962
v -18.715816 76.619118 3.319613
v -18.811129 76.627167 3.306397
v -18.715792 76.562347 3.319588
v -18.811129 76.552856 3.306405
v -47.816505 76.625275 3.304833
v -47.816517 76.556046 3.304825
v -48.102840 76.616592 3.324327
v -48.102840 76.564743 3.324325
v -48.117443 76.555977 11.927876
v -48.117439 76.556053 11.869731
v -48.117477 76.625153 11.927911
v -48.117435 76.625290 11.869731
v -48.117447 76.556000 11.654598
v -48.117439 76.625214 11.654231
v -48.117432 76.555885 11.468745
v -48.117439 76.625130 11.468362
v -48.115585 76.553391 11.456917
v -48.115421 76.627525 11.456512
v -48.102539 76.626076 11.448975
v -48.103054 76.554550 11.449495
v -48.102795 76.555885 11.447359
v -48.102833 76.625137 11.446994
v -48.115837 76.555641 4.305949
v -48.102833 76.625137 11.446994
v -48.115841 76.624779 4.305925
v -48.089096 86.401283 4.303378
v -48.089046 86.082321 4.207741
v -48.089096 86.401283 4.207652
v -48.089027 86.082321 4.303520
v -48.116348 76.624763 4.209470
v -48.116348 76.555634 4.209487
v -48.087391 73.827904 4.212208
v -48.086739 73.822304 4.308802
v -48.088135 53.154186 4.212421
v -48.088135 53.154217 4.349462
v -48.088131 51.306374 4.212493
v -48.088131 51.306293 4.353144
v -48.088135 49.844784 4.212509
v -48.088135 49.844460 4.356018
v -48.088135 48.433125 4.212521
v -48.088135 48.433128 4.358788
v -48.088131 46.685780 4.212543
v -48.088131 46.685783 4.362226
v -48.117584 76.555618 3.619982
v -48.117584 76.624725 3.619982
v -48.102840 76.616592 3.324327
v -48.102840 76.564743 3.324325
v -48.088131 45.072514 4.212327
v -48.088131 45.072594 4.390950
v -48.088139 44.047791 4.378809
v -48.088139 44.047764 4.216957
v -48.094017 43.353889 4.368928
v -48.096752 43.211563 4.220697
v -54.462471 23.712439 -2.297918
v -54.462471 21.339500 -2.298347
v -54.462471 23.712444 -2.950307
v -54.462471 21.339504 -2.950521
v -54.462467 23.712463 -0.993137
v -54.462467 21.339510 -0.994004
v -54.462471 23.712463 -1.645523
v -54.462471 21.339510 -1.646175
v -54.462471 23.712458 0.311650
v -54.462471 21.339504 0.310346
v -54.462471 23.712458 -0.340741
v -54.462471 21.339504 -0.341830
v -54.462467 23.712458 1.616427
v -54.462467 21.339504 1.614689
v -54.462467 23.712458 0.964033
v -54.462475 21.339504 0.962514
v -54.462471 23.712454 2.921213
v -54.462471 21.339504 2.919042
v -54.462475 23.712458 2.268821
v -54.462475 21.339510 2.266865
v -54.462475 23.712454 4.225995
v -54.462475 21.339504 4.223391
v -54.462475 23.712458 3.573604
v -54.462475 21.339504 3.571214
v -41.622234 16.254971 12.076968
v -30.344849 16.236567 12.076970
v -41.622284 16.083731 12.338597
v -30.344845 16.065294 12.338643
v -54.023148 6.601299 -3.865805
v -54.094543 6.601298 -3.865805
v -54.023033 3.793528 7.197920
v -54.094452 3.793607 7.197940
v -52.678940 3.987337 7.675892
v -52.720974 3.959284 -8.167218
v -52.716064 4.006111 7.655946
v -52.728546 3.974856 -8.218132
v -52.732193 4.049314 7.657203
v -52.732197 4.022406 -8.242988
v -52.732193 4.539575 -8.247756
v -52.732193 4.539575 7.796122
v -35.895905 76.534164 11.907453
v -47.887299 76.555969 11.927879
v -35.898502 76.624985 11.927867
v -47.887299 76.625145 11.927881
v -48.117443 76.555977 11.927876
v -48.117477 76.625153 11.927911
v -18.705334 76.624817 8.194219
v -18.705269 76.624748 3.466575
v -18.705338 76.555511 8.194220
v -18.704399 76.557236 3.466575
v -18.715816 76.619118 3.319613
v -18.715792 76.562347 3.319588
v -48.266544 86.401245 11.417144
v -48.255203 86.082291 11.411226
v -48.255203 86.401268 11.408409
v -48.266529 86.082291 11.419974
v -48.266529 86.401222 11.427931
v -48.266529 86.082291 11.429771
v -48.266529 86.401245 11.615636
v -48.266529 86.082291 11.617396
v -48.266529 86.401245 11.869729
v -48.266529 86.082291 11.869729
v -48.266529 86.401245 12.076956
v -48.266529 86.082291 12.076957
v -48.266529 76.713791 12.076959
v -48.266529 76.714066 11.869731
v -48.266529 76.713959 11.653761
v -48.266529 76.713898 11.467869
v -48.266529 76.713936 11.456066
v -48.255203 76.713943 11.448588
v -48.252159 76.713966 11.446529
v -48.266457 86.082291 4.350870
v -48.266529 86.401245 4.350537
v -48.255203 86.082291 11.411226
v -48.264832 76.713142 4.355043
v -48.252159 76.713966 11.446529
v -55.332836 20.025591 -3.727039
v -55.332836 19.836910 -4.037881
v -55.332832 20.025589 -4.037881
v -55.320442 20.150381 -4.034781
v -55.320358 20.150675 -3.723920
v -55.283802 20.269997 -4.025622
v -55.283566 20.270548 -3.714720
v -55.059643 20.804752 -3.845245
v -55.059521 20.805027 -3.534376
v -54.835487 21.339504 -3.789208
v -54.835484 21.339510 -3.478366
v -54.835487 23.712458 -3.789209
v -54.835487 23.712463 -3.478367
v -55.059525 24.246937 -3.534376
v -55.059643 24.247208 -3.845247
v -55.283566 24.781412 -3.714721
v -55.283802 24.781944 -4.025623
v -55.320358 24.901293 -3.723921
v -55.320442 24.901575 -4.034783
v -55.332832 25.026360 -3.727039
v -55.332825 25.026358 -4.037881
v -55.310371 33.241337 -4.037881
v -54.835487 23.712458 -2.950309
v -54.835484 21.339504 -2.950521
v -55.074001 24.244020 4.539458
v -55.312550 24.775572 4.538537
v -55.327866 24.888945 4.538123
v -55.332832 24.952581 4.537868
v -55.310375 33.241337 -3.727039
v -55.399307 34.544510 -3.727881
v -55.310158 33.241329 11.641786
v -55.404808 34.540592 11.641780
v -54.835484 21.339504 -2.298347
v -55.073936 20.807920 4.554847
v -56.327709 35.867683 12.076965
v -55.408432 34.553570 12.076965
v -54.835484 21.339504 0.310346
v -54.835484 21.339504 -0.341830
v -54.835487 23.712458 -2.297918
v -54.835487 23.712463 -1.645523
v -54.835487 23.712463 -0.993137
v -54.835487 23.712458 -0.340740
v -54.835484 21.339510 -0.994003
v -54.835487 21.339504 -1.646175
v -54.835487 21.339510 2.919042
v -54.835487 21.339510 2.266865
v -54.835487 23.712458 0.311650
v -54.835484 23.712458 0.964033
v -54.835487 23.712454 1.616427
v -54.835487 23.712463 2.268821
v -54.835484 21.339504 1.614689
v -54.835487 21.339504 0.962515
v -54.835487 23.712463 2.921213
v -54.835487 23.712458 3.573604
v -54.835487 23.712458 4.225995
v -54.835487 23.712458 4.540379
v -54.835484 21.339508 4.551006
v -54.835484 21.339504 4.223391
v -54.835487 21.339510 3.571214
v -55.332836 3.634696 7.113657
v -55.332836 4.359159 4.630102
v -55.332840 3.691994 7.272410
v -55.332832 6.469281 -3.727035
v -55.332832 6.537971 -4.037877
v -55.332832 6.756895 -3.727035
v -55.332832 6.823318 -4.037878
v -55.332836 19.836922 -3.727039
v -55.332832 20.046286 4.559843
v -55.327591 20.167004 4.559270
v -55.312256 20.276316 4.558686
v -55.332832 19.836912 4.560780
v -55.320076 4.635354 4.628786
v -19.566793 76.433105 2.805332
v -19.564785 76.556519 2.805322
v -19.463797 76.441841 2.462148
v -19.462458 76.546707 2.462149
v -19.448061 76.547020 1.762753
v -19.449362 76.440872 1.762774
v -19.335665 76.539200 -3.697246
v -19.336685 76.438408 -3.697060
v -19.230051 76.438416 -4.136094
v -19.229427 76.539200 -4.136094
v -19.376329 76.539200 -4.632066
v -19.377226 76.438408 -4.632065
v -19.446440 76.539192 -4.906583
v -19.447790 76.438408 -4.906585
v -19.740396 76.539192 -5.677688
v -19.741230 76.438408 -5.677497
v -20.007071 76.539200 -6.377225
v -20.007439 76.438416 -6.376861
v -21.221748 76.539192 -7.289593
v -21.221865 76.438416 -7.289251
v -48.593967 56.366508 11.869731
v -48.982933 55.522915 11.869735
v -48.593967 56.366508 11.734951
v -48.350533 57.242085 11.732530
v -48.350533 57.242085 11.869732
v -48.266525 58.123730 11.869734
v -48.266525 58.123737 11.728293
v -48.266525 58.123737 11.545970
v -48.350533 57.242085 11.525301
v -48.593967 56.366508 11.527719
v -48.982933 55.522537 11.735554
v -49.502689 54.701096 11.869735
v -49.502689 54.701096 11.734566
v -50.138103 53.881104 11.869735
v -50.138103 53.881104 11.732272
v -50.874233 53.155148 11.869736
v -50.874237 53.155148 11.728297
v -50.138107 53.881104 11.525038
v -50.874237 53.155148 11.521063
v -52.740788 51.304234 11.524678
v -48.982933 55.522316 11.528328
v -49.502689 54.701096 11.527332
v -48.266529 58.123711 11.530074
v -48.266342 73.684006 11.468392
v -48.266525 73.683807 11.480876
v -48.266525 73.683998 11.666178
v -48.266529 73.684006 11.869732
v -48.266525 76.467293 11.655068
v -48.266529 76.467300 11.869732
v -48.266308 76.467072 11.457361
v -48.266525 76.467072 11.469234
v -48.593967 56.366508 12.076965
v -48.350533 57.242085 12.076961
v -48.266529 58.123737 12.076962
v -48.266529 73.684013 12.076961
v -48.266529 76.467316 12.076962
v -55.636154 48.433102 10.445972
v -56.720215 46.685764 8.679217
v -55.636158 48.433102 10.135128
v -54.217388 49.840187 11.111550
v -54.217388 49.840191 11.422393
v -52.740791 51.302177 11.731913
v -52.740791 51.301559 11.869736
v -52.740788 51.300159 12.076962
v -50.874233 53.155144 12.076962
v -50.138100 53.881104 12.076966
v -49.502686 54.701099 12.076967
v -48.982933 55.523167 12.076962
v -54.217384 49.840191 12.076964
v -54.217392 49.840191 11.766120
v -55.636154 48.433102 11.641783
v -56.720215 46.685764 11.641782
v -56.720222 46.685760 12.076963
v -57.119442 45.074348 12.076963
v -55.636154 48.433102 12.076963
v -55.407356 34.553005 -4.037883
v -56.297020 35.867683 -3.736335
v -56.389912 35.867676 11.641783
v -57.119442 36.829239 12.076964
v -57.119442 36.829231 11.641786
v -57.119442 37.755947 12.076965
v -57.119438 37.755947 11.641785
v -57.119442 38.740009 12.076964
v -57.119438 38.739998 11.641780
v -57.119438 44.049088 12.076963
v -57.119434 44.049065 11.641786
v -57.119442 45.074207 11.641783
v -57.119442 45.073128 6.856335
v -57.119438 44.048798 5.640563
v -57.119442 43.024803 4.309526
v -57.119438 42.000946 3.120491
v -57.119442 40.975876 1.782987
v -57.119442 40.280277 0.862412
v -57.119438 39.517063 -0.145921
v -57.119442 38.739986 -1.208659
v -57.119438 37.755947 -2.410368
v -56.817894 36.829254 -3.265054
v -56.720222 46.685764 8.368370
v -57.119442 45.073051 6.545488
v -57.119442 44.048767 5.329720
v -57.119442 43.222004 4.255015
v -57.119438 42.001064 2.809649
v -57.119438 40.975990 1.472142
v -57.119442 40.280281 0.551578
v -57.119442 39.517063 -0.470405
v -57.119442 38.739178 -1.519496
v -57.119438 37.755939 -2.721209
v -56.817894 36.829250 -3.575894
v -56.320709 35.867676 -4.037880
v -19.462458 76.546707 2.462149
v -19.334505 76.629707 2.462147
v -19.448061 76.547020 1.762753
v -19.321144 76.629349 1.762738
v -19.335665 76.539200 -3.697246
v -19.216839 76.626633 -3.697367
v -19.229427 76.539200 -4.136094
v -19.101442 76.626434 -4.136095
v -19.254885 76.625908 -4.632070
v -19.376329 76.539200 -4.632066
v -19.334499 76.625656 -4.906585
v -19.446440 76.539192 -4.906583
v -19.658634 76.625381 -5.706206
v -19.740396 76.539192 -5.677688
v -20.007071 76.539200 -6.377225
v -19.952681 76.625122 -6.431613
v -56.824318 45.770260 -1.029020
v -57.073402 44.964340 -2.032768
v -56.824318 45.769627 -8.030676
v -56.597588 46.576157 -7.462674
v -56.597584 46.576141 0.050500
v -56.023956 47.449837 -6.987286
v -56.023960 47.449799 0.995479
v -55.566624 48.127102 -6.710093
v -55.566628 48.111057 1.468974
v -40.964535 62.170193 -6.627664
v -40.964401 62.170071 1.608614
v -40.739483 62.494064 1.608441
v -40.739552 62.494133 -6.627631
v -40.599510 62.862808 1.608331
v -40.599529 62.862823 -6.627617
v -40.552780 63.254456 1.608294
v -40.552780 63.254444 -6.627610
v -40.583851 76.240860 1.608291
v -40.583851 76.243271 -6.648056
v -57.025894 20.033297 -11.260144
v -57.119434 35.758045 -9.128329
v -57.058037 17.581747 -9.128326
v -57.099777 32.454071 -11.607284
v -57.119434 35.758030 -14.270914
v -57.119438 37.646324 -14.265921
v -57.119438 37.646317 -8.864153
v -57.033157 39.407425 -14.271856
v -57.033161 39.407433 -8.247851
v -57.032707 39.823277 -14.210165
v -57.032711 39.823357 -7.984739
v -57.033127 40.207176 -14.055949
v -57.033123 40.181232 -7.735071
v -57.034908 40.517818 -13.842087
v -57.034904 40.517895 -7.457470
v -57.072594 40.977371 -13.404428
v -57.072598 40.865498 -7.149588
v -57.073399 44.963108 -8.787195
v -48.020313 3.451142 7.348851
v -48.020405 3.311997 7.379368
v -27.749945 3.451199 7.348852
v -27.749941 3.312054 7.379368
v -27.378105 3.451706 7.346585
v -27.378105 3.308644 7.379356
v -27.749941 0.000008 7.370962
v -27.378109 0.000009 7.370963
v -48.265564 53.154121 3.466577
v -48.265564 51.306683 3.174486
v -48.265564 53.155144 3.155733
v -48.266418 73.841614 3.466573
v -48.266422 73.841721 3.155730
v -48.265564 46.685787 3.465484
v -48.265564 45.622086 3.156908
v -48.265564 46.685787 3.154641
v -48.265564 48.433121 3.467610
v -48.265564 48.433121 3.156771
v -48.265564 49.846066 3.165941
v -48.265564 49.845516 3.476788
v -48.265564 51.306549 3.485329
v -48.265564 53.154198 4.140231
v -48.264820 73.827911 4.140026
v -48.265282 76.467308 4.134778
v -48.266525 76.467323 3.466573
v -48.266529 76.467308 3.155729
v -48.265564 51.306377 4.140267
v -48.265564 49.844788 4.140296
v -48.265564 48.433125 4.140325
v -48.265564 46.685787 4.140359
v -48.265564 45.072529 4.139957
v -48.265564 45.606239 3.461565
v -48.265564 44.048615 3.461316
v -48.265564 44.048683 4.148378
v -48.274166 43.213779 4.154858
v -48.272228 43.024872 3.318911
v -48.276932 41.999176 2.722026
v -48.276936 41.996017 2.637221
v -48.503139 40.975391 1.406614
v -48.276936 41.996025 2.533411
v -48.272228 43.024872 3.017363
v -48.265564 44.048611 3.159768
v -48.265564 45.072380 3.459627
v -48.265564 45.350876 3.460638
v -48.265564 45.390278 3.157402
v -48.265564 45.072338 3.158079
v -48.276932 41.999855 2.739972
v -48.006348 86.401222 11.271882
v -47.633766 86.401245 4.332216
v -48.006348 86.401245 11.451906
v -48.006348 86.401245 11.695593
v -48.006348 86.401260 11.894334
v -47.633766 86.401245 11.894337
v -48.006348 86.401268 11.253160
v -48.266529 86.401245 4.350537
v -48.089096 86.401283 4.303378
v -48.006348 86.401237 11.262755
v -48.266544 86.401245 11.417144
v -48.266529 86.401222 11.427931
v -48.266529 86.401245 11.615636
v -48.266529 86.401245 11.869729
v -48.266529 86.401245 12.076956
v -47.887299 86.401245 12.076956
v -32.065601 86.401291 12.076956
v -32.069164 86.401291 11.894334
v -32.035007 86.401283 8.413234
v -48.255203 86.401268 11.408409
v -18.680588 86.401344 8.349640
v -18.816433 86.401268 8.170561
v -18.556250 86.401268 8.194219
v -18.938585 86.401321 8.319618
v -31.985210 86.401276 3.338352
v -47.633766 86.401245 3.338348
v -47.633766 86.401245 3.661499
v -48.006348 86.401245 3.636463
v -47.633766 86.401245 4.184534
v -48.006348 86.401245 3.338347
v -48.089096 86.401283 4.207652
v -48.266529 86.401245 4.131476
v -48.266529 86.401245 3.466571
v -48.266529 86.401237 3.155729
v -47.633766 86.401245 3.155728
v -31.982124 86.401283 3.023894
v -19.055458 86.401314 3.338355
v -18.816439 86.401237 3.636464
v -18.556250 86.401268 8.194219
v -18.556257 86.401245 3.466573
v -18.816427 86.401329 3.338354
v -18.556242 86.401329 3.174482
v -18.799547 86.401321 3.174482
v -48.094017 43.135773 4.372983
v -49.223953 43.062420 4.403712
v -48.156719 43.069324 4.258821
v -49.224159 43.023762 4.261476
v -55.693855 43.010098 4.185794
v -55.836342 43.027676 4.311521
v -32.794094 91.974907 -7.689204
v -32.575764 91.974907 -7.804247
v -32.798012 91.974907 -7.590426
v -32.591343 91.974907 -7.918924
v -23.369518 91.974907 -7.918921
v -32.591343 91.974907 -7.918924
v -19.334505 91.974953 -4.886770
v -19.254887 91.974937 -4.616983
v -19.443672 91.974953 -4.840489
v -19.752697 91.974953 -5.625635
v -20.386620 91.974907 2.824187
v -20.033039 91.974945 -6.337910
v -21.266012 91.974930 -7.282405
v -21.212996 91.974892 -7.380469
v -22.944822 91.974907 -7.918919
v -22.977850 91.974915 -7.804255
v -23.369518 91.974907 -7.804247
v -33.020256 91.974915 -7.592532
v -32.996849 91.974915 -7.685089
v -32.794094 91.974907 -7.689204
v -33.476933 91.974907 2.824195
v -19.658634 91.974953 -5.682378
v -19.952677 91.974930 -6.404155
v -19.368395 91.974945 -4.580914
v -19.246059 91.974945 -4.134060
v -19.101437 91.974945 -4.136098
v -19.305023 91.974930 -3.764670
v -19.201757 91.974930 -3.697368
v -19.440432 91.974915 1.737043
v -19.319433 91.974915 1.762734
v -19.457777 91.974930 2.441782
v -19.334507 91.974907 2.462143
v -19.457781 91.974930 2.824187
v -19.334507 91.974915 2.947493
v -19.741224 91.974915 2.947480
v -19.761824 91.974915 2.824187
v -20.393900 91.974915 2.947479
v -40.177139 91.974899 2.947455
v -40.156540 91.974899 2.824198
v -27.378105 0.000019 10.974906
v -27.378107 34.599216 10.974901
v -27.502449 0.000013 10.885406
v -27.502443 34.601715 10.885400
v -53.857250 8.783340 -8.550896
v -53.859566 9.002335 -10.261407
v -53.859570 9.002335 -8.550896
v -53.857250 4.680990 -8.551990
v -53.857250 4.680990 -9.365729
v -53.857250 8.578692 -8.550949
v -53.857250 8.578692 -10.216604
v -53.857246 8.783340 -10.261281
v -53.777538 9.002333 -10.457757
v -53.809845 12.088851 -10.458642
v -53.892250 12.088851 -10.263186
v -53.892250 12.088851 -8.550896
v -53.809841 12.088848 -8.355435
v -53.777164 9.002333 -8.355433
v -53.774845 8.783339 -8.355433
v -53.774845 8.578691 -8.355487
v -53.774849 4.680992 -8.356531
v -53.735916 4.523582 -8.394753
v -53.774845 4.485539 -8.552084
v -53.777576 4.489355 -9.301816
v -53.739368 4.519180 -9.477077
v -53.777580 4.671947 -9.567536
v -53.775360 8.578239 -10.413288
v -53.775246 8.783339 -10.457694
v -26.482655 39.517151 4.830822
v -26.783266 38.739265 4.920322
v -26.358315 39.517147 4.920322
v -25.940483 40.280369 4.830824
v -25.816139 40.280365 4.920323
v -25.304466 40.974689 4.830825
v -25.180126 40.974686 4.920324
v -24.233414 42.001202 5.193736
v -24.109079 42.001205 5.283235
v -23.162359 43.024910 6.426918
v -23.038027 43.024929 6.516422
v -22.091316 44.049500 7.849515
v -21.966974 44.049507 7.939028
v -27.502447 6.301714 4.846612
v -27.502449 6.274557 4.882873
v -27.378105 6.332171 4.925965
v -27.502449 6.343680 4.830830
v -27.378105 12.253822 4.924056
v -27.502443 34.584969 4.830825
v -27.378109 34.582466 4.920571
v -27.378109 35.438053 4.920408
v -27.502443 35.438049 4.830825
v -27.495045 35.867493 4.830824
v -27.370712 35.867496 4.920348
v -27.472862 36.296417 4.830824
v -27.348532 36.296432 4.920324
v -27.436073 36.829311 4.830824
v -27.311745 36.829311 4.920323
v -27.239658 37.756016 4.830824
v -27.115330 37.756012 4.920323
v -26.907604 38.739285 4.830822
v -28.533533 20.292847 -7.944665
v -28.846334 21.516972 -7.795197
v -28.361767 21.520056 -7.934665
v -28.795540 22.757910 -7.789154
v -28.303986 22.757919 -7.931295
v -28.303984 35.867748 -7.931302
v -30.240091 12.253192 -7.968766
v -30.121140 12.160005 -8.113992
v -30.240091 12.170762 -8.076898
v -30.026081 12.253194 -8.031583
v -28.991156 20.283564 -7.813145
v -29.536537 35.867733 -7.789156
v -28.763098 35.867737 -7.789156
v -28.479546 37.756012 -7.502107
v -28.048071 37.756031 -7.649291
v -27.748112 39.517128 -6.808046
v -27.307405 39.517147 -6.966217
v -27.421013 39.999374 -6.459252
v -26.945477 40.034744 -6.596063
v -27.214806 40.276058 -6.242652
v -26.769791 40.271084 -6.413029
v -26.990889 40.527603 -6.013348
v -26.586273 40.488899 -6.215285
v -26.557785 40.974678 -5.574600
v -26.149578 40.974731 -5.737441
v -29.258427 37.756012 -7.502106
v -28.547224 39.517124 -6.808046
v -28.229172 39.999363 -6.459265
v -28.028664 40.275948 -6.242748
v -27.810936 40.527626 -6.013330
v -27.389805 40.974689 -5.574606
v -23.179180 45.074421 -0.478479
v -22.227455 45.074432 -0.478463
v -56.739220 40.865051 -5.609797
v -56.701534 40.510487 -5.941137
v -56.699749 40.175289 -6.232838
v -56.699333 39.818462 -6.497639
v -56.699787 39.407436 -6.776504
v -56.786064 37.646297 -7.431920
v -56.786064 35.758041 -7.789160
v -56.642860 12.262008 -7.847007
v -56.642860 12.112782 -7.956100
v -19.863165 62.969578 2.886404
v -19.586021 62.951279 2.749362
v -19.868574 62.415779 2.883877
v -19.591537 62.403629 2.747075
v -20.007153 48.228050 2.819144
v -19.734152 48.242798 2.687939
v -20.097424 47.559540 2.217884
v -20.302769 47.559502 2.356881
v -20.556780 46.685856 1.371993
v -20.889164 46.685867 1.513100
v -21.222349 45.880131 0.371602
v -21.571669 45.880157 0.507374
v -21.867626 45.074409 -0.636991
v -22.537457 45.880146 0.507367
v -56.490944 45.770435 0.550460
v -56.740028 44.962761 -0.503400
v -21.867483 46.685863 1.511147
v -21.281101 47.559513 2.356869
v -56.264210 46.576134 1.508437
v -55.640606 47.449802 2.450159
v -55.233250 48.076355 2.913996
v -20.979599 48.228043 2.819134
v -40.563221 62.142857 2.947799
v -20.793043 62.403587 2.886733
v -40.339970 62.521851 2.947615
v -20.785894 62.949402 2.889163
v -40.201149 62.891331 2.947498
v -20.781305 63.300083 2.890696
v -40.154827 63.269791 2.947461
v -20.777269 63.608799 2.892027
v -40.185898 76.354065 2.947459
v -20.610571 76.354187 2.947472
v -19.859749 63.319481 2.888000
v -19.856766 63.624905 2.889394
v -19.732435 76.354195 2.947473
v -19.451048 76.353691 2.805330
v -19.579325 63.616230 2.752139
v -19.582413 63.309593 2.750858
v -57.119438 37.646317 -8.864153
v -57.033161 39.407433 -8.247851
v -56.912205 37.646290 -8.751066
v -56.912209 39.407417 -8.134764
v -57.032711 39.823357 -7.984739
v -56.912209 39.823277 -7.871696
v -57.033123 40.181232 -7.735071
v -56.912209 40.181252 -7.621949
v -57.034904 40.517895 -7.457470
v -56.912216 40.518032 -7.344264
v -57.072598 40.865498 -7.149588
v -56.912220 40.865471 -7.036515
v -48.270950 43.526127 4.448661
v -48.265564 44.048763 5.003416
v -48.273350 43.347706 4.446578
v -48.265560 44.048790 5.329721
v -48.265564 45.072933 6.006564
v -48.265564 45.073044 6.545487
v -48.265564 46.685787 7.512112
v -48.265564 46.685787 8.368371
v -48.274166 43.213779 4.154858
v -48.276421 43.070946 4.154533
v -48.276932 41.999855 2.739972
v -48.276932 41.999176 2.722026
v -19.564785 76.556519 2.805322
v -19.334505 76.629707 2.462147
v -19.462458 76.546707 2.462149
v -19.334507 76.630325 2.947470
v -19.732454 76.631470 2.947460
v -19.794321 76.555382 2.849667
v -55.955414 43.320614 4.389755
v -55.944805 41.999836 2.803066
v -55.836342 43.027676 4.311521
v -55.859982 41.861828 2.914500
v -55.846123 40.833946 1.591010
v -55.929863 40.975384 1.483902
v -55.846039 40.137848 0.648233
v -55.929863 40.280289 0.542441
v -55.929863 39.517063 -0.479248
v -55.846016 39.374737 -0.373313
v -55.846241 38.599529 -1.419234
v -55.929863 38.739185 -1.528577
v -55.768375 37.755939 -2.721206
v -55.685261 37.627403 -2.599481
v -55.535011 36.829258 -3.575896
v -55.452183 36.730701 -3.430709
v -55.027802 35.867683 -4.037883
v -54.944977 35.829277 -3.869199
v -54.229660 34.542641 -4.037885
v -54.146835 34.542660 -3.860454
v -54.077095 25.026379 -3.860448
v -54.159924 25.026361 -4.037879
v -54.077000 24.909327 -3.860787
v -54.159920 24.901583 -4.037881
v -54.117279 24.781952 -4.027222
v -54.032368 24.806293 -3.851719
v -53.738716 23.712458 -3.827299
v -53.649887 23.729071 -3.651550
v -53.649834 21.322878 -3.651554
v -53.738655 21.339508 -3.827297
v -54.050873 20.245577 -3.851871
v -54.135773 20.269999 -4.027364
v -54.094917 20.145245 -3.860792
v -54.177834 20.153025 -4.037880
v -54.177826 20.025595 -4.037880
v -54.095001 20.025610 -3.860449
v -54.094967 19.836906 -3.860449
v -54.177795 19.836891 -4.037880
v -54.094574 6.823539 -3.860447
v -54.177399 6.823526 -4.037878
v -54.094543 6.601298 -3.865805
v -54.177387 6.537974 -4.037878
v -54.177315 3.628786 7.135158
v -54.094452 3.793607 7.197940
v -32.598389 60.697208 -7.927512
v -23.369434 76.352264 -7.987945
v -32.598385 76.352180 -7.927518
v -34.749596 60.697212 -7.927511
v -42.790722 48.190914 -7.987945
v -23.686537 48.192059 -7.987939
v -22.931213 76.352333 -7.927518
v -23.230171 48.183670 -7.968045
v -21.499538 48.183563 -7.480955
v -21.814583 47.559494 -7.716329
v -23.520508 47.559513 -8.069437
v -22.299004 46.685841 -8.219589
v -24.018227 46.685860 -8.604953
v -22.956371 45.879189 -8.781597
v -24.656857 45.879135 -9.173127
v -23.624037 45.072521 -9.561381
v -25.294949 45.072430 -9.945165
v -27.910160 40.977253 -14.134952
v -29.581366 40.977394 -14.576859
v -28.273720 40.625378 -14.492908
v -30.035051 40.578754 -15.011068
v -24.035593 47.559498 -8.161794
v -42.811546 47.559456 -8.145486
v -21.191055 76.352577 -7.406165
v -30.684025 40.525772 -15.195498
v -30.224556 40.977428 -14.731119
v -25.937096 45.072411 -10.097034
v -25.248489 45.879108 -9.300777
v -24.574316 46.685856 -8.714755
v -42.807377 46.685814 -8.715800
v -42.811058 45.879066 -9.320493
v -42.811058 45.072334 -10.108479
v -42.811058 40.977417 -14.731117
v -42.811058 40.522552 -15.198769
v -30.909836 40.262623 -15.389658
v -42.811058 40.253834 -15.393806
v -31.112066 39.934715 -15.487196
v -42.811058 39.935165 -15.487137
v -31.327579 39.517128 -15.534754
v -42.811058 39.517101 -15.534754
v -31.991390 37.756004 -15.534754
v -42.811058 37.755959 -15.534748
v -33.903122 12.258989 -11.938883
v -33.449894 12.258993 -11.938890
v -32.438728 20.364870 -15.022768
v -31.993212 20.376307 -15.022768
v -32.282906 21.537058 -15.352276
v -31.839718 21.543667 -15.352278
v -32.229565 22.757910 -15.534754
v -31.787817 22.757933 -15.534756
v -32.225681 35.867733 -15.534758
v -31.787342 35.867702 -15.453787
v -31.540543 37.755989 -15.463606
v -30.833450 39.517136 -15.458195
v -30.582941 39.933834 -15.391525
v -30.319056 40.295441 -15.253170
v -28.557781 40.321884 -14.750212
v -28.819805 39.940609 -14.908173
v -29.056095 39.517139 -14.988262
v -29.790710 37.755997 -15.035017
v -30.045586 35.867691 -15.028845
v -30.046345 22.757938 -15.000462
v -30.100109 21.541319 -14.896734
v -30.259159 20.367651 -14.594873
v -31.753139 12.270911 -11.765456
v -31.830069 12.186417 -11.679346
v -33.496296 12.183591 -11.766286
v -30.653593 12.189251 -11.061331
v -30.550211 12.281720 -11.116163
v -32.452419 3.965556 -8.223652
v -52.728546 3.974856 -8.218132
v -32.483749 3.958003 -8.179676
v -52.720974 3.959284 -8.167218
v -52.497173 3.987342 -6.569816
v -52.678940 3.987337 7.675892
v -52.477116 3.987337 7.813298
v -52.486626 3.986242 -6.597141
v -51.415569 3.987716 -6.771679
v -34.163738 3.958002 -6.637332
v -32.521751 3.958005 7.732035
v -32.462303 3.964751 7.729636
v -32.411060 3.983534 -8.206556
v -32.410645 3.983755 7.706048
v -32.274944 4.057546 7.605016
v -32.274925 4.057555 -8.102262
v -33.158134 3.958004 7.639538
v -42.937881 48.138393 -7.849647
v -42.949959 47.559460 -7.985049
v -42.790722 48.190914 -7.987945
v -42.811546 47.559456 -8.145486
v -42.947304 46.685806 -8.555366
v -42.807377 46.685814 -8.715800
v -42.950584 45.879070 -9.160062
v -42.811058 45.879066 -9.320493
v -42.950581 45.072338 -9.963383
v -42.811058 45.072334 -10.108479
v -42.950459 40.977417 -14.586020
v -42.811058 40.977417 -14.731117
v -42.950459 40.533092 -15.042841
v -42.811058 40.522552 -15.198769
v -42.950459 40.259880 -15.244261
v -42.811058 40.253834 -15.393806
v -42.950459 39.934837 -15.342079
v -42.811058 39.935165 -15.487137
v -42.950459 39.517097 -15.389658
v -42.811058 39.517101 -15.534754
v -42.811058 37.755959 -15.534748
v -42.950455 37.755966 -15.388676
v -42.811058 35.867702 -15.534758
v -42.950459 35.867695 -15.380371
v -42.949898 26.107409 -15.380421
v -42.807823 26.065653 -15.534756
v -45.433559 22.757812 -15.534754
v -45.688248 22.721823 -15.358568
v -46.412201 21.539705 -15.355186
v -46.645374 21.560661 -15.201071
v -47.368202 20.356169 -15.019480
v -47.591278 20.432808 -14.859474
v -54.036037 12.258931 -11.938887
v -54.332893 12.258929 -11.797065
v -54.066887 12.159011 -11.808696
v -54.363476 12.159013 -11.663603
v -40.739483 62.494064 1.608441
v -40.757240 62.175362 1.721695
v -40.964401 62.170071 1.608614
v -40.532265 62.499546 1.721522
v -40.599510 62.862808 1.608331
v -40.392281 62.868526 1.721412
v -40.552780 63.254456 1.608294
v -40.345554 63.260372 1.721374
v -40.583851 76.240860 1.608291
v -40.376625 76.242554 1.721372
v -40.583851 76.240860 1.608291
v -40.583851 76.243271 -6.648056
v -40.360531 76.305809 1.608291
v -40.407631 76.295326 -6.648057
v -40.376625 76.242554 -6.761135
v -40.248333 76.291054 -6.761135
v -30.090698 12.088921 -9.625748
v -29.863499 12.165811 -9.482580
v -29.843590 12.166202 -9.593430
v -29.894531 12.167264 -9.747317
v -56.721497 12.088839 -8.274476
v -54.884796 12.088846 -11.536441
v -56.721497 12.088839 -11.614159
v -54.693810 12.088843 -11.268101
v -30.460266 12.088918 -8.275371
v -56.642860 12.112782 -7.956100
v -30.240091 12.170762 -8.076898
v -30.360233 12.088918 -8.308400
v -30.121140 12.160005 -8.113992
v -30.082314 12.160005 -8.274473
v -30.322121 12.088918 -8.451301
v -30.048937 12.160888 -8.458750
v -30.289354 12.088918 -8.615387
v -30.107304 12.088918 -9.527040
v -30.137774 12.088918 -9.762773
v -30.074280 12.168771 -9.969586
v -30.314240 12.088918 -9.960688
v -30.607872 12.088918 -10.497766
v -30.874254 12.088916 -10.984999
v -32.029228 12.088913 -11.535306
v -33.673702 12.088908 -11.560543
v -54.070885 12.115746 -11.475371
v -54.382347 12.102295 -11.330254
v -54.363476 12.159013 -11.663603
v -54.066887 12.159011 -11.808696
v -30.378033 12.179508 -10.542023
v -30.653593 12.189251 -11.061331
v -31.830069 12.186417 -11.679346
v -33.496296 12.183591 -11.766286
v -33.946667 12.182650 -11.820694
v -54.066887 12.159011 -11.808696
v -54.660065 12.159014 -11.601475
v -54.363476 12.159013 -11.663603
v -33.903122 12.258989 -11.938883
v -33.449894 12.258993 -11.938890
v -34.163734 2.944630 -6.637332
v -33.158134 2.944628 6.911212
v -34.163738 3.958002 -6.637332
v -33.158134 3.958004 7.639538
v -36.808651 1.303987 7.681779
v -36.796333 1.704089 8.249334
v -48.695908 1.303980 7.681849
v -48.708229 1.704079 8.249401
v -36.025612 76.466858 12.076959
v -35.896030 76.466866 11.952629
v -36.025612 73.614464 12.076959
v -35.899349 73.610519 11.952628
v -36.025612 39.929359 12.076968
v -35.938549 39.878757 11.952626
v -43.671913 34.519962 12.005363
v -43.796722 34.568661 12.076965
v -27.378107 4.692754 3.514265
v -27.502445 4.737253 3.356091
v -27.378109 34.578583 3.514919
v -27.502447 34.580894 3.359330
v -27.378109 35.438049 3.514919
v -27.502447 35.438053 3.359442
v -27.495045 35.867493 3.359484
v -27.370712 35.867519 3.514920
v -27.472860 36.296436 3.359499
v -27.348515 36.296455 3.514920
v -27.436079 36.829311 3.359499
v -27.311737 36.829327 3.514920
v -27.239660 37.756031 3.359499
v -27.115322 37.756031 3.514919
v -26.907604 38.739277 3.359496
v -26.783270 38.739277 3.514919
v -26.482655 39.517147 3.359496
v -26.358315 39.517147 3.514918
v -25.940483 40.280365 3.359496
v -25.816143 40.280365 3.514917
v -25.304468 40.974689 3.359496
v -25.180132 40.974686 3.514920
v -24.233418 42.001205 3.899456
v -24.109081 42.001202 4.054878
v -23.162363 43.024944 5.390778
v -23.038027 43.024944 5.546196
v -22.091312 44.049511 6.813385
v -21.966970 44.049511 6.968801
v -21.355215 44.753239 7.806125
v -21.236713 44.747688 7.954505
v -35.740322 1.888152 -8.479837
v -49.764305 1.864144 -8.461675
v -35.816082 1.826124 -8.352404
v -49.688477 1.826115 -8.352320
v -36.796333 1.704089 8.249334
v -48.708229 1.704079 8.249401
v -22.929655 76.539192 -7.634498
v -21.221865 76.438416 -7.289251
v -21.221748 76.539192 -7.289593
v -22.929644 76.438416 -7.634593
v -23.369431 76.539185 -7.692486
v -23.369429 76.438408 -7.692655
v -32.791637 76.531303 -7.592201
v -32.791641 76.417168 -7.595511
v -34.726097 60.778492 -7.666451
v -34.991745 60.717770 -7.560438
v -34.857716 60.645519 -7.444229
v -34.767944 60.934380 -7.684772
v -32.987125 60.934399 -7.684768
v -32.792755 60.778671 -7.742612
v -32.984898 76.415977 -7.603436
v -32.984890 76.531311 -7.595933
v -32.987125 91.851662 -7.685089
v -32.792755 91.851662 -7.701137
v -32.794094 91.974907 -7.689204
v -32.996849 91.974915 -7.685089
v -42.950459 40.259880 -15.244261
v -43.141335 39.934513 -15.279989
v -42.950459 39.934837 -15.342079
v -43.141335 40.265923 -15.177677
v -42.950459 40.533092 -15.042841
v -43.141335 40.543629 -14.969877
v -42.950459 40.977417 -14.586020
v -43.141335 40.977413 -14.523886
v -42.950581 45.072338 -9.963383
v -43.141582 45.072350 -9.901253
v -42.950584 45.879070 -9.160062
v -43.141582 45.879074 -9.082597
v -42.947304 46.685806 -8.555366
v -43.138706 46.685802 -8.477898
v -42.949959 47.559460 -7.985049
v -43.139843 47.559467 -7.907577
v -43.138767 48.126068 -7.849647
v -42.937881 48.138393 -7.849647
v -54.363476 12.159013 -11.663603
v -54.629745 12.258928 -11.738207
v -54.660065 12.159014 -11.601475
v -54.332893 12.258929 -11.797065
v -47.814350 20.509447 -14.782436
v -47.591278 20.432808 -14.859474
v -46.878544 21.581619 -15.129921
v -46.645374 21.560661 -15.201071
v -45.942936 22.685835 -15.265347
v -45.688248 22.721823 -15.358568
v -43.143452 26.076841 -15.309052
v -42.949898 26.107409 -15.380421
v -43.141335 35.867691 -15.308950
v -42.950459 35.867695 -15.380371
v -43.141335 37.755978 -15.325567
v -42.950455 37.755966 -15.388676
v -43.141335 39.517097 -15.327526
v -42.950459 39.517097 -15.389658
v -52.732193 4.539575 -8.247756
v -31.695415 4.539590 -8.995810
v -53.494789 4.539575 -9.024965
v -53.531464 4.539575 -8.925175
v -53.614899 4.584869 -8.995930
v -53.531464 4.539575 -8.925175
v -53.505436 4.539570 7.717956
v -52.732193 4.539575 7.796122
v -32.458004 4.539587 8.020619
v -31.744747 4.539586 7.741322
v -32.458004 4.539589 -8.247876
v -31.710556 4.539587 -8.857177
v -31.682190 4.539587 -8.958595
v -31.614552 4.564186 -8.935596
v -31.575836 4.584854 -8.967286
v -31.686161 4.545520 7.717418
v -31.661604 4.545803 -8.897134
v -31.630310 4.563110 7.692722
v -31.614552 4.564186 -8.935596
v -49.083855 21.339521 -4.037878
v -27.749945 19.955002 -4.037878
v -27.749945 21.610565 -4.037878
v -49.084255 23.712475 -4.037878
v -27.749945 23.667034 -4.037878
v -49.083618 20.025606 -4.037878
v -49.083397 19.836754 -4.037878
v -49.083683 20.270016 -4.037878
v -49.083656 20.153036 -4.037878
v -53.943851 20.153025 -4.037878
v -53.943840 20.025595 -4.037878
v -53.943802 19.836884 -4.037878
v -49.080750 6.823335 -4.037875
v -53.943298 6.823516 -4.037875
v -49.080681 6.537989 -4.037875
v -53.943287 6.537974 -4.037875
v -53.903725 20.270000 -4.037938
v -53.524849 21.339508 -4.039125
v -48.019012 6.537988 -4.037875
v -48.018860 6.823334 -4.037875
v -27.749945 6.823399 -4.037875
v -27.378105 19.957062 -4.037878
v -27.378105 21.615288 -4.037878
v -27.378107 23.666241 -4.037878
v -27.378107 34.547848 -4.037880
v -27.749945 25.026436 -4.037879
v -27.749945 34.542713 -4.037880
v -48.575058 34.542664 -4.037880
v -27.749945 35.438042 -4.037871
v -48.503143 35.867714 -4.037885
v -27.731495 35.855553 -3.991363
v -27.677176 36.249451 -3.854481
v -27.378109 35.438053 -4.037878
v -27.370762 35.868504 -3.986772
v -27.749941 6.538045 -4.037875
v -27.378094 6.538049 -4.037875
v -27.378105 6.823397 -4.037875
v -27.349895 36.276493 -3.841502
v -27.566628 36.829315 -3.575888
v -27.311737 36.829338 -3.575894
v -27.370213 37.756027 -2.721205
v -27.115326 37.756023 -2.721206
v -27.038151 38.739273 -1.615696
v -26.783266 38.739269 -1.615693
v -26.613209 39.517143 -0.564089
v -26.358315 39.517147 -0.564085
v -48.134689 38.739201 -1.615691
v -49.198986 36.829266 -3.575901
v -49.012131 37.755947 -2.721207
v -48.503139 38.739201 -1.615691
v -48.152138 39.517082 -0.564087
v -49.099777 38.739204 -1.594949
v -55.458050 37.755939 -2.721207
v -55.243984 36.829258 -3.575896
v -54.728111 35.867683 -4.037883
v -53.969936 34.542641 -4.037880
v -49.084480 25.026358 -4.037879
v -49.084454 24.901598 -4.037879
v -49.084431 24.781963 -4.037878
v -53.524929 23.712458 -4.039125
v -53.886112 24.781952 -4.037946
v -53.926792 24.901583 -4.037879
v -53.926800 25.026361 -4.037879
v -55.588310 38.739185 -1.531896
v -49.099777 39.517082 -0.543885
v -48.503139 39.517086 -0.564087
v -48.503139 40.280304 0.454786
v -48.175011 40.280304 0.454785
v -48.503139 40.909000 1.315703
v -48.437416 40.975380 1.406887
v -48.503139 40.975391 1.406614
v -48.022049 41.996140 2.533611
v -48.276936 41.996025 2.533411
v -48.272228 43.024872 3.017363
v -48.017342 43.024872 3.017363
v -48.265564 44.048611 3.159768
v -48.010681 44.048630 3.159767
v -48.265564 45.072338 3.158079
v -48.010681 45.072334 3.158079
v -48.010681 45.387287 3.157408
v -47.172001 45.072338 3.158080
v -47.205444 44.048660 3.159768
v -47.245338 43.024876 3.017363
v -47.657867 41.996216 2.533725
v -21.379122 44.854362 3.158442
v -22.221853 44.049469 3.159771
v -23.292913 43.024948 3.017366
v -24.363968 42.001019 2.541066
v -25.435020 40.974705 1.426430
v -26.071032 40.280376 0.454787
v -21.211794 44.770748 3.208222
v -21.150808 45.072422 3.158082
v -21.966970 44.049500 3.159770
v -23.038023 43.024944 3.017365
v -24.109081 42.001209 2.541353
v -25.180128 40.974689 1.426434
v -25.816139 40.280369 0.454790
v -48.266529 76.467308 3.155729
v -48.266422 73.841721 3.155730
v -48.011635 76.467300 3.155731
v -48.011536 73.838737 3.157691
v -18.811129 76.466164 3.174484
v -18.809679 73.589584 3.174484
v -18.554802 73.590660 3.174485
v -18.798426 51.305454 3.174490
v -18.543549 51.305412 3.174489
v -18.794144 49.845512 3.165945
v -18.539261 49.845497 3.165944
v -18.705513 48.433205 3.156774
v -18.960392 48.433197 3.156774
v -19.594452 46.685879 3.154644
v -19.849339 46.685867 3.154644
v -20.751101 45.251961 3.208221
v -20.976099 45.251965 3.157622
v -20.895927 45.072418 3.208222
v -18.556255 76.467377 3.174485
v -47.164318 45.377365 3.157430
v -47.158531 45.607075 3.156940
v -47.131363 46.685795 3.154642
v -47.103607 48.433125 3.156771
v -47.098415 49.846039 3.165942
v -47.098549 51.306599 3.174486
v -48.010681 51.306637 3.174486
v -48.265564 51.306683 3.174486
v -48.265564 53.155144 3.155733
v -48.265564 49.846066 3.165941
v -48.010681 49.846046 3.165941
v -48.010681 48.433121 3.156771
v -48.010681 46.685787 3.154641
v -48.010681 45.618629 3.156915
v -48.265564 45.390278 3.157402
v -48.265564 48.433121 3.156771
v -48.265564 46.685787 3.154641
v -48.265564 45.622086 3.156908
v -32.274940 4.440041 7.880270
v -32.458004 4.539587 8.020619
v -32.274929 4.440043 -8.107539
v -32.458004 4.539589 -8.247876
v -35.030586 0.098935 -10.279252
v -36.806034 1.267070 7.564834
v -36.803444 1.262704 7.565166
v -36.808651 1.303987 7.681779
v -35.816082 1.826124 -8.352404
v -36.796333 1.704089 8.249334
v -35.837494 1.316667 -8.976864
v -35.776386 1.317300 -9.188281
v -34.934456 0.055885 -10.461740
v -35.740322 1.888152 -8.479837
v -55.667274 40.833946 1.588065
v -55.686592 41.861828 2.912097
v -55.846123 40.833946 1.591010
v -55.859982 41.861828 2.914500
v -55.693855 43.010098 4.185794
v -55.836342 43.027676 4.311521
v -54.006676 25.026379 -3.860448
v -54.077000 24.909327 -3.860787
v -54.006577 24.909327 -3.860787
v -54.077095 25.026379 -3.860448
v -54.049812 34.542660 -3.860454
v -54.146835 34.542660 -3.860454
v -54.807987 35.829277 -3.869199
v -54.944977 35.829277 -3.869199
v -55.323860 36.730701 -3.430710
v -55.452183 36.730701 -3.430709
v -55.537636 37.627403 -2.599481
v -55.685261 37.627403 -2.599481
v -55.667393 38.599529 -1.422553
v -55.846241 38.599529 -1.419234
v -55.667168 39.374737 -0.376545
v -55.846016 39.374737 -0.373313
v -55.667191 40.137848 0.644893
v -55.846039 40.137848 0.648233
v -54.023148 6.601299 -3.865805
v -54.094574 6.823539 -3.860447
v -54.094543 6.601298 -3.865805
v -54.023178 6.823530 -3.860447
v -54.094967 19.836906 -3.860449
v -54.023678 19.836899 -3.860449
v -54.095001 20.025610 -3.860449
v -54.023720 20.025610 -3.860449
v -54.094917 20.145245 -3.860792
v -54.023636 20.145245 -3.860791
v -54.050873 20.245577 -3.851871
v -53.981522 20.245579 -3.852354
v -53.649834 21.322878 -3.651554
v -53.598732 21.322880 -3.661226
v -53.598804 23.729073 -3.661222
v -53.649887 23.729071 -3.651550
v -53.963905 24.806293 -3.852209
v -54.032368 24.806293 -3.851719
v -52.723724 2.643026 -8.310115
v -52.719090 2.617420 -8.345518
v -52.685623 2.691237 -9.056897
v -52.690033 2.658785 -9.068629
v -27.378094 6.538049 -4.037875
v -27.749941 6.538045 -4.037875
v -27.378109 4.638916 3.179106
v -27.749939 4.635653 3.190418
v -27.502445 4.601400 3.321677
v -48.020248 3.564023 7.261953
v -48.020313 3.451142 7.348851
v -27.749941 3.564078 7.261954
v -27.749945 3.451199 7.348852
v -27.378105 3.451706 7.346585
v -27.378115 3.566327 7.255104
v -27.749941 4.545195 3.534120
v -27.378109 4.556556 3.492089
v -27.749941 4.589564 3.365536
v -48.019012 6.537988 -4.037875
v -49.080177 3.563022 7.261576
v -49.080200 3.627078 7.134716
v -49.080681 6.537989 -4.037875
v -53.943287 6.537974 -4.037875
v -53.943195 3.628708 7.135138
v -48.701118 1.262697 7.565235
v -36.803444 1.262704 7.565166
v -48.696671 1.275268 7.626319
v -36.807888 1.275274 7.626250
v -48.695908 1.303980 7.681849
v -36.808651 1.303987 7.681779
v -55.608711 41.999836 2.800662
v -49.223473 43.072731 4.136046
v -55.620674 43.069546 4.069054
v -49.223892 41.999851 2.754992
v -55.588310 40.975384 1.480957
v -49.099777 40.975399 1.425015
v -55.588310 40.280289 0.539101
v -49.099777 40.280312 0.475658
v -55.588310 39.517063 -0.482480
v -48.503139 40.975391 1.406614
v -48.276932 41.999855 2.739972
v -48.276421 43.070946 4.154533
v -32.249687 2.935506 -8.971982
v -32.249687 2.880213 -9.020135
v -32.249691 2.880213 -8.971981
v -32.249691 2.705134 -8.971979
v -32.249687 2.705134 -9.020133
v -32.249687 2.659794 -9.020138
v -32.249691 2.659794 -8.971981
v -32.249825 2.649824 -8.971981
v -32.295235 2.640714 7.089154
v -32.249680 2.659579 7.089153
v -32.230820 2.705124 7.089146
v -32.230824 2.880212 7.089149
v -32.249687 2.925766 7.089148
v -32.249687 2.935531 -9.020139
v -32.249687 2.649855 -9.020137
v -48.698524 1.267062 7.564903
v -50.473972 0.098924 -10.279162
v -48.701118 1.262697 7.565235
v -49.667061 1.316658 -8.976782
v -49.728165 1.317290 -9.188195
v -49.764305 1.864144 -8.461675
v -49.688477 1.826115 -8.352320
v -48.695908 1.303980 7.681849
v -48.708229 1.704079 8.249401
v -50.570099 0.064942 -10.470498
v -48.266529 76.713791 12.076959
v -48.117477 76.625153 11.927911
v -48.266529 76.714066 11.869731
v -48.117435 76.625290 11.869731
v -48.117439 76.625214 11.654231
v -48.266529 76.713959 11.653761
v -48.117439 76.625130 11.468362
v -48.266529 76.713898 11.467869
v -27.378105 0.000015 8.500731
v -27.502449 0.000012 8.579331
v -27.378105 3.062775 8.500730
v -27.502447 3.075111 8.579332
v -27.502447 3.386172 8.501892
v -27.378105 3.366561 8.422551
v -27.502443 3.654058 8.282179
v -27.378101 3.629951 8.172322
v -27.502449 6.274557 4.882873
v -27.378105 6.216949 4.845413
v -40.345547 63.254456 -6.750914
v -40.552780 63.254444 -6.627610
v -40.392300 62.862823 -6.750896
v -40.599529 62.862823 -6.627617
v -40.532322 62.494137 -6.750856
v -40.739552 62.494133 -6.627631
v -52.994259 -0.298804 -10.700827
v -53.038849 -0.298427 -10.681795
v -53.055981 -0.297531 -10.636464
v -48.094017 43.135773 4.372983
v -48.273350 43.347706 4.446578
v -49.223953 43.062420 4.403712
v -49.221214 43.332096 4.453238
v -55.836342 43.027676 4.311521
v -55.955414 43.320614 4.389755
v -48.116348 76.624763 4.209470
v -48.265324 76.713112 4.134669
v -48.089046 86.082321 4.207741
v -48.266476 86.082291 4.131712
v -48.089096 86.401283 4.207652
v -48.266529 86.401245 4.131476
v -48.089096 86.401283 4.303378
v -48.266529 86.401245 4.350537
v -48.089027 86.082321 4.303520
v -48.266457 86.082291 4.350870
v -48.264832 76.713142 4.355043
v -48.115841 76.624779 4.305925
v -27.502449 0.000012 8.579331
v -27.378105 0.000013 8.657942
v -27.502447 3.075111 8.579332
v -27.378105 3.087451 8.657941
v -27.378105 3.405783 8.581228
v -27.502447 3.386172 8.501892
v -27.378105 3.678160 8.354342
v -27.502443 3.654058 8.282179
v -30.205273 15.925705 12.338643
v -30.034000 15.925673 12.076972
v -30.205273 2.474965 12.338642
v -30.033998 2.440110 12.076973
v -30.205273 -0.000011 12.338641
v -30.033998 -0.000008 12.076973
v -20.421038 91.847969 2.947479
v -19.732454 76.631470 2.947460
v -20.607195 76.630455 2.947460
v -19.732454 91.851662 2.947480
v -19.334507 76.630325 2.947470
v -19.334507 91.851662 2.947493
v -19.334507 91.974915 2.947493
v -19.741224 91.974915 2.947480
v -20.393900 91.974915 2.947479
v -40.177139 91.974899 2.947455
v -40.185898 91.742020 2.947456
v -40.185898 76.607918 2.947459
v -32.175011 -0.297517 -10.636531
v -32.193275 -0.298418 -10.682025
v -32.238487 -0.298791 -10.700944
v -40.757305 62.170170 -6.750797
v -40.964535 62.170193 -6.627664
v -55.524040 48.094490 -6.843453
v -55.566624 48.127102 -6.710093
v -56.023956 47.449837 -6.987286
v -55.973984 47.449844 -7.100372
v -56.597588 46.576157 -7.462674
v -56.513000 46.576164 -7.575757
v -56.824318 45.769627 -8.030676
v -56.712608 45.769627 -8.143758
v -32.410645 3.983755 7.706048
v -32.462303 3.964751 7.729636
v -32.521751 3.958005 7.732035
v -42.790722 48.190914 -7.987945
v -34.857716 60.645519 -7.444229
v -42.937881 48.138393 -7.849647
v -34.749596 60.697212 -7.927511
v -34.726097 60.778492 -7.666451
v -32.792755 60.778671 -7.742612
v -32.598389 60.697208 -7.927512
v -52.678940 3.987337 7.675892
v -52.716064 4.006111 7.655946
v -52.732193 4.049314 7.657203
v -32.791641 76.417168 -7.595511
v -32.792755 60.778671 -7.742612
v -32.598385 76.352180 -7.927518
v -32.598389 60.697208 -7.927512
v -42.811058 35.867702 -15.534758
v -42.807823 26.065653 -15.534756
v -45.433559 22.757812 -15.534754
v -46.412201 21.539705 -15.355186
v -47.368202 20.356169 -15.019480
v -54.036037 12.258931 -11.938887
v -33.946667 12.182650 -11.820694
v -54.066887 12.159011 -11.808696
v -40.532322 62.494137 -6.750856
v -40.739552 62.494133 -6.627631
v -40.757305 62.170170 -6.750797
v -40.964535 62.170193 -6.627664
v -40.376625 76.242554 -6.761135
v -40.583851 76.243271 -6.648056
v -40.345547 63.254456 -6.750914
v -40.552780 63.254444 -6.627610
v -40.352901 76.414673 1.608291
v -40.352901 76.414665 -6.648058
v -40.583851 76.496895 1.608292
v -40.583851 76.496918 -6.648057
v -40.583851 76.496918 -6.648057
v -40.352901 76.414665 -6.648058
v -40.376625 76.496887 -6.761138
v -40.145672 76.414642 -6.761137
v -19.732454 76.631470 2.947460
v -19.794321 76.555382 2.849667
v -20.607195 76.630455 2.947460
v -20.627039 76.552673 2.850335
v -40.185898 76.607918 2.947459
v -40.185898 76.489059 2.866038
v -52.462231 3.987449 -6.667887
v -51.415569 3.987716 -6.771679
v -52.486626 3.986242 -6.597141
v -40.185898 76.359566 2.866038
v -20.628681 76.418350 2.850341
v -40.185898 76.354065 2.947459
v -20.610571 76.354187 2.947472
v -21.317701 44.593216 8.771156
v -21.319826 44.593220 10.795897
v -21.400915 44.696194 8.793112
v -21.350439 44.696209 10.885399
v -21.317701 44.593216 8.771156
v -21.400915 44.696194 8.793112
v -21.966974 44.049507 7.939028
v -22.091316 44.049500 7.849515
v -25.304466 40.974678 10.885396
v -24.233414 42.001205 10.885398
v -25.180130 40.974686 10.795896
v -24.109077 42.001205 10.795897
v -23.162359 43.024944 10.885398
v -23.038027 43.024944 10.795897
v -22.091312 44.049511 10.885397
v -21.966974 44.049511 10.795897
v -21.350439 44.696209 10.885399
v -21.319826 44.593220 10.795897
v -32.274944 4.105433 7.564239
v -32.274925 4.057555 -8.102262
v -32.274944 4.057546 7.605016
v -32.274929 4.105434 -8.060172
v -32.274933 4.392162 -8.065429
v -32.274937 4.392163 7.838168
v -32.274940 4.440041 7.880270
v -32.274929 4.440043 -8.107539
v -32.458004 4.539589 -8.247876
v -32.458008 4.022420 -8.243114
v -32.411060 3.983534 -8.206556
v -55.693855 43.010098 4.185794
v -55.620674 43.069546 4.069054
v -49.224159 43.023762 4.261476
v -49.223473 43.072731 4.136046
v -48.276421 43.070946 4.154533
v -48.156719 43.069324 4.258821
v -32.288548 2.649835 -9.020243
v -32.249825 2.649824 -8.971981
v -32.249687 2.649855 -9.020137
v -32.464630 2.640713 -8.186740
v -32.295235 2.640714 7.089154
v -52.661152 2.640698 -9.075624
v -52.661156 2.640700 -8.416599
v -52.690033 2.658785 -9.068629
v -52.719090 2.617420 -8.345518
v -32.464630 2.640715 7.089154
v -48.270950 43.526127 4.448661
v -48.265564 44.048721 4.454585
v -48.265564 44.048763 5.003416
v -48.265564 45.072609 4.465067
v -48.265564 45.072933 6.006564
v -48.265564 46.685787 4.457625
v -48.265564 46.685787 7.512112
v -48.265564 48.433128 4.451375
v -48.265564 48.433128 9.272234
v -48.265564 46.685787 8.368371
v -48.265564 48.433128 10.135128
v -48.265564 49.844467 4.446326
v -48.265564 49.838417 10.381280
v -48.265564 51.306297 4.441097
v -48.265564 51.304718 11.025300
v -48.265564 53.154232 4.434486
v -48.265564 53.154980 11.323573
v -48.224049 58.123711 11.521061
v -48.247467 73.679016 11.458961
v -48.264168 73.822311 4.360667
v -48.251663 76.467102 11.447832
v -48.264771 76.467293 4.355197
v -48.102795 76.555885 11.447359
v -48.103054 76.554550 11.449495
v -48.251663 76.467102 11.447832
v -48.254818 76.467079 11.449883
v -27.502449 6.274557 4.882873
v -27.502443 3.654058 8.282179
v -27.378105 6.332171 4.925965
v -27.378105 3.678160 8.354342
v -54.462475 21.339504 3.571214
v -54.462475 21.339504 4.223391
v -54.835487 21.339510 3.571214
v -54.835484 21.339504 4.223391
v -54.462475 21.339504 4.223391
v -54.462475 23.712454 4.225995
v -54.835484 21.339504 4.223391
v -54.835487 23.712458 4.225995
v -54.462475 23.712454 4.225995
v -54.462475 23.712458 3.573604
v -54.835487 23.712458 4.225995
v -54.835487 23.712458 3.573604
v -54.462475 23.712458 3.573604
v -54.462475 21.339504 3.571214
v -54.835487 23.712458 3.573604
v -54.835487 21.339510 3.571214
v -54.462475 21.339510 2.266865
v -54.462471 21.339504 2.919042
v -54.835487 21.339510 2.266865
v -54.835487 21.339510 2.919042
v -54.462471 21.339504 2.919042
v -54.462471 23.712454 2.921213
v -54.835487 21.339510 2.919042
v -54.835487 23.712463 2.921213
v -54.462471 23.712454 2.921213
v -54.462475 23.712458 2.268821
v -54.835487 23.712463 2.921213
v -54.835487 23.712463 2.268821
v -54.462475 23.712458 2.268821
v -54.462475 21.339510 2.266865
v -54.835487 23.712463 2.268821
v -54.835487 21.339510 2.266865
v -54.462475 21.339504 0.962514
v -54.462467 21.339504 1.614689
v -54.835487 21.339504 0.962515
v -54.835484 21.339504 1.614689
v -54.462467 21.339504 1.614689
v -54.462467 23.712458 1.616427
v -54.835484 21.339504 1.614689
v -54.835487 23.712454 1.616427
v -54.462467 23.712458 1.616427
v -54.462467 23.712458 0.964033
v -54.835487 23.712454 1.616427
v -54.835484 23.712458 0.964033
v -54.462467 23.712458 0.964033
v -54.462475 21.339504 0.962514
v -54.835484 23.712458 0.964033
v -54.835487 21.339504 0.962515
v -54.462471 21.339504 -0.341830
v -54.462471 21.339504 0.310346
v -54.835484 21.339504 -0.341830
v -54.835484 21.339504 0.310346
v -54.462471 21.339504 0.310346
v -54.462471 23.712458 0.311650
v -54.835484 21.339504 0.310346
v -54.835487 23.712458 0.311650
v -54.462471 23.712458 0.311650
v -54.462471 23.712458 -0.340741
v -54.835487 23.712458 0.311650
v -54.835487 23.712458 -0.340740
v -54.462471 23.712458 -0.340741
v -54.462471 21.339504 -0.341830
v -54.835487 23.712458 -0.340740
v -54.835484 21.339504 -0.341830
v -54.462471 21.339510 -1.646175
v -54.462467 21.339510 -0.994004
v -54.835487 21.339504 -1.646175
v -54.835484 21.339510 -0.994003
v -54.462467 21.339510 -0.994004
v -54.462467 23.712463 -0.993137
v -54.835484 21.339510 -0.994003
v -54.835487 23.712463 -0.993137
v -54.462467 23.712463 -0.993137
v -54.462471 23.712463 -1.645523
v -54.835487 23.712463 -0.993137
v -54.835487 23.712463 -1.645523
v -54.462471 23.712463 -1.645523
v -54.462471 21.339510 -1.646175
v -54.835487 23.712463 -1.645523
v -54.835487 21.339504 -1.646175
v -54.462471 21.339504 -2.950521
v -54.462471 21.339500 -2.298347
v -54.835484 21.339504 -2.950521
v -54.835484 21.339504 -2.298347
v -54.462471 21.339500 -2.298347
v -54.462471 23.712439 -2.297918
v -54.835484 21.339504 -2.298347
v -54.835487 23.712458 -2.297918
v -54.462471 23.712439 -2.297918
v -54.462471 23.712444 -2.950307
v -54.835487 23.712458 -2.297918
v -54.835487 23.712458 -2.950309
v -54.462471 23.712444 -2.950307
v -54.462471 21.339504 -2.950521
v -54.835487 23.712458 -2.950309
v -54.835484 21.339504 -2.950521
v -48.251534 73.680092 11.460991
v -48.266342 73.684006 11.468392
v -48.233208 58.123722 11.523001
v -48.266529 58.123711 11.530074
v -48.241402 57.242085 11.525300
v -48.308052 57.242085 11.525298
v -57.072598 40.865498 -7.149588
v -57.073402 44.964340 -2.032768
v -56.912220 40.865471 -7.036515
v -56.912155 44.964260 -1.919621
v -55.323860 36.730701 -3.430710
v -54.807987 35.829277 -3.869199
v -55.243984 36.829258 -3.575896
v -54.728111 35.867683 -4.037883
v -48.094017 43.353889 4.368928
v -48.094017 43.135773 4.372983
v -48.096752 43.211563 4.220697
v -48.156719 43.069324 4.258821
v -48.115841 76.624779 4.305925
v -48.264832 76.713142 4.355043
v -48.102833 76.625137 11.446994
v -48.252159 76.713966 11.446529
v -48.251663 76.467102 11.447832
v -48.264771 76.467293 4.355197
v -48.102795 76.555885 11.447359
v -48.115837 76.555641 4.305949
v -24.109085 42.001209 3.744035
v -24.233418 42.001205 3.899456
v -23.038025 43.024944 5.235357
v -23.162363 43.024944 5.390778
v -21.966972 44.049511 6.657966
v -22.091312 44.049511 6.813385
v -21.225040 44.758789 7.657755
v -21.355215 44.753239 7.806125
v -20.895929 45.073414 8.055281
v -21.020267 45.073456 8.210702
v -18.680586 76.466286 8.349640
v -18.556240 76.466637 8.194220
v -18.679132 73.589767 8.350648
v -18.554789 73.590080 8.195227
v -18.667875 51.306068 8.358457
v -18.543543 51.306042 8.203035
v -18.539255 49.845810 8.210314
v -18.663601 49.845829 8.365726
v -18.705511 48.433205 8.216900
v -18.829853 48.433205 8.372322
v -19.594450 46.685871 8.211531
v -19.718792 46.685867 8.366943
v -20.747738 45.257030 8.135199
v -20.871964 45.257191 8.290636
v -20.895929 45.073414 8.055281
v -21.020267 45.073456 8.210702
v -52.222305 0.040060 8.550552
v -52.223003 0.097091 8.550757
v -52.230473 0.153633 8.551376
v -18.829712 76.555305 8.349638
v -18.829710 76.624672 8.349637
v -18.705338 76.555511 8.194220
v -18.705334 76.624817 8.194219
v -18.556240 76.466637 8.194220
v -18.705338 76.555511 8.194220
v -18.543543 76.467377 3.466575
v -18.704399 76.557236 3.466575
v -18.715792 76.562347 3.319588
v -18.556255 76.467377 3.174485
v -32.791637 76.531303 -7.592201
v -32.598385 76.623657 -7.918917
v -32.792755 91.851662 -7.701137
v -32.598385 91.851662 -7.918921
v -32.591343 91.974907 -7.918924
v -32.794094 91.974907 -7.689204
v -28.692528 32.876274 7.301218
v -27.378109 33.637016 6.673798
v -28.692524 13.967676 7.302460
v -27.378105 13.203539 6.675784
v -28.692528 14.019428 9.392960
v -28.692524 13.967676 7.302460
v -27.378105 13.260612 10.021363
v -27.378105 13.203539 6.675784
v -28.692528 14.019428 9.392960
v -27.378105 13.260612 10.021363
v -28.692528 32.889481 9.392958
v -27.378105 33.651585 10.021359
v -28.692528 32.876274 7.301218
v -28.692528 32.889481 9.392958
v -27.378109 33.637016 6.673798
v -27.378105 33.651585 10.021359
v -18.556255 76.467377 3.174485
v -18.715792 76.562347 3.319588
v -18.811129 76.466164 3.174484
v -18.811129 76.552856 3.306405
v -47.816517 76.556046 3.304825
v -48.011635 76.467300 3.155731
v -48.102840 76.564743 3.324325
v -48.266529 76.467308 3.155729
v -52.725426 2.630744 -8.288046
v -52.726955 2.605867 -8.283618
v -52.722466 2.629541 -8.308328
v -18.829712 76.555305 8.349638
v -18.705338 76.555511 8.194220
v -18.680586 76.466286 8.349640
v -18.556240 76.466637 8.194220
v -18.680592 76.713676 8.349636
v -18.556250 86.082367 8.194215
v -18.556250 76.713661 8.194216
v -18.680592 86.082359 8.349638
v -18.680588 86.401344 8.349640
v -18.556250 86.401268 8.194219
v -31.292023 8.783401 -10.261279
v -31.374048 9.002397 -10.457754
v -31.374022 8.783401 -10.457693
v -31.292023 9.002397 -10.261406
v -31.374426 12.088913 -10.458638
v -31.292025 12.088913 -10.263186
v -31.292023 12.088913 -8.550894
v -31.292023 9.002396 -8.550894
v -31.292023 8.783401 -8.550894
v -31.292023 8.578754 -10.216603
v -31.292023 8.578753 -8.550948
v -31.292021 4.681056 -9.365728
v -31.292023 4.681051 -8.551984
v -31.374424 12.088913 -8.355436
v -31.374426 9.002398 -8.355435
v -31.374426 8.783403 -8.355435
v -31.374426 8.578756 -8.355489
v -31.374424 4.681054 -8.356529
v -31.413345 4.523645 -8.394752
v -31.374424 4.485600 -8.552078
v -31.371698 4.489419 -9.301815
v -31.409899 4.519246 -9.477078
v -31.371685 4.672012 -9.567540
v -31.373905 8.578303 -10.413286
v -52.462231 3.987449 -6.667887
v -52.462231 2.944619 -6.667885
v -51.415569 3.987716 -6.771679
v -51.415569 2.944623 -6.771681
v -34.163734 2.944630 -6.637332
v -34.163738 3.958002 -6.637332
v -48.266529 76.467308 3.155729
v -48.102840 76.564743 3.324325
v -48.266525 76.467323 3.466573
v -48.117584 76.555618 3.619982
v -48.265282 76.467308 4.134778
v -48.116348 76.555634 4.209487
v -51.201809 26.822256 -8.522765
v -51.161110 23.897837 -2.636857
v -51.201797 23.897837 -2.636934
v -51.122559 26.834927 -8.522479
v -34.442795 23.897804 -2.605063
v -34.442764 26.834894 -8.522578
v -34.363525 23.897953 -2.637031
v -34.363525 26.822224 -8.522864
v -52.477116 3.987337 7.813298
v -52.725567 2.944619 7.089268
v -52.497173 3.987342 -6.569816
v -52.497173 2.944619 -6.569816
v -52.462231 3.987449 -6.667887
v -52.462231 2.944619 -6.667885
v -18.556250 86.082367 8.194215
v -18.556250 86.401268 8.194219
v -18.556242 86.082375 3.466573
v -18.556257 86.401245 3.466573
v -18.556242 86.401329 3.174482
v -18.556248 86.082367 3.174482
v -18.556238 76.714134 3.174486
v -18.556238 76.713104 3.466575
v -18.556250 76.713661 8.194216
v -48.103054 76.554550 11.449495
v -48.115585 76.553391 11.456917
v -48.254818 76.467079 11.449883
v -48.266308 76.467072 11.457361
v -48.266529 76.467316 12.076962
v -48.117443 76.555977 11.927876
v -47.887299 76.467308 12.076948
v -47.887299 76.555969 11.927879
v -41.733894 28.539997 11.890114
v -41.626106 28.540743 12.076967
v -41.733974 28.411221 11.828890
v -27.370708 35.867481 11.766120
v -27.378105 35.438042 12.076969
v -27.370703 35.867687 12.076970
v -27.348526 36.296429 11.766128
v -27.348492 36.296833 12.076971
v -27.311737 36.829311 11.766129
v -27.311737 36.829296 12.076970
v -27.115328 37.756008 12.076967
v -27.115326 37.756023 11.766128
v -26.783266 38.739277 12.076970
v -26.783264 38.739285 11.766127
v -26.358315 39.517151 12.076970
v -26.358315 39.517147 11.766128
v -25.816139 40.280361 12.076966
v -25.816139 40.280365 11.766127
v -25.180126 40.974686 12.076966
v -25.180132 40.974686 11.766127
v -24.109077 42.001205 12.076971
v -24.109079 42.001209 11.766129
v -23.038021 43.024944 12.076972
v -23.038029 43.024944 11.766128
v -21.966972 44.049511 12.076969
v -25.180134 40.974686 10.974896
v -25.816151 40.280365 10.974897
v -24.109079 42.001209 10.974901
v -23.038023 43.024944 10.974899
v -21.966974 44.049511 10.974897
v -21.966974 44.049511 11.766126
v -21.231726 44.753036 11.766126
v -21.231354 44.753464 12.076967
v -20.895926 45.074345 11.766127
v -20.895920 45.074451 12.076968
v -20.745214 45.260952 11.766126
v -20.745024 45.261299 12.076970
v -19.594450 46.685867 12.076967
v -19.594450 46.685879 11.766127
v -18.705511 48.433205 12.076969
v -21.232868 44.751804 10.974901
v -21.235651 44.748833 8.740095
v -20.895924 45.073502 8.366130
v -21.236713 44.747688 7.954505
v -20.747517 45.257359 8.446060
v -19.594450 46.685871 8.522365
v -18.705513 48.433205 8.527746
v -18.705511 48.433205 11.766127
v -18.539257 49.846085 11.766126
v -18.539257 49.845833 8.521151
v -18.543550 51.306694 11.766122
v -18.543547 51.306122 8.513880
v -18.554796 73.590805 11.766121
v -18.554794 73.589912 8.506067
v -18.556248 76.467369 11.766122
v -18.556246 76.466438 8.505058
v -18.539257 49.846146 12.076968
v -18.543543 51.306770 12.076968
v -18.554798 73.590820 12.076961
v -18.556250 76.467377 12.076961
v -18.938585 86.401321 8.319618
v -18.816410 86.401428 11.596220
v -32.035007 86.401283 8.413234
v -19.066839 86.401329 11.894333
v -18.816420 86.401329 11.894340
v -18.816395 86.401482 8.468678
v -18.680588 86.401344 8.349640
v -18.556217 86.401482 8.505061
v -18.556217 86.401482 8.505061
v -18.556225 86.401428 11.766112
v -18.556240 86.401329 12.076956
v -18.811129 86.401329 12.076956
v -32.065601 86.401291 12.076956
v -32.069164 86.401291 11.894334
v -27.378107 34.599216 10.974901
v -27.378107 34.601402 11.766120
v -27.378107 35.438053 10.974901
v -27.378107 35.438049 11.766120
v -27.370712 35.867523 10.974898
v -27.378105 28.540783 11.766121
v -27.378105 28.540775 12.076970
v -27.378105 34.607269 12.076969
v -27.348511 36.296494 10.974900
v -27.311737 36.829315 10.974901
v -27.115330 37.756023 10.974900
v -26.783266 38.739273 10.974901
v -26.358315 39.517151 10.974900
v -27.378105 28.411861 11.766121
v -27.502443 28.411261 11.952628
v -27.378105 28.540775 12.076970
v -27.378105 28.276567 12.076971
v -27.502443 28.411261 11.952628
v -27.378103 28.277716 11.766121
v -56.983749 12.836133 -8.902168
v -56.979988 12.723049 -9.015243
v -56.769012 12.836140 -9.015246
v -56.983753 12.949217 -8.902168
v -56.769016 12.949219 -9.015247
v -56.912209 35.758041 -9.015246
v -57.119442 35.758041 -8.902171
v -56.912205 37.646290 -8.751066
v -57.119438 37.646313 -8.637986
v -57.058037 17.581747 -9.128326
v -56.983757 12.949219 -9.128326
v -56.983749 12.949214 -11.062156
v -57.025894 20.033297 -11.260144
v -57.099602 20.174208 -13.775990
v -57.114281 21.390263 -14.120314
v -57.119438 22.648218 -14.243135
v -57.099777 32.454071 -11.607284
v -57.119434 35.758030 -14.270914
v -54.094471 3.524270 7.505741
v -54.023033 3.696955 7.372574
v -54.094452 3.696993 7.372588
v -54.023052 3.524256 7.505737
v -54.094475 3.330791 7.554732
v -54.023056 3.330792 7.554732
v -54.094398 -0.000504 7.548389
v -54.022961 -0.000503 7.548389
v -57.073406 44.963066 -9.013349
v -56.824314 45.769627 -8.256826
v -56.912209 44.963081 -8.900275
v -56.712608 45.769627 -8.143758
v -56.597584 46.576149 -7.688830
v -56.513000 46.576164 -7.575757
v -56.023956 47.449818 -7.213466
v -55.973984 47.449844 -7.100372
v -55.566624 48.093468 -6.965697
v -55.524040 48.094490 -6.843453
v -40.964535 62.170166 -6.873932
v -40.757305 62.170170 -6.750797
v -56.912209 40.977371 -13.517512
v -57.073406 44.963066 -9.013349
v -56.912209 44.963081 -8.900275
v -57.072598 40.977386 -13.630592
v -56.912224 40.518036 -13.954960
v -57.034912 40.503006 -14.084297
v -40.583851 91.223236 -6.874216
v -40.583851 76.623466 -6.874214
v -40.515945 76.623474 -7.482866
v -40.583851 91.336296 -6.874220
v -40.470390 91.848717 -7.574773
v -40.583851 91.449387 -6.761140
v -40.583855 91.449387 -6.648058
v -40.583855 91.449387 -2.519884
v -40.583855 91.449387 1.608289
v -40.583855 91.449387 1.721370
v -40.583851 91.742020 2.352521
v -40.583851 91.303398 1.834450
v -40.467297 76.623474 -7.918918
v -40.467297 91.851631 -7.918921
v -40.470375 91.974899 -7.576232
v -40.583851 91.974892 2.346502
v -40.467297 91.974899 2.668786
v -40.467297 91.742020 2.695694
v -40.467297 76.498314 2.695695
v -40.583851 76.498314 2.352523
v -40.583851 91.223236 1.834450
v -40.583851 76.496887 1.834453
v -40.467297 91.974899 -7.918920
v -40.185902 91.974876 -7.918921
v -40.364311 91.974899 -7.804260
v -40.467297 91.974899 -7.918920
v -40.185902 91.974892 -7.804257
v -33.133419 91.974915 -7.804254
v -40.460590 91.974899 2.346502
v -33.020256 91.974915 -7.592532
v -40.366776 91.974899 2.668786
v -40.156540 91.974899 2.824198
v -40.177139 91.974899 2.947455
v -40.467297 91.974899 2.668786
v -40.583851 91.974892 2.346502
v -40.470375 91.974899 -7.576232
v -33.476933 91.974907 2.824195
v -33.121780 91.974915 -7.918919
v -33.121780 91.974915 -7.918919
v -32.996849 91.974915 -7.685089
v -49.904686 16.254951 12.076970
v -45.350842 28.281706 12.076967
v -41.888523 28.282442 12.076967
v -41.879093 16.254978 12.076968
v -45.454067 33.425385 12.076964
v -55.023300 34.542259 12.076965
v -43.796722 34.568661 12.076965
v -54.930916 33.241329 12.076964
v -45.454357 28.540737 12.076966
v -54.940025 24.864571 12.076966
v -54.945145 20.157036 12.076968
v -50.215538 15.944113 12.076970
v -54.949726 15.944104 12.076968
v -50.215534 12.392064 12.076969
v -54.953606 12.400786 12.076969
v -55.332836 12.399447 12.076969
v -55.324276 20.265760 12.076969
v -55.319210 24.920305 12.076969
v -55.310154 33.241329 12.076969
v -55.408432 34.553570 12.076965
v -49.649822 12.392242 12.966345
v -49.874130 12.392180 12.702296
v -49.649826 15.689242 12.966345
v -49.851376 15.890901 12.715739
v -28.091988 76.545876 11.920875
v -28.086277 76.624870 11.927844
v -18.811129 76.555305 11.927820
v -18.811129 76.624741 11.927817
v -18.716890 76.563019 11.916318
v -18.716974 76.618446 11.916231
v -28.196558 76.545883 11.920875
v -28.191566 76.624870 11.927844
v -28.086277 76.624870 11.927844
v -35.895905 76.534164 11.907453
v -28.191566 76.624870 11.927844
v -35.898502 76.624985 11.927867
v -40.583855 91.449387 1.721370
v -40.583851 91.303398 1.834450
v -40.376625 91.336296 1.721370
v -18.556246 76.713753 8.505062
v -18.556240 86.082382 8.505062
v -18.680592 76.713676 8.349636
v -18.680592 86.082359 8.349638
v -18.556217 86.401482 8.505061
v -18.680588 86.401344 8.349640
v -56.979988 12.723049 -9.015243
v -56.979984 12.723054 -9.128325
v -56.769012 12.836140 -9.015246
v -56.769012 12.836140 -9.128327
v -56.979996 12.723056 -10.866927
v -56.769016 12.836135 -10.937926
v -56.979996 12.723054 -10.983045
v -56.769016 12.836135 -11.093349
v -56.982487 12.836130 -11.209460
v -27.378105 28.276567 12.076971
v -27.632988 28.276571 12.076971
v -27.502443 28.411261 11.952628
v -27.632988 28.411261 11.952628
v -41.626022 28.282394 12.076967
v -41.733974 28.411221 11.828890
v -49.649818 -0.000064 12.966346
v -31.666805 2.495332 12.966346
v -31.669710 -0.000001 12.966341
v -41.622818 6.928029 12.966345
v -41.882584 7.059426 12.966346
v -42.684799 7.485157 12.966347
v -49.649818 12.139839 12.966340
v -42.684799 12.144841 12.966346
v -49.649818 12.139839 12.966340
v -49.874027 12.139632 12.702378
v -49.649822 12.266041 12.759114
v -49.874020 12.265900 12.495160
v -50.044277 12.139423 12.338623
v -50.044258 12.265769 12.131417
v -50.215534 12.139189 12.076975
v -50.215534 12.265620 11.869743
v -27.378107 34.599216 10.974901
v -27.378107 35.438053 10.974901
v -27.502443 34.601715 10.885400
v -27.502443 35.438049 10.885400
v -27.495045 35.867485 10.885401
v -27.370712 35.867523 10.974898
v -27.472858 36.296432 10.885398
v -27.348511 36.296494 10.974900
v -27.436077 36.829308 10.885400
v -27.311737 36.829315 10.974901
v -27.239658 37.756016 10.885402
v -27.115330 37.756023 10.974900
v -26.907604 38.739269 10.885404
v -26.783266 38.739273 10.974901
v -26.482655 39.517147 10.885399
v -26.358315 39.517151 10.974900
v -25.940491 40.280357 10.885396
v -25.816151 40.280365 10.974897
v -25.304466 40.974678 10.885396
v -25.180134 40.974686 10.974896
v -40.376625 91.336296 1.721370
v -40.376625 91.223236 1.721370
v -40.376625 91.336296 1.608289
v -40.583851 91.223236 1.608290
v -40.352901 76.522423 -6.874217
v -40.145672 76.414642 -6.761137
v -40.356640 76.398270 -6.877152
v -40.248333 76.291054 -6.761135
v -40.133816 76.282166 1.721372
v -40.360531 76.305809 1.608291
v -40.145672 76.414673 1.721372
v -40.352901 76.414673 1.608291
v -40.352901 76.414680 1.834452
v -40.361195 76.306252 1.834452
v -40.145672 76.414673 1.721372
v -40.133816 76.282166 1.721372
v -40.467297 91.974899 2.668786
v -40.177139 91.974899 2.947455
v -40.467297 91.742020 2.695694
v -40.185898 91.742020 2.947456
v -40.185898 76.607918 2.947459
v -40.467297 76.498314 2.695695
v -28.273220 76.466705 12.076960
v -30.030819 73.681534 12.076960
v -35.766457 76.466858 12.076961
v -35.769779 73.608337 12.076961
v -30.030817 41.335258 12.076971
v -35.809032 39.850834 12.076969
v -40.167423 34.577194 12.076967
v -43.544281 34.490726 12.076966
v -41.895058 33.425385 12.076966
v -41.888153 28.540743 12.076967
v -45.195030 33.346848 12.076965
v -45.195320 28.540733 12.076965
v -28.196413 76.466713 12.043307
v -29.966946 73.648270 12.040448
v -28.273220 76.466705 12.076960
v -30.030819 73.681534 12.076960
v -30.030817 41.335258 12.076971
v -29.973957 41.271721 12.002904
v -40.088333 34.546455 12.002201
v -40.167423 34.577194 12.076967
v -41.812988 33.367130 11.996506
v -41.895058 33.425385 12.076966
v -41.888153 28.540743 12.076967
v -41.797531 28.540007 11.892252
v -55.332832 12.123858 8.486868
v -55.332832 -0.000064 8.486874
v -55.243862 -0.000059 8.336205
v -55.125603 12.270207 8.486868
v -55.125603 12.270207 8.336203
v -55.332832 12.123852 12.076969
v -54.953606 12.124357 12.076971
v -55.332836 -0.000069 12.076971
v -54.953606 -0.000069 12.076975
v -50.215534 -0.000066 12.076971
v -50.215534 12.139189 12.076975
v -55.332832 12.123852 12.076969
v -55.332829 12.123852 11.641788
v -55.125603 12.270202 11.869740
v -55.125603 12.270202 11.641788
v -55.125603 12.270207 8.486868
v -55.332832 12.123858 8.486868
v -18.809675 73.589722 12.076961
v -29.776588 41.205692 12.076969
v -29.776371 73.614532 12.076962
v -27.987129 76.466698 12.076962
v -18.811129 76.466179 12.076961
v -18.554798 73.590820 12.076961
v -18.556250 76.467377 12.076961
v -18.798426 51.306484 12.076968
v -18.543543 51.306770 12.076968
v -21.500383 44.739918 12.076969
v -22.221851 44.049503 12.076970
v -23.292912 43.024929 12.076971
v -24.363966 42.001144 12.076970
v -25.435015 40.974674 12.076966
v -26.071030 40.280361 12.076970
v -26.613205 39.517151 12.076970
v -27.038151 38.739708 12.076969
v -27.370207 37.756016 12.076971
v -27.566626 36.829304 12.076971
v -27.603401 36.296425 12.076970
v -27.620029 35.867699 12.076970
v -27.632988 35.438038 12.076970
v -27.632988 34.606670 12.076970
v -39.829670 34.506508 12.076969
v -23.038021 43.024944 12.076972
v -24.109077 42.001205 12.076971
v -25.180126 40.974686 12.076966
v -25.816139 40.280361 12.076966
v -26.358315 39.517151 12.076970
v -26.783266 38.739277 12.076970
v -27.115328 37.756008 12.076967
v -27.311737 36.829296 12.076970
v -27.348492 36.296833 12.076971
v -27.370703 35.867687 12.076970
v -27.378105 35.438042 12.076969
v -27.378105 34.607269 12.076969
v -27.378105 28.540775 12.076970
v -27.632988 28.540775 12.076968
v -41.626106 28.540743 12.076967
v -41.627628 33.302597 12.076969
v -19.849331 46.685867 12.076970
v -18.794144 49.845890 12.076968
v -18.539257 49.846146 12.076968
v -18.705511 48.433205 12.076969
v -18.960392 48.433197 12.076973
v -19.594450 46.685867 12.076967
v -20.745024 45.261299 12.076970
v -20.981779 45.283730 12.076968
v -20.895920 45.074451 12.076968
v -21.150810 45.074436 12.076968
v -21.231354 44.753464 12.076967
v -21.966972 44.049511 12.076969
v -18.705338 76.555382 8.505059
v -18.705338 76.556145 11.766121
v -18.705345 76.624763 8.505060
v -18.705334 76.625381 11.766121
v -18.716974 76.618446 11.916231
v -18.716890 76.563019 11.916318
v -41.805092 15.689269 12.890402
v -41.817131 15.913465 12.638851
v -41.707920 15.689268 12.887792
v -41.696899 15.913472 12.633885
v -41.818390 16.083714 12.276458
v -41.695698 16.083719 12.271176
v -49.080177 3.563022 7.261576
v -48.020313 3.451142 7.348851
v -48.020248 3.564023 7.261953
v -49.080154 3.450765 7.348736
v -53.943188 3.563819 7.261883
v -53.943188 3.451055 7.348830
v -49.080200 3.627078 7.134716
v -53.943195 3.628708 7.135138
v -54.177307 3.563857 7.261898
v -54.094452 3.793607 7.197940
v -54.177315 3.628786 7.135158
v -54.094452 3.696993 7.372588
v -54.094471 3.524270 7.505741
v -54.177307 3.451069 7.348835
v -54.094475 3.330791 7.554732
v -54.177303 3.311980 7.379366
v -54.094398 -0.000504 7.548389
v -54.177227 -0.000067 7.370959
v -55.142921 23.712456 10.423924
v -55.245445 21.339506 10.528053
v -55.142960 21.339506 10.419277
v -55.040432 23.712456 10.315125
v -55.332870 20.178926 10.605568
v -55.332829 21.339499 10.748222
v -55.332829 20.153021 10.745834
v -55.310184 21.339499 10.629781
v -55.332829 20.280455 10.491235
v -55.084156 20.809977 10.292095
v -55.040466 21.339506 10.310502
v -54.835487 23.712456 10.097515
v -55.084160 24.241976 10.205465
v -55.245392 23.712456 10.532730
v -55.310177 23.712456 10.634610
v -55.332832 23.712440 10.753202
v -55.324726 20.228228 11.641787
v -54.835487 21.339506 10.092953
v -55.332832 24.771488 10.313415
v -55.333206 24.880165 10.413077
v -55.332832 24.898932 10.548159
v -55.319893 24.898937 11.641786
v -55.310158 33.241329 11.641786
v -55.332832 24.952581 4.537868
v -55.332832 12.398377 11.641788
v -55.332832 20.061199 10.530032
v -55.332836 12.399447 12.076969
v -55.324276 20.265760 12.076969
v -55.319210 24.920305 12.076969
v -55.310154 33.241329 12.076969
v -55.404808 34.540592 11.641780
v -55.408432 34.553570 12.076965
v -55.327591 20.167004 4.559270
v -55.332832 20.046286 4.559843
v -55.327866 24.888945 4.538123
v -55.332832 24.771488 10.313415
v -55.312550 24.775572 4.538537
v -55.084160 24.241976 10.205465
v -55.074001 24.244020 4.539458
v -54.835487 23.712456 10.097515
v -54.835491 23.712460 9.445131
v -54.835487 21.339506 10.092953
v -54.835487 21.339512 9.440781
v -55.073936 20.807920 4.554847
v -55.084156 20.809977 10.292095
v -55.312256 20.276316 4.558686
v -55.332829 20.280455 10.491235
v -54.835484 21.339504 7.484261
v -54.835484 21.339506 8.136435
v -54.835484 21.339506 8.788607
v -54.835484 23.712456 8.792734
v -54.835487 23.712456 8.140345
v -54.835487 23.712454 7.487953
v -54.835487 23.712463 6.835567
v -54.835487 21.339504 6.832088
v -54.835484 21.339510 6.179915
v -54.835484 21.339510 5.527740
v -54.835487 23.712458 5.530781
v -54.835484 23.712463 6.183172
v -54.835480 21.339510 4.875567
v -54.835484 21.339508 4.551006
v -54.835487 23.712458 4.540379
v -54.835484 23.712458 4.878390
v -40.376625 91.336296 1.721370
v -40.583851 91.303398 1.834450
v -40.376625 91.223236 1.721370
v -40.583851 91.223236 1.834450
v -40.376625 76.496902 1.721372
v -40.583851 76.496887 1.834453
v -40.345547 63.254456 -6.750914
v -40.392300 62.862823 -6.750896
v -40.552780 63.254463 -6.874217
v -40.599529 62.862839 -6.874183
v -40.532322 62.494137 -6.750856
v -40.739548 62.494122 -6.874087
v -40.376625 91.336296 -6.761139
v -40.376625 91.223244 -6.761136
v -40.583851 91.336296 -6.874220
v -40.583851 91.223236 -6.874216
v -40.583851 76.623466 -6.874214
v -40.376625 76.496887 -6.761138
v -40.352901 76.522423 -6.874217
v -40.376625 76.496887 -6.761138
v -40.145672 76.414642 -6.761137
v -40.583851 76.623466 -6.874214
v -40.284996 76.522423 -7.375978
v -40.515945 76.623474 -7.482866
v -40.236343 76.522415 -7.735449
v -40.467297 76.623474 -7.918918
v -40.185898 76.623466 -7.918923
v -40.185898 76.522423 -7.767978
v -33.116703 76.623642 -7.918913
v -32.984890 76.531311 -7.595933
v -40.236343 76.412827 2.695695
v -40.352901 76.412819 2.352523
v -40.467297 76.498314 2.695695
v -40.583851 76.498314 2.352523
v -40.583851 76.496887 1.834453
v -40.352901 76.414680 1.834452
v -40.583851 91.223236 1.608290
v -40.583851 91.223236 -2.519884
v -40.376625 91.336296 1.608289
v -40.376625 91.336296 -2.519883
v -40.376625 91.336296 -6.648056
v -40.583851 91.223236 -6.648058
v -40.376625 91.336296 -6.761139
v -55.243862 -0.000059 8.336205
v -55.332832 12.270207 8.190386
v -55.125603 12.270207 8.336203
v -55.314640 3.731065 8.190388
v -55.314648 -0.000063 8.190388
v -40.583851 91.223236 1.608290
v -40.376625 91.223236 1.721370
v -40.583851 76.496895 1.608292
v -40.376625 76.496902 1.721372
v -56.912205 37.646290 -8.751066
v -56.912209 39.407417 -8.134764
v -57.119438 37.646313 -8.637986
v -57.033157 39.407425 -8.021689
v -56.912209 39.823277 -7.871696
v -57.032711 39.829845 -7.754459
v -56.912209 40.181252 -7.621949
v -57.033127 40.177963 -7.511962
v -56.912216 40.518032 -7.344264
v -57.034908 40.505478 -7.242287
v -56.912220 40.865471 -7.036515
v -57.072601 40.865456 -6.923437
v -55.332832 12.123858 8.486868
v -55.332829 12.123852 11.641788
v -55.332832 -0.000064 8.486874
v -55.332832 -0.000067 11.641789
v -55.332836 -0.000069 12.076971
v -55.332832 12.123852 12.076969
v -41.798782 7.108902 12.842012
v -41.806747 7.074043 12.889683
v -41.882488 7.158713 12.842012
v -41.882584 7.059426 12.966346
v -41.721233 7.039636 12.876881
v -41.622818 6.928029 12.966345
v -41.622837 7.022866 12.842011
v -31.666805 2.495332 12.966346
v -31.599289 2.537276 12.841699
v -41.719189 7.067136 12.842012
v -41.719189 7.067136 12.842012
v -41.798782 7.108902 12.842012
v -49.649822 12.266041 12.759114
v -42.684799 12.144841 12.966346
v -49.649818 12.139839 12.966340
v -42.560463 12.269271 12.759118
v -42.560463 7.517451 12.842012
v -42.684799 7.485157 12.966347
v -56.912224 40.518036 -13.954960
v -56.912220 40.207298 -14.168941
v -57.034912 40.503006 -14.084297
v -57.033127 40.198517 -14.288782
v -56.912209 39.823277 -14.323244
v -57.032715 39.823586 -14.436275
v -56.912209 39.407413 -14.384935
v -57.033165 39.407429 -14.498013
v -56.912212 37.646324 -14.378998
v -57.119438 37.646313 -14.492081
v -57.033165 39.517063 -15.534754
v -57.032715 39.935120 -15.487143
v -57.033165 39.471298 -15.102024
v -57.032303 37.755939 -15.534758
v -57.068672 37.710175 -15.099550
v -57.035213 35.867661 -15.534760
v -57.070370 35.821903 -15.101635
v -57.035213 22.757900 -15.480921
v -57.054092 22.712122 -15.090042
v -57.002220 21.540941 -15.353165
v -57.049004 21.478880 -14.933208
v -56.993050 20.364079 -15.022495
v -57.037544 20.286442 -14.597216
v -56.920856 12.187366 -12.048507
v -56.922539 12.186607 -11.937398
v -56.831406 12.100031 -11.892571
v -56.832336 12.098952 -11.797058
v -56.976234 12.162334 -8.384096
v -56.865570 12.060373 -8.384096
v -56.817284 12.112780 -8.139838
v -56.979984 12.723054 -9.128325
v -56.979996 12.723056 -10.866927
v -56.979996 12.723054 -10.983045
v -56.982487 12.836130 -11.209460
v -56.983749 12.949209 -11.288311
v -57.099659 20.178066 -14.003602
v -57.114296 21.392254 -14.347027
v -57.119438 22.648218 -14.469297
v -57.119438 35.758034 -14.497068
v -57.119438 37.646313 -14.492081
v -57.033165 39.407429 -14.498013
v -57.032715 39.888569 -15.048517
v -57.033127 40.253773 -15.393829
v -57.033127 40.230709 -14.932590
v -57.034904 40.522499 -15.198799
v -57.034908 40.514366 -14.708839
v -57.039040 40.977386 -14.731112
v -57.072594 40.977379 -14.271763
v -57.040432 44.962746 -10.218104
v -57.073410 44.962883 -9.715249
v -56.824318 45.769444 -9.430123
v -56.824318 45.769516 -8.940398
v -56.597588 46.576141 -8.715800
v -56.597584 46.576141 -8.287148
v -56.023956 47.449802 -8.145484
v -56.023956 47.449806 -7.756464
v -55.566624 48.107254 -7.987944
v -55.566624 48.101498 -7.561265
v -40.920197 62.142262 -7.487758
v -55.566624 48.093468 -6.965697
v -40.964535 62.170166 -6.873932
v -56.023956 47.449818 -7.213466
v -56.597584 46.576149 -7.688830
v -56.824314 45.769627 -8.256826
v -57.073406 44.963066 -9.013349
v -57.072598 40.977386 -13.630592
v -57.034912 40.503006 -14.084297
v -57.033127 40.198517 -14.288782
v -57.032715 39.823586 -14.436275
v -40.739548 62.494122 -6.874087
v -40.686214 62.474010 -7.487823
v -40.599529 62.862839 -6.874183
v -40.536343 62.851467 -7.487862
v -40.552780 63.254463 -6.874217
v -40.484875 63.254478 -7.487877
v -40.583851 76.352158 -6.874216
v -40.515945 76.352165 -7.487878
v -40.436226 63.254494 -7.927516
v -40.467297 76.352158 -7.927517
v -40.491077 62.843319 -7.927515
v -40.648006 62.459602 -7.927516
v -40.888432 62.122265 -7.927515
v -56.483200 40.253777 -15.393829
v -57.032715 39.935120 -15.487143
v -56.482803 39.935123 -15.487141
v -57.033127 40.253773 -15.393829
v -56.484909 40.522507 -15.198801
v -57.034904 40.522499 -15.198799
v -56.488869 40.977379 -14.731112
v -57.039040 40.977386 -14.731112
v -57.040432 44.962746 -10.218104
v -56.490234 44.967266 -10.213585
v -56.824318 45.769444 -9.430123
v -56.283035 45.773972 -9.425604
v -56.597588 46.576141 -8.715800
v -56.065388 46.580666 -8.715799
v -56.023956 47.449802 -8.145484
v -55.515434 47.454327 -8.145482
v -55.566624 48.107254 -7.987944
v -55.076965 48.110718 -7.987944
v -40.888432 62.122265 -7.927515
v -40.665363 62.137161 -7.927515
v -34.727165 61.156754 -7.927507
v -40.154827 63.361427 -7.927515
v -35.139362 60.825558 -7.927507
v -40.229328 62.902988 -7.927515
v -40.427357 62.483414 -7.927515
v -43.326118 48.190922 -7.987947
v -43.317909 47.559467 -8.145485
v -43.317783 46.685802 -8.715799
v -43.320396 45.879086 -9.320493
v -43.320396 45.072350 -10.108482
v -43.320061 40.977413 -14.731119
v -43.320061 40.522530 -15.198805
v -40.648006 62.459602 -7.927516
v -40.491077 62.843319 -7.927515
v -40.436226 63.254494 -7.927516
v -40.467297 76.352158 -7.927517
v -40.185898 76.352158 -7.927511
v -33.112240 76.352081 -7.927510
v -33.115299 61.156246 -7.927503
v -43.320061 40.253815 -15.393826
v -43.320061 39.935165 -15.487144
v -43.320061 39.517097 -15.534754
v -56.483234 39.517063 -15.534756
v -43.320061 37.755981 -15.534750
v -56.482407 37.755939 -15.534756
v -43.320061 35.867702 -15.534760
v -56.485199 35.867664 -15.534758
v -43.320061 26.160570 -15.534758
v -56.509293 22.757896 -15.534756
v -46.081757 22.757790 -15.534756
v -47.049400 21.543537 -15.355850
v -56.550877 21.541067 -15.353294
v -48.025257 20.364126 -15.022503
v -56.588211 20.364084 -15.022495
v -54.822792 12.258931 -11.938887
v -56.839741 12.190798 -12.043252
v -56.757599 12.102859 -11.888550
v -56.831406 12.100031 -11.892571
v -56.920856 12.187366 -12.048507
v -56.993050 20.364079 -15.022495
v -57.002220 21.540941 -15.353165
v -57.035213 22.757900 -15.480921
v -57.035213 35.867661 -15.534760
v -57.032303 37.755939 -15.534758
v -57.033165 39.517063 -15.534754
v -54.852486 12.159009 -11.808702
v -56.824318 45.770420 0.217079
v -56.597584 46.576134 1.175055
v -56.490944 45.770435 0.550460
v -56.264210 46.576134 1.508437
v -55.973984 47.449806 2.116771
v -55.640606 47.449802 2.450159
v -55.566628 48.076359 2.580617
v -55.233250 48.076355 2.913996
v -40.882145 62.142857 2.697635
v -40.563221 62.142857 2.947799
v -40.644192 62.478970 2.696609
v -40.339970 62.521851 2.947615
v -40.489857 62.861038 2.695935
v -40.201149 62.891331 2.947498
v -40.436226 63.269806 2.695698
v -40.154827 63.269791 2.947461
v -40.467293 76.243973 2.695696
v -40.552784 63.283852 2.352525
v -40.583851 76.243599 2.352523
v -40.583851 76.242355 1.834452
v -40.185898 76.354065 2.947459
v -57.073410 44.962749 -0.836791
v -56.824318 45.770374 -0.171235
v -56.597584 46.576141 0.794724
v -56.023960 47.449802 1.739716
v -55.566628 48.094955 2.201676
v -40.965790 62.197113 2.352842
v -40.740387 62.521851 2.352672
v -40.599815 62.891331 2.352562
v -40.552780 63.265884 1.834454
v -40.599503 62.874012 1.834492
v -40.739460 62.505028 1.834602
v -40.964394 62.180794 1.834776
v -55.566624 48.130077 1.708770
v -56.023956 47.449802 1.221642
v -56.597588 46.576141 0.276660
v -56.824257 45.770176 -0.802786
v -57.073410 44.964588 -1.288535
v -57.073349 44.964283 -1.806541
v -57.072598 40.865200 -6.405352
v -56.976234 12.205799 -8.072653
v -57.119442 35.758041 -8.384101
v -57.035210 35.758038 -8.040926
v -57.119438 37.646328 -8.119920
v -57.119438 37.646297 -7.765295
v -57.033161 39.407433 -7.503622
v -57.033165 39.407433 -7.109879
v -57.032711 39.823864 -7.240185
v -57.032711 39.818462 -6.831017
v -57.033127 40.180977 -6.991048
v -57.033127 40.175289 -6.566214
v -57.034912 40.516899 -6.713991
v -57.034908 40.510494 -6.274511
v -57.072598 40.865067 -5.943180
v -57.072601 40.865456 -6.923437
v -57.034908 40.505478 -7.242287
v -57.033127 40.177963 -7.511962
v -57.032711 39.829845 -7.754459
v -57.033157 39.407425 -8.021689
v -57.119438 37.646313 -8.637986
v -57.119442 35.758041 -8.902171
v -56.983753 12.949217 -8.902168
v -56.983749 12.836133 -8.902168
v -56.979988 12.723049 -9.015243
v -56.642860 12.262008 -7.847007
v -56.786064 35.758041 -7.789160
v -56.786064 37.646297 -7.431920
v -56.699787 39.407436 -6.776504
v -56.699333 39.818462 -6.497639
v -56.699749 40.175289 -6.232838
v -56.701534 40.510487 -5.941137
v -56.739220 40.865051 -5.609797
v -56.740028 44.962761 -0.503400
v -56.912220 40.865471 -7.036515
v -56.912155 44.964260 -1.919621
v -57.072601 40.865456 -6.923437
v -57.073349 44.964283 -1.806541
v -56.712547 45.770157 -0.915869
v -56.824257 45.770176 -0.802786
v -40.583855 91.449387 1.721370
v -40.376625 91.336296 1.721370
v -40.583855 91.449387 1.608289
v -40.376625 91.336296 1.608289
v -40.376625 91.336296 -2.519883
v -40.583855 91.449387 -2.519884
v -40.583855 91.449387 -6.648058
v -40.376625 91.336296 -6.648056
v -40.583851 91.449387 -6.761140
v -40.376625 91.336296 -6.761139
v -40.583851 91.336296 -6.874220
v -40.583851 76.352158 -6.874216
v -40.287975 76.398834 -7.357087
v -40.356640 76.398270 -6.877152
v -40.515945 76.352165 -7.487878
v -40.238781 76.399223 -7.771578
v -40.467297 76.352158 -7.927517
v -40.185898 76.352158 -7.927511
v -40.185898 76.401344 -7.779691
v -33.112240 76.352081 -7.927510
v -32.984898 76.415977 -7.603436
v -53.943188 3.451055 7.348830
v -53.943180 3.311980 7.379366
v -49.080154 3.450765 7.348736
v -49.080120 3.311994 7.379366
v -48.020405 3.311997 7.379368
v -49.079613 -0.000053 7.370959
v -48.021667 -0.000050 7.370959
v -27.749941 0.000008 7.370962
v -27.749941 3.312054 7.379368
v -48.020313 3.451142 7.348851
v -53.943085 -0.000066 7.370959
v -55.332836 12.398386 8.486868
v -55.332832 19.836906 8.486864
v -55.332832 19.836910 8.190386
v -55.332832 19.836912 4.560780
v -55.332832 12.270207 8.190386
v -55.320076 4.635354 4.628786
v -55.314640 3.731065 8.190388
v -55.332836 4.359159 4.630102
v -55.332840 3.691994 7.272410
v -55.332832 3.627791 7.399250
v -55.332832 3.568447 7.248585
v -55.332832 3.452302 7.344413
v -55.332832 3.515448 7.486354
v -55.332832 3.376628 7.516946
v -55.314648 -0.000063 8.190388
v -55.332832 -0.000066 7.507921
v -55.332832 3.305621 7.379340
v -55.332832 -0.000070 7.370962
v -55.332836 3.634696 7.113657
v -40.248333 76.291054 -6.761135
v -40.376625 76.242554 -6.761135
v -40.356640 76.398270 -6.877152
v -40.583851 76.352158 -6.874216
v -40.583851 91.223236 -2.519884
v -40.583851 91.223236 1.608290
v -40.583851 82.782928 -2.519883
v -40.583851 76.496895 1.608292
v -40.757240 62.175362 1.721695
v -40.964394 62.180794 1.834776
v -55.561054 48.111664 1.582515
v -55.566624 48.130077 1.708770
v -56.023956 47.449802 1.221642
v -55.973984 47.449802 1.108561
v -56.597588 46.576141 0.276660
v -56.512985 46.576134 0.163579
v -56.824257 45.770176 -0.802786
v -56.712547 45.770157 -0.915869
v -55.332836 12.399447 12.076969
v -54.953606 12.400786 12.076969
v -55.125603 12.270202 11.869740
v -54.953606 12.262571 11.869740
v -50.215534 12.392064 12.076969
v -50.215534 12.265620 11.869743
v -33.121780 91.974915 -7.918919
v -33.116703 91.851662 -7.918919
v -32.996849 91.974915 -7.685089
v -32.987125 91.851662 -7.685089
v -33.116703 76.623642 -7.918913
v -32.984890 76.531311 -7.595933
v -55.332836 12.399447 12.076969
v -55.125603 12.270202 11.869740
v -55.332832 12.398377 11.641788
v -55.125603 12.270202 11.641788
v -55.332836 12.398386 8.486868
v -55.125603 12.270207 8.486868
v -40.376625 91.336296 -6.761139
v -40.583851 91.223236 -6.648058
v -40.376625 91.223244 -6.761136
v -45.942936 22.685835 -15.265347
v -46.081757 22.757790 -15.534756
v -46.878544 21.581619 -15.129921
v -47.049400 21.543537 -15.355850
v -47.814350 20.509447 -14.782436
v -48.025257 20.364126 -15.022503
v -54.629745 12.258928 -11.738207
v -54.822792 12.258931 -11.938887
v -54.852486 12.159009 -11.808702
v -54.660065 12.159014 -11.601475
v -54.884796 12.088846 -11.536441
v -54.693810 12.088843 -11.268101
v -54.852486 12.159009 -11.808702
v -56.721497 12.088839 -11.614159
v -56.757599 12.102859 -11.888550
v -56.832336 12.098952 -11.797058
v -56.865570 12.060373 -8.384096
v -56.721497 12.088839 -8.274476
v -56.817284 12.112780 -8.139838
v -56.642860 12.112782 -7.956100
v -56.831406 12.100031 -11.892571
v -41.707920 15.689268 12.887792
v -41.789780 7.135412 12.872580
v -41.805092 15.689269 12.890402
v -41.714882 7.113585 12.882668
v -41.798782 7.108902 12.842012
v -41.719189 7.067136 12.842012
v -50.215534 12.265620 11.869743
v -50.215534 12.392064 12.076969
v -50.044258 12.265769 12.131417
v -50.044418 12.392122 12.338406
v -49.874020 12.265900 12.495160
v -49.874130 12.392180 12.702296
v -49.649822 12.266041 12.759114
v -49.649822 12.392242 12.966345
v -40.185898 76.623466 -7.918923
v -40.467297 91.851631 -7.918921
v -40.467297 76.623474 -7.918918
v -40.185902 91.851631 -7.918921
v -40.467297 91.974899 -7.918920
v -40.185902 91.974876 -7.918921
v -33.121780 91.974915 -7.918919
v -33.116703 91.851662 -7.918919
v -33.116703 76.623642 -7.918913
v -18.556240 86.082382 8.505062
v -18.556225 86.401428 11.766112
v -18.556217 86.401482 8.505061
v -18.556240 86.082390 11.766119
v -18.556240 86.401329 12.076956
v -18.556246 76.713753 8.505062
v -18.556240 76.714142 11.766122
v -18.556240 86.082390 12.076962
v -18.556236 76.714157 12.076964
v -18.556250 76.467377 12.076961
v -18.811129 76.466179 12.076961
v -18.716890 76.563019 11.916318
v -18.811129 76.555305 11.927820
v -18.556246 76.466438 8.505058
v -18.705338 76.555382 8.505059
v -18.680586 76.466286 8.349640
v -18.829712 76.555305 8.349638
v -55.332832 19.836906 8.486864
v -55.125603 19.836914 8.336201
v -55.332832 19.836910 8.190386
v -18.556250 76.467377 12.076961
v -18.716890 76.563019 11.916318
v -18.556248 76.467369 11.766122
v -18.705338 76.556145 11.766121
v -18.556246 76.466438 8.505058
v -18.705338 76.555382 8.505059
v -40.583851 76.240860 1.608291
v -40.360531 76.305809 1.608291
v -40.376625 76.242554 1.721372
v -40.133816 76.282166 1.721372
v -40.361195 76.306252 1.834452
v -40.583851 76.242355 1.834452
v -40.583851 76.243599 2.352523
v -40.360386 76.306938 2.352523
v -40.467293 76.243973 2.695696
v -40.261871 76.293983 2.695696
v -40.185898 76.354065 2.947459
v -40.185898 76.359566 2.866038
v -54.023033 3.793528 7.197920
v -54.094452 3.793607 7.197940
v -54.023033 3.696955 7.372574
v -54.094452 3.696993 7.372588
v -41.798782 7.108902 12.842012
v -41.882488 7.158713 12.842012
v -41.789780 7.135412 12.872580
v -41.882401 7.295781 12.966347
v -41.888336 28.411228 11.952629
v -41.888523 28.282442 12.076967
v -45.232422 28.411234 11.952627
v -45.350842 28.281706 12.076967
v -41.888153 28.540743 12.076967
v -41.888336 28.411228 11.952629
v -45.195320 28.540733 12.076965
v -45.232422 28.411234 11.952627
v -41.888153 28.540743 12.076967
v -41.797531 28.540007 11.892252
v -41.888336 28.411228 11.952629
v -41.797310 28.411224 11.828890
v -42.560463 12.269271 12.759118
v -49.649822 12.266041 12.759114
v -42.560463 12.393642 12.966346
v -49.649822 12.392242 12.966345
v -41.882488 7.158713 12.842012
v -42.436123 7.601009 12.966349
v -41.882401 7.295781 12.966347
v -42.560463 7.517451 12.842012
v -42.436123 12.269300 12.966348
v -55.125603 12.270207 8.336203
v -55.332832 12.270207 8.190386
v -55.125603 19.836914 8.336201
v -55.332832 19.836910 8.190386
v -43.141582 45.072350 -9.901253
v -43.320396 45.879086 -9.320493
v -43.320396 45.072350 -10.108482
v -43.141582 45.879074 -9.082597
v -43.317783 46.685802 -8.715799
v -43.138706 46.685802 -8.477898
v -43.317909 47.559467 -8.145485
v -43.139843 47.559467 -7.907577
v -43.326118 48.190922 -7.987947
v -43.138767 48.126068 -7.849647
v -35.139362 60.825558 -7.927507
v -34.991745 60.717770 -7.560438
v -46.081757 22.757790 -15.534756
v -45.942936 22.685835 -15.265347
v -43.320061 26.160570 -15.534758
v -43.143452 26.076841 -15.309052
v -43.141335 35.867691 -15.308950
v -43.320061 35.867702 -15.534760
v -43.141335 37.755978 -15.325567
v -43.320061 37.755981 -15.534750
v -43.141335 39.517097 -15.327526
v -43.320061 39.517097 -15.534754
v -43.320061 39.935165 -15.487144
v -43.141335 39.934513 -15.279989
v -43.320061 40.253815 -15.393826
v -43.141335 40.265923 -15.177677
v -43.320061 40.522530 -15.198805
v -43.141335 40.543629 -14.969877
v -43.320061 40.977413 -14.731119
v -43.141335 40.977413 -14.523886
v -18.705345 76.624763 8.505060
v -18.556240 76.714142 11.766122
v -18.556246 76.713753 8.505062
v -18.705334 76.625381 11.766121
v -18.716974 76.618446 11.916231
v -18.556236 76.714157 12.076964
v -40.238781 76.399223 -7.771578
v -40.236343 76.522415 -7.735449
v -40.287975 76.398834 -7.357087
v -40.284996 76.522423 -7.375978
v -40.352901 76.522423 -6.874217
v -40.356640 76.398270 -6.877152
v -18.829710 76.624672 8.349637
v -18.705345 76.624763 8.505060
v -18.680592 76.713676 8.349636
v -18.556246 76.713753 8.505062
v -41.622234 16.254971 12.076968
v -41.707714 16.254971 11.998426
v -41.626022 28.282394 12.076967
v -41.733974 28.276476 11.888405
v -35.896030 76.466866 11.952629
v -35.766457 76.466858 12.076961
v -35.899349 73.610519 11.952628
v -35.769779 73.608337 12.076961
v -35.938549 39.878757 11.952626
v -35.809032 39.850834 12.076969
v -43.544281 34.490726 12.076966
v -43.671913 34.519962 12.005363
v -45.195030 33.346848 12.076965
v -45.324551 33.374775 12.016632
v -45.324841 28.540743 12.016631
v -45.195320 28.540733 12.076965
v -50.215534 -0.000066 12.076971
v -50.215534 12.139189 12.076975
v -50.044266 -0.000066 12.338644
v -50.044277 12.139423 12.338623
v -41.879353 15.689271 12.966344
v -49.649826 15.689242 12.966345
v -41.879250 15.913468 12.702382
v -49.851376 15.890901 12.715739
v -41.879169 16.083717 12.338621
v -49.904690 16.083693 12.338643
v -50.044262 15.944113 12.338640
v -49.904686 16.254951 12.076970
v -50.215538 15.944113 12.076970
v -54.462475 23.712463 5.530781
v -54.462475 21.339510 5.527740
v -54.462471 23.712463 4.878389
v -54.462463 21.339510 4.875567
v -54.462467 23.712454 6.835566
v -54.462471 21.339504 6.832088
v -54.462471 23.712463 6.183172
v -54.462467 21.339510 6.179914
v -54.462475 23.712460 8.140343
v -54.462471 21.339506 8.136434
v -54.462475 23.712458 7.487954
v -54.462471 21.339504 7.484260
v -54.462475 23.712460 9.445131
v -54.462471 21.339512 9.440781
v -54.462475 23.712460 8.792736
v -54.462471 21.339506 8.788607
v -41.622387 15.689268 12.966345
v -41.622860 7.176262 12.966347
v -41.707920 15.689268 12.887792
v -41.714882 7.113585 12.882668
v -41.879353 15.689271 12.966344
v -41.879250 15.913468 12.702382
v -41.805092 15.689269 12.890402
v -41.817131 15.913465 12.638851
v -41.879169 16.083717 12.338621
v -41.818390 16.083714 12.276458
v -41.879093 16.254978 12.076968
v -41.804867 16.254974 12.001033
v -40.352901 76.414680 1.834452
v -40.360386 76.306938 2.352523
v -40.361195 76.306252 1.834452
v -40.352901 76.412819 2.352523
v -40.261871 76.293983 2.695696
v -40.236343 76.412827 2.695695
v -40.185898 76.359566 2.866038
v -40.185898 76.489059 2.866038
v -41.888523 28.282442 12.076967
v -41.797310 28.276550 11.890466
v -41.879093 16.254978 12.076968
v -41.804867 16.254974 12.001033
v -45.232422 28.411234 11.952627
v -45.350842 28.281706 12.076967
v -45.324841 28.540743 12.016631
v -45.454357 28.540737 12.076966
v -40.236343 76.522415 -7.735449
v -40.238781 76.399223 -7.771578
v -40.185898 76.522423 -7.767978
v -40.185898 76.401344 -7.779691
v -32.984898 76.415977 -7.603436
v -32.984890 76.531311 -7.595933
v -56.769016 12.836135 -11.093349
v -56.982487 12.836130 -11.209460
v -56.769012 12.949212 -11.175239
v -56.983749 12.949209 -11.288311
v -56.891281 20.173798 -13.888913
v -57.099659 20.178066 -14.003602
v -56.906769 21.390045 -14.233334
v -57.114296 21.392254 -14.347027
v -56.912216 22.648218 -14.356215
v -57.119438 22.648218 -14.469297
v -57.119438 35.758034 -14.497068
v -56.912216 35.758022 -14.383989
v -57.119438 37.646313 -14.492081
v -56.912212 37.646324 -14.378998
v -40.376625 76.242554 1.721372
v -40.583851 76.242355 1.834452
v -40.345554 63.260372 1.721374
v -40.552780 63.265884 1.834454
v -40.392281 62.868526 1.721412
v -40.599503 62.874012 1.834492
v -40.532265 62.499546 1.721522
v -40.739460 62.505028 1.834602
v -40.757240 62.175362 1.721695
v -40.964394 62.180794 1.834776
v -45.324841 28.540743 12.016631
v -45.195320 28.540733 12.076965
v -45.232422 28.411234 11.952627
v -28.273220 76.466705 12.076960
v -35.766457 76.466858 12.076961
v -35.896030 76.466866 11.952629
v -35.895905 76.534164 11.907453
v -28.196413 76.466713 12.043307
v -28.196558 76.545883 11.920875
v -31.669710 -0.000001 12.966341
v -31.666805 2.495332 12.966346
v -31.599293 -0.000002 12.842011
v -31.599289 2.537276 12.841699
v -41.879353 15.689271 12.966344
v -41.805092 15.689269 12.890402
v -41.882401 7.295781 12.966347
v -41.789780 7.135412 12.872580
v -54.462471 23.712463 4.878389
v -54.462463 21.339510 4.875567
v -54.835484 23.712458 4.878390
v -54.835480 21.339510 4.875567
v -54.462475 23.712463 5.530781
v -54.462471 23.712463 4.878389
v -54.835487 23.712458 5.530781
v -54.835484 23.712458 4.878390
v -54.462475 21.339510 5.527740
v -54.462475 23.712463 5.530781
v -54.835484 21.339510 5.527740
v -54.835487 23.712458 5.530781
v -54.462463 21.339510 4.875567
v -54.462475 21.339510 5.527740
v -54.835480 21.339510 4.875567
v -54.835484 21.339510 5.527740
v -54.462471 23.712463 6.183172
v -54.462467 21.339510 6.179914
v -54.835484 23.712463 6.183172
v -54.835484 21.339510 6.179915
v -54.462467 23.712454 6.835566
v -54.462471 23.712463 6.183172
v -54.835487 23.712463 6.835567
v -54.835484 23.712463 6.183172
v -54.462471 21.339504 6.832088
v -54.462467 23.712454 6.835566
v -54.835487 21.339504 6.832088
v -54.835487 23.712463 6.835567
v -54.462467 21.339510 6.179914
v -54.462471 21.339504 6.832088
v -54.835484 21.339510 6.179915
v -54.835487 21.339504 6.832088
v -54.462475 23.712458 7.487954
v -54.462471 21.339504 7.484260
v -54.835487 23.712454 7.487953
v -54.835484 21.339504 7.484261
v -54.462475 23.712460 8.140343
v -54.462475 23.712458 7.487954
v -54.835487 23.712456 8.140345
v -54.835487 23.712454 7.487953
v -54.462471 21.339506 8.136434
v -54.462475 23.712460 8.140343
v -54.835484 21.339506 8.136435
v -54.835487 23.712456 8.140345
v -54.462471 21.339504 7.484260
v -54.462471 21.339506 8.136434
v -54.835484 21.339504 7.484261
v -54.835484 21.339506 8.136435
v -54.462475 23.712460 8.792736
v -54.462471 21.339506 8.788607
v -54.835484 23.712456 8.792734
v -54.835484 21.339506 8.788607
v -54.462475 23.712460 9.445131
v -54.462475 23.712460 8.792736
v -54.835491 23.712460 9.445131
v -54.835484 23.712456 8.792734
v -54.462471 21.339512 9.440781
v -54.462475 23.712460 9.445131
v -54.835487 21.339512 9.440781
v -54.835491 23.712460 9.445131
v -54.462471 21.339506 8.788607
v -54.462471 21.339512 9.440781
v -54.835484 21.339506 8.788607
v -54.835487 21.339512 9.440781
v -49.874130 12.392180 12.702296
v -50.044418 12.392122 12.338406
v -49.851376 15.890901 12.715739
v -50.044262 15.944113 12.338640
v -25.304466 40.974678 10.885396
v -25.180134 40.974686 10.974896
v -24.233414 42.001205 10.885398
v -24.109079 42.001209 10.974901
v -23.162359 43.024944 10.885398
v -23.038023 43.024944 10.974899
v -22.091312 44.049511 10.885397
v -21.966974 44.049511 10.974897
v -42.560463 12.393642 12.966346
v -49.649822 12.392242 12.966345
v -49.649826 15.689242 12.966345
v -41.879353 15.689271 12.966344
v -42.436123 12.269300 12.966348
v -42.436123 7.601009 12.966349
v -41.882401 7.295781 12.966347
v -40.467297 76.498314 2.695695
v -40.185898 76.607918 2.947459
v -40.236343 76.412827 2.695695
v -40.185898 76.489059 2.866038
v -28.085609 76.466705 12.040779
v -29.849751 73.631012 12.038608
v -28.196413 76.466713 12.043307
v -29.966946 73.648270 12.040448
v -29.973957 41.271721 12.002904
v -29.882990 41.221733 11.995131
v -39.958546 34.518738 11.999266
v -40.088333 34.546455 12.002201
v -41.718231 33.323711 11.996848
v -41.812988 33.367130 11.996506
v -41.797531 28.540007 11.892252
v -41.733894 28.539997 11.890114
v -40.145672 76.414673 1.721372
v -40.352901 76.414673 1.608291
v -40.376625 76.496902 1.721372
v -40.583851 76.496895 1.608292
v -40.583851 76.496887 1.834453
v -40.352901 76.414680 1.834452
v -40.376625 76.496902 1.721372
v -40.145672 76.414673 1.721372
v -33.112240 76.352081 -7.927510
v -33.115299 61.156246 -7.927503
v -32.984898 76.415977 -7.603436
v -32.987125 60.934399 -7.684768
v -56.642860 12.262008 -7.847007
v -56.642860 12.112782 -7.956100
v -56.976234 12.205799 -8.072653
v -56.817284 12.112780 -8.139838
v -40.583851 76.352158 -6.874216
v -40.376625 76.242554 -6.761135
v -40.552780 63.254463 -6.874217
v -40.345547 63.254456 -6.750914
v -40.532322 62.494137 -6.750856
v -40.757305 62.170170 -6.750797
v -40.739548 62.494122 -6.874087
v -40.964535 62.170166 -6.873932
v -34.727165 61.156754 -7.927507
v -34.767944 60.934380 -7.684772
v -33.115299 61.156246 -7.927503
v -32.987125 60.934399 -7.684768
v -34.991745 60.717770 -7.560438
v -34.767944 60.934380 -7.684772
v -35.139362 60.825558 -7.927507
v -34.727165 61.156754 -7.927507
v -55.332832 19.836906 8.486864
v -55.332836 12.398386 8.486868
v -55.125603 12.270207 8.486868
v -55.125603 12.270207 8.336203
v -55.125603 19.836914 8.336201
v -49.874016 -0.001664 12.702391
v -50.044266 -0.000066 12.338644
v -49.874027 12.139632 12.702378
v -50.044277 12.139423 12.338623
v -49.649818 -0.000064 12.966346
v -49.874016 -0.001664 12.702391
v -49.649818 12.139839 12.966340
v -49.874027 12.139632 12.702378
v -49.649818 -0.000064 12.966346
v -50.044266 -0.000066 12.338644
v -49.874016 -0.001664 12.702391
v -28.085609 76.466705 12.040779
v -28.196413 76.466713 12.043307
v -28.091988 76.545876 11.920875
v -28.196558 76.545883 11.920875
v -21.232868 44.751804 10.974901
v -21.235651 44.748833 8.740095
v -21.350439 44.696209 10.885399
v -21.400915 44.696194 8.793112
v -49.904686 16.254951 12.076970
v -41.879093 16.254978 12.076968
v -49.904690 16.083693 12.338643
v -41.879169 16.083717 12.338621
v -50.044262 15.944113 12.338640
v -50.044418 12.392122 12.338406
v -50.215538 15.944113 12.076970
v -50.215534 12.392064 12.076969
v -55.332836 3.634696 7.113657
v -55.332832 3.568447 7.248585
v -55.077953 3.629088 7.135237
v -55.077950 3.564004 7.261955
v -54.177307 3.563857 7.261898
v -54.177315 3.628786 7.135158
v -42.436123 12.269300 12.966348
v -42.560463 12.269271 12.759118
v -42.560463 12.393642 12.966346
v -54.023033 3.793528 7.197920
v -53.943188 3.563819 7.261883
v -53.943195 3.628708 7.135138
v -54.023033 3.696955 7.372574
v -53.943188 3.451055 7.348830
v -54.023052 3.524256 7.505737
v -54.023056 3.330792 7.554732
v -53.943180 3.311980 7.379366
v -54.022961 -0.000503 7.548389
v -53.943085 -0.000066 7.370959
v -21.232868 44.751804 10.974901
v -21.350439 44.696209 10.885399
v -21.966974 44.049511 10.974897
v -22.091312 44.049511 10.885397
v -21.355215 44.753239 7.806125
v -21.236713 44.747688 7.954505
v -21.020267 45.073456 8.210702
v -20.895924 45.073502 8.366130
v -20.871964 45.257191 8.290636
v -20.747517 45.257359 8.446060
v -19.718792 46.685867 8.366943
v -19.594450 46.685871 8.522365
v -18.829853 48.433205 8.372322
v -18.705513 48.433205 8.527746
v -18.663601 49.845829 8.365726
v -18.539257 49.845833 8.521151
v -18.543547 51.306122 8.513880
v -18.667875 51.306068 8.358457
v -18.554794 73.589912 8.506067
v -18.679132 73.589767 8.350648
v -18.556246 76.466438 8.505058
v -18.680586 76.466286 8.349640
v -55.332832 12.123852 12.076969
v -55.125603 12.270202 11.869740
v -54.953606 12.124357 12.076971
v -54.953606 12.262571 11.869740
v -50.215534 12.265620 11.869743
v -50.215534 12.139189 12.076975
v -41.626022 28.282394 12.076967
v -27.632988 28.276571 12.076971
v -41.622234 16.254971 12.076968
v -54.177303 3.311980 7.379366
v -55.077953 -0.000070 7.370959
v -54.177227 -0.000067 7.370959
v -55.077953 3.311977 7.379366
v -55.332832 3.305621 7.379340
v -55.332832 3.452302 7.344413
v -55.077953 3.451123 7.348852
v -55.077950 3.564004 7.261955
v -54.177307 3.563857 7.261898
v -54.177307 3.451069 7.348835
v -55.332832 3.568447 7.248585
v -55.332832 -0.000070 7.370962
v -27.378105 28.540775 12.076970
v -27.502443 28.411261 11.952628
v -27.632988 28.540775 12.076968
v -27.632988 28.411261 11.952628
v -41.626106 28.540743 12.076967
v -41.733974 28.411221 11.828890
v -45.324841 28.540743 12.016631
v -45.454357 28.540737 12.076966
v -45.324551 33.374775 12.016632
v -45.454067 33.425385 12.076964
v -43.796722 34.568661 12.076965
v -43.671913 34.519962 12.005363
v -18.716974 76.618446 11.916231
v -18.811129 76.713875 12.076958
v -18.556236 76.714157 12.076964
v -18.811129 76.624741 11.927817
v -28.068096 76.713852 12.076959
v -28.086277 76.624870 11.927844
v -28.172615 76.713852 12.076959
v -28.191566 76.624870 11.927844
v -35.905426 76.713829 12.076960
v -35.898502 76.624985 11.927867
v -41.818390 16.083714 12.276458
v -41.804867 16.254974 12.001033
v -41.695698 16.083719 12.271176
v -41.707714 16.254971 11.998426
v -41.804867 16.254974 12.001033
v -41.797310 28.276550 11.890466
v -41.707714 16.254971 11.998426
v -41.733974 28.276476 11.888405
v -41.797310 28.276550 11.890466
v -41.797310 28.411224 11.828890
v -41.733974 28.276476 11.888405
v -41.733974 28.411221 11.828890
v -41.797531 28.540007 11.892252
v -41.733894 28.539997 11.890114
v -41.797310 28.411224 11.828890
v -41.733974 28.411221 11.828890
v -18.829712 76.555305 8.349638
v -18.705338 76.555382 8.505059
v -18.829710 76.624672 8.349637
v -18.705345 76.624763 8.505060
v -18.811129 76.466179 12.076961
v -27.987129 76.466698 12.076962
v -18.811129 76.555305 11.927820
v -28.085609 76.466705 12.040779
v -28.091988 76.545876 11.920875
v -41.626106 28.540743 12.076967
v -41.733894 28.539997 11.890114
v -41.627628 33.302597 12.076969
v -41.718231 33.323711 11.996848
v -39.958546 34.518738 11.999266
v -39.829670 34.506508 12.076969
v -29.882990 41.221733 11.995131
v -29.776588 41.205692 12.076969
v -29.776371 73.614532 12.076962
v -29.849751 73.631012 12.038608
v -28.085609 76.466705 12.040779
v -27.987129 76.466698 12.076962
v -41.707714 16.254971 11.998426
v -41.622234 16.254971 12.076968
v -41.695698 16.083719 12.271176
v -41.622284 16.083731 12.338597
v -41.696899 15.913472 12.633885
v -41.622330 15.913485 12.702376
v -41.707920 15.689268 12.887792
v -41.622387 15.689268 12.966345
v -41.719189 7.067136 12.842012
v -41.714882 7.113585 12.882668
v -41.622837 7.022866 12.842011
v -41.622860 7.176262 12.966347
v -31.560286 2.639004 12.966347
v -31.599289 2.537276 12.841699
v -31.505920 2.542315 12.966347
v -31.505928 -0.000003 12.966342
v -31.599293 -0.000002 12.842011
v -18.811129 86.401329 12.076956
v -32.048649 86.082359 12.076961
v -32.065601 86.401291 12.076956
v -18.811129 86.082405 12.076962
v -32.078732 80.673775 12.076959
v -18.556240 86.401329 12.076956
v -18.556240 86.082390 12.076962
v -18.556236 76.714157 12.076964
v -18.811129 76.713875 12.076958
v -28.068096 76.713852 12.076959
v -28.172615 76.713852 12.076959
v -35.905426 76.713829 12.076960
v -41.626022 28.282394 12.076967
v -41.733974 28.276476 11.888405
v -41.733974 28.411221 11.828890
v -41.797310 28.411224 11.828890
v -41.797310 28.276550 11.890466
v -41.888336 28.411228 11.952629
v -41.888523 28.282442 12.076967
v -28.401436 32.987534 7.308675
v -28.401436 13.893475 7.300436
v -28.401436 32.987534 9.484581
v -28.401436 13.893478 9.485197
v -40.662003 90.133904 -5.730307
v -40.662003 90.133904 -5.094418
v -40.662003 89.824333 -5.730304
v -40.662003 89.824333 -5.094418
v -40.662003 89.560219 -5.437952
v -40.662003 88.924332 -5.437951
v -40.662003 89.560219 -5.747522
v -40.662003 88.924332 -5.747521
v -19.146990 89.665932 -2.080276
v -19.146990 89.665932 -2.378054
v -19.146990 88.961334 -2.080276
v -19.146990 88.961334 -2.378054
v -19.146990 90.295113 -2.790745
v -19.146990 90.295113 -3.119800
v -19.146990 89.619209 -2.790745
v -19.146990 89.619209 -3.119800
v -19.146990 88.520195 -2.762157
v -19.146990 88.520195 -3.148386
v -19.146990 88.122795 -2.762157
v -19.146990 88.122795 -3.148386
v -19.146990 87.815468 -2.058511
v -19.146990 87.815460 -2.399819
v -19.146990 87.114388 -2.058511
v -19.146990 87.114388 -2.399819
v -19.146990 88.041512 -2.796646
v -19.146990 88.041512 -3.145013
v -19.146990 87.325928 -2.796646
v -19.146990 87.325928 -3.145013
v -19.146990 85.987885 -2.813261
v -19.146990 85.987877 -3.206555
v -19.146990 85.180023 -2.813261
v -19.146990 85.180023 -3.206555
v -23.465536 88.653923 -7.994613
v -23.771149 88.653923 -7.994613
v -23.465536 88.026169 -7.994613
v -23.771149 88.026169 -7.994613
v -23.431229 89.625427 -7.994614
v -23.736841 89.625427 -7.994613
v -23.431229 89.310966 -7.994614
v -23.736841 89.310966 -7.994613
v -23.873297 89.267975 -7.994614
v -24.178909 89.267975 -7.994613
v -23.873297 88.953522 -7.994614
v -24.178909 88.953522 -7.994613
v -23.873297 88.663284 -7.994614
v -24.178909 88.663277 -7.994613
v -23.873297 88.348831 -7.994614
v -24.178909 88.348831 -7.994613
v -23.451576 87.710762 -7.994614
v -23.780283 87.710747 -7.994613
v -23.451576 87.372536 -7.994614
v -23.780283 87.372536 -7.994613
v -28.047405 34.452049 -9.761273
v -28.047405 34.452042 -10.061530
v -28.047405 33.741585 -9.761273
v -28.047405 33.741581 -10.061530
v -28.051140 34.391277 -10.507419
v -28.051140 34.391273 -10.809877
v -28.051140 33.769997 -10.507419
v -28.051140 33.769997 -10.809877
v -28.051113 33.503857 -10.518830
v -28.051117 33.503853 -10.834037
v -28.051113 33.179531 -10.518830
v -28.051117 33.179531 -10.834037
v -28.050858 31.549828 -10.428735
v -28.050858 31.549824 -10.732485
v -28.050858 30.925892 -10.428735
v -28.050858 30.925892 -10.732485
v -28.070461 32.926853 -9.666321
v -28.070461 32.926849 -9.969375
v -28.070461 32.304352 -9.666321
v -28.070461 32.304348 -9.969375
v -28.051105 30.678394 -10.445012
v -28.051105 30.678391 -10.744227
v -28.051105 30.063776 -10.445012
v -28.051105 30.063776 -10.744227
v -46.007195 83.822784 12.153488
v -45.703827 83.822784 12.153488
v -46.007195 83.199638 12.153488
v -45.703827 83.199638 12.153488
v -46.435600 83.848160 12.153475
v -46.132233 83.848145 12.153475
v -46.435600 82.765327 12.153475
v -46.132233 82.765327 12.153475
v -46.012634 82.738213 12.153488
v -45.698383 82.738213 12.153488
v -46.012634 82.414879 12.153488
v -45.698383 82.414879 12.153488
v -46.435600 82.352348 12.153488
v -46.132233 82.352348 12.153488
v -46.435600 81.729210 12.153488
v -46.132233 81.729210 12.153488
v -38.977329 89.722733 3.024072
v -38.678085 89.722733 3.024072
v -38.977329 89.108047 3.024072
v -38.678085 89.108047 3.024072
v -38.975426 90.782928 3.024071
v -38.679989 90.782913 3.024071
v -38.975426 90.176056 3.024072
v -38.679989 90.176056 3.024072
v -38.554741 90.771103 3.024072
v -38.255493 90.771103 3.024072
v -38.554741 90.463196 3.024072
v -38.255493 90.463196 3.024072
v -32.257599 8.032992 13.041445
v -32.257599 7.728740 13.041444
v -32.882561 8.032992 13.041445
v -32.882561 7.728740 13.041444
v -31.941990 7.633055 13.041445
v -31.941992 7.331649 13.041444
v -32.561108 7.633055 13.041445
v -32.561108 7.331649 13.041444
v -31.903633 7.220799 13.041445
v -31.903633 6.919394 13.041444
v -32.234173 7.220799 13.041445
v -32.234173 6.919394 13.041444
v -31.907549 6.814696 13.041445
v -31.907551 6.500982 13.041444
v -32.230255 6.814696 13.041445
v -32.230255 6.500982 13.041444
v -40.662003 88.266647 -5.430191
v -40.662003 86.777756 -5.430191
v -40.662003 88.266647 -5.755282
v -40.662003 86.777756 -5.755282
v -52.704773 3.207233 5.565179
v -52.506096 3.207231 -6.610130
v -52.704773 3.719898 5.565179
v -52.506096 3.719896 -6.610129
v -52.737526 3.719898 7.572431
v -52.737526 3.207233 7.572430
v -52.674637 3.719898 6.191693
v -52.674637 3.207233 6.191692
v -33.019539 3.203941 8.740629
v -33.019539 3.694851 8.740629
v -34.087643 3.196686 -6.678294
v -34.087643 3.708965 -6.678294
v -34.087643 3.708965 -6.678294
v -52.401386 3.719895 -6.796692
v -34.087643 3.196686 -6.678294
v -52.401386 3.207231 -6.796692
v -52.506096 3.207231 -6.610130
v -52.401386 3.207231 -6.796692
v -52.506096 3.719896 -6.610129
v -52.401386 3.719895 -6.796692
v -52.674637 3.719898 6.191693
v -52.674637 3.207233 6.191692
v -52.704773 3.719898 5.565179
v -52.704773 3.207233 5.565179
v -48.216255 86.401283 4.331741
v -48.216206 86.082321 4.132716
v -48.216255 86.401283 4.132530
v -48.216183 86.082321 4.332038
v -48.243408 76.659805 4.136301
v -48.242901 76.659821 4.337025
v -43.261990 46.665276 -8.613621
v -42.875961 47.519291 -8.084657
v -43.261990 47.519291 -8.053984
v -42.875973 46.665276 -8.644290
v -43.261990 45.875378 -9.207722
v -42.875984 45.875378 -9.238393
v -43.261990 45.085678 -10.015952
v -42.875977 45.085678 -10.015952
v -43.261990 42.748531 -12.657134
v -42.875973 42.748531 -12.657138
v -42.875973 40.992954 -14.638784
v -43.261990 40.992954 -14.638781
v -43.261990 40.544128 -15.098581
v -42.875977 40.544128 -15.098585
v -42.875977 40.224918 -15.331856
v -43.261990 40.224918 -15.331856
v -42.875977 39.845673 -15.442245
v -43.261990 39.845669 -15.442249
v -42.875973 39.398678 -15.474911
v -43.261990 39.398678 -15.474920
v -42.875977 37.764732 -15.473598
v -43.261990 37.764748 -15.473598
v -42.875977 35.876556 -15.456982
v -43.261997 35.876572 -15.456982
v -43.261990 26.164770 -15.456877
v -42.875969 26.048059 -15.456877
v -45.416355 22.888750 -15.422695
v -45.916996 22.932690 -15.422695
v -46.415596 21.647329 -15.278519
v -46.873348 21.745842 -15.278526
v -47.392365 20.451920 -14.923981
v -47.813484 20.601912 -14.923986
v -54.203911 12.269420 -11.849272
v -54.773163 12.249109 -11.849272
v -48.243408 76.659805 4.136301
v -48.242901 76.659821 4.337025
v -48.150188 76.624756 4.136313
v -48.149681 76.624779 4.337043
v -48.150185 76.555634 4.136348
v -48.149677 76.555641 4.337091
v -48.242546 76.513458 4.337183
v -48.243057 76.513542 4.136435
v -22.947166 76.590370 -7.889498
v -21.215574 76.414268 -7.374332
v -21.214031 76.585785 -7.374332
v -22.948711 76.418846 -7.889498
v -32.580864 76.414833 -7.881937
v -32.579319 76.586357 -7.881937
v -32.669811 76.576897 -7.622797
v -32.671356 76.405373 -7.622797
v -19.751997 76.577705 2.920868
v -19.759264 76.465607 3.178335
v -19.757721 76.637131 3.178334
v -19.753542 76.406181 2.920869
v -19.495695 76.406181 2.877414
v -19.494152 76.577705 2.877414
v -19.461424 76.406181 2.742527
v -19.459881 76.577705 2.742527
v -19.433277 76.406181 2.492651
v -19.431734 76.577705 2.492651
v -19.297525 76.568192 -3.740154
v -19.299070 76.396675 -3.740154
v -19.184570 76.405724 -4.126446
v -19.183025 76.577240 -4.126446
v -19.393524 76.575455 -4.896124
v -19.395069 76.403938 -4.896124
v -19.991356 76.571892 -6.408654
v -19.992899 76.400375 -6.408654
v -30.035337 41.367065 12.049112
v -29.798903 41.553200 12.049111
v -29.798862 41.174049 12.049111
v -30.035336 41.411449 12.049112
v -30.035343 73.675148 12.049108
v -29.799789 73.586861 12.049106
v -27.964256 76.498924 12.049102
v -28.117115 76.683319 12.049101
v -18.604162 76.670029 12.049101
v -18.605707 76.498924 12.049102
v -18.604160 76.670029 8.490892
v -18.605705 76.498924 8.490894
v -18.724777 76.670029 8.328495
v -18.726320 76.498924 8.328496
v -18.605705 76.498924 8.201607
v -18.604160 76.670021 8.201607
v -18.604160 76.670036 3.210518
v -18.605705 76.498924 3.210518
v -41.635426 6.913555 12.929007
v -41.872562 7.032703 12.929008
v -41.635426 15.691141 12.929005
v -41.872562 15.691123 12.929006
v -41.872578 15.912445 12.667296
v -41.635445 15.912464 12.667296
v -41.872589 16.062588 12.348250
v -41.635456 16.062607 12.348250
v -41.872616 16.249567 12.049116
v -41.635483 16.249586 12.049116
v -41.880001 28.275925 12.049123
v -41.637478 28.275925 12.049121
v -41.880081 28.412260 11.909083
v -41.637501 28.412260 11.909082
v -41.637520 28.524378 12.049121
v -41.880154 28.528749 12.049123
v -41.638336 33.259853 12.049124
v -41.883175 33.448872 12.049125
v -55.768040 37.727783 -2.689340
v -55.563919 36.831081 -3.520569
v -55.454861 37.727783 -2.689340
v -55.212120 36.831081 -3.520569
v -55.057152 35.929657 -3.959058
v -54.752045 35.929657 -3.959058
v -54.304054 34.647751 -4.014881
v -53.989529 34.647751 -4.014881
v -54.130978 25.105791 -3.969645
v -53.902691 25.105791 -3.969645
v -54.130657 24.988741 -3.969984
v -53.902367 24.988741 -3.969983
v -54.122662 24.885702 -3.960916
v -53.903210 24.885702 -3.961405
v -53.722824 23.729071 -3.779695
v -53.538986 23.729073 -3.789367
v -53.722622 21.322880 -3.779698
v -53.538727 21.322884 -3.789371
v -53.917450 20.245581 -3.961550
v -54.114944 20.245579 -3.961067
v -53.955696 20.145245 -3.969987
v -54.139957 20.145245 -3.969987
v -53.955906 20.025610 -3.969645
v -54.140175 20.025610 -3.969645
v -54.140091 19.836906 -3.969646
v -53.955803 19.836899 -3.969646
v -53.954510 6.718173 -3.969643
v -54.139065 6.718182 -3.969643
v -53.972504 6.544347 -3.978849
v -54.145187 6.544346 -3.978849
v -53.973282 3.701351 7.066251
v -54.144272 3.701429 7.066271
v -53.973278 3.618537 7.259991
v -54.144272 3.618576 7.260005
v -54.144321 3.445852 7.393158
v -53.973328 3.445838 7.393154
v -54.144329 3.238614 7.423063
v -53.973331 3.238615 7.423063
v -54.144150 -0.000504 7.394166
v -53.973103 -0.000503 7.394166
v -48.221172 43.532768 4.468152
v -48.236435 43.339565 4.471189
v -48.223907 43.390442 4.159673
v -48.312721 43.019524 4.154530
v -49.504040 43.326511 4.497841
v -49.504539 43.006729 4.147939
v -55.628311 43.002758 4.079853
v -55.978828 43.270687 4.389139
v -55.945435 42.040707 2.914502
v -55.618347 42.040707 2.912098
v -55.919296 41.012817 1.591010
v -55.581909 41.012817 1.588065
v -55.919136 40.316727 0.648233
v -55.581757 40.316727 0.644893
v -55.919098 39.553616 -0.373311
v -55.581715 39.553616 -0.376544
v -55.916920 38.748249 -1.455365
v -55.602921 38.748249 -1.458684
v -48.242546 76.513458 4.337183
v -48.214546 73.827904 4.142011
v -48.243057 76.513542 4.136435
v -48.213894 73.822304 4.343029
v -48.215290 53.154186 4.142453
v -48.215290 53.154217 4.427641
v -48.215290 51.306374 4.142600
v -48.215290 51.306293 4.435305
v -48.215290 49.844784 4.142634
v -48.215290 49.844460 4.441285
v -48.215294 48.433125 4.142658
v -48.215294 48.433128 4.447049
v -48.215290 46.685780 4.142705
v -48.215290 46.685783 4.454204
v -48.215290 45.072514 4.142255
v -48.215290 45.072594 4.474535
v -48.215294 44.226643 4.151891
v -48.215294 44.226669 4.479753
v -33.041332 91.886070 -7.749836
v -32.649948 76.553864 -7.772892
v -32.649948 91.886070 -7.749836
v -33.041332 76.553864 -7.772892
v -32.666191 76.488777 -7.642461
v -33.025520 76.488754 -7.642461
v -33.023743 76.453079 -7.642462
v -32.666191 76.453140 -7.642462
v -33.037521 76.391922 -7.772892
v -32.649948 76.391998 -7.772892
v -33.059383 61.085495 -7.752011
v -32.650375 60.729538 -7.772889
v -34.655220 60.708118 -7.737182
v -34.723755 61.085503 -7.738714
v -35.092819 60.750023 -7.738714
v -34.796032 60.570435 -7.738712
v -42.858906 48.126934 -7.894590
v -43.244946 48.126751 -7.864000
vn -0.0716 0.4274 -0.9012
vn -0.0772 0.2214 -0.9721
vn -0.0716 0.4273 -0.9013
vn -0.0501 0.1243 -0.9910
vn -0.0166 0.0183 -0.9997
vn 0.0048 0.0078 -1.0000
vn -0.0047 0.0089 -0.9999
vn -0.0026 -0.0045 -1.0000
vn -0.0193 0.0077 -0.9998
vn -0.0344 0.0191 -0.9992
vn -0.0198 0.3496 -0.9367
vn -0.0001 0.6994 -0.7148
vn -0.0001 0.6996 -0.7145
vn -0.0001 0.3499 -0.9368
vn -0.0000 -0.5260 -0.8505
vn -0.0000 -0.6866 -0.7270
vn -0.0000 -0.3426 -0.9395
vn -0.0000 0.0015 -1.0000
vn -0.9942 0.1077 -0.0081
vn -0.9994 0.0323 -0.0077
vn -1.0000 0.0049 0.0014
vn -1.0000 0.0042 -0.0000
vn -1.0000 -0.0000 -0.0000
vn -1.0000 -0.0000 0.0015
vn -1.0000 -0.0036 0.0021
vn -1.0000 -0.0071 0.0029
vn -0.9999 -0.0106 0.0026
vn -0.9999 -0.0106 0.0025
vn -0.0000 0.7112 -0.7030
vn -0.0022 0.7413 -0.6711
vn -0.0043 0.7810 -0.6245
vn -0.0063 0.7917 -0.6108
vn -0.0058 0.8016 -0.5978
vn -0.0059 0.8012 -0.5984
vn -0.0059 0.8024 -0.5968
vn -0.0057 0.8033 -0.5956
vn -0.0055 0.7996 -0.6005
vn -0.0050 0.7947 -0.6070
vn -0.0048 0.7838 -0.6210
vn 0.0043 0.7767 -0.6299
vn 0.0073 0.7593 -0.6507
vn 0.0135 0.7633 -0.6459
vn -0.0039 0.7355 -0.6776
vn 0.0015 0.7382 -0.6746
vn -0.4175 0.7009 -0.5784
vn -0.8459 0.4320 -0.3128
vn -0.0000 0.0089 -1.0000
vn -0.0000 -0.0418 -0.9991
vn -0.0000 -0.0925 -0.9957
vn -0.0000 -0.3078 -0.9515
vn -0.0001 -0.4682 -0.8836
vn -0.0003 -0.7906 -0.6123
vn -0.0002 -0.7905 -0.6124
vn -0.0004 -0.9382 -0.3461
vn -0.0005 -0.9546 -0.2980
vn -0.0002 -0.7828 -0.6222
vn -0.0000 -0.3586 -0.9335
vn -0.0000 0.0353 -0.9994
vn -0.0000 0.0176 -0.9998
vn -0.0000 -0.0000 -1.0000
vn -0.0000 -0.0014 -1.0000
vn -0.0000 0.0277 -0.9996
vn -0.0008 0.0569 -0.9984
vn -0.0016 0.1135 -0.9935
vn -0.0188 0.1424 -0.9896
vn -0.0400 0.0859 -0.9955
vn -0.0523 0.0880 -0.9947
vn -0.0525 -0.0544 -0.9971
vn -0.0356 -0.1065 -0.9937
vn -0.0188 -0.1339 -0.9908
vn -0.0015 -0.1088 -0.9941
vn -0.0009 -0.0559 -0.9984
vn -0.0000 -0.0274 -0.9996
vn -0.0000 0.0004 -1.0000
vn -0.0000 -0.0019 -1.0000
vn -0.0000 0.0115 -0.9999
vn -0.0000 0.0274 -0.9996
vn -0.0000 0.1781 -0.9840
vn -0.0000 0.3118 -0.9502
vn -0.0000 0.5233 -0.8521
vn -0.0000 0.6049 -0.7963
vn -0.0000 -0.0000 1.0000
vn -0.0050 -0.2797 0.9601
vn -0.0050 -0.5646 0.8254
vn -0.0053 -0.0436 0.9990
vn -0.0000 -0.0483 0.9988
vn -0.0000 0.5134 0.8582
vn 0.0001 0.2568 0.9665
vn -0.0000 0.3179 0.9481
vn 0.0001 0.6355 0.7721
vn -0.0001 0.8683 0.4961
vn -0.0001 0.8873 0.4613
vn -0.0001 0.8643 0.5029
vn -0.0001 0.8169 0.5768
vn -0.0000 0.4209 0.9071
vn 0.4714 -0.0042 -0.8819
vn 0.4671 -0.0042 -0.8842
vn 0.9053 -0.0081 -0.4248
vn 0.8969 -0.0081 -0.4422
vn 0.9283 -0.0084 0.3717
vn 0.9289 -0.0084 0.3702
vn 0.9981 -0.0090 0.0608
vn 0.9981 -0.0090 0.0603
vn 0.9093 -0.0088 -0.4161
vn 0.9780 -0.0088 -0.2082
vn 0.8943 -0.0081 0.4473
vn 0.4473 -0.0075 0.8944
vn 0.5164 -0.0048 -0.8564
vn 0.7459 -0.0065 -0.6660
vn 0.4030 -0.0040 -0.9152
vn 0.8526 -0.0072 -0.5226
vn 0.9427 -0.0086 -0.3334
vn 0.9543 -0.0085 -0.2988
vn 0.9999 -0.0090 0.0104
vn 0.9999 -0.0090 0.0107
vn 0.9881 -0.0089 0.1537
vn 0.9880 -0.0089 0.1545
vn 0.9977 -0.0090 0.0668
vn 0.9876 -0.0089 0.1570
vn 0.9794 -0.0088 0.2019
vn 0.8182 -0.0074 0.5749
vn 0.5061 -0.0046 0.8624
vn 0.7557 -0.0068 0.6549
vn 0.7556 -0.0061 0.6550
vn -0.9442 0.0085 -0.3294
vn -0.5793 0.0052 -0.8151
vn -0.5794 0.0052 -0.8150
vn 0.1433 -0.0013 -0.9897
vn 0.1439 -0.0013 -0.9896
vn -0.4128 0.9108 0.0014
vn -0.4130 0.9107 0.0013
vn -0.8404 0.5419 0.0023
vn -0.8408 0.5414 0.0021
vn -0.9291 -0.3699 0.0017
vn -0.6732 -0.7395 0.0019
vn -0.3522 -0.9359 0.0010
vn -0.3520 -0.9360 0.0010
vn 0.0127 -0.3547 -0.9349
vn -0.0564 -0.2888 -0.9557
vn -0.0431 -0.3166 -0.9476
vn -0.0781 -0.2513 -0.9648
vn -0.0527 -0.1937 -0.9797
vn -0.0281 -0.1520 -0.9880
vn -0.0107 -0.0738 -0.9972
vn -0.0042 -0.0418 -0.9991
vn -0.0013 -0.0045 -1.0000
vn -0.0013 -0.0042 -1.0000
vn -0.0000 -0.0044 -1.0000
vn -0.0000 -0.0063 -1.0000
vn -0.0000 -0.0036 -1.0000
vn -0.0000 0.0237 -0.9997
vn -0.0000 0.0484 -0.9988
vn -0.0000 0.1425 -0.9898
vn -0.0000 0.2117 -0.9773
vn -0.0000 0.3882 -0.9216
vn -0.0000 0.4931 -0.8700
vn -0.0000 0.6551 -0.7556
vn -0.0000 0.7323 -0.6810
vn -0.0000 0.7487 -0.6629
vn -0.0000 0.7335 -0.6797
vn -0.0185 0.7221 -0.6915
vn -0.0397 0.6737 -0.7380
vn -0.0609 0.6396 -0.7663
vn -0.0644 0.5825 -0.8103
vn -0.0654 0.5648 -0.8226
vn -1.0000 0.0028 0.0025
vn -1.0000 0.0018 0.0008
vn -1.0000 0.0029 0.0014
vn -1.0000 0.0013 0.0001
vn -1.0000 -0.0002 -0.0000
vn -0.9988 -0.0000 0.0480
vn -0.8720 -0.0000 -0.4894
vn 0.0065 -0.0000 -1.0000
vn 0.9976 -0.0000 -0.0691
vn -0.9990 -0.0000 -0.0455
vn -0.9999 -0.0000 -0.0163
vn 1.0000 -0.0000 -0.0000
vn 0.8351 0.3815 0.3964
vn 0.8112 0.3235 0.4871
vn 0.8112 0.3234 0.4871
vn 0.7775 0.2615 0.5719
vn -0.8509 0.2122 0.4805
vn 0.4472 -0.0000 0.8945
vn 0.8320 -0.0000 0.5547
vn 0.5773 0.5774 0.5774
vn -0.0000 0.7072 0.7070
vn -0.0001 0.8000 0.6000
vn -0.8000 -0.0000 0.6001
vn -0.7043 -0.2930 0.6467
vn -0.7996 0.0001 0.6005
vn -0.7788 -0.2079 0.5918
vn -0.4488 -0.5850 0.6755
vn -0.2833 -0.6301 0.7230
vn -0.2697 -0.6064 0.7480
vn -0.2754 -0.6118 0.7416
vn -0.2833 -0.6167 0.7345
vn -0.4660 0.7249 0.5073
vn -0.5110 0.6552 0.5564
vn -0.4160 0.7886 0.4528
vn -0.3928 0.8142 0.4275
vn -0.4217 0.7819 0.4591
vn -0.4494 0.7475 0.4891
vn -0.3707 0.2312 0.8995
vn -0.4594 0.1168 0.8805
vn -0.3371 0.2114 0.9174
vn -0.4372 0.1259 0.8905
vn -0.4942 0.3164 0.8098
vn -0.5436 0.3306 0.7715
vn -0.3938 0.5905 0.7044
vn -0.3981 0.5924 0.7004
vn -0.6312 0.3197 0.7067
vn -0.5820 0.3273 0.7444
vn -0.7753 -0.0075 0.6316
vn -0.8662 -0.0003 0.4997
vn -0.0013 0.8345 0.5511
vn -0.0055 0.9540 0.2999
vn -0.0046 0.9115 0.4114
vn -0.0048 0.9605 0.2782
vn -0.0040 0.8581 0.5135
vn 0.7808 0.0001 -0.6248
vn 0.7808 -0.0000 -0.6248
vn -0.0000 -0.4294 0.9031
vn 0.0150 -0.4354 0.9001
vn 0.0300 -0.4412 0.8969
vn -0.0000 0.4040 0.9147
vn 0.0151 0.4099 0.9120
vn 0.0150 0.4099 0.9120
vn 0.0301 0.4156 0.9090
vn 0.0325 0.0092 0.9994
vn 0.0296 0.0092 0.9995
vn 0.0297 0.0092 0.9995
vn 0.0268 0.0092 0.9996
vn 0.0143 0.8471 0.5312
vn 0.0185 0.8478 0.5300
vn 0.0184 0.8683 0.4957
vn 0.0195 0.8875 0.4603
vn -0.0000 -0.8590 0.5119
vn -0.0000 -0.8587 0.5124
vn 0.0021 -0.8585 0.5129
vn 0.0021 -0.8588 0.5123
vn 0.2759 -0.9211 0.2746
vn 0.2748 -0.9216 0.2739
vn 0.3656 -0.5235 0.7696
vn 0.2944 -0.4233 0.8568
vn 0.3636 -0.2108 0.9074
vn 0.3504 -0.1952 0.9160
vn 0.4223 -0.0000 0.9065
vn -0.0014 -0.7658 0.6431
vn -0.0021 -0.7996 0.6005
vn -0.0041 -0.8857 0.4642
vn -0.0000 -0.6925 0.7214
vn 0.4745 -0.6346 0.6101
vn 0.4194 -0.8052 0.4193
vn -0.7072 0.0018 -0.7070
vn -0.7087 -0.0536 -0.7035
vn -0.0000 0.0025 -1.0000
vn 0.0099 -0.7434 -0.6687
vn -0.7107 -0.3053 -0.6338
vn -0.7075 -0.5821 -0.4008
vn 0.0045 -0.4224 -0.9064
vn -0.0000 -0.1066 -0.9943
vn 0.0044 -0.1318 -0.9913
vn -0.0000 -0.4227 -0.9063
vn -0.0001 -0.7687 -0.6396
vn -0.0016 0.8430 0.5380
vn 0.0082 0.8339 0.5518
vn -0.0027 0.8537 0.5208
vn 0.0183 0.8318 0.5548
vn -0.3065 0.9000 0.3100
vn -0.3165 0.8946 0.3153
vn 0.7809 0.0002 -0.6247
vn 0.7809 -0.0003 -0.6247
vn 0.7800 -0.0481 -0.6240
vn 0.7800 -0.0474 -0.6240
vn 0.7671 -0.1871 -0.6137
vn 0.7498 -0.2790 -0.5999
vn 0.7097 -0.4172 -0.5677
vn 0.6911 -0.4656 -0.5528
vn 0.6949 -0.4561 -0.5560
vn 0.7164 -0.3979 -0.5731
vn 0.7586 -0.2369 -0.6069
vn 0.7740 -0.1323 -0.6192
vn 0.7814 0.0018 -0.6240
vn 0.7810 0.0324 -0.6237
vn 0.4944 -0.5329 -0.6868
vn 0.4919 -0.8198 -0.2933
vn 0.5438 -0.5849 -0.6019
vn 0.5469 -0.8089 -0.2160
vn -0.9119 0.0010 -0.4105
vn -0.9109 0.0009 -0.4126
vn -0.9114 -0.0291 -0.4104
vn -0.9094 -0.0642 -0.4110
vn -0.9095 -0.1795 -0.3750
vn -0.9080 -0.1832 -0.3767
vn -0.9075 -0.2989 -0.2951
vn -0.9097 -0.3351 -0.2451
vn -0.9095 -0.3814 -0.1657
vn -0.8776 -0.4556 -0.1489
vn -0.2294 -0.8334 0.5028
vn -0.6497 -0.4380 0.6213
vn -0.8042 -0.3471 0.4826
vn -0.0002 -0.7688 -0.6394
vn 0.0042 -0.9218 -0.3877
vn -0.0003 -0.9468 -0.3217
vn 0.0099 -0.7435 -0.6686
vn -0.8001 -0.5691 -0.1898
vn -0.8367 -0.0000 0.5476
vn -0.8691 0.0011 0.4947
vn -0.8151 0.2258 0.5335
vn -0.7758 0.4089 0.4805
vn -0.0000 0.8792 0.4765
vn -0.0000 0.8367 0.5477
vn -0.2726 0.8173 0.5076
vn -0.4519 0.7464 0.4885
vn 0.3275 -0.9131 0.2431
vn 0.3753 -0.9204 0.1098
vn 0.4918 -0.8199 -0.2932
vn 0.5468 -0.8089 -0.2158
vn 0.0001 0.8397 0.5430
vn 0.0064 0.8372 0.5468
vn 0.0062 0.8373 0.5467
vn 0.0127 0.8347 0.5505
vn -0.7728 -0.3216 0.5472
vn -0.8470 -0.2449 0.4719
vn -0.5281 -0.7183 0.4530
vn -0.8646 -0.0000 0.5025
vn -0.7728 -0.3214 0.5473
vn -0.7622 -0.0000 0.6474
vn -0.5280 -0.7184 0.4528
vn -0.8734 -0.0000 0.4870
vn -0.8470 -0.2448 0.4718
vn -0.8647 -0.0000 0.5023
vn -0.8014 -0.4610 0.3811
vn -0.8909 -0.0154 -0.4539
vn -0.6067 -0.3925 -0.6913
vn -0.7069 -0.0194 -0.7071
vn 0.2787 -0.7310 -0.6229
vn 0.2692 -0.7553 -0.5975
vn 0.5897 -0.5732 -0.5689
vn 0.6389 -0.6298 -0.4417
vn 0.5464 -0.4542 -0.7037
vn 0.2691 -0.7553 -0.5976
vn 0.5678 -0.4607 -0.6821
vn 0.2785 -0.7310 -0.6229
vn -0.5658 0.5286 0.6328
vn -0.4726 0.3801 0.7951
vn -0.4895 0.2874 0.8233
vn -0.4963 0.2395 0.8345
vn -0.5112 0.0303 0.8589
vn -0.4955 -0.0008 0.8686
vn -0.5032 0.0301 0.8636
vn -0.4795 -0.0011 0.8776
vn -0.3214 -0.9213 0.2188
vn -0.1563 -0.8843 0.4399
vn -0.7590 -0.4629 0.4579
vn -0.3126 -0.3629 0.8778
vn 0.5463 -0.4543 -0.7037
vn 0.5677 -0.4608 -0.6822
vn 0.9093 0.0011 -0.4161
vn 0.9307 -0.0002 -0.3657
vn -0.3354 -0.9421 -0.0000
vn -0.3126 -0.8781 -0.3622
vn -0.3339 -0.9251 -0.1809
vn -0.3299 -0.9266 0.1807
vn -0.3127 -0.8785 0.3613
vn 0.0083 -0.0177 0.9998
vn 0.0100 -0.0220 0.9997
vn 0.0336 -0.0224 0.9992
vn -0.0088 -0.0112 0.9999
vn 0.0102 -0.0175 0.9998
vn 0.0270 -0.0409 0.9988
vn 0.0410 -0.0246 0.9989
vn 0.0655 -0.0359 0.9972
vn 0.0343 -0.0069 0.9994
vn 0.0150 -0.0051 0.9999
vn 0.0185 -0.0125 0.9998
vn 0.0228 -0.0150 0.9996
vn -0.5187 -0.4828 0.7056
vn -0.3230 -0.6533 0.6848
vn -0.5598 -0.7163 0.4166
vn -0.3316 -0.8959 0.2957
vn 0.5438 -0.5848 -0.6019
vn 0.4986 -0.5213 -0.6926
vn 0.4985 -0.5214 -0.6925
vn 0.4986 -0.5212 -0.6926
vn 0.4988 -0.5208 -0.6928
vn 0.5045 -0.5045 -0.7007
vn 0.5098 -0.4884 -0.7082
vn -0.7759 0.4089 0.4805
vn -0.8691 0.0011 0.4946
vn -0.5643 0.5652 0.6018
vn -0.8213 0.0023 0.5705
vn -0.0000 1.0000 -0.0000
vn -0.0000 0.0018 -1.0000
vn -0.0000 -1.0000 -0.0000
vn -0.0000 -0.0017 1.0000
vn -0.0000 0.0016 -1.0000
vn -0.0000 -0.0016 1.0000
vn -0.0000 -0.0014 1.0000
vn -0.0000 0.0013 -1.0000
vn -0.0000 -0.0012 1.0000
vn 0.7113 -0.0002 0.7029
vn 0.7132 -0.0003 0.7010
vn 0.7131 -0.0002 0.7011
vn 0.7150 -0.0003 0.6992
vn 0.7068 0.4599 0.5376
vn 0.6934 0.4413 0.5696
vn 0.8748 -0.0005 0.4845
vn 0.8701 -0.0010 0.4928
vn -0.0022 0.8397 0.5430
vn -0.0026 0.8646 0.5024
vn 0.0032 0.9563 0.2924
vn -0.0019 0.9490 0.3152
vn -0.0077 0.8824 0.4705
vn -0.3380 -0.5997 0.7254
vn -0.5605 0.5316 -0.6351
vn -0.4563 0.2670 -0.8488
vn -0.4401 0.3579 -0.8235
vn -0.4625 0.2223 -0.8583
vn -0.4717 0.1373 -0.8710
vn -0.4748 0.0972 -0.8747
vn -0.4779 0.0375 -0.8776
vn -0.4785 0.0182 -0.8779
vn -0.4790 -0.0011 -0.8778
vn -0.4790 0.0073 0.8778
vn -0.4790 -0.0011 0.8778
vn -0.5508 0.0089 0.8346
vn -0.4790 -0.0002 0.8778
vn -0.4789 0.0423 0.8769
vn -0.4786 0.0419 0.8770
vn -0.4747 0.1344 0.8698
vn -0.4706 0.1854 0.8627
vn -0.4616 0.2597 0.8482
vn -0.4544 0.2839 0.8444
vn -0.4342 0.3815 0.8160
vn -0.4174 0.4588 0.7844
vn -0.3555 0.6599 0.6619
vn -0.3971 0.8159 0.4202
vn 0.0323 0.0578 -0.9978
vn -0.1630 0.1304 -0.9780
vn 0.0257 0.0383 -0.9989
vn -0.0655 0.0961 -0.9932
vn -0.6496 0.1548 -0.7444
vn -0.9146 0.1118 -0.3887
vn 0.4164 0.1664 0.8938
vn 0.5454 0.1378 0.8268
vn 0.6624 0.1062 0.7415
vn 0.7151 0.0060 0.6990
vn 0.8172 0.0052 0.5764
vn 0.8171 0.0034 0.5766
vn 0.8983 0.0007 0.4393
vn -0.5979 0.0001 0.8015
vn -0.9405 0.1331 0.3128
vn -0.5818 0.0613 0.8111
vn -0.9380 0.1553 0.3099
vn -0.9731 0.1139 0.2001
vn -0.9930 0.0722 0.0940
vn -0.9404 0.0698 -0.3328
vn -0.7359 0.0278 -0.6766
vn 0.4889 0.7298 0.4778
vn 0.4598 0.7658 0.4495
vn 0.4295 0.7996 0.4199
vn 0.4536 0.7731 0.4434
vn 0.5055 0.7073 0.4942
vn 0.5521 0.6354 0.5399
vn -0.6728 0.0001 0.7398
vn -0.6746 0.0001 0.7381
vn -0.6745 0.0001 0.7383
vn -0.6764 -0.0000 0.7365
vn -0.8151 0.2259 0.5335
vn -0.7758 0.4090 0.4804
vn -0.2728 0.8173 0.5075
vn -0.5644 0.5651 0.6018
vn -0.0006 0.8792 0.4764
vn -0.0010 0.8214 0.5703
vn -0.4593 0.4599 0.7599
vn -0.0000 0.7622 0.6474
vn -0.8734 -0.0001 0.4870
vn -0.8367 -0.0000 0.5477
vn -0.8470 -0.2448 0.4719
vn -0.4223 -0.0000 0.9065
vn -0.3821 0.2395 0.8925
vn -0.3708 0.2263 0.9007
vn -0.3252 0.4747 0.8179
vn -0.3781 0.5483 0.7459
vn -0.5763 0.3037 0.7587
vn -0.6096 0.3468 0.7128
vn -0.6924 0.0008 0.7215
vn -0.6924 0.0008 0.7216
vn -0.8679 0.0027 0.4968
vn -0.7814 0.0012 0.6240
vn -0.7815 0.0012 0.6239
vn -0.6766 -0.0002 0.7364
vn 0.4743 -0.7946 -0.3790
vn 0.4742 -0.7946 -0.3790
vn -0.9714 0.0120 0.2370
vn -0.9910 0.0235 -0.1319
vn -0.7741 0.1657 0.6110
vn -0.9910 0.0034 -0.1341
vn -0.9146 0.1118 -0.3886
vn -0.6495 0.1548 -0.7444
vn 0.2750 -0.9216 0.2738
vn 0.2760 -0.9211 0.2745
vn 0.5115 -0.8593 0.0001
vn 0.5125 -0.8587 0.0001
vn 0.6440 0.5513 -0.5304
vn 0.6157 0.5823 -0.5310
vn 0.6192 0.5754 -0.5342
vn 0.6223 0.5698 -0.5367
vn 0.6508 0.5172 -0.5558
vn 0.6695 0.4742 -0.5718
vn 0.7135 0.3546 -0.6043
vn 0.7314 0.2722 -0.6253
vn 0.7511 0.1526 -0.6424
vn 0.7525 0.1122 -0.6489
vn 0.7574 0.0371 -0.6519
vn 0.7567 0.0375 -0.6527
vn 0.7590 -0.0002 -0.6510
vn 0.7683 -0.0021 -0.6400
vn 0.7763 -0.0018 -0.6304
vn 0.7853 -0.0018 -0.6191
vn 0.7379 -0.2711 -0.6181
vn 0.7130 -0.2558 -0.6528
vn 0.6353 -0.5487 -0.5435
vn 0.6649 -0.5841 -0.4656
vn 0.6507 -0.2501 -0.7170
vn 0.5898 -0.5732 -0.5689
vn 0.6396 -0.6300 -0.4405
vn 0.6528 -0.0266 -0.7571
vn 0.7264 0.2040 -0.6562
vn 0.7638 0.2977 -0.5727
vn 0.7397 0.3798 -0.5556
vn 0.7342 0.3949 -0.5523
vn 0.7150 0.4468 -0.5377
vn 0.6851 0.4903 -0.5387
vn -0.4069 -0.7072 0.5783
vn -0.6803 0.0009 0.7330
vn -0.8014 -0.4610 0.3810
vn -0.5755 0.0028 0.8178
vn -0.8042 -0.3469 0.4826
vn -0.6497 -0.4380 0.6214
vn -0.6094 -0.3334 0.7194
vn -0.5543 -0.3190 0.7687
vn -0.3341 -0.6182 0.7115
vn -0.3472 -0.6299 0.6947
vn 0.0002 -0.8541 0.5201
vn 0.0003 -0.8558 0.5173
vn -0.2294 -0.8345 0.5010
vn -0.6497 -0.4379 0.6214
vn 0.7736 -0.2787 0.5691
vn 0.8037 -0.3368 0.4905
vn 0.8038 -0.3368 0.4904
vn 0.8255 -0.3915 0.4066
vn -0.0000 -0.6926 0.7213
vn -0.0001 0.6926 0.7213
vn -0.0001 0.6937 0.7202
vn -0.0001 0.6934 0.7205
vn -0.0000 0.6946 0.7194
vn -0.3818 -0.6208 0.6847
vn -0.3814 -0.6305 0.6761
vn -0.3813 -0.6313 0.6753
vn -0.3809 -0.6401 0.6673
vn -0.0006 -0.7587 -0.6515
vn -0.0011 -0.9131 -0.4076
vn -0.0011 -0.9448 -0.3277
vn -0.4098 0.9122 -0.0025
vn -0.2595 0.9557 0.1389
vn -0.3870 0.9200 0.0622
vn -0.2487 0.9685 0.0124
vn -0.2602 0.9634 0.0649
vn -0.2736 0.9614 0.0294
vn -0.2413 0.9408 -0.2381
vn -0.2683 0.9349 -0.2323
vn -0.2202 0.9755 -0.0023
vn -0.1610 0.9870 -0.0017
vn -0.2459 0.9403 0.2354
vn -0.2718 0.9347 0.2290
vn 0.5123 0.8588 -0.0002
vn 0.5116 0.8592 -0.0001
vn 0.5116 0.8592 -0.0002
vn 0.2716 0.9220 0.2758
vn 0.2722 0.9217 0.2765
vn -0.4070 -0.7070 0.5783
vn -0.6067 -0.3927 -0.6911
vn 0.4742 0.7943 -0.3798
vn 0.4740 0.7944 -0.3799
vn 0.4741 0.7943 -0.3799
vn 0.4739 0.7944 -0.3799
vn -0.0047 0.9115 0.4113
vn -0.0039 0.8581 0.5134
vn 0.2715 0.9220 0.2759
vn 0.2720 0.9217 0.2766
vn 0.5773 0.5773 0.5774
vn 0.4472 0.0001 0.8944
vn 0.7070 0.7072 0.0002
vn 0.4473 0.8944 0.0001
vn -0.0000 0.4472 -0.8944
vn 0.0002 0.8944 -0.4473
vn -0.3326 0.6654 -0.6683
vn -0.7864 0.0006 -0.6177
vn -0.6668 -0.0000 -0.7452
vn -0.6014 -0.6824 0.4156
vn -0.5220 -0.7284 0.4437
vn -0.5220 -0.7285 0.4436
vn -0.6758 -0.6295 0.3835
vn -0.7052 -0.6055 0.3690
vn -0.6647 -0.6379 0.3890
vn -0.6223 -0.6682 0.4076
vn -0.6223 -0.6682 0.4077
vn -0.3187 -0.6074 0.7277
vn -0.2631 -0.4570 0.8496
vn -0.3041 -0.6442 0.7018
vn -0.1424 -0.2455 0.9589
vn -0.0536 -0.0020 0.9986
vn 0.0269 -0.0020 0.9996
vn 0.0393 -0.9523 -0.3028
vn -0.3732 -0.9275 -0.0211
vn -0.2688 -0.9325 -0.2410
vn -0.3213 -0.9214 0.2187
vn 0.0183 -0.9984 0.0543
vn -0.1562 -0.8844 0.4398
vn -0.2549 -0.9618 0.0995
vn 0.0262 -0.9978 -0.0613
vn 0.0312 -0.9499 -0.3109
vn 0.0993 -0.9865 -0.1299
vn 0.0995 -0.9865 -0.1298
vn 0.3259 -0.9016 -0.2845
vn 0.0534 -0.9932 -0.1037
vn 0.4051 -0.8308 -0.3816
vn 0.5607 -0.7148 -0.4180
vn 0.5134 -0.7018 -0.4939
vn 0.6660 -0.6695 -0.3291
vn 0.6904 -0.6695 -0.2740
vn 0.6813 -0.6487 -0.3391
vn 0.6530 -0.6275 -0.4240
vn -0.4790 -0.0000 -0.8778
vn -0.6034 0.4424 -0.6635
vn -0.6109 0.5599 -0.5597
vn -0.5260 -0.8505 -0.0000
vn -0.5265 -0.8502 0.0005
vn -0.2931 -0.9101 0.2930
vn -0.2829 -0.9150 0.2877
vn 0.9017 -0.0010 -0.4323
vn 0.8928 0.0223 -0.4498
vn 0.9257 -0.0021 -0.3784
vn 0.8766 0.0350 -0.4799
vn 0.6045 0.7256 -0.3289
vn 0.6122 0.7199 -0.3271
vn -0.0005 -0.8430 0.5380
vn -0.0126 -0.8393 0.5436
vn 0.0005 -0.8536 0.5209
vn -0.0118 -0.8370 0.5470
vn -0.2930 -0.9101 0.2931
vn -0.2828 -0.9150 0.2879
vn -0.4436 0.7484 -0.4930
vn -0.5047 0.7343 -0.4540
vn -0.5207 0.7389 -0.4276
vn -0.5752 0.7318 -0.3654
vn -0.6213 0.7113 -0.3287
vn -0.7070 0.6658 -0.2384
vn -0.6801 0.6404 -0.3569
vn -0.7351 0.6655 -0.1295
vn -0.5604 0.5316 -0.6351
vn -0.1842 0.9442 0.2730
vn -0.1700 0.6027 0.7797
vn -0.1980 0.8027 0.5625
vn -0.2271 0.6004 0.7668
vn -0.7074 -0.5822 -0.4008
vn -0.9998 0.0206 0.0071
vn -0.8000 -0.5692 -0.1898
vn -0.7085 -0.0535 -0.7037
vn -0.9999 0.0008 0.0127
vn -0.7105 -0.3054 -0.6339
vn -0.9999 0.0105 0.0079
vn -0.9999 0.0053 0.0112
vn -0.9996 0.0241 0.0174
vn -0.7071 0.0018 -0.7071
vn -1.0000 -0.0000 0.0090
vn -0.9997 -0.0002 0.0261
vn -0.9995 0.0319 0.0084
vn -0.9999 0.0147 0.0045
vn -1.0000 -0.0010 0.0001
vn -1.0000 -0.0002 0.0003
vn -1.0000 -0.0001 -0.0000
vn -0.9997 0.0230 -0.0002
vn -1.0000 0.0062 -0.0001
vn -1.0000 0.0005 0.0024
vn -0.0000 -0.0852 -0.9964
vn -0.0000 -0.1432 -0.9897
vn -0.0000 -0.4891 -0.8723
vn -0.0001 -0.1074 -0.9942
vn -0.0000 -0.3946 -0.9188
vn -0.0000 -0.1300 -0.9915
vn -0.0001 -0.4227 -0.9063
vn 0.0028 0.9809 -0.1945
vn 0.0014 0.9668 -0.2556
vn -0.0278 0.9609 -0.2756
vn -0.0287 0.9514 -0.3067
vn -0.1173 0.9795 -0.1636
vn -0.0953 0.9830 -0.1570
vn -0.1887 0.9818 -0.0211
vn -0.1924 0.9810 -0.0233
vn -0.1980 0.8028 0.5625
vn -0.4658 -0.2331 0.8536
vn -0.5184 -0.6047 0.6047
vn -0.4658 -0.8536 0.2332
vn -0.4790 -0.8778 -0.0000
vn -0.4791 -0.8778 -0.0000
vn -0.4194 0.7385 -0.5279
vn -0.3932 0.7295 -0.5597
vn -0.4305 0.6639 -0.6115
vn -0.4869 0.6081 -0.6270
vn -0.3092 -0.7019 0.6417
vn -0.9217 -0.1703 0.3485
vn -0.2936 -0.7280 0.6195
vn -0.9080 -0.2614 0.3273
vn -0.2830 -0.7104 0.6444
vn -0.8759 -0.3667 0.3135
vn -0.3037 -0.6526 0.6942
vn -0.8800 -0.3442 0.3272
vn -0.3209 -0.5970 0.7352
vn -0.8990 -0.2720 0.3433
vn -0.3330 -0.5496 0.7662
vn -0.9038 -0.2453 0.3506
vn -0.3506 -0.4238 0.8351
vn -0.9172 -0.1511 0.3687
vn -0.3736 -0.2278 0.8992
vn -0.9224 -0.0789 0.3782
vn -0.3821 -0.0846 0.9202
vn -0.8754 -0.0396 0.4818
vn -0.3126 -0.3629 0.8779
vn -0.7591 -0.4627 0.4579
vn -0.9999 -0.0137 -0.0062
vn -1.0000 -0.0067 -0.0000
vn -0.9563 -0.2906 0.0334
vn -0.9999 -0.0103 0.0011
vn -1.0000 -0.0041 0.0067
vn -0.9976 -0.0078 0.0694
vn -1.0000 -0.0031 -0.0000
vn -0.9999 0.0164 -0.0000
vn -0.9991 0.0115 0.0399
vn -0.9995 0.0324 -0.0000
vn -0.9997 0.0250 -0.0000
vn -1.0000 0.0004 -0.0000
vn -1.0000 -0.0024 -0.0000
vn -1.0000 -0.0033 -0.0000
vn -0.9992 -0.0391 0.0008
vn -0.9984 -0.0557 0.0001
vn -0.9974 -0.0714 0.0007
vn -0.9986 -0.0534 -0.0003
vn -0.9950 0.0994 -0.0001
vn -0.9591 0.2829 -0.0000
vn -0.9889 0.1486 0.0003
vn -0.3214 -0.9213 0.2187
vn -0.9578 0.2873 -0.0002
vn -0.9301 0.3674 -0.0001
vn -0.9099 0.4147 -0.0000
vn -0.8341 0.5517 -0.0000
vn -0.8413 0.5387 0.0445
vn -0.7878 0.6152 0.0305
vn -0.7733 0.6328 0.0404
vn -0.7398 0.6728 0.0022
vn -0.7587 0.6455 0.0878
vn -0.8650 0.5015 -0.0179
vn -0.8758 0.4625 0.1379
vn -0.9605 0.2780 -0.0101
vn -0.9586 0.2224 0.1779
vn -0.9969 0.0784 -0.0029
vn -0.9859 0.0376 0.1629
vn -0.8317 0.0692 0.5509
vn -0.7810 0.2217 0.5838
vn -0.7559 0.3932 0.5234
vn -0.6674 0.5708 0.4782
vn -0.7820 0.4493 0.4319
vn -0.8779 0.1861 0.4412
vn -0.9158 -0.0035 0.4016
vn -0.2350 -0.0021 0.9720
vn -0.8341 -0.0020 0.5516
vn -0.3553 0.0131 0.9347
vn -0.9866 -0.0024 0.1631
vn -0.3525 0.0731 0.9330
vn -0.3429 0.1558 0.9264
vn -0.3084 0.2358 0.9216
vn -0.3641 -0.0214 0.9311
vn -0.3901 -0.4497 0.8035
vn -0.3564 -0.6044 0.7125
vn 0.0393 -0.9522 -0.3030
vn 0.0432 -0.6178 -0.7851
vn 0.0313 -0.9499 -0.3110
vn -0.0000 0.0567 -0.9984
vn -0.6015 0.1582 -0.7831
vn -0.0000 0.1809 -0.9835
vn -0.5553 0.0316 -0.8311
vn -0.6872 0.0048 -0.7264
vn -0.0146 -0.0006 -0.9999
vn -0.7997 -0.0005 -0.6004
vn -0.6089 -0.0544 -0.7914
vn -0.0339 -0.0730 -0.9968
vn -0.0170 -0.2021 -0.9792
vn -0.6724 -0.1660 -0.7213
vn 0.0100 -0.3092 -0.9509
vn -0.6538 -0.2441 -0.7162
vn 0.0568 -0.6340 -0.7713
vn -0.7043 -0.5536 -0.4444
vn -0.2688 -0.9325 -0.2411
vn -0.0001 -0.2997 -0.9540
vn -0.0001 -0.1888 -0.9820
vn -0.0000 -0.0731 -0.9973
vn -0.0000 0.0756 -0.9971
vn -0.0000 0.2258 -0.9742
vn -0.0000 0.4183 -0.9083
vn -0.0000 0.4407 -0.8977
vn -0.0000 0.6545 -0.7560
vn -0.0000 0.6414 -0.7672
vn -0.4261 -0.0019 -0.9047
vn -0.6659 0.0284 -0.7455
vn -0.6509 0.1426 -0.7457
vn -0.6004 0.2986 -0.7418
vn 0.0002 0.0019 -1.0000
vn -0.5240 0.4262 -0.7374
vn -0.0001 0.7310 -0.6824
vn -0.0002 0.7385 -0.6743
vn -0.0002 0.7245 -0.6892
vn -0.0003 0.7158 -0.6983
vn -0.0001 0.6804 -0.7329
vn -0.0014 0.6539 -0.7566
vn -0.0040 0.5958 -0.8031
vn -0.0049 0.5652 -0.8249
vn -0.0034 0.3971 -0.9178
vn -0.0032 0.3455 -0.9384
vn -0.0010 0.1208 -0.9927
vn -0.0003 0.0841 -0.9965
vn 0.0004 0.0015 -1.0000
vn -0.5761 0.5828 -0.5731
vn -0.5308 0.6359 -0.5602
vn -0.5921 0.6330 -0.4988
vn -0.6125 0.6287 -0.4792
vn -0.6446 0.5857 -0.4914
vn -0.8128 0.4149 -0.4089
vn -0.7100 0.4731 -0.5216
vn -0.7123 0.3434 -0.6122
vn -0.5760 0.5828 -0.5733
vn -0.7567 0.6500 -0.0695
vn -0.5238 0.4262 -0.7375
vn -0.8764 0.4726 -0.0925
vn -0.6003 0.2987 -0.7419
vn -0.9630 0.2490 -0.1033
vn -0.6507 0.1427 -0.7458
vn -0.9921 0.0632 -0.1087
vn -0.6658 0.0284 -0.7456
vn -0.4261 -0.0020 -0.9047
vn -0.9939 -0.0024 -0.1100
vn -0.9909 0.0806 -0.1079
vn -0.9543 0.2815 -0.1001
vn -0.8602 0.5020 -0.0897
vn -0.7379 0.6729 -0.0529
vn -0.7590 0.6510 -0.0080
vn -0.9997 0.0177 -0.0190
vn -1.0000 -0.0037 -0.0002
vn -1.0000 -0.0041 -0.0001
vn -0.9997 -0.0199 -0.0125
vn -0.9985 -0.0550 -0.0005
vn -0.9994 -0.0025 -0.0355
vn -0.9996 -0.0266 -0.0000
vn -0.9861 0.1649 -0.0214
vn -0.9801 0.1987 -0.0000
vn -0.9592 0.2829 -0.0000
vn -0.9602 0.2792 -0.0000
vn -0.9100 0.4146 -0.0000
vn -0.8875 0.4609 -0.0000
vn -0.8279 0.5609 0.0017
vn -0.8238 0.5669 0.0026
vn -0.7587 0.6514 0.0088
vn -0.5307 0.6359 -0.5604
vn -0.5919 0.6331 -0.4989
vn -0.6123 0.6287 -0.4793
vn -0.6445 0.5858 -0.4915
vn -0.7099 0.4732 -0.5217
vn -0.7121 0.3435 -0.6123
vn -0.6014 0.1581 -0.7832
vn -0.9999 0.0071 -0.0131
vn -0.9976 0.0154 -0.0674
vn -0.9966 0.0166 -0.0807
vn -0.9971 -0.0001 -0.0758
vn -0.9960 -0.0004 -0.0889
vn -0.9964 -0.0119 -0.0843
vn -0.9941 -0.0110 -0.1081
vn -0.9932 -0.0292 -0.1131
vn -0.9929 -0.0337 -0.1139
vn -0.9944 -0.0412 -0.0969
vn -0.9948 -0.0435 -0.0925
vn -0.9549 -0.2948 -0.0367
vn -0.9981 -0.0388 -0.0486
vn -0.9980 -0.0544 -0.0336
vn -0.9986 -0.0509 -0.0127
vn -0.2549 -0.9618 0.0996
vn -0.3734 -0.9275 -0.0210
vn -0.2689 -0.9325 -0.2411
vn -0.7042 -0.5537 -0.4445
vn -0.6536 -0.2442 -0.7163
vn -0.6723 -0.1661 -0.7214
vn -0.6088 -0.0545 -0.7915
vn -0.6871 0.0048 -0.7266
vn -0.5509 0.0089 0.8346
vn -0.6190 -0.0263 0.7849
vn -0.6817 -0.0708 0.7282
vn -0.6746 -0.1641 0.7197
vn -0.6703 -0.2214 0.7083
vn -0.6485 -0.3333 0.6843
vn -0.6372 -0.3891 0.6652
vn -0.5965 -0.4979 0.6295
vn -0.5438 -0.5565 0.6282
vn 0.4105 0.7088 0.5737
vn 0.6414 0.4009 0.6542
vn 0.3938 0.7345 0.5527
vn 0.5960 0.3955 0.6988
vn 0.4816 0.5308 0.6973
vn 0.5355 0.5427 0.6471
vn -0.0005 0.8558 0.5173
vn -0.0006 0.8541 0.5201
vn 0.3762 0.7169 0.5870
vn 0.3975 0.7199 0.5690
vn 0.3762 0.7167 0.5872
vn 0.3625 0.7439 0.5614
vn 0.3409 0.7606 0.5526
vn 0.3354 0.7300 0.5954
vn 0.3497 0.7536 0.5566
vn 0.4162 0.6994 0.5810
vn -0.7068 -0.0000 0.7075
vn -0.7071 -0.0000 0.7072
vn -0.5428 0.5393 -0.6438
vn -0.4305 0.6638 -0.6116
vn -0.5766 0.5264 -0.6248
vn -0.5896 0.4962 -0.6373
vn -0.5998 0.4752 -0.6437
vn -0.6120 0.4426 -0.6553
vn -0.6165 0.4320 -0.6582
vn -0.6340 0.3732 -0.6773
vn -0.5830 0.3332 -0.7410
vn -0.5350 0.2334 -0.8120
vn -0.4712 0.1799 -0.8635
vn -0.4790 -0.0000 0.8778
vn -0.8996 -0.0000 0.4367
vn -0.8233 0.0012 0.5676
vn -0.9092 -0.0010 0.4163
vn -0.5755 0.0027 0.8178
vn -0.6110 0.5597 -0.5598
vn -0.6034 0.4423 -0.6636
vn -0.4790 0.8778 -0.0000
vn -0.4789 0.8779 -0.0000
vn -0.4789 0.8778 -0.0000
vn -0.3126 -0.8782 -0.3621
vn -0.3436 -0.9373 0.0584
vn -0.3339 -0.9251 -0.1808
vn -0.3465 -0.9361 0.0600
vn -0.3316 -0.8959 0.2955
vn -0.5598 -0.7163 0.4165
vn 0.0078 -0.9606 -0.2778
vn -0.1126 -0.8788 -0.4636
vn 0.0040 -0.9066 -0.4220
vn -0.1141 -0.8415 -0.5281
vn -0.2843 -0.9149 -0.2866
vn -0.1947 -0.9419 -0.2737
vn -0.3788 -0.9244 -0.0453
vn -0.3880 -0.9203 -0.0494
vn -0.3920 -0.9112 -0.1262
vn -0.3716 -0.9059 -0.2033
vn -0.3541 -0.8935 -0.2761
vn -0.3227 -0.9064 -0.2724
vn -0.4658 -0.2330 0.8537
vn -0.5184 -0.6047 0.6046
vn -0.4895 0.2873 0.8233
vn -0.4963 0.2394 0.8345
vn -0.5056 0.1478 0.8500
vn -0.5085 0.1044 0.8547
vn -0.5111 0.0303 0.8590
vn -0.4791 -0.0000 -0.8778
vn -0.9778 -0.2093 -0.0000
vn -0.9126 -0.4088 0.0004
vn -0.9604 -0.2785 -0.0000
vn -0.9859 -0.1673 -0.0001
vn -0.9779 0.2093 -0.0000
vn -0.9859 0.1673 0.0003
vn -0.9126 0.4089 -0.0001
vn -0.9605 0.2784 -0.0000
vn -0.9778 -0.2094 -0.0000
vn -0.9606 -0.2781 -0.0000
vn -0.9778 0.2093 -0.0000
vn -1.0000 0.0001 0.0035
vn -0.9996 0.0069 -0.0288
vn -0.9955 0.0943 -0.0016
vn -0.9817 0.1906 -0.0027
vn -0.9472 0.3207 -0.0030
vn -0.9079 0.4192 -0.0023
vn -0.9770 0.2133 -0.0005
vn -0.9589 -0.2839 -0.0006
vn -0.9077 -0.4196 -0.0023
vn -0.9476 -0.3194 -0.0027
vn -0.9817 -0.1902 -0.0027
vn -0.9927 -0.1204 -0.0019
vn -0.9998 -0.0201 0.0037
vn -0.9995 -0.0326 -0.0004
vn -0.9996 -0.0044 -0.0265
vn -0.9406 -0.3392 0.0146
vn -0.7067 -0.0345 0.7067
vn -0.5088 -0.1815 0.8415
vn -0.9998 -0.0195 0.0019
vn -0.7065 0.0008 0.7077
vn -1.0000 0.0013 0.0068
vn -0.7067 0.0007 0.7075
vn -1.0000 0.0008 0.0051
vn -0.5546 0.0019 0.8321
vn -0.9961 -0.0048 -0.0887
vn -0.9567 -0.0359 -0.2888
vn -0.8977 -0.1386 -0.4183
vn -0.7726 -0.1153 -0.6243
vn -0.7135 -0.1981 -0.6720
vn -0.7272 0.0426 -0.6851
vn -0.7274 0.0343 -0.6853
vn -0.7264 -0.0654 -0.6842
vn -0.7253 0.0836 -0.6834
vn -0.9974 0.0047 -0.0718
vn -0.9608 0.0225 -0.2762
vn -0.7804 0.0373 -0.6242
vn -0.7257 -0.0788 -0.6835
vn -0.9036 0.0672 -0.4231
vn 0.9061 0.0011 -0.4230
vn 0.9057 -0.0299 -0.4229
vn 0.9053 0.0010 -0.4248
vn 0.9035 -0.0662 -0.4234
vn 0.9038 -0.1565 -0.3983
vn 0.9014 -0.2158 -0.3753
vn 0.9035 -0.3267 -0.2773
vn 0.9020 -0.3275 -0.2813
vn 0.9035 -0.3931 -0.1709
vn 0.8701 -0.4684 -0.1532
vn -0.0001 -0.7200 -0.6939
vn -0.0003 -0.9216 -0.3882
vn -0.1463 -0.7909 -0.5942
vn -0.2050 -0.9283 -0.3101
vn -0.0001 -0.4229 -0.9062
vn -0.0000 -0.3948 -0.9188
vn 0.0002 -0.4892 -0.8722
vn 0.0005 -0.9143 -0.4051
vn 0.0195 0.8876 0.4603
vn 0.0212 0.8607 0.5087
vn 0.0211 0.8076 0.5894
vn 0.0226 0.7478 0.6636
vn 0.0179 0.7468 0.6648
vn 0.5155 0.0014 0.8569
vn 0.9993 0.0003 0.0383
vn 0.8793 0.0013 0.4763
vn 0.9992 -0.0001 0.0392
vn 1.0000 0.0001 -0.0000
vn 0.4887 -0.5112 0.7070
vn 0.5530 -0.5781 0.6000
vn 0.4888 -0.5109 0.7071
vn 0.5302 -0.4669 0.7078
vn 0.4315 -0.3485 0.8321
vn 0.5782 -0.4041 0.7088
vn 0.7614 -0.2304 0.6060
vn 0.8311 -0.0308 0.5553
vn 0.5547 0.0010 0.8320
vn 0.7072 -0.0000 0.7071
vn 0.7071 -0.0082 0.7071
vn 0.7066 -0.0284 0.7071
vn 0.7057 -0.0446 0.7071
vn 0.5485 -0.0767 0.8327
vn 0.6851 -0.1733 0.7076
vn 0.6546 -0.2643 0.7082
vn 0.6063 -0.3628 0.7076
vn 0.5586 -0.4326 0.7077
vn 0.5109 -0.4888 0.7072
vn 0.4889 -0.5108 0.7072
vn 0.6001 0.0003 0.7999
vn 0.8944 0.0005 0.4473
vn -0.5769 0.8168 -0.0000
vn -0.3066 0.9000 0.3099
vn -0.3166 0.8947 0.3152
vn -0.7072 -0.0000 0.7070
vn -0.7069 -0.0000 0.7073
vn -1.0000 0.0096 -0.0000
vn -0.7783 0.0092 -0.6278
vn -0.7102 0.0155 -0.7039
vn -0.4995 0.0071 -0.8663
vn -0.8611 -0.0000 -0.5085
vn 0.8977 -0.0066 0.4405
vn 0.6406 -0.3111 0.7021
vn 0.8108 -0.0029 0.5854
vn 0.5602 -0.2851 0.7778
vn 0.3932 -0.5857 0.7087
vn 0.3946 -0.5883 0.7058
vn 0.5497 -0.3093 0.7760
vn 0.6193 -0.2943 0.7279
vn 0.5306 -0.1256 0.8383
vn 0.4439 -0.1221 0.8877
vn 0.3862 -0.2436 0.8897
vn 0.3891 -0.2453 0.8879
vn -0.8790 -0.0000 0.4768
vn -0.4721 -0.0000 0.8815
vn -0.7863 0.0249 0.6173
vn -0.2847 0.0054 0.9586
vn -0.2147 0.8084 0.5481
vn -0.6017 0.7308 0.3223
vn -0.9960 -0.0891 -0.0001
vn -0.7359 0.0278 -0.6765
vn -1.0000 -0.0055 -0.0003
vn -0.9188 0.2005 0.3400
vn -0.7349 0.0241 0.6777
vn -0.9999 -0.0102 -0.0002
vn -0.9960 -0.0891 0.0001
vn -0.4670 0.3880 0.7946
vn -0.4842 0.1949 0.8530
vn -0.3600 0.6598 0.6596
vn -0.8246 0.4001 0.4000
vn -0.8246 0.4000 0.4000
vn 0.5239 -0.4427 -0.7277
vn 0.5321 -0.4129 -0.7392
vn 0.5457 -0.3571 -0.7581
vn 0.5513 -0.3308 -0.7659
vn 0.5629 -0.2676 -0.7820
vn 0.5684 -0.2307 -0.7897
vn 0.5757 -0.1701 -0.7998
vn 0.5779 -0.1465 -0.8028
vn 0.5815 -0.0954 -0.8079
vn 0.5829 -0.0679 -0.8097
vn 0.5838 -0.0371 -0.8111
vn 0.5839 -0.0339 -0.8111
vn 0.5840 -0.0235 -0.8114
vn 0.5841 -0.0168 -0.8115
vn 0.5842 -0.0051 -0.8116
vn 0.5842 -0.0050 -0.8116
vn 0.5842 -0.0000 -0.8116
vn -0.6230 0.6678 0.4074
vn -0.6230 0.6678 0.4073
vn -0.6653 0.6374 0.3887
vn -0.7057 0.6050 0.3688
vn -0.6764 0.6290 0.3833
vn -0.6020 0.6819 0.4154
vn -0.5227 0.7281 0.4435
vn -0.5227 0.7281 0.4434
vn -0.0041 0.8867 0.4622
vn -0.0019 0.7944 0.6074
vn -0.0013 0.7577 0.6526
vn 0.0001 0.6783 0.7348
vn 0.4785 0.6223 0.6195
vn 0.4283 0.7939 0.4316
vn -0.3555 0.6601 0.6618
vn -0.4053 0.9019 0.1494
vn -0.3971 0.8160 0.4201
vn -0.4724 0.8814 -0.0000
vn -0.5443 0.5908 -0.5955
vn -0.4412 0.8232 -0.3574
vn 0.3492 0.8941 -0.2803
vn 0.6982 0.4470 -0.5591
vn 0.7808 -0.0000 -0.6247
vn 0.7809 -0.0000 -0.6247
vn -0.3170 -0.5808 -0.7498
vn -0.0000 -0.2193 0.9757
vn -0.0008 -0.1539 0.9881
vn -0.0004 -0.0879 0.9961
vn -0.0000 -0.0879 0.9961
vn -0.0009 -0.0878 0.9961
vn -0.0005 -0.0879 0.9961
vn 0.0813 0.0006 0.9967
vn 0.0403 -0.0293 0.9988
vn -0.0003 -0.0440 0.9990
vn -0.0007 -0.0879 0.9961
vn -0.5644 0.5652 0.6017
vn -0.8212 0.0023 0.5706
vn -0.7621 -0.0000 0.6474
vn -0.7068 -0.0345 0.7066
vn -0.7066 0.0008 0.7076
vn -0.7068 0.0007 0.7074
vn 0.6046 0.7254 -0.3290
vn -0.0001 1.0000 -0.0000
vn 0.6123 0.7197 -0.3272
vn 0.0002 0.8944 -0.4472
vn -0.0000 0.4473 -0.8944
vn -0.0004 1.0000 -0.0000
vn -0.0000 1.0000 -0.0001
vn -0.3327 0.6653 -0.6684
vn -0.7069 0.7073 -0.0072
vn -0.8225 0.5618 0.0888
vn -0.6019 0.7307 0.3223
vn -0.2147 0.8083 0.5482
vn -0.7863 0.0006 -0.6179
vn -0.7067 0.7074 -0.0072
vn -1.0000 -0.0000 0.0002
vn -0.9967 -0.0000 0.0813
vn -0.9866 0.0087 0.1627
vn -0.8791 -0.0000 0.4766
vn -0.7865 0.0249 0.6171
vn -0.6018 0.7308 0.3222
vn -0.9934 0.1115 -0.0278
vn -0.9950 0.0010 -0.1001
vn -0.6667 -0.0000 -0.7454
vn -0.9950 0.1000 -0.0037
vn -0.9619 0.2736 -0.0000
vn -0.9619 0.2733 -0.0000
vn -0.9818 0.1840 -0.0466
vn -0.9922 0.0316 -0.1207
vn -0.9939 -0.0000 -0.1105
vn -0.9938 -0.0000 -0.1109
vn -0.5965 -0.4980 0.6295
vn -0.5438 -0.5566 0.6281
vn -0.4731 -0.6363 0.6093
vn -0.4304 -0.6639 0.6115
vn -0.4457 -0.6316 0.6344
vn -0.5229 -0.5501 0.6511
vn -0.6871 0.5730 0.4467
vn -0.7857 0.5431 0.2962
vn -0.8426 0.4137 0.3448
vn -0.8324 0.3251 0.4488
vn -0.8380 0.1045 0.5356
vn -0.7687 -0.1043 0.6310
vn -0.7061 -0.3141 0.6347
vn -0.6107 -0.4122 0.6761
vn -0.5230 -0.5500 0.6512
vn -0.0000 0.0019 -1.0000
vn -0.0000 -0.0811 -0.9967
vn -0.0000 -0.1642 -0.9864
vn -0.0001 -0.3741 -0.9274
vn -0.0002 -0.4981 -0.8671
vn -0.0004 -0.7585 -0.6517
vn -0.0005 -0.7585 -0.6516
vn -1.0000 -0.0000 0.0074
vn -0.9998 -0.0021 0.0214
vn -0.9999 -0.0026 0.0170
vn -0.9998 -0.0045 0.0186
vn -0.9996 -0.0030 0.0294
vn -0.9996 -0.0054 0.0290
vn -1.0000 -0.0092 0.0021
vn -0.9999 -0.0113 -0.0113
vn -0.9999 -0.0160 -0.0000
vn -0.5350 0.2333 -0.8120
vn -0.4712 0.1798 -0.8635
vn -0.4774 0.0804 -0.8750
vn -0.4743 0.0388 -0.8795
vn -0.4693 -0.0014 -0.8830
vn -0.4659 -0.0015 -0.8848
vn -0.5444 0.5909 -0.5954
vn -0.4364 0.3502 -0.8288
vn -0.4412 0.8231 -0.3576
vn 0.4785 0.6224 0.6194
vn 0.9751 0.1858 -0.1211
vn 0.4283 0.7939 0.4317
vn 0.4193 -0.8052 0.4193
vn 0.4744 -0.6346 0.6101
vn 0.9367 -0.1425 0.3198
vn 0.8321 -0.0000 0.5547
vn 0.8373 -0.5467 -0.0000
vn 0.7907 -0.6123 -0.0000
vn 0.7646 -0.6444 -0.0000
vn 0.8581 -0.5135 -0.0000
vn 0.9039 -0.4277 -0.0000
vn 0.9273 -0.3744 -0.0000
vn 0.9592 -0.2828 -0.0000
vn 0.9695 -0.2452 -0.0000
vn 0.9889 -0.1483 -0.0000
vn 0.9933 -0.1153 -0.0000
vn 0.9982 -0.0598 -0.0000
vn 0.9982 -0.0603 -0.0000
vn 0.9994 -0.0345 -0.0000
vn 0.9995 -0.0308 -0.0000
vn 1.0000 -0.0086 -0.0000
vn 0.7070 -0.0081 0.7072
vn 0.7071 -0.0000 0.7072
vn 0.7070 -0.0000 0.7072
vn 0.9367 -0.1424 0.3197
vn 1.0000 -0.0060 -0.0000
vn -0.0000 1.0000 0.0001
vn -0.0000 0.8000 0.6001
vn -0.0000 0.7071 0.7072
vn -0.0001 1.0000 0.0002
vn 0.5774 0.5773 0.5774
vn 0.7071 0.7071 0.0002
vn -0.0001 1.0000 0.0001
vn 0.4472 0.8944 -0.0000
vn -0.0005 1.0000 -0.0004
vn -0.0003 1.0000 -0.0003
vn 0.3491 0.8942 -0.2803
vn 0.6982 0.4471 -0.5591
vn 0.8944 0.0004 0.4472
vn 1.0000 0.0005 -0.0000
vn 0.6000 0.0003 0.8000
vn 1.0000 0.0017 -0.0000
vn 0.5547 0.0009 0.8320
vn 0.9970 -0.0770 -0.0000
vn 0.7613 -0.2304 0.6061
vn 0.9993 -0.0371 -0.0001
vn 0.9572 -0.2896 -0.0000
vn 0.9571 -0.2897 -0.0000
vn 0.8577 -0.5142 -0.0000
vn 0.8198 -0.5727 -0.0000
vn 0.7780 -0.6283 0.0001
vn 0.7781 -0.6281 0.0001
vn 0.7252 -0.6885 0.0002
vn 0.7216 -0.6923 0.0002
vn 0.6910 -0.7228 0.0002
vn 0.6910 -0.7229 0.0001
vn 0.6914 -0.7225 0.0001
vn 0.6913 -0.7226 -0.0000
vn 0.5782 -0.4040 0.7089
vn 0.4314 -0.3485 0.8321
vn 0.5300 -0.4668 0.7079
vn 0.4888 -0.5108 0.7072
vn 0.5530 -0.5780 0.6000
vn 0.6911 -0.7228 -0.0000
vn 0.6912 -0.7227 -0.0000
vn 0.6919 -0.7220 -0.0000
vn 0.7074 -0.7068 -0.0000
vn 0.7226 -0.6913 -0.0000
vn 0.4887 -0.5110 0.7071
vn 0.4888 -0.5107 0.7073
vn 0.5108 -0.4887 0.7073
vn 0.5585 -0.4326 0.7078
vn 0.6063 -0.3627 0.7077
vn 0.6545 -0.2642 0.7084
vn 0.6850 -0.1732 0.7077
vn 0.5485 -0.0766 0.8327
vn 0.7056 -0.0446 0.7072
vn 0.7064 -0.0284 0.7072
vn -0.8424 -0.2309 0.4869
vn 0.0026 0.8696 0.4938
vn -0.2742 0.9217 0.2744
vn -0.0000 0.8595 0.5112
vn -0.2741 0.9218 0.2741
vn -0.4798 0.8243 -0.3004
vn -0.4356 0.7567 -0.4876
vn -0.4010 0.6944 -0.5975
vn -0.4831 0.8268 -0.2881
vn 0.8944 -0.0000 -0.4472
vn 0.4473 -0.0000 -0.8944
vn 0.6666 0.6667 -0.3333
vn 0.5548 0.8320 0.0002
vn 0.7070 0.7072 -0.0000
vn -0.4398 -0.0000 -0.8981
vn -0.9727 0.0001 -0.2321
vn -0.7656 -0.0000 -0.6433
vn -0.9898 0.0784 -0.1192
vn -0.9932 0.1163 -0.0077
vn -0.9730 0.2309 0.0014
vn 0.7499 0.5922 0.2949
vn 0.1064 0.8906 0.4422
vn 0.4781 0.7867 0.3907
vn 0.0582 0.8939 0.4445
vn -0.0482 0.8942 0.4451
vn -0.0484 0.8941 0.4452
vn -0.3983 0.8213 0.4085
vn -0.7233 0.6182 0.3077
vn -0.5105 0.8599 0.0010
vn -0.5107 0.8598 0.0010
vn -0.5109 0.8596 0.0007
vn -0.2757 0.9230 -0.2684
vn -0.2739 0.9237 -0.2680
vn 0.4388 -0.0000 -0.8986
vn -0.0455 -0.0000 -0.9990
vn 0.8679 0.0218 -0.4962
vn -0.4398 0.0001 -0.8981
vn -0.7656 0.0002 -0.6433
vn 0.6228 -0.1043 -0.7754
vn 0.9743 -0.0243 -0.2241
vn 0.6936 -0.1516 -0.7043
vn 0.9805 -0.0417 -0.1919
vn 0.7530 -0.2832 -0.5939
vn 0.9603 -0.2262 -0.1631
vn 0.5478 -0.6892 -0.4741
vn 0.7451 -0.6583 -0.1073
vn 0.9508 -0.2496 0.1836
vn 0.6364 -0.7599 0.1322
vn 0.5719 -0.5803 0.5798
vn 0.7533 -0.1330 0.6440
vn 0.9802 -0.0001 0.1982
vn 0.7027 -0.0002 0.7114
vn 0.9802 -0.0000 0.1982
vn 0.7027 -0.0001 0.7114
vn 0.7027 -0.0000 0.7114
vn 0.5988 -0.0000 0.8009
vn 0.9804 -0.0001 -0.1971
vn 0.9802 -0.0001 -0.1982
vn 0.6969 -0.0008 -0.7171
vn 0.6909 -0.0005 -0.7230
vn 0.5522 0.7073 0.4414
vn 0.5521 0.7073 0.4415
vn 0.7809 -0.0000 0.6247
vn 0.4735 0.7943 0.3806
vn 0.4737 0.7942 0.3805
vn 0.4738 0.7942 0.3805
vn 0.4740 0.7941 0.3804
vn -0.9886 0.0347 -0.1468
vn -0.2756 0.9230 -0.2686
vn -0.0025 0.8629 -0.5053
vn -0.2737 0.9237 -0.2680
vn -0.0025 0.8531 -0.5217
vn -0.0027 0.8414 -0.5404
vn -0.0037 0.8357 -0.5492
vn 0.2615 0.9163 -0.3034
vn 0.2646 0.9141 -0.3074
vn 0.5002 -0.8659 0.0038
vn 0.5018 -0.8650 0.0048
vn 0.5012 -0.8653 0.0044
vn 0.5029 -0.8643 0.0055
vn 0.4313 -0.0000 -0.9022
vn 0.4973 0.8675 -0.0148
vn 0.5023 0.8645 -0.0180
vn 0.5027 0.8642 -0.0183
vn 0.5075 0.8614 -0.0213
vn 0.4304 0.0001 0.9026
vn 0.4307 0.0001 0.9025
vn -0.6553 0.4818 -0.5817
vn -0.7780 0.0238 -0.6278
vn -0.3275 0.8995 -0.2891
vn -0.7459 0.0215 -0.6657
vn -0.8070 -0.0019 -0.5906
vn -0.8602 -0.0037 -0.5099
vn 0.2617 0.9163 -0.3033
vn 0.4961 0.8682 -0.0068
vn 0.2647 0.9141 -0.3073
vn 0.4877 0.8730 -0.0036
vn 0.4999 0.8661 0.0010
vn 0.5120 0.8590 0.0015
vn 0.7807 -0.0000 0.6249
vn 0.7808 -0.0000 0.6248
vn -0.0613 0.0028 -0.9981
vn 0.5012 -0.7667 0.4012
vn 0.5011 -0.7669 0.4010
vn 0.6048 -0.6324 0.4840
vn 0.6285 -0.5933 0.5029
vn 0.6787 -0.4946 0.5430
vn 0.7037 -0.4335 0.5630
vn 0.7498 -0.2793 0.5999
vn 0.7675 -0.1844 0.6140
vn 0.7795 -0.0574 0.6237
vn 0.7806 -0.0260 0.6245
vn 0.7809 0.0030 0.6247
vn 0.7808 0.0006 0.6247
vn 0.7809 0.0006 0.6247
vn 0.5011 -0.7668 0.4011
vn 0.4074 -0.8532 0.3255
vn 0.5009 -0.7670 0.4010
vn 0.4021 -0.8574 0.3212
vn 0.3974 -0.8608 0.3179
vn 0.3977 -0.8606 0.3182
vn 0.3962 -0.8617 0.3170
vn 0.3935 -0.8637 0.3148
vn 0.4548 -0.8129 0.3639
vn 0.4549 -0.8128 0.3639
vn -0.5100 0.8602 0.0009
vn -0.5111 0.8595 0.0009
vn -0.5113 0.8594 0.0009
vn -0.5122 0.8588 0.0010
vn -0.5112 -0.8594 0.0010
vn -0.5109 -0.8596 0.0010
vn -0.5103 -0.8600 0.0010
vn -0.5100 -0.8602 0.0010
vn -0.8733 0.4297 0.2296
vn -0.9666 0.2220 0.1278
vn -0.9846 0.1509 0.0878
vn -0.9999 0.0063 0.0088
vn -0.8145 -0.3870 -0.4321
vn -0.8140 -0.2940 -0.5010
vn -0.8712 -0.0912 -0.4824
vn -0.8840 0.0463 -0.4651
vn -0.4774 -0.6471 0.5945
vn -0.4155 -0.6916 0.5908
vn -0.4255 -0.6739 0.6041
vn -0.4750 -0.6319 0.6124
vn -0.1958 0.0133 -0.9805
vn -0.6325 0.0126 -0.7745
vn -0.0347 -0.0010 -0.9994
vn -0.2150 -0.0034 -0.9766
vn -0.7878 -0.0026 -0.6159
vn -0.4264 -0.0042 -0.9045
vn -0.0000 0.8944 0.4473
vn -0.0000 0.4471 0.8945
vn -0.0000 -0.4473 0.8944
vn 0.0001 -0.8944 0.4473
vn 0.0001 -0.4473 0.8944
vn -0.0000 -0.8944 0.4472
vn -0.0000 0.0002 -1.0000
vn -0.0000 0.8944 0.4472
vn -0.0000 0.4472 0.8944
vn -0.0000 -0.0003 1.0000
vn -0.0000 -0.0005 1.0000
vn -0.0000 0.0005 -1.0000
vn -0.0000 -0.0006 1.0000
vn -0.0000 0.0007 -1.0000
vn -0.0000 -0.0008 1.0000
vn -0.0000 0.0009 -1.0000
vn -0.0000 -0.0010 1.0000
vn -0.0000 0.0011 -1.0000
vn 0.4884 -0.6049 -0.6289
vn 0.4857 -0.6500 -0.5845
vn 0.5535 -0.5003 -0.6658
vn 0.5008 -0.6892 -0.5237
vn -0.4831 0.8269 -0.2880
vn -0.5035 0.8577 -0.1039
vn -0.4622 0.7766 0.4281
vn -1.0000 -0.0002 0.0018
vn -1.0000 -0.0012 0.0022
vn -1.0000 -0.0009 0.0037
vn -1.0000 0.0016 0.0026
vn -0.9974 0.0023 0.0718
vn -0.9992 0.0047 -0.0390
vn -1.0000 0.0057 -0.0003
vn -1.0000 0.0052 -0.0000
vn -0.9999 0.0118 -0.0014
vn 0.0118 -0.9877 -0.1556
vn 0.4361 -0.8999 0.0007
vn -0.7531 -0.5952 -0.2803
vn -0.1658 -0.9390 -0.3014
vn -0.8425 -0.4564 -0.2863
vn -0.2594 -0.9267 -0.2720
vn 0.0049 -0.7491 -0.6625
vn 0.7102 -0.7040 -0.0010
vn 0.5786 -0.5777 -0.5757
vn -0.0242 0.9760 0.2164
vn -0.0150 0.9493 0.3141
vn -0.0424 0.9970 0.0642
vn -0.0048 0.9315 0.3636
vn -0.0057 0.9132 0.4074
vn -0.0072 0.8929 0.4502
vn 0.5503 -0.7683 -0.3268
vn 0.3553 -0.1256 -0.9263
vn 0.9272 -0.1329 -0.3501
vn 0.4174 0.2075 -0.8847
vn 0.8802 0.4317 -0.1969
vn 0.9425 0.3341 -0.0000
vn 0.7438 -0.6684 -0.0000
vn 0.4595 -0.5361 0.7082
vn 0.4726 -0.5312 0.7031
vn 0.4325 -0.5148 0.7403
vn 0.4945 -0.5326 0.6869
vn 0.4986 -0.5213 0.6926
vn 0.4985 -0.5214 0.6925
vn 0.4986 -0.5212 0.6926
vn 0.4987 -0.5208 0.6928
vn 0.5045 -0.5043 0.7008
vn 0.5099 -0.4881 0.7084
vn 0.5160 0.4688 -0.7169
vn 0.7451 0.5365 -0.3963
vn 0.4988 0.4923 -0.7133
vn 0.6761 0.6283 -0.3849
vn 0.9527 0.3032 -0.0230
vn 0.8805 0.4739 -0.0113
vn 0.7451 0.5365 -0.3962
vn 0.6761 0.6284 -0.3848
vn -0.0007 0.8317 0.5553
vn -0.0017 0.9157 0.4019
vn -0.2593 0.9557 0.1389
vn -0.3868 0.9200 0.0623
vn -0.0375 -0.9976 0.0577
vn 0.0037 -0.9984 0.0562
vn 0.0015 0.9998 0.0176
vn -0.5187 -0.4829 0.7056
vn 0.0022 -0.7158 0.6983
vn -0.3228 -0.6533 0.6848
vn 0.0016 -0.7836 0.6212
vn 0.0391 -0.7975 0.6021
vn 0.0373 -0.8345 0.5498
vn -0.2858 -0.8026 -0.5236
vn -0.3228 -0.9065 -0.2721
vn -0.3228 -0.9065 -0.2722
vn -0.3229 -0.9065 -0.2720
vn -0.3228 -0.9066 -0.2719
vn -0.3299 -0.9266 0.1805
vn -0.3128 -0.8785 0.3611
vn -0.5110 0.0397 -0.8587
vn -0.4952 -0.0022 -0.8688
vn -0.5005 0.0188 -0.8655
vn -0.4790 -0.0018 -0.8778
vn -0.5424 0.5106 -0.6672
vn -0.4895 0.2872 -0.8234
vn -0.4720 0.3825 -0.7943
vn -0.4963 0.2392 -0.8345
vn 0.0008 -0.9242 -0.3819
vn 0.0002 -0.6901 -0.7237
vn 0.0190 -0.9039 -0.4274
vn 0.0115 -0.6518 -0.7583
vn -0.0000 -0.3283 -0.9446
vn 0.0029 -0.3141 -0.9494
vn 0.0001 -0.2302 -0.9731
vn 0.0020 -0.2100 -0.9777
vn 0.0001 -0.0982 -0.9952
vn 0.0001 -0.0743 -0.9972
vn 0.0521 -0.0024 -0.9986
vn 0.0825 -0.0178 -0.9964
vn -0.4287 0.5693 -0.7015
vn -0.5030 0.6027 -0.6195
vn -0.7844 0.0024 -0.6203
vn -0.8638 0.0048 -0.5038
vn -0.5478 -0.2279 0.8049
vn -0.4288 0.5692 -0.7015
vn -0.4622 0.8461 -0.2656
vn -0.5030 0.6026 -0.6196
vn -0.4491 0.8637 -0.2285
vn -0.7922 0.5455 -0.2735
vn -0.7743 0.3541 -0.5244
vn -0.7068 0.3233 -0.6293
vn -0.0756 0.8508 0.5200
vn -0.5189 0.6328 -0.5748
vn -0.6013 0.5889 -0.5400
vn -0.6291 0.5797 -0.5179
vn -0.6696 0.6068 -0.4283
vn -0.6826 0.6331 -0.3650
vn -0.7046 0.6263 -0.3336
vn -0.6399 0.6123 -0.4644
vn -0.6676 0.6455 -0.3710
vn -0.5423 0.5106 -0.6672
vn -0.4720 0.3826 -0.7942
vn -0.0000 -0.9998 0.0198
vn -0.4720 -0.0000 0.8816
vn -0.2846 0.0053 0.9586
vn -0.0000 0.8320 0.5547
vn 0.3334 0.6667 0.6666
vn 0.8944 -0.0000 0.4473
vn 0.8367 -0.0000 0.5477
vn 0.8616 -0.0000 0.5076
vn 0.8751 0.0003 0.4840
vn 0.7865 0.3413 0.5147
vn 0.8016 0.3417 0.4905
vn 0.4884 -0.6048 -0.6290
vn 0.5267 -0.4416 -0.7263
vn 0.4857 -0.6499 -0.5845
vn 0.5410 -0.3221 -0.7769
vn 0.5418 -0.1005 -0.8345
vn 0.5387 -0.0992 -0.8366
vn 0.5344 -0.0000 -0.8453
vn -0.2854 0.0001 -0.9584
vn -0.2714 -0.0003 -0.9625
vn -0.3128 0.0006 -0.9498
vn -0.2578 -0.0008 -0.9662
vn -0.2572 -0.0007 -0.9664
vn -0.2569 -0.0005 -0.9664
vn -0.3945 0.0006 0.9189
vn -0.3940 0.0003 0.9191
vn -0.3943 0.0005 0.9190
vn -0.4121 0.0006 0.9112
vn -0.4211 0.0008 0.9070
vn -0.4480 0.0015 0.8940
vn 0.0087 0.2613 -0.9652
vn 0.0038 0.2077 -0.9782
vn 0.0107 0.2211 -0.9752
vn -0.0141 0.2186 -0.9757
vn -0.0275 0.2376 -0.9710
vn -0.0450 0.2935 -0.9549
vn -0.4895 0.2871 -0.8234
vn -0.5056 0.1477 -0.8500
vn -0.4963 0.2391 -0.8346
vn -0.5085 0.1044 -0.8547
vn -0.5109 0.0397 -0.8587
vn 0.5122 0.6819 0.5221
vn 0.5568 0.6314 0.5397
vn 0.4787 0.6917 0.5407
vn 0.5665 0.5829 0.5826
vn 0.5676 0.4409 0.6953
vn 0.5407 0.3241 0.7762
vn 0.5419 0.1037 0.8340
vn 0.5388 0.1024 0.8362
vn 0.5343 -0.0000 0.8453
vn -0.5067 -0.8598 -0.0639
vn -0.5115 -0.8593 0.0004
vn -0.5116 -0.8592 -0.0014
vn -0.5115 -0.8593 -0.0014
vn -0.5116 -0.8592 -0.0010
vn -0.2745 -0.9220 0.2732
vn -0.2747 -0.9218 0.2734
vn 0.3183 0.6237 -0.7139
vn 0.7327 0.3860 -0.5605
vn 0.8994 -0.3883 -0.2009
vn 0.9920 0.1125 -0.0577
vn 0.8536 -0.4801 -0.2021
vn 0.9757 -0.2112 -0.0578
vn 0.9747 0.0367 -0.2205
vn 0.5547 -0.1642 -0.8157
vn 0.8568 -0.5130 -0.0517
vn 0.5786 -0.5776 -0.5758
vn 0.7088 -0.0038 -0.7054
vn 0.7100 -0.7042 -0.0009
vn 0.8322 0.5544 0.0003
vn 0.7078 0.0004 -0.7065
vn 0.4088 0.8163 -0.4081
vn 0.7074 0.7068 -0.0007
vn 0.9979 0.0644 -0.0003
vn 0.9808 0.1950 -0.0012
vn 0.9953 -0.0970 -0.0009
vn 1.0000 -0.0000 -0.0006
vn 0.9699 -0.2437 0.0004
vn 0.7071 -0.7071 -0.0000
vn 0.7088 -0.0000 -0.7054
vn -0.0019 0.7936 -0.6084
vn 0.0014 0.7854 -0.6190
vn 0.0133 0.7972 -0.6036
vn -0.0077 0.7910 -0.6117
vn -0.0156 0.7976 -0.6030
vn -0.0119 0.8016 -0.5978
vn -0.0085 0.8075 -0.5898
vn -0.0126 0.8039 -0.5946
vn -0.0123 0.8033 -0.5955
vn -0.0130 0.8021 -0.5971
vn -0.0057 0.8019 -0.5974
vn -0.0059 0.7928 -0.6094
vn -0.0056 0.8041 -0.5945
vn -0.0049 0.7955 -0.6060
vn -0.0008 0.7815 -0.6239
vn 0.0064 0.7645 -0.6446
vn -0.0000 0.8883 -0.4593
vn -0.0000 0.9264 -0.3765
vn 0.0005 0.9571 -0.2899
vn -0.0000 0.9795 -0.2016
vn -0.0024 -0.7673 -0.6413
vn 0.0003 -0.9142 -0.4052
vn 0.0004 -0.9671 -0.2546
vn 0.0006 -0.9671 -0.2545
vn -0.0003 -0.9216 -0.3881
vn -0.0002 -0.7897 -0.6136
vn -0.2051 -0.9284 -0.3100
vn -0.0000 -0.4834 -0.8754
vn -0.1529 -0.5440 -0.8250
vn -0.1464 -0.7910 -0.5941
vn -0.0000 -0.7885 -0.6151
vn 0.0004 -0.9671 -0.2545
vn 0.5032 -0.7999 -0.3272
vn 0.7971 -0.5208 -0.3057
vn 0.7223 -0.6175 -0.3116
vn 0.7139 -0.2999 -0.6327
vn -0.0020 -0.3814 -0.9244
vn 0.0001 -0.4892 -0.8722
vn 0.7430 -0.6620 0.0988
vn 0.6319 -0.3056 -0.7123
vn -0.7531 -0.5953 -0.2803
vn -0.8425 -0.4564 -0.2862
vn -0.8964 0.3964 -0.1983
vn -0.9620 0.2728 -0.0152
vn -0.0000 -0.0273 -0.9996
vn -0.0024 -0.0569 -0.9984
vn -0.0047 -0.1197 -0.9928
vn -0.0654 -0.1682 -0.9836
vn -0.1258 -0.1398 -0.9822
vn -0.1854 -0.0774 -0.9796
vn -0.1412 0.1057 -0.9843
vn -0.1847 0.1177 -0.9757
vn -0.0652 0.1695 -0.9834
vn -0.0046 0.1204 -0.9927
vn -0.0023 0.0575 -0.9983
vn -0.0000 0.0276 -0.9996
vn -0.0000 -0.0023 -1.0000
vn -0.0000 -0.0002 -1.0000
vn -0.0000 0.0081 -1.0000
vn -0.0000 0.0161 -0.9999
vn -0.0000 -0.3795 -0.9252
vn -0.0005 -0.7888 -0.6146
vn -0.0095 0.7947 -0.6069
vn -0.0103 0.7996 -0.6004
vn -0.0107 0.8033 -0.5954
vn -0.0111 0.8026 -0.5964
vn -0.0108 0.8022 -0.5970
vn -0.0109 0.8027 -0.5962
vn -0.0112 0.7928 -0.6094
vn -0.0076 0.7820 -0.6232
vn -0.0039 0.7421 -0.6703
vn -0.0000 0.7116 -0.7026
vn -0.0000 0.6048 -0.7963
vn -0.0000 0.5233 -0.8522
vn -0.0000 0.2958 -0.9553
vn -0.0000 0.1446 -0.9895
vn -0.0000 -0.0039 -1.0000
vn -0.0000 -0.0018 -1.0000
vn -0.0000 0.0020 -1.0000
vn -0.2260 0.8964 -0.3814
vn -0.1142 0.8935 -0.4342
vn -0.1497 0.7596 -0.6329
vn -0.0093 0.7745 -0.6325
vn -0.7143 0.3884 -0.5822
vn -0.9789 0.0146 -0.2037
vn -0.4731 0.0314 -0.8804
vn -0.8435 -0.4608 -0.2761
vn -0.3497 0.6860 -0.6380
vn -0.8999 -0.3852 -0.2045
vn -0.9758 -0.2111 -0.0578
vn -0.9920 0.1125 -0.0577
vn -0.8572 -0.5125 -0.0517
vn 0.4174 0.2076 -0.8847
vn 0.4777 0.8785 -0.0000
vn 0.8803 0.4316 -0.1970
vn -0.7072 -0.0015 -0.7071
vn -0.0000 -0.0021 -1.0000
vn -0.0000 -0.0016 -1.0000
vn -0.7068 -0.0003 -0.7074
vn -0.0000 0.0039 -1.0000
vn -0.5547 0.0039 -0.8320
vn -0.0000 0.0073 -1.0000
vn -0.7072 0.0044 -0.7070
vn -0.6001 -0.0015 -0.7999
vn -0.0000 -0.0005 -1.0000
vn -0.0000 0.0062 -1.0000
vn 0.0001 0.0033 -1.0000
vn -0.7719 -0.0006 -0.6358
vn -0.0000 0.0036 -1.0000
vn -0.7993 -0.0026 -0.6009
vn -0.7057 -0.0002 -0.7085
vn 0.0966 -0.0016 -0.9953
vn 0.0002 -0.0001 -1.0000
vn 0.0362 -0.0348 -0.9987
vn 0.1045 -0.0907 -0.9904
vn 0.0954 -0.0993 -0.9905
vn 0.0667 -0.0604 -0.9959
vn 0.5926 -0.0006 -0.8055
vn 0.0003 -0.0000 -1.0000
vn 0.8794 -0.0000 -0.4761
vn 0.5976 -0.6144 -0.5152
vn 0.5122 -0.4742 -0.7161
vn 0.6531 -0.5332 -0.5377
vn 0.6034 -0.3698 -0.7065
vn 0.5255 -0.1551 -0.8365
vn 0.8293 -0.0607 -0.5554
vn 0.7071 0.0045 -0.7071
vn 0.0028 -0.0005 -1.0000
vn -0.7072 0.0001 -0.7070
vn -0.0076 0.7772 -0.6292
vn -0.0126 0.7818 -0.6235
vn -0.0101 0.8021 -0.5971
vn -0.0000 0.8028 -0.5962
vn 0.0001 0.8037 -0.5950
vn -0.0000 0.8022 -0.5971
vn 0.0001 0.8060 -0.5919
vn 0.7904 0.2665 -0.5516
vn 0.7865 0.1973 -0.5853
vn 0.0002 0.7769 -0.6296
vn 0.7437 0.0728 -0.6645
vn 0.0002 0.5904 -0.8071
vn 0.6299 -0.1785 -0.7559
vn -0.0000 0.2828 -0.9592
vn 0.5389 -0.3825 -0.7505
vn -0.0000 0.0682 -0.9977
vn 0.5275 -0.5054 -0.6829
vn 0.0012 0.7810 -0.6245
vn 0.0002 0.5936 -0.8048
vn -0.0000 0.2842 -0.9588
vn 0.0010 0.5947 -0.8039
vn -0.0000 0.2849 -0.9586
vn -0.8005 0.0574 -0.5966
vn -0.7101 0.2377 -0.6628
vn -0.6853 0.4813 -0.5466
vn -0.6359 0.6443 -0.4247
vn -0.0021 0.7351 -0.6779
vn -0.0000 0.0008 -1.0000
vn 0.0001 -0.0000 -1.0000
vn 0.0002 0.0005 -1.0000
vn 0.0002 -0.0005 -1.0000
vn 0.0007 0.1900 -0.9818
vn -0.0000 0.2951 -0.9555
vn -0.0000 0.5198 -0.8543
vn -0.0000 0.6022 -0.7983
vn -0.0033 0.7103 -0.7039
vn -0.0000 0.7764 -0.6303
vn -0.0000 0.7184 -0.6956
vn -0.0000 0.5617 -0.8273
vn 0.0021 0.3819 -0.9242
vn 0.7795 0.3474 -0.5212
vn 0.7559 0.3742 -0.5373
vn 0.7310 0.3549 -0.5829
vn 0.7157 0.2452 -0.6539
vn 0.7135 0.1643 -0.6812
vn 0.0027 0.2002 -0.9797
vn 0.8320 -0.0000 -0.5547
vn 0.7072 -0.0000 -0.7070
vn 0.6320 -0.3055 -0.7122
vn -0.1529 -0.5441 -0.8250
vn 0.7088 0.0498 -0.7036
vn 0.0004 0.0369 -0.9993
vn 0.3713 -0.0000 -0.9285
vn -0.0000 -0.4835 -0.8754
vn -0.0000 -0.0007 -1.0000
vn 0.0001 -0.7897 -0.6135
vn 0.5718 -0.8204 0.0020
vn 0.5180 -0.8554 0.0005
vn 0.2565 -0.9665 0.0118
vn 0.1771 -0.9842 0.0002
vn 0.1807 -0.9833 -0.0226
vn 0.3692 -0.9243 -0.0972
vn 0.0542 -0.9984 0.0152
vn 0.0338 -0.9994 0.0001
vn 0.3787 -0.9157 -0.1345
vn 0.2275 -0.8664 -0.4445
vn -0.2855 -0.9584 0.0007
vn -0.2463 -0.9692 0.0004
vn -0.1593 -0.7254 -0.6697
vn -0.1935 -0.9785 -0.0711
vn -0.3787 -0.9150 -0.1392
vn -0.3054 0.1640 -0.9380
vn -0.3102 0.0535 -0.9492
vn -0.3056 0.2219 -0.9259
vn -0.3091 0.0534 -0.9495
vn -0.3124 -0.0019 -0.9499
vn -0.3261 -0.0045 -0.9453
vn -0.3383 -0.0041 -0.9410
vn -0.3489 -0.0027 -0.9371
vn -0.3595 0.0992 -0.9279
vn -0.3643 0.1968 -0.9103
vn -0.3660 0.2527 -0.8957
vn -0.3361 0.1948 -0.9215
vn -0.3132 0.0841 -0.9460
vn -0.3029 0.0208 -0.9528
vn -0.3242 -0.0413 -0.9451
vn -0.2909 -0.0936 -0.9522
vn -0.2352 -0.3732 -0.8974
vn -0.1545 -0.6222 -0.7674
vn -0.0971 -0.8747 -0.4748
vn -0.0550 -0.9407 -0.3348
vn 0.2788 -0.6377 -0.7181
vn 0.1797 -0.0210 -0.9835
vn 0.0525 -0.3814 -0.9229
vn -0.1331 0.1179 -0.9841
vn -0.2669 0.3500 -0.8979
vn -0.3587 0.3138 -0.8791
vn -0.3176 0.5353 -0.7827
vn -0.3126 0.5535 -0.7719
vn -0.2974 0.6107 -0.7339
vn -0.2697 0.6498 -0.7107
vn -0.2366 0.7020 -0.6718
vn -0.2156 0.7173 -0.6626
vn -0.2144 0.7210 -0.6589
vn -0.2179 0.7101 -0.6695
vn -0.2360 0.6605 -0.7128
vn -0.2467 0.6188 -0.7458
vn -0.2783 0.4834 -0.8300
vn -0.2900 0.3812 -0.8778
vn -0.0464 0.4807 -0.8756
vn -0.0414 0.0202 -0.9989
vn -0.0091 0.8943 -0.4474
vn -0.0822 0.0446 -0.9956
vn -0.0129 0.0094 -0.9999
vn -0.0379 0.0276 -0.9989
vn 0.0324 0.0578 -0.9978
vn -0.0702 0.0522 -0.9962
vn -0.1610 0.1607 -0.9738
vn -0.1062 -0.2450 -0.9637
vn -0.1646 -0.1586 -0.9735
vn 0.0367 0.0108 -0.9993
vn 0.0838 0.0016 -0.9965
vn 0.1533 0.0012 -0.9882
vn 0.1757 -0.0005 -0.9844
vn 0.3396 -0.0020 -0.9406
vn 0.4768 -0.0036 -0.8790
vn -0.0000 -1.0000 -0.0074
vn 0.8537 -0.4800 -0.2021
vn -0.8435 -0.4607 -0.2761
vn 0.5547 -0.1643 -0.8157
vn -0.4732 0.0314 -0.8804
vn 0.7800 0.0588 -0.6230
vn 0.7810 0.0325 -0.6237
vn 0.7796 0.0555 -0.6238
vn 0.7792 0.0649 -0.6234
vn 0.7784 0.0788 -0.6227
vn 0.7779 -0.0868 -0.6223
vn 0.7520 -0.2694 -0.6016
vn 0.6821 -0.4868 -0.5457
vn 0.6596 -0.5353 -0.5277
vn 0.6520 -0.5503 -0.5216
vn 0.6679 -0.5181 -0.5343
vn 0.6954 -0.4548 -0.5564
vn 0.7073 -0.4239 -0.5658
vn 0.7322 -0.3474 -0.5858
vn 0.7445 -0.3015 -0.5956
vn 0.7609 -0.2247 -0.6087
vn 0.7660 -0.1940 -0.6128
vn 0.7745 -0.1270 -0.6196
vn 0.7777 -0.0905 -0.6221
vn 0.7799 -0.0492 -0.6240
vn 0.7801 -0.0449 -0.6241
vn 0.7805 -0.0315 -0.6244
vn 0.7807 -0.0225 -0.6245
vn 0.7810 -0.0067 -0.6245
vn 0.7810 -0.0066 -0.6245
vn 0.7812 -0.0000 -0.6243
vn 0.7828 -0.0000 -0.6223
vn 0.7903 0.0495 -0.6107
vn 0.8015 0.0806 -0.5926
vn 0.5032 -0.7998 -0.3272
vn 0.7970 -0.5209 -0.3056
vn 0.6151 -0.2976 0.7301
vn 0.2944 -0.4234 0.8568
vn 0.6908 -0.3568 0.6289
vn 0.7435 -0.0006 0.6688
vn 0.6985 -0.0003 0.7156
vn 0.6970 -0.0004 0.7170
vn 0.6923 -0.0000 0.7216
vn -0.0000 0.8173 -0.5762
vn 0.9963 0.0504 -0.0702
vn 0.9971 0.0252 -0.0721
vn 0.8679 0.0219 -0.4962
vn 0.4389 -0.0000 -0.8986
vn 0.0359 -0.6518 -0.7576
vn 0.0286 -0.8962 -0.4427
vn 0.0116 -0.6519 -0.7582
vn -0.0091 -0.9886 -0.1504
vn -0.0549 -0.9407 -0.3347
vn -0.0970 -0.8748 -0.4746
vn 0.0533 -0.9932 -0.1037
vn 0.0155 -0.9976 0.0680
vn -0.0157 -0.9900 -0.1402
vn 0.0008 -0.9243 -0.3817
vn 0.0074 -0.9863 -0.1648
vn 0.0438 -0.9614 -0.2715
vn 0.1384 -0.8569 -0.4965
vn 0.1574 -0.9654 -0.2081
vn 0.3520 -0.8530 -0.3854
vn 0.1714 -0.9805 -0.0958
vn 0.4502 -0.8571 -0.2504
vn 0.1896 -0.9736 -0.1270
vn 0.4584 -0.8327 -0.3105
vn -0.1391 -0.9383 -0.3167
vn -0.2303 -0.8488 -0.4759
vn 0.1001 -0.9872 0.1244
vn 0.0946 -0.9953 0.0197
vn 0.1165 -0.9930 0.0219
vn 0.1560 -0.9820 -0.1068
vn 0.1471 -0.9888 0.0270
vn 0.5398 -0.7891 -0.2933
vn 0.2435 -0.9696 -0.0238
vn 0.5739 -0.8137 0.0923
vn 0.4758 -0.8763 0.0759
vn 0.4118 -0.9070 0.0880
vn 0.3230 -0.8833 0.3399
vn 0.0409 -0.8563 0.5148
vn 0.0993 -0.9866 -0.1297
vn 0.6493 -0.7602 -0.0225
vn -0.3121 0.8253 -0.4707
vn -0.2816 0.8376 -0.4681
vn -0.2898 0.9019 -0.3204
vn -0.2783 0.9473 -0.1589
vn -0.2459 0.9403 0.2352
vn -0.2718 0.9348 0.2288
vn -0.4793 0.0183 0.8774
vn -0.4795 0.0379 0.8767
vn -0.4788 0.0985 0.8724
vn -0.4772 0.1397 0.8676
vn -0.4711 0.2274 0.8522
vn -0.4662 0.2740 0.8412
vn -0.4533 0.3646 0.8133
vn -0.5832 0.5471 0.6004
vn -0.1392 -0.9382 -0.3168
vn -0.3712 -0.5165 -0.7717
vn -0.2304 -0.8487 -0.4760
vn -0.4662 -0.2078 -0.8599
vn -0.5040 0.1155 -0.8560
vn -0.5346 0.1730 -0.8272
vn -0.5214 0.2311 -0.8214
vn -0.5352 0.2824 -0.7961
vn -0.5427 0.3656 -0.7562
vn -0.5690 0.4179 -0.7082
vn -0.6740 0.2335 -0.7009
vn -0.6812 0.2394 -0.6919
vn -0.7359 -0.0008 -0.6771
vn -0.7422 -0.0015 -0.6702
vn -0.7297 -0.0011 -0.6837
vn -0.7225 -0.0001 -0.6914
vn -0.7213 0.0390 -0.6916
vn -0.7205 0.0397 -0.6923
vn -0.7161 0.1189 -0.6879
vn -0.7139 0.1602 -0.6817
vn -0.6932 0.2857 -0.6617
vn -0.6741 0.3703 -0.6391
vn -0.6290 0.4945 -0.5998
vn -0.6098 0.5384 -0.5816
vn -0.5811 0.5922 -0.5583
vn -0.5744 0.6045 -0.5519
vn -0.5775 0.5983 -0.5554
vn -0.5992 0.5751 -0.5569
vn -0.6362 0.5182 -0.5716
vn -0.6624 0.4788 -0.5762
vn -0.6819 0.4268 -0.5941
vn -0.6888 0.4089 -0.5986
vn -0.7153 0.3239 -0.6193
vn -0.7201 0.2516 -0.6466
vn -0.7743 0.3540 -0.5245
vn -0.7068 0.3231 -0.6294
vn -0.0005 -1.0000 0.0054
vn 0.0376 -0.9993 0.0001
vn 0.5504 -0.7683 -0.3267
vn 0.9272 -0.1330 -0.3501
vn 0.4126 -0.9109 -0.0000
vn 0.2745 -0.9616 0.0001
vn 0.2200 -0.7878 -0.5753
vn 0.0584 -0.9953 -0.0778
vn -0.1733 -0.9844 -0.0305
vn 0.0238 -0.9997 0.0084
vn -0.1164 -0.9932 0.0015
vn -0.0004 -0.8723 -0.4889
vn 0.6515 -0.5672 -0.5038
vn 0.3520 -0.8529 -0.3856
vn 0.3000 -0.5535 -0.7769
vn 0.1384 -0.8569 -0.4966
vn 0.0359 -0.6517 -0.7576
vn 0.0951 -0.3217 -0.9421
vn 0.4093 -0.3096 -0.8583
vn 0.1224 -0.2167 -0.9685
vn 0.4399 -0.1667 -0.8824
vn 0.1713 -0.0649 -0.9831
vn 0.4161 -0.0379 -0.9085
vn 0.2146 -0.0124 -0.9766
vn 0.4361 -0.0276 -0.8995
vn 0.1962 -0.0510 -0.9792
vn 0.4376 -0.1041 -0.8931
vn 0.2056 -0.0244 -0.9783
vn 0.4475 -0.1198 -0.8863
vn 0.2245 0.1093 -0.9683
vn 0.4600 -0.0158 -0.8878
vn 0.2255 0.3511 -0.9088
vn 0.4642 0.1803 -0.8672
vn 0.2045 0.5576 -0.8045
vn 0.4518 0.3379 -0.8257
vn 0.0898 0.6142 -0.7840
vn 0.0946 0.3994 -0.9119
vn 0.0850 0.1586 -0.9837
vn 0.0774 0.0239 -0.9967
vn -0.0000 0.0378 -0.9993
vn -0.0000 0.1697 -0.9855
vn -0.0000 0.3895 -0.9210
vn -0.0000 0.6346 -0.7728
vn -0.0000 0.7276 -0.6860
vn 0.0886 0.6886 -0.7197
vn 0.0003 0.7325 -0.6807
vn 0.0898 0.6804 -0.7274
vn 0.0008 0.6682 -0.7440
vn 0.0903 0.6006 -0.7945
vn 0.0003 0.5782 -0.8159
vn 0.0887 0.5131 -0.8537
vn -0.0005 0.4466 -0.8947
vn 0.0850 0.3567 -0.9304
vn 0.1628 0.2814 -0.9457
vn 0.1827 0.4502 -0.8740
vn 0.1812 0.5375 -0.8236
vn 0.1783 0.6266 -0.7586
vn 0.1920 0.6246 -0.7570
vn 0.4482 0.0382 -0.8931
vn 0.1855 -0.0007 -0.9826
vn 0.5114 -0.0023 -0.8593
vn -0.0002 0.1302 -0.9915
vn 0.0566 0.0834 -0.9949
vn 0.1668 0.0856 -0.9823
vn 0.4390 0.4053 -0.8019
vn 0.4151 0.4328 -0.8002
vn 0.4159 0.3509 -0.8390
vn 0.4186 0.2583 -0.8707
vn 0.4220 0.1581 -0.8927
vn 0.0412 -0.0005 -0.9992
vn -0.0036 0.0023 -1.0000
vn -0.0000 0.0048 -1.0000
vn -0.0065 -0.0000 -1.0000
vn 0.9186 -0.2641 -0.2939
vn 0.8945 -0.3188 -0.3133
vn 0.9045 0.0033 -0.4264
vn 0.9061 0.0036 -0.4230
vn 0.9061 0.0001 -0.4230
vn 0.9061 -0.0007 -0.4231
vn 0.9061 -0.0008 -0.4230
vn 0.8883 -0.1522 -0.4334
vn 0.8946 -0.1383 -0.4249
vn 0.8542 -0.2787 -0.4389
vn 0.8517 -0.2657 -0.4517
vn 0.8763 -0.1578 -0.4551
vn 0.8867 -0.0787 -0.4556
vn 0.8835 0.1116 -0.4549
vn 0.8827 0.1113 -0.4566
vn 0.8547 0.2554 -0.4519
vn 0.8563 0.2722 -0.4389
vn 0.8886 0.1507 -0.4333
vn 0.8948 0.1373 -0.4249
vn 0.9060 0.0028 -0.4233
vn 0.9061 0.0049 -0.4230
vn 0.8846 0.2572 -0.3890
vn 0.8761 0.2554 -0.4090
vn 0.7997 0.5168 -0.3057
vn 0.8196 0.5255 -0.2280
vn 0.8402 0.5032 -0.2023
vn 0.8763 0.4471 -0.1796
vn 0.8916 0.4060 -0.2007
vn 0.8987 0.3927 -0.1952
vn 0.9025 0.3662 -0.2265
vn 0.9035 0.3649 -0.2249
vn 0.9046 0.3420 -0.2544
vn 0.9041 0.3427 -0.2551
vn 0.9042 0.3429 -0.2547
vn 0.9043 0.3427 -0.2544
vn 0.9036 0.3436 -0.2559
vn 0.8864 0.3615 -0.2890
vn 0.9021 0.3347 -0.2722
vn 0.8682 0.3788 -0.3205
vn 0.8297 0.4318 -0.3539
vn 0.0392 -0.7975 0.6020
vn 0.2496 -0.9144 0.3186
vn 0.1573 -0.9574 0.2423
vn 0.4866 -0.8721 0.0520
vn 0.5416 -0.8350 0.0973
vn -0.9956 0.0938 -0.0042
vn -0.9966 0.0819 -0.0068
vn -1.0000 0.0087 -0.0041
vn -0.9998 0.0158 -0.0116
vn -1.0000 0.0039 -0.0000
vn -0.9999 0.0121 -0.0012
vn -0.4750 -0.6319 0.6125
vn -0.5328 -0.5650 0.6300
vn -0.4255 -0.6738 0.6041
vn -0.5712 -0.5416 0.6167
vn -0.5912 -0.4972 0.6351
vn -0.6013 -0.4755 0.6421
vn -0.6135 -0.4422 0.6543
vn -0.6172 -0.4306 0.6585
vn -0.6368 -0.3631 0.6802
vn -0.5866 -0.3162 0.7456
vn -0.5375 -0.2161 0.8151
vn -0.4718 -0.1728 0.8646
vn 0.7591 -0.0105 0.6509
vn 0.7590 -0.0105 0.6510
vn 0.2289 -0.0066 0.9734
vn 0.2290 -0.0066 0.9734
vn 0.7566 -0.0105 0.6537
vn 0.6572 -0.0107 0.7536
vn 0.2316 -0.0067 0.9728
vn 0.0006 -0.0044 1.0000
vn 0.0024 -0.0029 1.0000
vn 0.0030 -0.0044 1.0000
vn 0.0031 -0.0045 1.0000
vn 0.2287 -0.0066 0.9735
vn 0.0024 -0.0039 1.0000
vn 0.2592 -0.2918 0.9207
vn 0.0022 -0.3013 0.9535
vn 0.1826 -0.6774 0.7126
vn 0.0019 -0.6389 0.7693
vn -0.2348 -0.0021 0.9720
vn -0.3552 0.0131 0.9347
vn -0.3523 0.0731 0.9330
vn -0.3428 0.1557 0.9264
vn -0.3083 0.2357 0.9216
vn -0.3902 -0.4497 0.8034
vn 0.0010 -0.7456 0.6664
vn -0.3563 -0.6045 0.7125
vn 0.0015 -0.7750 0.6320
vn -0.3090 -0.7019 0.6417
vn 0.1142 -0.7718 0.6256
vn 0.1068 -0.8073 0.5803
vn -0.2828 -0.7104 0.6444
vn 0.0010 -0.7415 0.6709
vn -0.2934 -0.7281 0.6195
vn 0.0013 -0.7804 0.6253
vn 0.1089 -0.8121 0.5733
vn 0.4049 -0.8313 0.3807
vn 0.4081 -0.8238 0.3936
vn 0.4953 -0.7567 0.4267
vn 0.5858 -0.6629 0.4661
vn 0.7853 -0.2880 0.5480
vn 0.7582 -0.0105 0.6519
vn -0.1562 -0.8844 0.4399
vn 0.0409 -0.8562 0.5150
vn -0.3124 -0.3628 0.8779
vn 0.0790 -0.3831 0.9203
vn -0.3820 -0.0846 0.9203
vn -0.0282 -0.0636 0.9976
vn -0.3734 -0.2278 0.8993
vn 0.0016 -0.2573 0.9663
vn -0.3504 -0.4238 0.8352
vn 0.0014 -0.4762 0.8793
vn -0.3329 -0.5496 0.7662
vn 0.0013 -0.5983 0.8013
vn -0.3207 -0.5970 0.7353
vn 0.0012 -0.6432 0.7657
vn -0.3036 -0.6526 0.6942
vn 0.0010 -0.6846 0.7289
vn 0.1092 -0.7837 0.6115
vn 0.1136 -0.7350 0.6685
vn 0.1207 -0.6949 0.7089
vn 0.1250 -0.6515 0.7483
vn 0.1424 -0.5289 0.8367
vn 0.1522 -0.2895 0.9450
vn 0.1189 -0.0989 0.9880
vn 0.1336 -0.0366 0.9904
vn 0.4353 -0.7934 0.4254
vn 0.3998 -0.8340 0.3802
vn 0.4587 -0.7643 0.4532
vn 0.4888 -0.7245 0.4859
vn 0.5423 -0.6432 0.5405
vn 0.6461 -0.4036 0.6479
vn 0.6396 -0.1150 0.7601
vn 0.1816 -0.0059 0.9833
vn 0.1411 -0.0236 0.9897
vn 0.6960 -0.1233 0.7073
vn 0.5616 -0.4388 0.7015
vn 0.3230 -0.8832 0.3400
vn 0.8042 -0.0196 0.5940
vn 0.6881 -0.0738 0.7218
vn 0.5513 -0.3307 -0.7659
vn 0.5684 -0.2308 -0.7897
vn 0.5757 -0.1702 -0.7998
vn 0.5816 -0.0954 -0.8079
vn 0.5838 -0.0362 -0.8111
vn 0.5839 -0.0337 -0.8111
vn 0.5841 -0.0235 -0.8113
vn 0.5843 -0.0170 -0.8113
vn 0.5846 -0.0051 -0.8113
vn 0.5846 -0.0050 -0.8113
vn 0.5887 -0.0001 -0.8083
vn 0.5853 -0.0001 -0.8108
vn 0.5977 -0.0001 -0.8017
vn 0.5964 -0.0979 -0.7967
vn 0.5535 -0.5002 -0.6659
vn 0.5486 -0.5065 -0.6652
vn 0.5298 0.4212 -0.7361
vn 0.5397 0.3830 -0.7497
vn 0.5790 0.1335 -0.8043
vn 0.5816 -0.0946 -0.8080
vn 0.5443 -0.3632 -0.7562
vn 0.5306 -0.4184 -0.7372
vn 0.5238 -0.4427 -0.7278
vn 0.5320 -0.4130 -0.7392
vn 0.5456 -0.3574 -0.7580
vn -0.9648 -0.0334 -0.2609
vn -0.6954 -0.0080 -0.7185
vn -0.5777 -0.0899 -0.8113
vn -0.6936 -0.1516 -0.7042
vn -0.9805 -0.0417 -0.1918
vn -0.7530 -0.2833 -0.5939
vn -0.9603 -0.2261 -0.1632
vn -0.5478 -0.6892 -0.4742
vn -0.7451 -0.6583 -0.1072
vn -0.9528 -0.2143 0.2151
vn -0.6364 -0.7599 0.1322
vn -0.5719 -0.5803 0.5798
vn -0.6346 -0.1330 0.7613
vn -0.7027 -0.0002 0.7114
vn -0.9802 -0.0001 0.1982
vn -0.7029 -0.0031 0.7113
vn -0.9855 -0.0059 0.1698
vn -0.7027 -0.0075 0.7114
vn -0.9801 -0.0104 0.1982
vn -0.7934 -0.0078 0.6087
vn -0.9802 -0.0104 0.1979
vn -0.9912 -0.0106 -0.1318
vn -0.9802 -0.0105 -0.1976
vn -0.7941 -0.0086 -0.6077
vn 0.0017 1.0000 0.0003
vn -0.2148 0.8083 0.5482
vn -0.0000 0.7071 0.7071
vn 0.3333 0.6666 0.6667
vn 0.7072 0.7070 0.0051
vn 0.7070 0.7071 0.0153
vn 0.7027 0.7087 0.0629
vn 0.6950 0.7182 0.0340
vn 0.0020 1.0000 0.0003
vn 0.5669 0.8051 -0.1745
vn 0.6604 0.6277 -0.4121
vn 0.3485 0.6522 -0.6732
vn 0.6322 0.7309 -0.2572
vn 0.6553 0.7238 -0.2162
vn 0.0001 1.0000 -0.0002
vn -0.0090 0.8943 -0.4474
vn 0.0001 1.0000 -0.0000
vn -0.0464 0.4808 -0.8756
vn -0.0000 0.8944 -0.4472
vn 0.0699 0.7147 -0.6959
vn -0.6554 0.4819 -0.5816
vn -0.2258 0.8965 -0.3813
vn -0.0287 0.9574 -0.2872
vn -0.1141 0.8936 -0.4341
vn -0.0209 0.9648 -0.2622
vn -0.0562 0.9274 -0.3699
vn -0.0699 0.8784 -0.4729
vn 0.0013 0.8847 -0.4661
vn 0.0026 0.7069 -0.7073
vn -0.0000 1.0000 0.0002
vn 0.6668 0.6666 -0.3332
vn 0.0001 1.0000 0.0001
vn 0.7072 0.7070 -0.0000
vn -0.0000 1.0000 -0.0002
vn -0.0016 0.6489 -0.7609
vn -0.3334 0.6666 -0.6667
vn -0.7071 0.7071 -0.0000
vn -0.7072 0.7070 -0.0000
vn 0.0088 1.0000 0.0005
vn -0.0005 1.0000 -0.0003
vn 0.5523 0.7071 0.4414
vn 0.5523 0.7071 0.4415
vn -0.5486 0.7402 -0.3888
vn 0.0200 0.9998 0.0039
vn -0.6441 0.7404 -0.1922
vn 0.0111 0.9999 0.0012
vn -0.4473 0.8944 0.0008
vn -0.0000 0.7070 0.7072
vn -0.6667 0.6666 0.3334
vn -0.0002 1.0000 -0.0000
vn -0.7072 0.7071 -0.0001
vn -0.0005 1.0000 -0.0001
vn -0.7071 0.7071 0.0010
vn 0.0075 1.0000 0.0013
vn -0.9966 0.0820 -0.0068
vn -0.6358 0.6444 -0.4248
vn -0.7070 -0.0015 -0.7072
vn -0.6000 -0.0015 -0.8000
vn -1.0000 0.0039 -0.0005
vn -1.0000 0.0061 -0.0014
vn -0.7099 0.2378 -0.6629
vn -0.9958 0.0917 -0.0017
vn -0.6851 0.4813 -0.5467
vn -1.0000 0.0087 -0.0040
vn -0.7056 -0.0002 -0.7086
vn -1.0000 -0.0000 0.0009
vn -0.7071 -0.0001 -0.7071
vn -1.0000 -0.0001 0.0012
vn -1.0000 -0.0001 0.0019
vn -0.7718 -0.0006 -0.6359
vn -0.7071 0.0044 -0.7071
vn -0.5547 0.0040 -0.8320
vn -0.7066 -0.0004 -0.7076
vn -0.7993 -0.0026 -0.6010
vn 0.7072 0.0018 -0.7071
vn 0.7090 -0.0516 -0.7033
vn -0.0016 -0.1301 -0.9915
vn -0.0020 -0.3813 -0.9245
vn 0.0001 -0.1075 -0.9942
vn 0.0002 -0.4891 -0.8723
vn -0.9951 0.0992 -0.0000
vn -0.9578 0.2876 -0.0000
vn -0.9994 -0.0355 -0.0006
vn -0.9980 -0.0627 -0.0005
vn -0.9979 -0.0644 -0.0006
vn -0.9995 -0.0310 -0.0000
vn -1.0000 -0.0041 -0.0000
vn -1.0000 -0.0026 -0.0000
vn -1.0000 -0.0004 -0.0000
vn -1.0000 0.0002 -0.0000
vn -0.9999 0.0171 -0.0000
vn -0.9995 0.0330 -0.0000
vn -0.9995 0.0327 -0.0000
vn -1.0000 -0.0031 -0.0038
vn -1.0000 -0.0022 -0.0000
vn -1.0000 -0.0059 -0.0000
vn -0.9999 -0.0047 -0.0094
vn -0.9998 -0.0034 -0.0190
vn -0.9993 0.0380 -0.0000
vn -0.9969 0.0784 -0.0000
vn -0.9606 0.2780 -0.0000
vn -0.9030 0.4296 -0.0000
vn -0.8649 0.5019 -0.0000
vn -0.7614 0.6483 0.0011
vn -0.7614 0.6483 -0.0000
vn -0.7398 0.6728 0.0009
vn -0.7853 0.6191 0.0008
vn -0.8292 0.5589 0.0004
vn -0.8335 0.5526 -0.0000
vn -0.8874 0.4610 -0.0000
vn -0.9301 0.3672 -0.0000
vn -0.9603 0.2789 -0.0000
vn 0.6582 -0.7069 -0.2588
vn 0.6200 -0.6824 -0.3872
vn 0.5254 -0.7120 -0.4658
vn 0.6593 -0.7086 -0.2513
vn 0.6201 -0.7543 -0.2157
vn 0.5907 -0.7850 -0.1868
vn 0.5834 -0.7957 -0.1631
vn 0.5669 -0.8063 -0.1686
vn 0.5751 -0.8180 -0.0130
vn 0.5632 -0.8263 -0.0122
vn 0.5800 -0.8084 0.1005
vn 0.5758 -0.8157 0.0555
vn 0.5606 -0.8280 0.0117
vn 0.5441 -0.8389 0.0107
vn 0.5416 -0.8350 0.0972
vn -0.6434 -0.2931 -0.7072
vn -0.8460 -0.5329 0.0184
vn -0.5344 -0.0591 -0.8431
vn -0.7531 0.1447 -0.6418
vn -0.9100 -0.4146 -0.0068
vn -0.7490 0.4148 -0.5167
vn -0.9948 -0.1015 -0.0033
vn -0.7071 0.5612 -0.4301
vn -0.7071 0.5671 -0.4225
vn -0.8320 0.4435 -0.3332
vn -0.6956 0.5737 -0.4325
vn -0.7005 0.5585 -0.4443
vn -0.7044 0.5495 -0.4494
vn -0.6001 0.6231 -0.5017
vn -0.8053 0.4755 -0.3543
vn -0.9926 0.1211 -0.0000
vn -0.5916 0.6820 -0.4300
vn -0.9214 0.3885 -0.0000
vn -0.4821 0.7536 -0.4469
vn -0.8097 -0.5859 0.0330
vn -0.9653 -0.2612 -0.0062
vn -0.9894 0.1453 -0.0000
vn -0.9214 0.3886 -0.0000
vn -0.7823 0.6229 -0.0000
vn -0.8866 0.1082 0.4498
vn -0.6000 -0.0000 0.8000
vn -0.7070 -0.0000 0.7072
vn -0.7236 -0.3489 0.5955
vn -0.5416 -0.4082 0.7348
vn -0.9405 -0.3394 0.0146
vn -0.9612 -0.2757 0.0060
vn -0.8016 -0.0273 -0.5973
vn -0.6327 0.3068 0.7110
vn -0.5339 0.4603 0.7093
vn -0.7039 0.7103 0.0007
vn -0.4974 0.5022 0.7074
vn -0.7041 0.7101 0.0008
vn -0.7042 0.7100 0.0049
vn -0.7040 0.7102 0.0032
vn -0.4971 0.5012 0.7083
vn -0.9388 0.3444 -0.0000
vn -0.6280 0.3237 0.7077
vn -0.6691 0.2253 0.7082
vn -0.8786 0.4776 -0.0009
vn -0.5850 0.3965 0.7075
vn -0.8187 0.5742 -0.0000
vn -0.5386 0.4570 0.7079
vn -0.7480 0.6637 -0.0000
vn -0.4977 0.5028 0.7068
vn -0.7035 0.7107 0.0001
vn -0.7035 0.7107 0.0016
vn -0.5339 0.6408 -0.5516
vn -0.4331 0.7261 -0.5340
vn -0.7070 0.0001 0.7072
vn -0.5993 0.0190 0.8003
vn -0.9985 0.0542 -0.0001
vn -0.6975 0.1080 0.7084
vn -0.9799 0.1994 -0.0000
vn -1.0000 -0.0000 -0.0061
vn -1.0000 -0.0000 -0.0073
vn -0.9461 -0.0013 -0.3238
vn -0.9851 0.0428 -0.1667
vn -0.6324 0.0126 -0.7745
vn -0.5170 0.4829 -0.7068
vn -0.5717 0.4163 -0.7070
vn -0.8187 0.5743 -0.0000
vn -0.6128 0.3513 -0.7078
vn -0.7503 0.2743 -0.6015
vn -0.3899 0.3948 -0.8319
vn -0.9332 0.3594 -0.0002
vn -0.9833 0.1821 -0.0000
vn -0.5437 0.1057 -0.8326
vn 0.4769 -0.0036 -0.8789
vn 0.7377 -0.0052 -0.6751
vn 0.3398 -0.0021 -0.9405
vn 0.8529 -0.0054 -0.5220
vn 0.9345 -0.0070 -0.3559
vn 0.9344 -0.0096 -0.3560
vn 0.9471 -0.0113 -0.3207
vn 0.9586 -0.0114 -0.2846
vn 0.9655 -0.0100 -0.2603
vn 0.9622 -0.0077 -0.2721
vn 0.9997 -0.0075 -0.0252
vn 0.9997 -0.0062 -0.0252
vn 0.9916 -0.0094 0.1286
vn 0.9916 -0.0098 0.1289
vn 0.9997 -0.0122 0.0206
vn 0.9997 -0.0130 0.0205
vn 0.9878 -0.0133 0.1551
vn 0.9879 -0.0126 0.1548
vn 0.8044 -0.0118 0.5940
vn 0.5094 -0.0114 0.8605
vn -0.9999 0.0148 0.0045
vn -1.0000 0.0092 0.0026
vn -1.0000 -0.0002 0.0006
vn -1.0000 -0.0001 -0.0003
vn -0.9795 0.2013 -0.0003
vn -0.9796 -0.2011 -0.0003
vn -0.9125 0.4091 -0.0000
vn -0.9206 0.3904 -0.0012
vn -0.9472 0.3207 -0.0031
vn -0.9488 0.3158 -0.0014
vn -0.9955 0.0944 -0.0016
vn -0.9822 0.1881 -0.0004
vn -0.9988 0.0496 -0.0000
vn -0.6000 -0.0000 -0.8000
vn -0.7071 -0.0000 -0.7072
vn -0.8845 -0.2853 -0.3691
vn -0.9605 -0.2784 -0.0000
vn -0.9859 0.1673 -0.0000
vn -0.9126 -0.4088 0.0006
vn -0.9605 0.2783 -0.0000
vn -0.9605 -0.2783 -0.0000
vn -0.9995 -0.0328 -0.0001
vn -0.9995 -0.0327 -0.0004
vn -0.9988 -0.0481 -0.0002
vn -0.9810 -0.1939 -0.0005
vn -0.9927 -0.1205 -0.0019
vn -0.9491 -0.3150 -0.0014
vn -0.9476 -0.3193 -0.0030
vn -0.9206 -0.3906 -0.0012
vn -0.5535 -0.0335 -0.8322
vn -0.6972 -0.1398 -0.7031
vn -0.6541 -0.3395 -0.6759
vn -0.7845 -0.4299 -0.4470
vn -0.8081 -0.2379 -0.5389
vn -0.6003 0.2316 -0.7655
vn -0.6837 0.4183 -0.5980
vn -0.6544 0.3397 -0.6756
vn -0.6973 0.1399 -0.7030
vn -0.7056 0.0437 -0.7073
vn -1.0000 -0.0003 0.0018
vn -1.0000 -0.0001 0.0016
vn -1.0000 -0.0003 0.0017
vn -1.0000 -0.0002 0.0016
vn -0.6439 0.7406 -0.1922
vn -0.4474 0.8943 0.0007
vn -0.5984 -0.0051 -0.8012
vn -0.5601 -0.0033 -0.8284
vn -0.5745 -0.0033 -0.8185
vn -0.9225 -0.0021 -0.3860
vn -0.8805 -0.0018 -0.4741
vn -0.8944 0.0001 0.4472
vn -0.4473 -0.0000 0.8944
vn -0.6666 0.6667 0.3334
vn -0.7071 0.7072 -0.0000
vn -0.7070 0.7072 -0.0001
vn -0.7070 0.7072 0.0010
vn -0.5485 0.7403 -0.3887
vn -0.6440 0.7405 -0.1922
vn 0.5255 0.0004 -0.8508
vn 0.8819 0.0057 -0.4715
vn 0.9987 0.0087 -0.0497
vn 0.9997 0.0086 -0.0240
vn 1.0000 0.0065 0.0001
vn 1.0000 -0.0001 -0.0000
vn -0.8945 0.0004 0.4470
vn -0.4472 -0.0009 0.8945
vn -0.0000 -0.0001 1.0000
vn 0.0004 -0.0735 0.9973
vn 0.0006 -0.1104 0.9939
vn 0.0013 -0.2193 0.9757
vn -0.9942 -0.1077 0.0004
vn -0.9993 -0.0383 0.0001
vn -0.9570 -0.2900 0.0010
vn -0.8072 -0.5902 0.0020
vn -0.1734 -0.9844 -0.0304
vn -0.1165 -0.9932 0.0015
vn -0.0011 -0.9132 -0.4075
vn -0.0004 -0.7889 -0.6145
vn -0.0011 -0.9448 -0.3276
vn 0.4095 0.7756 0.4805
vn 0.2268 0.8149 0.5333
vn 0.0018 0.8691 0.4947
vn 0.0014 0.8367 0.5476
vn -0.9847 0.1509 0.0878
vn -1.0000 0.0064 0.0029
vn -1.0000 0.0027 -0.0000
vn -0.9999 -0.0000 -0.0152
vn -0.9995 -0.0000 -0.0325
vn -0.8831 -0.0000 -0.4692
vn -0.4851 0.0001 -0.8744
vn -1.0000 0.0011 0.0032
vn -1.0000 -0.0023 0.0046
vn -1.0000 -0.0000 0.0025
vn -1.0000 -0.0036 0.0045
vn -1.0000 -0.0069 0.0061
vn -1.0000 -0.0044 0.0041
vn -1.0000 0.0005 0.0046
vn -1.0000 0.0019 0.0021
vn -1.0000 0.0013 0.0002
vn -1.0000 0.0002 0.0018
vn -1.0000 -0.0005 0.0018
vn -0.9890 0.0002 0.1478
vn -0.8708 0.0001 -0.4916
vn -0.8384 0.0021 -0.5450
vn -0.8253 -0.0016 -0.5647
vn -0.8227 -0.0013 -0.5685
vn -0.9942 0.0001 -0.1076
vn -0.9987 -0.0005 -0.0515
vn -1.0000 0.0001 -0.0000
vn -1.0000 0.0001 0.0003
vn -1.0000 -0.0001 -0.0001
vn -0.8946 0.0004 0.4469
vn -0.4473 -0.0009 0.8944
vn -0.0453 0.0001 -0.9990
vn -0.0226 0.0001 -0.9997
vn 0.0458 -0.0001 -0.9990
vn 0.0917 0.0001 -0.9958
vn 0.5254 0.0004 -0.8508
vn 0.8818 0.0057 -0.4715
vn -0.6976 0.1081 0.7082
vn -0.5994 0.0190 0.8002
vn -0.4978 0.5029 0.7066
vn -0.5387 0.4571 0.7077
vn -0.5851 0.3966 0.7073
vn -0.6281 0.3238 0.7076
vn -0.6692 0.2253 0.7081
vn -0.5418 -0.4083 0.7347
vn -0.7237 -0.3489 0.5954
vn -0.7072 -0.0000 0.7071
vn -0.6001 -0.0000 0.8000
vn -0.8865 0.1081 0.4499
vn -0.6328 0.3069 0.7109
vn -0.5339 0.4604 0.7092
vn -0.4975 0.5023 0.7073
vn -0.4972 0.5013 0.7082
vn 0.2751 -0.9146 -0.2964
vn 0.2761 -0.9141 -0.2970
vn 0.0017 -0.8421 -0.5393
vn 0.0020 -0.8358 -0.5491
vn -0.0026 -0.8531 -0.5218
vn -0.0025 -0.8627 -0.5057
vn -0.2744 -0.9230 -0.2699
vn -0.2725 -0.9237 -0.2694
vn 0.9367 -0.1425 0.3197
vn -0.0000 -0.0000 -0.0000
vn 0.9751 0.1858 -0.1210
vn 0.7068 -0.0000 0.7074
vn 0.5119 -0.8591 0.0001
vn 0.5118 -0.8591 0.0001
vn 0.5109 -0.8596 -0.0016
vn 0.5099 -0.8602 -0.0019
vn 0.2762 -0.9141 -0.2968
vn 0.2752 -0.9146 -0.2962
vn 0.4744 -0.7946 0.3788
vn 0.4740 -0.7948 0.3790
vn 0.4741 -0.7948 0.3789
vn 0.4737 -0.7949 0.3791
vn -0.2077 -0.9645 -0.1632
vn 0.2077 -0.9709 -0.1196
vn -0.1781 -0.9672 0.1810
vn 0.1777 -0.9527 0.2465
vn 0.1254 -0.8511 -0.5098
vn -0.1254 -0.7800 -0.6131
vn -0.5478 -0.6893 -0.4741
vn -0.7450 -0.6584 -0.1072
vn -0.6363 -0.7600 0.1322
vn -0.1294 -0.7578 0.6395
vn 0.1294 -0.6399 0.7575
vn 0.6363 -0.7600 0.1322
vn 0.7450 -0.6584 -0.1072
vn 0.5478 -0.6893 -0.4742
vn 0.0024 0.5573 0.8303
vn 0.0045 0.8806 0.4739
vn 0.0039 0.9632 0.2687
vn -0.4356 0.7567 -0.4874
vn -0.4798 0.8244 -0.3002
vn -0.5052 0.8585 -0.0880
vn -0.5116 0.8592 -0.0037
vn -0.5115 0.8593 -0.0005
vn -0.5114 0.8593 -0.0002
vn -0.5115 0.8593 -0.0002
vn -0.5117 0.8591 -0.0000
vn -0.2743 0.9217 0.2743
vn -0.2742 0.9218 0.2740
vn -0.8944 -0.0000 -0.4472
vn -0.7070 0.7072 -0.0000
vn -1.0000 -0.0001 0.0018
vn -1.0000 -0.0001 0.0001
vn -1.0000 -0.0001 0.0009
vn -0.4473 -0.0000 -0.8944
vn 0.9700 -0.2429 0.0032
vn 0.9701 -0.2427 0.0032
vn 0.8603 -0.5080 0.0419
vn 0.9984 0.0427 -0.0358
vn -0.9701 -0.2426 0.0031
vn -0.9702 -0.2424 0.0031
vn -0.9984 0.0427 -0.0359
vn -0.8607 -0.5074 0.0418
vn -0.3645 0.9149 -0.1732
vn -0.1021 0.7610 -0.6407
vn -0.3596 0.7952 -0.4882
vn -0.0719 0.9915 -0.1087
vn 0.0006 0.6620 -0.7495
vn 0.0491 0.9988 -0.0006
vn 0.4087 0.8163 -0.4081
vn 0.8323 0.5544 0.0004
vn 0.7073 0.7069 -0.0007
vn 0.1312 0.9914 -0.0003
vn 0.0014 1.0000 -0.0015
vn -0.6413 0.7672 -0.0102
vn -0.2354 0.9719 -0.0062
vn -0.5909 0.7817 -0.1994
vn 0.0002 1.0000 -0.0014
vn -0.0947 0.1825 -0.9786
vn 0.1097 0.0250 -0.9937
vn -0.2458 0.0499 -0.9680
vn 0.5548 -0.1642 -0.8156
vn 0.1893 0.5693 -0.8000
vn 0.7327 0.3860 -0.5604
vn 0.2188 0.6875 -0.6924
vn 0.3182 0.6237 -0.7139
vn 0.1015 0.5803 -0.8080
vn -0.1539 0.7467 -0.6472
vn -0.2362 0.6181 -0.7498
vn -0.2195 0.2822 -0.9339
vn -0.8450 -0.3811 -0.3752
vn -0.7493 0.1981 -0.6320
vn -0.7165 0.3967 -0.5739
vn -0.6523 0.5863 -0.4803
vn -0.6369 0.5903 -0.4960
vn -0.1618 0.5923 -0.7893
vn -0.2418 0.5682 -0.7866
vn 0.0001 0.4499 -0.8931
vn -0.6255 0.6543 -0.4250
vn -0.1484 0.5982 -0.7875
vn -0.7143 0.3883 -0.5822
vn -0.4733 0.0315 -0.8804
vn -0.1274 0.5791 -0.8052
vn 0.1674 0.7439 -0.6469
vn 0.1580 0.5927 -0.7898
vn -0.2348 0.6790 -0.6956
vn -0.3496 0.6860 -0.6380
vn 0.2353 0.5734 -0.7847
vn 0.5572 0.6086 -0.5649
vn 0.6086 0.6679 -0.4284
vn 0.0756 0.5367 -0.8404
vn -0.0636 0.5617 -0.8249
vn -0.0001 0.4499 -0.8931
vn 0.7036 0.5475 -0.4530
vn 0.2450 0.6456 -0.7233
vn 0.2202 0.3596 -0.9068
vn 0.1250 0.3134 -0.9414
vn -0.0880 -0.1535 -0.9842
vn 0.7330 0.4041 -0.5472
vn 0.7299 0.2488 -0.6367
vn 0.7878 0.2218 -0.5746
vn -0.1657 -0.9389 -0.3015
vn -0.4675 -0.6618 -0.5861
vn 0.0117 -0.9877 -0.1556
vn 0.0039 0.8067 -0.5910
vn -0.9461 -0.0012 -0.3238
vn -0.5135 -0.0034 -0.8581
vn -0.4263 -0.0042 -0.9046
vn -0.4968 -0.0041 -0.8678
vn -0.4471 -0.0042 -0.8945
vn -0.2893 -0.0045 -0.9572
vn -0.0694 -0.0034 -0.9976
vn -0.4822 0.7535 -0.4469
vn -0.0000 0.6433 -0.7656
vn -0.0001 0.4268 -0.9044
vn -0.5339 0.6409 -0.5515
vn -0.0000 0.1361 -0.9907
vn -0.3900 0.3948 -0.8319
vn 0.0004 0.0017 -1.0000
vn -0.5171 0.4830 -0.7066
vn 0.0004 0.0033 -1.0000
vn -0.5718 0.4163 -0.7069
vn -0.0001 0.0021 -1.0000
vn -0.6129 0.3514 -0.7077
vn -0.0000 0.0003 -1.0000
vn -0.7504 0.2743 -0.6014
vn -0.0000 -0.0017 -1.0000
vn -0.5438 0.1056 -0.8325
vn -0.1959 0.0133 -0.9805
vn -0.0000 0.0022 -1.0000
vn 0.0008 0.0018 -1.0000
vn 0.0011 0.0006 -1.0000
vn 0.0002 0.1364 -0.9907
vn 0.0002 0.4269 -0.9043
vn 0.0001 0.6436 -0.7654
vn -0.0000 0.0014 -1.0000
vn -0.0002 0.0016 -1.0000
vn 0.0001 0.0002 -1.0000
vn 0.0001 0.0910 -0.9959
vn 0.0003 0.3757 -0.9268
vn 0.0001 0.6199 -0.7847
vn -0.0000 0.7303 -0.6832
vn -0.0000 0.7265 -0.6872
vn -0.0000 0.7569 -0.6535
vn -0.8053 0.4754 -0.3542
vn -0.6002 0.6230 -0.5017
vn -0.5917 0.6819 -0.4299
vn 0.0013 0.7784 -0.6277
vn 0.0043 0.7797 -0.6262
vn -0.7045 0.5494 -0.4493
vn 0.0036 0.7749 -0.6321
vn -0.7006 0.5584 -0.4443
vn 0.0143 0.7951 -0.6063
vn -0.6957 0.5736 -0.4324
vn 0.0045 0.8020 -0.5973
vn -0.7072 0.5670 -0.4224
vn -0.0028 0.8022 -0.5970
vn -0.7073 0.5611 -0.4301
vn -0.0030 0.7889 -0.6145
vn -0.0000 0.7709 -0.6369
vn -0.0088 0.7786 -0.6275
vn -0.0021 0.7753 -0.6315
vn -0.0062 0.7742 -0.6330
vn 0.0039 0.7816 -0.6238
vn -0.0022 0.7784 -0.6278
vn -0.0054 0.7995 -0.6007
vn -0.0058 0.8028 -0.5962
vn -0.0057 0.8022 -0.5970
vn -0.0040 0.7832 -0.6217
vn -0.0014 0.7273 -0.6863
vn -0.0000 0.7106 -0.7036
vn -0.7491 0.4148 -0.5166
vn -0.0000 0.2221 -0.9750
vn -0.6435 -0.2932 -0.7070
vn -0.8016 -0.0273 -0.5972
vn -0.0021 -0.0041 -1.0000
vn -0.6974 -0.1398 -0.7030
vn -0.0049 -0.0579 -0.9983
vn -0.6543 -0.3395 -0.6758
vn -0.0612 -0.1909 -0.9797
vn -0.7845 -0.4299 -0.4469
vn -0.0000 0.1476 -0.9891
vn -0.0006 -0.0487 -0.9988
vn -0.0162 -0.1685 -0.9856
vn -0.0154 -0.1057 -0.9943
vn -0.0451 -0.0665 -0.9968
vn -0.0226 0.1062 -0.9941
vn -0.0450 0.1003 -0.9939
vn -0.0122 0.1809 -0.9834
vn -0.6004 0.2317 -0.7654
vn -0.0942 0.2310 -0.9684
vn -0.0391 0.1906 -0.9809
vn -0.0007 0.0652 -0.9979
vn -0.0043 0.0484 -0.9988
vn -0.0019 0.0032 -1.0000
vn 0.0001 -0.3947 -0.9188
vn -0.0000 -0.6948 -0.7192
vn -0.7072 -0.0000 -0.7071
vn -0.8845 -0.2853 -0.3692
vn -0.6001 -0.0000 -0.8000
vn -0.7057 0.0438 -0.7072
vn -0.6975 0.1399 -0.7028
vn -0.6545 0.3398 -0.6754
vn -0.6838 0.4183 -0.5979
vn -0.5106 -0.8598 0.0011
vn -0.5096 -0.8604 -0.0001
vn -0.5105 -0.8599 0.0011
vn -0.5095 -0.8605 -0.0013
vn -0.2745 -0.9230 -0.2697
vn -0.2726 -0.9237 -0.2693
vn -0.6034 0.4423 -0.6635
vn -0.7060 0.3850 -0.5945
vn -0.9157 0.2758 -0.2923
vn -0.9188 0.2004 0.3400
vn -0.4450 0.3697 -0.8157
vn -0.5018 0.3132 -0.8063
vn -0.9157 0.2757 -0.2923
vn -0.0000 -0.0584 -0.9983
vn -0.0000 0.0459 -0.9989
vn -0.0000 0.0460 -0.9989
vn -0.0000 -0.0583 -0.9983
vn 0.0002 -0.1623 -0.9867
vn 0.0005 -0.1640 -0.9865
vn -0.0452 -0.1019 -0.9938
vn 0.0701 -0.1054 -0.9920
vn -0.2137 -0.1764 -0.9608
vn -0.2879 -0.1726 -0.9420
vn -0.3644 -0.3039 -0.8803
vn -0.3409 -0.3432 -0.8752
vn -0.1593 -0.7255 -0.6696
vn 0.2275 -0.8664 -0.4446
vn 0.3388 -0.3431 -0.8760
vn -0.4790 0.0119 -0.8778
vn -0.5331 0.0057 -0.8460
vn -0.4790 0.0002 -0.8778
vn -0.4790 -0.0010 -0.8778
vn -0.4784 -0.0450 -0.8770
vn -0.4785 -0.0449 -0.8769
vn -0.4739 -0.1410 -0.8692
vn -0.4688 -0.1942 -0.8617
vn -0.4596 -0.2715 -0.8456
vn -0.4521 -0.2965 -0.8413
vn -0.4313 -0.3965 -0.8104
vn -0.4984 -0.7429 -0.4469
vn 0.6033 -0.3697 -0.7066
vn 0.8199 -0.5725 0.0003
vn 0.6530 -0.5332 -0.5378
vn 0.9494 -0.3140 -0.0000
vn 0.5255 -0.1551 -0.8366
vn 0.8293 -0.0606 -0.5554
vn 0.9984 -0.0571 -0.0000
vn 0.7069 0.0045 -0.7073
vn 1.0000 0.0015 -0.0065
vn 0.5925 -0.0006 -0.8056
vn 0.9999 0.0002 -0.0164
vn 0.8794 -0.0000 -0.4760
vn 0.9998 -0.0000 -0.0204
vn 1.0000 0.0003 0.0025
vn 1.0000 0.0005 0.0024
vn 1.0000 0.0011 0.0010
vn 0.7506 -0.6608 0.0001
vn 0.7783 -0.6279 0.0002
vn 0.7782 -0.6281 0.0001
vn 0.7298 -0.6837 0.0003
vn 0.6909 -0.7229 0.0001
vn 0.6908 -0.7231 0.0002
vn 0.6910 -0.7228 0.0001
vn 0.9993 -0.0371 -0.0000
vn 0.9726 -0.2323 -0.0000
vn 0.5122 -0.4741 -0.7162
vn 0.5975 -0.6144 -0.5153
vn 0.6910 -0.7229 -0.0000
vn 0.9904 -0.1384 -0.0000
vn 0.9982 -0.0605 -0.0002
vn 0.7308 0.3550 -0.5830
vn 0.7558 0.3743 -0.5373
vn 0.9645 -0.2641 -0.0000
vn 0.7795 0.3475 -0.5212
vn 0.9160 -0.4012 -0.0000
vn 0.8479 -0.5302 -0.0000
vn 0.7865 0.1972 -0.5853
vn 0.7778 -0.6285 -0.0000
vn 0.7437 0.0727 -0.6645
vn 0.7150 -0.6991 -0.0000
vn 0.6298 -0.1786 -0.7559
vn 0.6914 -0.7224 -0.0000
vn 0.5388 -0.3825 -0.7506
vn 0.5274 -0.5053 -0.6830
vn 0.7646 -0.6445 -0.0000
vn 0.9869 -0.1615 -0.0000
vn 0.9980 -0.0633 -0.0000
vn 0.9992 -0.0403 -0.0000
vn 0.9994 -0.0345 -0.0003
vn 0.7087 0.0499 -0.7038
vn 0.7133 0.1644 -0.6813
vn 0.9999 -0.0104 -0.0002
vn 0.7156 0.2453 -0.6541
vn 1.0000 -0.0000 -0.0001
vn 0.7070 -0.0000 -0.7072
vn 0.3715 -0.0000 -0.9284
vn 0.7071 -0.0000 -0.7072
vn 0.7428 -0.6622 0.0988
vn 0.6318 -0.3056 -0.7123
vn 0.7428 -0.6622 0.0987
vn 0.7782 -0.0880 0.6218
vn 0.7828 -0.0351 0.6212
vn 0.7801 -0.0001 0.6256
vn 0.7805 -0.0000 0.6251
vn 0.7807 -0.0068 0.6248
vn 0.7806 -0.0225 0.6246
vn 0.7805 -0.0314 0.6244
vn 0.7801 -0.0450 0.6241
vn 0.7799 -0.0493 0.6239
vn 0.7777 -0.0905 0.6221
vn 0.7745 -0.1270 0.6196
vn 0.7660 -0.1941 0.6128
vn 0.7609 -0.2247 0.6087
vn 0.7445 -0.3015 0.5956
vn 0.7322 -0.3474 0.5858
vn 0.7073 -0.4238 0.5658
vn 0.6955 -0.4546 0.5564
vn 0.6679 -0.5180 0.5343
vn 0.6519 -0.5504 0.5216
vn 0.5983 -0.6426 0.4786
vn 0.5578 -0.6999 0.4462
vn 0.4550 -0.8127 0.3639
vn -0.3904 0.0117 -0.9206
vn -0.4096 0.0001 -0.9122
vn -0.3944 0.0140 -0.9188
vn -0.3854 0.0026 -0.9227
vn -0.4447 -0.0077 -0.8957
vn -0.4698 -0.0068 -0.8827
vn -0.4662 -0.0027 -0.8847
vn -0.4595 -0.0022 -0.8882
vn -0.4566 -0.0027 -0.8897
vn -0.4506 -0.0022 -0.8927
vn -0.4474 -0.0027 -0.8943
vn -0.4402 -0.0023 -0.8979
vn -0.4361 -0.0027 -0.8999
vn -0.3827 -0.0023 -0.9239
vn -0.3321 -0.0024 -0.9433
vn -0.2909 -0.0027 -0.9567
vn -0.2961 -0.0032 -0.9551
vn -0.3116 -0.0043 -0.9502
vn 0.9801 0.1777 0.0888
vn 0.7500 0.5922 0.2948
vn 0.4781 0.7866 0.3907
vn 0.9750 0.1986 0.0995
vn 0.9619 0.2491 0.1127
vn 0.9342 0.3238 0.1497
vn 0.8293 0.5057 0.2379
vn 0.8501 0.4795 0.2179
vn 0.7365 0.6204 0.2696
vn 0.7811 0.5766 0.2396
vn 0.8642 0.4641 0.1941
vn 0.9518 0.2824 0.1201
vn 0.9926 0.1120 0.0467
vn 0.9951 0.0906 0.0389
vn 1.0000 0.0074 0.0018
vn 1.0000 0.0014 -0.0007
vn 0.9947 -0.1029 -0.0000
vn 0.8797 -0.4755 0.0015
vn 0.7689 -0.6393 0.0025
vn 0.5182 -0.8553 0.0005
vn 0.5573 0.6086 -0.5649
vn 0.7037 0.5474 -0.4529
vn 0.8377 0.4792 -0.2621
vn 0.6086 0.6679 -0.4283
vn 0.7521 0.6385 -0.1634
vn 0.8010 0.5865 -0.1199
vn 0.9287 0.3709 0.0011
vn 0.9262 0.3560 -0.1241
vn 0.9980 0.0633 0.0002
vn 0.9768 0.1798 -0.1161
vn 0.9747 0.1702 -0.1450
vn 0.9895 0.0822 -0.1190
vn 0.9770 0.0767 -0.1987
vn 0.9788 0.0723 -0.1915
vn 0.7300 0.2487 -0.6366
vn 0.7331 0.4040 -0.5471
vn 0.2056 -0.4404 -0.8739
vn -0.2056 -0.3793 -0.9021
vn 0.1697 -0.2057 -0.9638
vn -0.1704 -0.2052 -0.9638
vn 0.1732 -0.1050 -0.9793
vn -0.1377 -0.0848 -0.9868
vn 0.1803 -0.0024 -0.9836
vn -0.1739 -0.0040 -0.9848
vn -0.6935 -0.1516 -0.7043
vn -0.7529 -0.2833 -0.5940
vn -0.7940 -0.0086 -0.6078
vn -0.2440 -0.0045 -0.9698
vn -0.6953 -0.0080 -0.7186
vn -0.1254 -0.7799 -0.6132
vn 0.1254 -0.8510 -0.5100
vn 0.5478 -0.6892 -0.4742
vn 0.7529 -0.2833 -0.5940
vn 0.6934 -0.1516 -0.7044
vn 0.6227 -0.1043 -0.7755
vn 0.6908 -0.0005 -0.7231
vn 0.6968 -0.0008 -0.7172
vn 0.1278 -0.0029 -0.9918
vn -0.4342 0.6564 -0.6169
vn -0.4812 0.6192 -0.6206
vn -0.5441 0.5398 -0.6423
vn -0.5917 0.4918 -0.6388
vn -0.6260 0.3945 -0.6727
vn -0.6431 0.3384 -0.6869
vn -0.6665 0.2242 -0.7110
vn -0.6743 0.1663 -0.7195
vn -0.6348 0.0589 -0.7704
vn -0.6820 0.0529 -0.7295
vn -0.8093 0.5449 0.2193
vn -0.8823 0.4361 0.1769
vn -0.9619 0.2525 0.1045
vn -0.9954 0.0878 0.0376
vn -0.9982 0.0557 0.0239
vn -1.0000 -0.0072 -0.0016
vn -1.0000 -0.0013 0.0007
vn -0.9997 -0.0250 -0.0000
vn -0.9985 -0.0550 -0.0000
vn -0.9915 -0.1303 -0.0000
vn -0.9807 -0.1957 0.0001
vn -0.9641 -0.2656 0.0001
vn -0.8810 -0.4730 0.0008
vn -0.7209 -0.6931 0.0010
vn -0.2857 -0.9583 0.0007
vn -0.2464 -0.9692 0.0004
vn -0.3982 0.8213 0.4084
vn -0.9652 0.2339 0.1167
vn -0.9929 0.1061 0.0533
vn -0.9658 0.2362 0.1070
vn -0.9420 0.3045 0.1411
vn -0.8525 0.4727 0.2231
vn -0.8723 0.4459 0.2005
vn -0.7702 0.5869 0.2496
vn -0.6370 0.5902 -0.4959
vn -0.6256 0.6543 -0.4249
vn -0.8047 0.5774 -0.1378
vn -0.7816 0.6102 -0.1294
vn -0.9390 0.3427 0.0293
vn -0.9374 0.3346 -0.0966
vn -0.9727 0.1873 -0.1372
vn -0.6524 0.5862 -0.4803
vn -0.9751 0.1632 -0.1501
vn -0.9995 0.0086 0.0302
vn -0.9940 -0.1066 0.0255
vn -0.9904 -0.1376 0.0158
vn -0.9937 0.0281 -0.1082
vn -0.9802 -0.1978 0.0117
vn -0.9978 -0.0658 0.0034
vn -0.8963 0.3966 -0.1984
vn -0.7064 -0.1315 -0.6955
vn -0.5301 0.4749 -0.7024
vn -0.7166 0.3966 -0.5738
vn -0.7493 0.1981 -0.6319
vn -0.9852 0.0801 -0.1517
vn -0.9986 0.0102 -0.0513
vn -0.9988 -0.0489 0.0004
vn -0.9988 0.0488 -0.0001
vn -0.9996 0.0283 -0.0000
vn -0.9619 0.2729 -0.0152
vn -0.9388 0.3443 -0.0069
vn -0.5910 0.7816 -0.1995
vn -0.4160 0.6341 -0.6518
vn -0.3597 0.7951 -0.4882
vn -0.3646 0.9149 -0.1732
vn -0.8450 -0.3812 -0.3751
vn -0.9764 -0.1973 -0.0874
vn -0.5478 -0.8364 -0.0177
vn -0.4676 -0.6618 -0.5860
vn -0.2459 0.0498 -0.9680
vn -0.0881 -0.1536 -0.9842
vn 0.5238 -0.4427 0.7278
vn 0.5322 -0.4125 0.7394
vn 0.5457 -0.3572 0.7581
vn 0.5513 -0.3308 0.7659
vn 0.5629 -0.2676 0.7820
vn 0.5685 -0.2307 0.7897
vn 0.5757 -0.1701 0.7998
vn 0.5779 -0.1466 0.8028
vn 0.5816 -0.0954 0.8079
vn 0.5829 -0.0679 0.8097
vn 0.5838 -0.0370 0.8110
vn 0.5839 -0.0337 0.8111
vn 0.5841 -0.0235 0.8114
vn 0.5841 -0.0169 0.8115
vn 0.5842 -0.0051 0.8116
vn 0.5842 -0.0050 0.8116
vn 0.5842 -0.0000 0.8116
vn -0.3596 0.7951 -0.4884
vn -0.1195 0.4669 -0.8762
vn -0.4159 0.6341 -0.6519
vn -0.1021 0.7609 -0.6408
vn 0.0016 0.1223 -0.9925
vn 0.0006 0.6621 -0.7494
vn -0.7531 -0.5952 -0.2804
vn -0.2595 -0.9266 -0.2721
vn -0.1796 -0.2378 -0.9546
vn -0.5300 0.4749 -0.7025
vn -0.1253 0.2605 -0.9573
vn 0.0040 0.0450 -0.9990
vn 0.7079 0.0004 -0.7063
vn 0.4087 0.8163 -0.4082
vn 0.5786 -0.5777 -0.5758
vn 0.0049 -0.7492 -0.6623
vn 0.7089 -0.0038 -0.7053
vn 0.0048 -0.0040 -1.0000
vn 0.7089 -0.0000 -0.7053
vn -0.9776 0.0205 -0.2094
vn -0.9504 0.0197 -0.3104
vn 0.8637 0.0003 0.5040
vn 0.8186 0.0005 0.5743
vn 0.7634 0.0003 0.6460
vn 0.7647 -0.0000 0.6443
vn 0.4611 0.4595 0.7591
vn 0.5646 0.5641 0.6025
vn 0.8617 -0.0000 0.5075
vn 0.8637 0.0003 0.5039
vn 0.8187 0.0005 0.5742
vn 0.5645 0.5641 0.6026
vn 0.8017 0.3417 0.4905
vn -0.5188 0.6328 -0.5748
vn -0.4595 0.6752 -0.5770
vn -0.6012 0.5890 -0.5400
vn -0.4199 0.6826 -0.5982
vn -0.4812 0.6192 -0.6205
vn 0.1093 -0.7837 0.6115
vn 0.1089 -0.8121 0.5732
vn -0.0004 -0.8723 -0.4890
vn -0.0002 -0.2057 -0.9786
vn 0.2201 -0.7878 -0.5753
vn 0.5503 -0.7684 -0.3267
vn 0.3552 -0.1256 -0.9263
vn -0.0000 -0.0092 -1.0000
vn 0.7070 -0.0000 0.7073
vn 0.7906 -0.6123 -0.0000
vn 0.6917 -0.7222 -0.0000
vn 0.6913 -0.7225 -0.0000
vn 0.6910 -0.7228 -0.0000
vn 0.9999 -0.0115 -0.0000
vn 0.9996 -0.0287 -0.0000
vn 0.9992 -0.0402 -0.0000
vn 0.9984 -0.0574 -0.0000
vn 0.9980 -0.0629 -0.0000
vn 0.7138 -0.3000 -0.6328
vn 0.7089 -0.0516 -0.7035
vn 0.7221 -0.6176 -0.3116
vn 0.7070 0.0018 -0.7072
vn -0.0637 0.5618 -0.8248
vn -0.3496 0.6862 -0.6380
vn -0.1275 0.5791 -0.8052
vn 0.3181 0.6238 -0.7139
vn 0.0002 0.9910 -0.1342
vn -0.0000 0.9890 -0.1479
vn -0.0000 0.9979 -0.0651
vn 0.0757 0.5368 -0.8403
vn 0.1016 0.5803 -0.8080
vn 0.1259 -0.0047 0.9920
vn 0.5094 -0.0113 0.8605
vn 0.0626 -0.0037 0.9980
vn 0.0008 -0.0000 1.0000
vn -0.5819 0.0613 0.8110
vn -0.5981 -0.0000 0.8014
vn -0.5174 -0.7227 0.4583
vn -0.6549 -0.1989 0.7291
vn -0.4483 -0.0039 0.8939
vn -0.4583 -0.0621 0.8866
vn -0.4781 -0.0623 0.8761
vn -0.4718 -0.1727 0.8646
vn 0.5235 0.7142 -0.4647
vn 0.6159 0.6874 -0.3850
vn 0.6519 0.7136 -0.2563
vn 0.6530 0.7155 -0.2485
vn 0.6113 0.7622 -0.2131
vn 0.5808 0.7929 -0.1845
vn 0.5735 0.8032 -0.1611
vn 0.5569 0.8137 -0.1663
vn 0.5639 0.8257 -0.0132
vn 0.5521 0.8337 -0.0123
vn 0.5681 0.8171 0.0983
vn 0.5739 0.8171 0.0541
vn 0.5696 0.8218 0.0110
vn 0.5648 0.8251 0.0107
vn 0.5635 0.8231 0.0698
vn 0.5607 0.8179 0.1289
vn 0.5204 0.7589 0.3915
vn 0.3502 0.7798 0.5190
vn -0.8845 -0.2854 -0.3691
vn -0.0001 -0.6947 -0.7193
vn -0.8001 -0.5691 -0.1897
vn 0.0042 -0.9218 -0.3876
vn -0.0003 -0.9469 -0.3216
vn -0.0000 -0.3947 -0.9188
vn 0.4844 0.5801 0.6549
vn 0.4895 0.4779 0.7294
vn 0.5269 0.2454 0.8137
vn 0.5699 0.1399 0.8097
vn -0.0042 0.9809 -0.1945
vn 0.0174 0.9656 -0.2593
vn -0.0030 0.9714 -0.2375
vn 0.0184 0.9598 -0.2800
vn 0.0533 0.9582 -0.2811
vn 0.0797 0.9209 -0.3816
vn 0.1962 0.8702 -0.4520
vn 0.3179 0.7682 -0.5558
vn 0.5234 0.7142 -0.4648
vn 0.6158 0.6874 -0.3851
vn 0.9268 -0.0000 -0.3757
vn 0.9260 0.0379 -0.3757
vn 0.9448 -0.0000 -0.3276
vn 0.7721 0.0542 -0.6331
vn 0.7993 -0.0000 -0.6010
vn 0.4600 0.0009 -0.8879
vn 0.4586 0.0415 -0.8877
vn 0.3485 0.6523 -0.6731
vn 0.6603 0.6278 -0.4121
vn 0.6321 0.7310 -0.2571
vn 0.9407 0.0356 -0.3373
vn 0.9583 0.0193 -0.2849
vn 0.9571 -0.0000 -0.2898
vn 0.9918 0.0062 -0.1280
vn 0.9980 -0.0003 0.0626
vn 0.9868 -0.0003 0.1618
vn 0.9951 -0.0006 0.0990
vn 0.9998 -0.0002 0.0214
vn 0.9998 -0.0001 0.0191
vn 0.9999 -0.0000 0.0139
vn 1.0000 -0.0000 0.0064
vn 0.8944 -0.0000 0.4472
vn 0.4473 -0.0000 0.8944
vn 0.6552 0.7239 -0.2162
vn 0.5668 0.8052 -0.1745
vn 0.6949 0.7183 0.0339
vn 0.7026 0.7088 0.0629
vn 0.7069 0.7072 0.0152
vn 0.7071 0.7071 0.0051
vn 0.3334 0.6666 0.6667
vn -0.2746 -0.9218 0.2735
vn -0.2744 -0.9220 0.2733
vn -0.0000 -0.8595 0.5111
vn -0.0000 -0.8591 0.5119
vn 0.2269 0.8149 0.5333
vn 0.4095 0.7756 0.4804
vn 0.7864 0.3415 0.5147
vn 0.8016 0.3418 0.4905
vn 0.5646 0.5640 0.6026
vn 0.0028 0.8691 0.4947
vn 0.0021 0.8214 0.5704
vn 0.4612 0.4595 0.7591
vn 0.0013 0.7622 0.6474
vn 0.5270 0.2452 0.8137
vn 0.5699 0.1398 0.8097
vn 0.5841 -0.0168 0.8115
vn 0.5840 -0.0235 0.8114
vn 0.5839 -0.0340 0.8111
vn 0.5838 -0.0371 0.8110
vn 0.5779 -0.1465 0.8028
vn 0.5757 -0.1700 0.7998
vn 0.5684 -0.2308 0.7897
vn 0.5512 -0.3313 0.7658
vn 0.5457 -0.3569 0.7582
vn 0.4914 -0.5407 0.6827
vn 0.4647 -0.6061 0.6455
vn 0.3754 -0.9203 0.1100
vn 0.3275 -0.9130 0.2433
vn 0.3190 -0.8696 0.3769
vn 0.2886 -0.8696 0.4008
vn 0.2982 -0.8600 0.4140
vn 0.3047 -0.8533 0.4231
vn 0.3556 -0.7935 0.4938
vn 0.3972 -0.7334 0.5517
vn 0.4646 -0.6062 0.6455
vn 0.4914 -0.5408 0.6827
vn -0.4612 -0.7740 0.4338
vn -0.4833 -0.8308 -0.2760
vn -0.5030 -0.8590 -0.0949
vn -0.4020 -0.7027 -0.5870
vn -0.4354 -0.7621 -0.4792
vn -0.4789 -0.8268 -0.2951
vn -0.5116 -0.8592 -0.0013
vn 0.6198 -0.6824 -0.3874
vn 0.3185 -0.7676 -0.5563
vn 0.5253 -0.7120 -0.4659
vn 0.1957 -0.8715 -0.4497
vn 0.0791 -0.9224 -0.3780
vn 0.0401 -0.9540 -0.2973
vn 0.0086 -0.9518 -0.3066
vn -0.0000 -0.9412 -0.3377
vn -0.0012 -0.9522 -0.3056
vn -0.0021 -0.9620 -0.2732
vn 0.6433 -0.7656 0.0007
vn 0.6592 -0.7520 0.0003
vn 0.6422 -0.7665 0.0001
vn 0.6752 -0.7376 -0.0000
vn 0.6908 -0.7230 -0.0000
vn 0.6916 -0.7223 -0.0000
vn 0.7151 -0.6990 -0.0000
vn 0.8581 -0.5134 -0.0000
vn 0.9039 -0.4278 -0.0000
vn 0.9695 -0.2453 -0.0000
vn 0.9869 -0.1616 -0.0000
vn 0.9992 -0.0401 -0.0000
vn -0.0948 0.1825 -0.9786
vn -0.1485 0.5982 -0.7874
vn -0.4472 -0.0000 0.8944
vn -0.8944 -0.0000 0.4473
vn -0.0000 0.8000 0.6000
vn -0.0000 0.7072 0.7071
vn -0.6667 0.6666 0.3335
vn 0.9418 -0.1824 -0.2823
vn 0.9567 -0.0091 -0.2910
vn 0.9761 -0.2144 0.0362
vn 0.9489 -0.0089 -0.3156
vn 0.9280 -0.1754 -0.3286
vn 0.9262 -0.0087 -0.3768
vn 0.9139 -0.1611 -0.3726
vn 0.8488 -0.0066 -0.5287
vn 0.7882 -0.1088 -0.6057
vn 0.8841 -0.3010 -0.3575
vn 0.7837 -0.1331 -0.6066
vn 0.8636 -0.3747 -0.3374
vn 0.7809 -0.1678 -0.6018
vn 0.8438 -0.4274 -0.3244
vn 0.7855 -0.1670 -0.5960
vn 0.8319 -0.4588 -0.3121
vn 0.7924 -0.1405 -0.5936
vn 0.8139 -0.5040 -0.2890
vn 0.7949 -0.1869 -0.5772
vn 0.8238 -0.4827 -0.2972
vn 0.4643 0.1801 -0.8672
vn 0.7685 -0.3081 -0.5608
vn 0.4601 -0.0159 -0.8877
vn 0.7820 -0.2457 -0.5728
vn 0.4519 0.3378 -0.8257
vn 0.7910 -0.2079 -0.5754
vn 0.4391 0.4052 -0.8019
vn 0.4152 0.4327 -0.8002
vn 0.4160 0.3507 -0.8390
vn 0.4187 0.2582 -0.8706
vn 0.4222 0.1580 -0.8926
vn 0.4483 0.0382 -0.8931
vn 0.5116 -0.0023 -0.8592
vn -0.7026 -0.0074 0.7115
vn -0.2556 -0.0021 0.9668
vn -0.6345 -0.1330 0.7614
vn -0.1778 -0.2469 0.9526
vn -0.1294 -0.7578 0.6396
vn 0.1294 -0.6398 0.7575
vn 0.2082 -0.1554 0.9657
vn 0.7532 -0.1330 0.6442
vn 0.7026 -0.0002 0.7115
vn 0.1921 -0.0003 0.9814
vn 0.7026 -0.0001 0.7116
vn 0.1921 -0.0001 0.9814
vn 0.7026 -0.0000 0.7115
vn 0.2303 -0.0000 0.9731
vn 0.5987 -0.0000 0.8010
vn 0.1278 -0.0000 0.9918
vn -0.1645 -0.0020 0.9864
vn -0.7028 -0.0031 0.7114
vn -0.1914 -0.0011 0.9815
vn -0.7026 -0.0002 0.7116
vn -0.1921 -0.0003 0.9814
vn 0.5204 0.7589 0.3916
vn 0.3502 0.7797 0.5191
vn 0.1487 0.7609 0.6315
vn 0.0183 0.8350 0.5499
vn -0.4533 0.3647 0.8133
vn -0.7266 0.6134 0.3095
vn -0.8313 0.5337 0.1553
vn -0.9015 0.3284 0.2819
vn -0.8755 0.1123 0.4699
vn -0.8318 -0.1785 0.5255
vn -0.7028 -0.4224 0.5725
vn -0.6150 -0.5629 0.5522
vn -0.5333 -0.6057 0.5905
vn -0.4775 -0.6470 0.5945
vn -0.4710 -0.7817 -0.4089
vn -0.4659 -0.8848 -0.0000
vn -0.7331 -0.6252 0.2677
vn -0.6549 -0.1991 0.7290
vn -1.0000 -0.0000 -0.0001
vn -0.4120 -0.0010 0.9112
vn -0.3945 -0.0005 0.9189
vn -0.4465 -0.0038 0.8948
vn -0.3768 0.0009 0.9263
vn -0.3769 -0.0000 0.9263
vn -0.3770 -0.0000 0.9262
vn -0.3768 -0.0001 0.9263
vn -0.3779 -0.0001 0.9258
vn -0.3773 0.0021 0.9261
vn -0.3720 0.0039 0.9282
vn -0.3662 0.0076 0.9305
vn -0.3564 0.0076 0.9343
vn -0.4316 0.1015 0.8963
vn -0.3394 0.1915 0.9209
vn -0.5046 0.1950 0.8410
vn -0.6568 0.0087 0.7540
vn -0.0002 0.0002 -1.0000
vn -0.0000 0.8944 -0.4473
vn 0.0700 0.7148 -0.6958
vn 0.1978 0.0152 -0.9801
vn 0.4585 0.0415 -0.8877
vn 0.4599 0.0009 -0.8880
vn 0.0966 0.0005 -0.9953
vn -0.0003 0.0004 -1.0000
vn -0.0009 -0.0000 -1.0000
vn 0.8392 -0.5436 -0.0142
vn 0.8984 -0.3480 -0.2678
vn 0.8917 -0.4526 -0.0072
vn 0.8663 -0.4291 -0.2557
vn 0.7789 -0.6271 -0.0124
vn 0.8394 -0.4859 -0.2437
vn 0.7418 -0.6706 -0.0115
vn 0.8200 -0.5199 -0.2394
vn 0.7043 -0.7096 -0.0196
vn 0.7915 -0.5718 -0.2159
vn 0.7562 -0.6543 0.0064
vn 0.8282 -0.5198 -0.2097
vn 0.7997 -0.6000 0.0226
vn 0.8290 -0.5009 -0.2488
vn 0.8078 -0.5895 -0.0018
vn 0.8316 -0.4951 -0.2519
vn 0.8679 -0.4941 -0.0515
vn 0.8653 -0.4261 -0.2641
vn 0.9499 -0.3125 -0.0000
vn 0.9276 -0.2462 -0.2808
vn 0.8906 -0.3254 -0.3176
vn 0.8635 -0.3999 -0.3074
vn 0.7540 -0.6427 0.1359
vn 0.8873 -0.4611 0.0121
vn 0.8209 -0.5512 0.1497
vn 0.8321 -0.5545 0.0122
vn 0.8608 -0.4898 0.1382
vn 0.8004 -0.5857 0.1275
vn 0.9585 -0.2850 0.0128
vn 0.9998 -0.0105 0.0149
vn 0.9435 -0.2931 0.1548
vn 0.9825 -0.1691 0.0787
vn 0.8424 -0.4461 -0.3021
vn 0.8291 -0.4711 -0.3013
vn 0.9998 -0.0106 0.0150
vn 0.9870 -0.0110 0.1600
vn 0.9877 -0.0110 0.1560
vn 0.7567 -0.0105 0.6536
vn 0.9763 -0.0108 0.2162
vn 0.6573 -0.0107 0.7536
vn 0.9869 -0.0110 0.1607
vn 0.9998 -0.0106 0.0181
vn 0.7592 -0.0105 0.6508
vn 0.9870 -0.0110 0.1604
vn 0.9998 -0.0103 0.0164
vn 0.9883 -0.0113 0.1520
vn 0.6870 -0.7153 0.1277
vn 0.4082 -0.8237 0.3935
vn 0.4955 -0.7566 0.4266
vn 0.5860 -0.6629 0.4660
vn 0.7854 -0.2880 0.5480
vn 0.7583 -0.0105 0.6518
vn 0.9997 -0.0103 -0.0216
vn 0.9814 -0.0772 0.1759
vn 0.9916 -0.0235 0.1273
vn 0.9391 -0.2990 0.1691
vn 0.6461 -0.4036 0.6478
vn 0.8300 -0.5371 0.1503
vn 0.5424 -0.6432 0.5404
vn 0.7511 -0.6468 0.1327
vn 0.4889 -0.7245 0.4858
vn 0.7178 -0.6841 0.1295
vn 0.4588 -0.7643 0.4531
vn 0.6839 -0.7192 0.1228
vn 0.4355 -0.7934 0.4252
vn 0.6458 -0.7546 0.1164
vn 0.4000 -0.8340 0.3801
vn 0.6572 -0.7450 0.1142
vn 0.4051 -0.8313 0.3806
vn 0.9619 -0.2722 0.0251
vn 0.9978 -0.0602 0.0275
vn 0.8678 -0.4965 0.0193
vn 0.8008 -0.5987 0.0172
vn 0.7713 -0.6362 0.0162
vn 0.7404 -0.6720 0.0157
vn 0.7068 -0.7072 0.0150
vn 0.7284 -0.6850 0.0138
vn 0.7705 -0.6373 0.0125
vn 0.8527 -0.4992 0.1541
vn 0.7695 -0.6268 0.1226
vn 0.7519 -0.6509 0.1048
vn 0.7005 -0.7102 0.0709
vn 0.6577 -0.7467 0.0996
vn 0.6804 -0.7254 0.1039
vn 0.7321 -0.6719 0.1121
vn 0.9606 -0.2282 0.1587
vn 0.9959 -0.0790 0.0448
vn 0.9840 -0.0684 0.1643
vn 0.9830 -0.0151 0.1828
vn 0.9992 -0.0280 0.0284
vn 0.9833 -0.0737 0.1662
vn 0.9949 -0.1013 -0.0006
vn 0.9826 -0.1793 -0.0477
vn 0.9166 -0.2234 -0.3315
vn 0.9486 -0.1243 -0.2911
vn 0.9133 -0.2298 -0.3363
vn 0.9400 -0.1299 -0.3154
vn 0.8997 -0.2410 -0.3639
vn 0.9271 -0.1363 -0.3493
vn 0.9448 -0.0330 -0.3259
vn 0.9583 -0.0313 -0.2842
vn 0.9469 -0.0658 -0.3146
vn 0.9943 -0.0267 -0.1030
vn 0.9558 -0.0665 -0.2863
vn 0.9212 -0.2428 -0.3041
vn 0.8642 -0.4133 -0.2868
vn 0.8320 -0.4765 -0.2840
vn 0.8313 -0.4761 -0.2867
vn 0.8311 -0.4772 -0.2855
vn 0.8158 -0.5041 -0.2835
vn 0.8280 -0.4698 -0.3059
vn 0.8334 -0.4594 -0.3071
vn 0.8607 -0.4007 -0.3141
vn 0.9091 -0.2418 -0.3391
vn 0.9346 -0.0644 -0.3499
vn 0.9361 -0.0344 -0.3501
vn 0.7717 -0.3054 -0.5579
vn 0.7919 -0.1992 -0.5772
vn 0.8064 -0.0520 -0.5891
vn 0.7453 -0.0429 -0.6654
vn 0.7920 -0.1687 -0.5868
vn 0.4401 -0.1667 -0.8824
vn 0.4094 -0.3096 -0.8582
vn 0.7522 -0.2900 -0.5917
vn 0.3001 -0.5534 -0.7770
vn 0.4163 -0.0379 -0.9084
vn 0.4363 -0.0276 -0.8994
vn 0.4377 -0.1041 -0.8931
vn 0.4476 -0.1199 -0.8862
vn 0.4472 -0.0000 -0.8944
vn 0.8944 -0.0000 -0.4473
vn 0.0011 -0.1093 -0.9940
vn -0.4472 -0.0000 -0.8944
vn -0.8944 -0.0000 -0.4473
vn -0.3334 0.6667 -0.6666
vn -0.0016 0.6490 -0.7608
vn 0.0013 0.8847 -0.4662
vn 0.0026 0.7070 -0.7072
vn 0.6667 0.6666 -0.3333
vn -0.8712 -0.0910 -0.4823
vn -0.8841 0.0465 -0.4651
vn -0.9064 0.1950 -0.3747
vn -0.9076 0.2322 -0.3498
vn -0.9123 0.2856 -0.2934
vn -0.9133 0.3066 -0.2681
vn -0.9138 0.3259 -0.2424
vn -0.9138 0.3262 -0.2422
vn -0.9137 0.3229 -0.2470
vn -0.9143 0.3175 -0.2515
vn -0.9150 0.3093 -0.2592
vn -0.8982 0.3313 -0.2888
vn -0.8889 0.3413 -0.3057
vn -0.8588 0.3781 -0.3458
vn -0.3945 0.0139 -0.9188
vn -0.3962 0.0158 -0.9180
vn -0.3974 0.0052 -0.9176
vn -0.3973 -0.0004 -0.9177
vn -0.3968 -0.0171 -0.9178
vn 0.5740 -0.8137 0.0923
vn 0.6494 -0.7601 -0.0225
vn 0.9193 -0.2976 0.2576
vn 0.9083 -0.4067 0.0975
vn 0.4760 -0.8762 0.0759
vn 0.8250 -0.5389 0.1702
vn 0.4119 -0.9069 0.0880
vn 0.3231 -0.8832 0.3399
vn 0.5617 -0.4388 0.7014
vn 0.6961 -0.1233 0.7073
vn 0.9685 -0.1624 0.1887
vn 0.6882 -0.0738 0.7218
vn 0.9797 -0.0936 0.1773
vn 0.9857 -0.1621 0.0457
vn 0.6516 -0.5671 -0.5038
vn 0.4503 -0.8570 -0.2505
vn 0.3521 -0.8529 -0.3855
vn 0.7597 -0.5287 -0.3785
vn 0.4586 -0.8326 -0.3106
vn 0.7805 -0.4585 -0.4251
vn 0.5399 -0.7890 -0.2933
vn 0.7919 -0.4350 -0.4285
vn 0.8967 -0.4334 0.0896
vn 0.9674 -0.1203 0.2228
vn 0.9952 -0.0929 0.0296
vn -0.9045 -0.3254 -0.2756
vn -0.9600 -0.1704 -0.2222
vn -0.8738 -0.3470 -0.3406
vn -0.9701 -0.1597 -0.1826
vn -0.9763 0.1111 -0.1860
vn -0.9442 0.2360 -0.2296
vn -0.9015 0.3351 -0.2739
vn -0.8719 0.3533 -0.3392
vn -0.8969 0.2341 -0.3753
vn -0.9061 0.1308 -0.4024
vn -0.9118 -0.0002 -0.4106
vn -0.9119 -0.0004 -0.4105
vn -0.9119 -0.0001 -0.4105
vn -0.9108 0.0027 -0.4129
vn -0.9118 0.0048 -0.4105
vn -0.9236 -0.2567 -0.2847
vn -0.9007 -0.3107 -0.3037
vn -0.8776 -0.4557 -0.1489
vn -0.9095 -0.3814 -0.1656
vn -0.8145 -0.3872 -0.4321
vn -0.8737 -0.2376 -0.4244
vn -0.8140 -0.2941 -0.5010
vn -0.8852 -0.2401 -0.3985
vn -0.9118 -0.0020 -0.4106
vn -0.9119 -0.0019 -0.4105
vn -0.9062 -0.1294 -0.4025
vn -0.8973 -0.2318 -0.3756
vt 0.591797 -0.731445
vt 0.591797 -0.667480
vt 0.535156 -0.730957
vt 0.535156 -0.640625
vt 0.591797 1.334961
vt 0.535156 1.336914
vt 0.535156 1.370117
vt 0.591797 1.369141
vt 0.591797 1.475586
vt 0.535156 1.444336
vt 0.535156 3.101563
vt 0.591797 3.101563
vt 0.535156 3.119141
vt 0.591797 3.119141
vt 0.535156 3.130859
vt 0.591797 3.130859
vt 0.591797 3.152344
vt 0.535156 3.154297
vt 0.591797 4.902344
vt 0.535156 4.902344
vt 0.541992 1.616211
vt 0.584961 1.632813
vt 0.541992 1.728516
vt 0.584961 1.728516
vt 0.584961 1.839844
vt 0.541992 1.840820
vt 0.584961 2.058594
vt 0.541992 2.058594
vt 0.584961 2.306641
vt 0.541992 2.306641
vt 0.584961 2.509766
vt 0.541992 2.509766
vt 0.584961 2.726563
vt 0.541992 2.726563
vt 0.584961 3.005859
vt 0.541992 3.005859
vt 0.584961 6.726563
vt 0.541992 6.730469
vt 0.584961 7.312500
vt 0.541992 7.316406
vt 0.541992 -0.133301
vt 0.584961 -0.127808
vt 0.541992 0.102844
vt 0.584961 0.105286
vt 0.541992 0.280762
vt 0.584961 0.281250
vt 0.541992 0.447998
vt 0.584961 0.448242
vt 0.541992 0.600586
vt 0.584961 0.601074
vt 0.541992 0.820801
vt 0.584961 0.823242
vt 0.541992 0.936035
vt 0.584961 0.918945
vt 0.584961 1.477539
vt 0.541992 1.476563
vt 0.541992 1.586914
vt 0.584961 1.601563
vt 0.541992 -10.453125
vt 0.584961 -10.453125
vt 0.541992 -9.632813
vt 0.584961 -9.632813
vt 0.541992 -9.578125
vt 0.584961 -9.578125
vt 0.541992 -9.523438
vt 0.584961 -9.523438
vt 0.584961 -9.468750
vt 0.541992 -9.468750
vt 0.584961 -6.605469
vt 0.541992 -6.605469
vt 0.584961 -6.562500
vt 0.541992 -6.562500
vt 0.584961 -3.486328
vt 0.541992 -3.486328
vt 0.541992 -3.441406
vt 0.584961 -3.443359
vt 0.584961 -3.416016
vt 0.541992 -3.410156
vt 0.584961 -3.396484
vt 0.541992 -3.380859
vt 0.584961 -3.119141
vt 0.541992 -3.115234
vt 0.541992 -2.542969
vt 0.584961 -2.539063
vt 0.541992 -2.275391
vt 0.584961 -2.261719
vt 0.541992 -2.251953
vt 0.584961 -2.246094
vt 0.541992 -2.226563
vt 0.584961 -2.224609
vt 0.541992 -0.678711
vt 0.584961 -0.674805
vt 0.541992 -0.473633
vt 0.584961 -0.451416
vt 0.541992 -0.307617
vt 0.584961 -0.292480
vt 0.596680 -6.996094
vt 0.530762 -7.007812
vt 0.593262 -9.171875
vt 0.530762 -9.179688
vt 0.530762 -9.851563
vt 0.593262 -9.851563
vt 0.530762 -9.882813
vt 0.593262 -9.882813
vt 0.593262 -9.921875
vt 0.530762 -9.921875
vt 0.593262 -12.148438
vt 0.534180 -12.148438
vt 0.593262 -12.210938
vt 0.534180 -12.210938
vt 0.593262 -12.281250
vt 0.534180 -12.281250
vt 0.593262 -12.343750
vt 0.534180 -12.343750
vt 0.534180 -13.921875
vt 0.593262 -13.937500
vt 0.530762 5.171875
vt 0.596680 4.851563
vt 0.596680 5.175781
vt 0.530762 4.851563
vt 0.596680 3.455078
vt 0.530762 3.455078
vt 0.530762 3.406250
vt 0.596680 3.406250
vt 0.596680 3.349609
vt 0.530762 3.349609
vt 0.596680 2.353516
vt 0.530762 2.353516
vt 0.596680 0.075012
vt 0.530762 0.049347
vt 0.530762 -0.513672
vt 0.596680 -0.528809
vt 0.596680 -6.968750
vt 0.530762 -7.000000
vt 0.530762 8.203125
vt 0.590820 7.808594
vt 0.590820 8.203125
vt 0.530762 7.808594
vt 0.590820 7.394531
vt 0.530762 7.394531
vt 0.590820 7.191406
vt 0.530762 7.195313
vt 0.530762 7.089844
vt 0.590820 7.089844
vt 0.596680 5.429688
vt 0.530762 5.429688
vt 0.530762 5.359375
vt 0.596680 5.359375
vt 0.530762 5.320313
vt 0.596680 5.320313
vt 0.530762 5.246094
vt 0.596680 5.250000
vt 0.590820 11.195313
vt 0.530762 11.195313
vt 0.590820 11.117188
vt 0.530762 11.117188
vt 0.530762 8.664063
vt 0.590820 8.664063
vt 0.541992 7.324219
vt 0.584961 7.324219
vt 0.584961 7.339844
vt 0.541992 7.339844
vt 0.584961 7.347656
vt 0.541992 7.347656
vt 0.591797 -5.476563
vt 0.591797 -4.269531
vt 0.535156 -5.437500
vt 0.535156 -4.253906
vt 0.591797 -4.113281
vt 0.535156 -4.093750
vt 0.591797 -3.957031
vt 0.535156 -3.927734
vt 0.591797 -3.515625
vt 0.535156 -3.533203
vt 0.535156 -2.453125
vt 0.591797 -2.451172
vt 0.591797 -2.230469
vt 0.535156 -2.230469
vt 0.591797 -2.039063
vt 0.535156 -2.039063
vt 0.591797 -1.987305
vt 0.535156 -1.987305
vt 0.591797 -1.940430
vt 0.535156 -1.940430
vt 0.591797 -1.894531
vt 0.535156 -1.894531
vt 0.535156 -1.819336
vt 0.591797 -1.819336
vt 0.591797 -1.509766
vt 0.535156 -1.509766
vt 0.535156 -1.095703
vt 0.591797 -1.095703
vt 0.535156 -0.966797
vt 0.591797 -0.964355
vt 0.535156 -0.851563
vt 0.591797 -0.849609
vt 0.584961 9.390625
vt 0.541992 9.390625
vt 0.584961 9.460938
vt 0.541992 9.460938
vt 0.594238 1.512695
vt 0.594238 1.573242
vt 0.532715 1.512695
vt 0.532715 1.573242
vt 0.532715 0.332031
vt 0.594238 0.332031
vt 0.532715 0.352539
vt 0.594238 0.352539
vt 0.594238 -1.414063
vt 0.532715 -1.414063
vt 0.532715 -2.919922
vt 0.594238 -2.919922
vt 0.594238 1.704102
vt 0.532715 1.704102
vt 0.319824 0.009773
vt 0.258057 0.009773
vt 0.319824 -0.256104
vt 0.258057 -0.256104
vt 0.256104 -0.001517
vt 0.256104 -0.062073
vt 0.317871 -0.001517
vt 0.317871 -0.062073
vt 0.256104 -0.128296
vt 0.317871 -0.128296
vt 0.256104 -0.060059
vt 0.317871 -0.060059
vt 0.256104 -0.186646
vt 0.317871 -0.186646
vt 0.256104 -0.124207
vt 0.317871 -0.124207
vt 0.255615 0.003906
vt 0.322754 0.003906
vt 0.255615 -0.133789
vt 0.322754 -0.133789
vt 0.258301 -0.001517
vt 0.320068 -0.001517
vt 0.258301 -0.128296
vt 0.320068 -0.128296
vt 0.883301 -1.002930
vt 0.996582 -1.002930
vt 0.883301 -0.004211
vt 0.995605 -0.004211
vt -3.544922 -0.362793
vt -3.539063 -0.362793
vt -3.541016 -0.359375
vt -3.539063 -0.359375
vt -3.503906 -0.356445
vt -3.505859 -0.358154
vt -3.505859 -0.362793
vt -4.488281 -3.671875
vt -4.683594 -3.671875
vt -4.582031 -3.773438
vt -4.687500 -3.671875
vt -4.921875 -3.910156
vt -4.921875 -3.671875
vt -4.929688 -3.671875
vt -4.929688 -3.910156
vt -4.929688 -3.917969
vt -4.921875 -3.917969
vt -4.585938 -3.910156
vt -4.585938 -3.917969
vt -2.144531 -0.470215
vt -2.208984 -0.472412
vt -2.144531 -0.472412
vt -2.208984 -0.470215
vt -2.210938 -0.471436
vt -2.322266 -0.727539
vt -2.326172 -0.727539
vt -2.326172 -0.729492
vt -2.324219 -0.729980
vt -2.910156 -0.943359
vt -2.906250 -0.945313
vt -2.904297 -0.943359
vt -2.912109 -0.945313
vt -2.919922 -0.943359
vt -2.921875 -0.945313
vt -2.925781 -0.943359
vt -2.927734 -0.945313
vt -4.683594 -3.666016
vt -4.640625 -3.593750
vt -4.687500 -3.666016
vt -4.640625 -2.769531
vt -4.386719 -2.599609
vt -4.382813 -2.599609
vt -4.339844 -2.568359
vt -4.339844 -2.447266
vt -2.402344 -0.421875
vt -2.398438 -0.421875
vt -2.402344 -0.186035
vt -2.398438 -0.419434
vt -2.398438 -0.186035
vt -5.285156 -1.970703
vt -5.285156 -1.971680
vt -5.281250 -1.970703
vt -5.281250 -1.971680
vt -4.339844 -2.443359
vt -4.335938 -2.443359
vt -4.335938 -2.447266
vt -4.339844 -2.439453
vt -4.335938 -2.439453
vt -4.339844 -2.134766
vt -4.335938 -2.134766
vt -4.339844 -2.130859
vt -4.335938 -2.130859
vt -4.488281 -3.669922
vt -4.683594 -3.669922
vt -4.921875 -3.669922
vt -4.289063 -2.599609
vt -4.285156 -2.599609
vt -4.246094 -2.570313
vt -4.242188 -2.570313
vt -4.242188 -2.447266
vt -4.246094 -2.447266
vt -4.695313 -2.443359
vt -4.695313 -2.447266
vt -4.699219 -2.443359
vt -4.703125 -2.447266
vt -4.000000 -0.572754
vt -4.000000 -0.489014
vt -4.007813 -0.572754
vt -4.007813 -0.482422
vt -4.000000 -0.485107
vt -4.000000 -0.482178
vt -4.007813 -0.485107
vt -4.031250 -0.488770
vt -4.007813 -0.488770
vt -4.031250 -0.485107
vt -4.031250 -0.482422
vt -4.031250 -0.572754
vt -4.695313 -2.439453
vt -4.121094 -2.033203
vt -4.003906 -2.029297
vt -4.121094 -2.029297
vt -4.003906 -2.033203
vt -3.998047 -2.033203
vt -3.994141 -2.029297
vt -5.285156 -1.974609
vt -5.281250 -2.046875
vt -5.281250 -1.974609
vt -5.285156 -2.046875
vt -5.281250 -2.613281
vt -5.285156 -2.613281
vt -5.281250 -2.650391
vt -5.285156 -2.650391
vt -5.285156 -2.687500
vt -5.281250 -2.687500
vt -5.285156 -2.730469
vt -5.281250 -2.730469
vt -5.281250 -2.767578
vt -5.277344 -2.767578
vt -5.281250 -2.771484
vt -5.277344 -2.771484
vt -5.269531 -2.781250
vt -5.265625 -2.779297
vt -5.343750 -2.798828
vt -5.343750 -2.781250
vt -5.347656 -2.798828
vt -5.347656 -2.781250
vt -2.105469 -1.868164
vt -2.099609 -1.868164
vt -2.105469 -1.784180
vt -2.099609 -1.784180
vt -2.105469 -1.780273
vt -2.101563 -1.779297
vt -2.105469 -1.774414
vt -2.107422 -1.777344
vt -2.109375 -1.772461
vt -2.111328 -1.776367
vt -3.427734 -0.362793
vt -3.427734 -0.357666
vt -3.431641 -0.362793
vt -2.136719 -0.238647
vt -2.113281 -0.235474
vt -2.136719 -0.235474
vt -2.113281 -0.238647
vt -2.107422 -0.238281
vt -2.107422 -0.234863
vt -4.121094 -2.037109
vt -4.128906 -2.037109
vt -4.121094 -2.126953
vt -4.128906 -2.126953
vt -4.128906 -2.130859
vt -4.128906 -2.134766
vt -3.289063 -0.571289
vt -3.292969 -0.569824
vt -3.291016 -0.624512
vt -3.294922 -0.626953
vt -4.683594 -3.667969
vt -3.927734 -0.447021
vt -3.923828 -0.437744
vt -3.933594 -0.453857
vt -2.453125 -0.937012
vt -2.144531 -0.937012
vt -2.453125 -0.931641
vt -2.144531 -0.931641
vt -0.671875 0.933594
vt -0.671875 0.625000
vt -0.662598 0.933594
vt -0.662598 0.625000
vt -3.121094 -0.434570
vt -3.121094 -0.626953
vt -3.117188 -0.434570
vt -3.117188 -0.626953
vt -3.117188 -0.623535
vt -3.734375 -0.441650
vt -3.740234 -0.442871
vt -3.734375 -0.452148
vt -3.744141 -0.448486
vt -3.167969 -2.675781
vt -3.123047 -2.675781
vt -3.166016 -2.669922
vt -3.125000 -2.669922
vt -3.783203 -0.452148
vt -3.783203 -0.447021
vt -3.791016 -0.446533
vt -3.791016 -0.441162
vt -1.896484 0.098694
vt -1.896484 -0.231567
vt -1.891602 0.098694
vt -1.890625 -0.234253
vt -0.581543 -1.887695
vt -0.585938 -1.887695
vt -0.577148 -1.890625
vt -0.585938 -1.891602
vt -0.759277 0.625000
vt -0.752930 0.630371
vt -0.761230 1.018555
vt -0.752930 1.016602
vt -1.356445 0.284180
vt -1.351563 0.284180
vt -1.350586 0.286377
vt -1.345703 0.286377
vt -1.427734 0.658203
vt -1.433594 0.660156
vt -1.432617 0.658203
vt -1.438477 0.660156
vt -4.335938 -2.570313
vt -4.378906 -2.599609
vt -4.636719 -2.771484
vt -4.636719 -3.593750
vt -1.003906 -3.525391
vt -1.003906 -3.527344
vt -1.002930 -3.523438
vt -0.997070 -3.525391
vt -2.330078 -0.733887
vt -2.542969 -0.733887
vt -2.337891 -0.748047
vt -2.457031 -0.748047
vt -2.458984 -0.750977
vt -2.542969 -0.931641
vt -2.458984 -0.931641
vt -4.097656 -0.491699
vt -4.097656 -0.518555
vt -4.093750 -0.494873
vt -4.093750 -0.521973
vt -4.097656 -0.545898
vt -4.093750 -0.549316
vt -4.097656 -0.573242
vt -4.093750 -0.576172
vt -0.671875 1.030273
vt -0.671875 0.939941
vt -0.662109 1.028320
vt -0.662598 0.939941
vt -4.019531 -0.446289
vt -4.027344 -0.446289
vt -4.019531 -0.462891
vt -4.027344 -0.462891
vt -5.207031 -0.476807
vt -5.214844 -0.476807
vt -5.207031 -0.537109
vt -5.214844 -0.537109
vt -4.871094 -0.455078
vt -4.878906 -0.455078
vt -4.871094 -0.471680
vt -4.878906 -0.471680
vt -4.394531 -0.516113
vt -4.406250 -0.516113
vt -4.394531 -0.576172
vt -4.406250 -0.576172
vt -4.351563 -0.480225
vt -4.359375 -0.480225
vt -4.351563 -0.496826
vt -4.359375 -0.496826
vt -4.996094 -0.476807
vt -5.003906 -0.476807
vt -4.996094 -0.537109
vt -5.003906 -0.537109
vt -4.632813 -0.455078
vt -4.644531 -0.455078
vt -4.632813 -0.471680
vt -4.644531 -0.471680
vt -4.355469 -0.516113
vt -4.367188 -0.516113
vt -4.355469 -0.576172
vt -4.367188 -0.576172
vt -4.066406 -0.452148
vt -4.074219 -0.452148
vt -4.066406 -0.468750
vt -4.074219 -0.468750
vt -4.558594 -0.506348
vt -4.570313 -0.506348
vt -4.558594 -0.566895
vt -4.570313 -0.566895
vt -4.917969 -0.440918
vt -4.929688 -0.440918
vt -4.917969 -0.457520
vt -4.929688 -0.457520
vt -5.367188 -0.396973
vt -5.375000 -0.396973
vt -5.367188 -0.457520
vt -5.375000 -0.457520
vt -4.113281 -0.455566
vt -4.121094 -0.455566
vt -4.113281 -0.472168
vt -4.121094 -0.472168
vt -5.167969 -0.476807
vt -5.175781 -0.476807
vt -5.167969 -0.537109
vt -5.175781 -0.537109
vt -4.492188 -0.470703
vt -4.500000 -0.470703
vt -4.492188 -0.487061
vt -4.500000 -0.487061
vt -5.332031 -0.476807
vt -5.343750 -0.476807
vt -5.332031 -0.537109
vt -5.343750 -0.537109
vt -2.326172 -0.731445
vt -2.542969 -0.731934
vt -4.125000 -0.511719
vt -4.128906 -0.512695
vt -4.125000 -0.576172
vt -4.128906 -0.576172
vt -2.585938 -0.592773
vt -2.585938 -0.788574
vt -2.583984 -0.592773
vt -2.582031 -0.594727
vt -2.582031 -0.785156
vt -4.250000 -2.443359
vt -4.250000 -2.447266
vt -1.844727 0.283691
vt -1.850586 0.291992
vt -1.850586 0.283691
vt -1.856445 0.291748
vt -1.854492 0.301270
vt -1.859375 0.301270
vt -1.855469 0.311279
vt -1.861328 0.311279
vt -1.854492 0.641113
vt -1.860352 0.641113
vt -3.453125 -1.868164
vt -3.457031 -1.820313
vt -3.457031 -1.868164
vt -3.453125 -1.820313
vt -3.457031 -1.486328
vt -3.453125 -1.486328
vt -3.453125 -1.455078
vt -3.457031 -1.455078
vt -3.453125 -1.423828
vt -3.458984 -1.423828
vt -3.455078 -1.240234
vt -3.460938 -1.240234
vt -3.455078 -1.237305
vt -3.460938 -1.237305
vt -3.167969 -2.283203
vt -2.986328 -2.279297
vt -3.167969 -2.279297
vt -2.986328 -2.283203
vt -2.984375 -2.283203
vt -2.984375 -2.279297
vt -4.246094 -2.439453
vt -5.140625 -0.457520
vt -5.144531 -0.453125
vt -5.144531 -0.457520
vt -5.144531 -0.444336
vt -5.144531 -0.431152
vt -2.925781 -0.949707
vt -2.921875 -0.948242
vt -2.927734 -0.947754
vt -2.919922 -0.949707
vt -2.912109 -0.948242
vt -2.910156 -0.949707
vt -2.906250 -0.947754
vt -2.904297 -0.949707
vt -2.542969 -0.729492
vt -2.542969 -0.727539
vt -4.847656 -0.551270
vt -4.832031 -0.551270
vt -4.847656 -0.490967
vt -4.832031 -0.490967
vt -4.800781 -0.551270
vt -4.785156 -0.551270
vt -4.800781 -0.490967
vt -4.785156 -0.490967
vt -4.492188 -0.576172
vt -4.472656 -0.576172
vt -4.492188 -0.516113
vt -4.472656 -0.516113
vt -5.097656 -0.537109
vt -5.082031 -0.537109
vt -5.097656 -0.476807
vt -5.082031 -0.476807
vt -2.925781 -1.161133
vt -2.919922 -1.157227
vt -2.925781 -1.153320
vt -2.919922 -1.153320
vt -2.910156 -1.152344
vt -2.904297 -1.147461
vt -4.128906 -2.029297
vt -4.128906 -1.721680
vt -4.121094 -1.721680
vt -4.250000 -2.568359
vt -4.292969 -2.597656
vt -4.484375 -2.734375
vt -4.488281 -2.734375
vt -4.488281 -3.593750
vt -4.488281 -3.666016
vt -3.695313 -0.449219
vt -3.693359 -0.449219
vt -3.693359 -0.445313
vt -3.689453 -0.445313
vt -5.046875 -0.457520
vt -5.050781 -0.445068
vt -5.050781 -0.457275
vt -5.046875 -0.444580
vt -5.046875 -0.435547
vt -5.050781 -0.434570
vt -5.375000 -1.967773
vt -5.371094 -1.970703
vt -5.367188 -1.967773
vt -5.367188 -1.970703
vt -5.285156 -1.967773
vt -2.910156 -3.080078
vt -2.910156 -3.183594
vt -2.906250 -3.080078
vt -2.906250 -3.183594
vt -2.910156 -3.195313
vt -2.906250 -3.195313
vt -2.910156 -3.201172
vt -2.906250 -3.203125
vt -2.910156 -3.210938
vt -2.906250 -3.210938
vt -2.910156 -3.220703
vt -2.906250 -3.220703
vt -2.906250 -3.265625
vt -2.910156 -3.265625
vt -2.906250 -3.314453
vt -2.910156 -3.314453
vt -2.906250 -3.560547
vt -2.910156 -3.562500
vt -2.839844 -3.648438
vt -2.835938 -3.646484
vt -2.910156 -3.001953
vt -3.113281 -2.679688
vt -3.117188 -2.681641
vt -2.906250 -3.000000
vt -2.910156 -3.017578
vt -2.906250 -3.017578
vt -2.910156 -3.039063
vt -2.906250 -3.039063
vt -2.910156 -3.058594
vt -2.906250 -3.058594
vt -3.082031 -0.626953
vt -3.082031 -0.434570
vt -3.087891 -0.626953
vt -3.087891 -0.434570
vt -2.457031 -0.750977
vt -2.335938 -0.750977
vt -2.326172 -0.733887
vt -2.457031 -0.931641
vt -3.539063 -0.356201
vt -3.544922 -0.356201
vt -2.326172 -0.731934
vt -2.166016 -0.421875
vt -2.166016 -0.417480
vt -2.167969 -0.421875
vt -2.167969 -0.417480
vt -2.630859 -1.084961
vt -2.625000 -1.083008
vt -2.626953 -1.083008
vt -2.630859 -1.089844
vt -2.638672 -1.087891
vt -2.638672 -1.092773
vt -2.652344 -1.087891
vt -2.652344 -1.092773
vt -2.656250 -1.087891
vt -2.656250 -1.082031
vt -2.658203 -1.087891
vt -2.658203 -1.092773
vt -5.367188 -1.971680
vt -5.367188 -1.974609
vt -5.371094 -1.971680
vt -5.375000 -1.974609
vt -3.615234 -0.375488
vt -3.621094 -0.379150
vt -3.615234 -0.383057
vt -3.363281 -0.495361
vt -3.365234 -0.491211
vt -3.367188 -0.495361
vt -3.369141 -0.491211
vt -4.921875 -3.667969
vt -4.921875 -3.666016
vt -4.929688 -3.666016
vt -5.367188 -1.729492
vt -5.375000 -1.721680
vt -5.375000 -1.729492
vt -5.285156 -1.729492
vt -5.367188 -1.721680
vt -5.285156 -1.721680
vt -1.135742 0.415527
vt -1.315430 0.802734
vt -1.315430 0.415527
vt -1.135742 0.802734
vt -1.315430 0.805664
vt -1.135742 0.805664
vt -1.128906 0.805664
vt -1.128906 0.802734
vt -1.128906 0.415527
vt -0.661133 0.936523
vt -0.655762 0.939941
vt -0.667480 0.936523
vt -0.676758 0.936523
vt -0.678223 0.939941
vt -0.683594 0.936523
vt -2.847656 -1.865234
vt -2.849609 -1.867188
vt -2.847656 -1.867188
vt -2.941406 -1.867188
vt -2.939453 -1.864258
vt -2.947266 -1.862305
vt -2.935547 -1.868164
vt -2.853516 -1.864258
vt -2.849609 -1.817383
vt -2.855469 -1.817383
vt -2.853516 -1.812500
vt -2.863281 -1.812500
vt -2.851563 -1.811523
vt -2.845703 -1.816406
vt -2.767578 -1.643555
vt -2.773438 -1.637695
vt -2.757813 -1.618164
vt -2.763672 -1.614258
vt -2.753906 -1.593750
vt -2.761719 -1.590820
vt -1.391602 0.660645
vt -1.386719 0.660645
vt -1.391602 0.663574
vt -3.595703 -3.605469
vt -3.515625 -3.605469
vt -3.595703 -3.603516
vt -3.515625 -3.603516
vt -3.509766 -3.605469
vt -3.503906 -3.603516
vt -1.090820 0.380859
vt -1.096680 0.768066
vt -1.098633 0.378418
vt -1.090820 0.768066
vt -1.096680 0.770996
vt -1.090820 0.770996
vt -4.003906 -2.037109
vt -3.994141 -2.037109
vt -1.374023 -1.010742
vt -1.371094 -1.010742
vt -1.346680 -0.990723
vt -1.343750 -0.990723
vt -1.323242 -0.968750
vt -1.320313 -0.968750
vt -1.310547 -0.952148
vt -1.307617 -0.951660
vt -1.304688 -0.594238
vt -1.307617 -0.594238
vt -1.503906 0.283691
vt -1.503906 0.658203
vt -1.609375 0.443359
vt -1.609375 0.658203
vt -1.896484 -0.235474
vt -1.899414 -0.232788
vt -3.626953 -3.828125
vt -3.626953 -3.824219
vt -3.630859 -3.826172
vt -3.625000 -3.833984
vt -3.621094 -3.832031
vt -3.625000 -3.830078
vt -3.623047 -3.826172
vt -3.621094 -3.828125
vt -3.603516 -3.824219
vt -3.625000 -3.917969
vt -3.621094 -3.917969
vt -3.603516 -3.917969
vt -3.693359 -3.806641
vt -3.693359 -3.800781
vt -3.603516 -3.605469
vt -3.695313 -3.414063
vt -3.603516 -3.414063
vt -3.695313 -3.408203
vt -3.595703 -3.414063
vt -3.544922 -3.408203
vt -3.384766 -1.744141
vt -3.384766 -1.868164
vt -3.298828 -1.744141
vt -3.298828 -1.868164
vt -3.296875 -1.717773
vt -3.298828 -1.717773
vt -3.296875 -1.744141
vt -3.384766 -1.202148
vt -3.298828 -1.202148
vt -3.384766 -1.717773
vt -3.296875 -1.868164
vt -3.044922 -0.433594
vt -3.052734 -0.436768
vt -3.048828 -0.616699
vt -3.052734 -0.616699
vt -3.048828 -0.618164
vt -3.052734 -0.624023
vt -3.041016 -0.625000
vt -3.039063 -0.619141
vt -3.025391 -0.626953
vt -3.025391 -0.621094
vt -2.431641 -0.200562
vt -2.437500 -0.203491
vt -2.431641 -0.203491
vt -2.437500 -0.206299
vt -2.431641 -0.206299
vt -2.437500 -0.311279
vt -2.431641 -0.311279
vt -2.431641 -0.416260
vt -2.437500 -0.416260
vt -2.437500 -0.419189
vt -2.431641 -0.419189
vt -3.160156 -0.471191
vt -3.152344 -0.493896
vt -3.158203 -0.468262
vt -3.156250 -0.496826
vt -3.152344 -0.624023
vt -3.156250 -0.626953
vt -1.336914 -1.010742
vt -1.345703 -1.010742
vt -1.364258 -1.032227
vt -1.372070 -1.032227
vt -1.494141 -1.135742
vt -1.501953 -1.135742
vt -1.501953 -1.144531
vt -1.510742 -1.144531
vt -1.509766 -1.153320
vt -1.518555 -1.153320
vt -1.516602 -1.162109
vt -1.524414 -1.162109
vt -1.523438 -1.172852
vt -1.532227 -1.172852
vt -1.540039 -1.217773
vt -1.548828 -1.217773
vt -1.548828 -1.265625
vt -1.555664 -1.265625
vt -1.550781 -1.863281
vt -1.556641 -1.865234
vt -1.580078 -1.851563
vt -1.583008 -1.851563
vt -1.564453 -1.866211
vt -1.577148 -1.848633
vt -1.577148 -1.845703
vt -1.564453 -1.265625
vt -1.577148 -1.265625
vt -1.570313 -1.217773
vt -1.557617 -1.217773
vt -1.554688 -1.172852
vt -1.541992 -1.172852
vt -1.547852 -1.162109
vt -1.535156 -1.162109
vt -1.541992 -1.153320
vt -1.529297 -1.153320
vt -1.535156 -1.145508
vt -1.521484 -1.144531
vt -1.527344 -1.135742
vt -1.513672 -1.135742
vt -1.397461 -1.031250
vt -1.355469 -1.010742
vt -1.383789 -1.031250
vt -1.558594 -1.867188
vt -1.331055 -0.990723
vt -1.306641 -0.968750
vt -1.294922 -0.952148
vt -1.291016 -0.593750
vt -1.304688 -0.585938
vt -1.291016 -0.585449
vt -1.304688 -0.576660
vt -1.291016 -0.576172
vt -1.304688 -0.566406
vt -1.291016 -0.565918
vt -1.304688 -0.236694
vt -1.282227 -0.566406
vt -1.282227 -0.576660
vt -1.282227 -0.586426
vt -1.282227 -0.595215
vt -1.285156 -0.952637
vt -1.296875 -0.968750
vt -1.321289 -0.990723
vt -1.276367 -0.233887
vt -1.282227 -0.236694
vt -1.276367 -0.566406
vt -1.291016 -0.236694
vt -1.276367 -0.576172
vt -1.276367 -0.585449
vt -1.276367 -0.595215
vt -1.277344 -0.952637
vt -1.289063 -0.968750
vt -1.312500 -0.990723
vt -2.564453 -3.917969
vt -2.613281 -3.914063
vt -2.613281 -3.916016
vt -2.570313 -3.220703
vt -2.556641 -3.210938
vt -2.570313 -3.210938
vt -2.556641 -3.220703
vt -2.570313 -3.265625
vt -2.556641 -3.265625
vt -2.570313 -3.314453
vt -2.556641 -3.314453
vt -2.556641 -3.646484
vt -2.570313 -3.646484
vt -2.570313 -3.677734
vt -2.558594 -3.677734
vt -2.568359 -3.708984
vt -2.558594 -3.708984
vt -2.562500 -3.916016
vt -2.560547 -3.916016
vt -2.562500 -3.917969
vt -2.787109 -3.708984
vt -2.810547 -3.677734
vt -2.570313 -3.203125
vt -2.570313 -3.195313
vt -3.166016 -2.285156
vt -2.986328 -2.615234
vt -2.986328 -2.285156
vt -2.978516 -2.285156
vt -2.978516 -2.617188
vt -2.984375 -2.626953
vt -2.978516 -2.628906
vt -2.978516 -2.636719
vt -2.974609 -2.638672
vt -2.972656 -2.646484
vt -2.966797 -2.646484
vt -2.570313 -3.183594
vt -2.570313 -3.082031
vt -2.576172 -3.062500
vt -2.582031 -3.041016
vt -2.595703 -3.019531
vt -2.607422 -3.001953
vt -2.593750 -3.001953
vt -2.582031 -3.019531
vt -2.568359 -3.041016
vt -2.562500 -3.062500
vt -2.556641 -3.082031
vt -2.556641 -3.183594
vt -2.556641 -3.195313
vt -2.556641 -3.203125
vt -1.554688 -0.952148
vt -1.541992 -0.595215
vt -1.552734 -0.595703
vt -1.541992 -0.586426
vt -1.552734 -0.586914
vt -1.541992 -0.577148
vt -1.552734 -0.577148
vt -1.541992 -0.566895
vt -1.552734 -0.566895
vt -1.552734 -0.233887
vt -1.541992 -0.233887
vt -1.526367 -0.233887
vt -1.526367 -0.566895
vt -1.526367 -0.576660
vt -1.526367 -0.585938
vt -1.526367 -0.594238
vt -1.542969 -0.952148
vt -1.717773 -1.162109
vt -1.733398 -1.161133
vt -1.719727 -1.172852
vt -1.730469 -1.152344
vt -1.714844 -1.153320
vt -1.725586 -1.144531
vt -1.708984 -1.145508
vt -1.713867 -1.132813
vt -1.698242 -1.132813
vt -1.598633 -1.032227
vt -1.580078 -1.031250
vt -1.578125 -1.010742
vt -1.561523 -1.010742
vt -1.561523 -0.990723
vt -1.546875 -0.990723
vt -1.548828 -0.968750
vt -1.534180 -0.968750
vt -1.528320 -0.952148
vt -1.558594 -0.968750
vt -1.573242 -0.990723
vt -1.590820 -1.011719
vt -1.611328 -1.032227
vt -1.725586 -1.132813
vt -1.737305 -1.144531
vt -1.742188 -1.151367
vt -1.745117 -1.159180
vt -1.735352 -1.171875
vt -1.735352 -1.215820
vt -1.719727 -1.217773
vt -1.735352 -1.264648
vt -1.719727 -1.265625
vt -1.735352 -1.597656
vt -1.718750 -1.599609
vt -1.730469 -1.628906
vt -1.715820 -1.630859
vt -1.722656 -1.659180
vt -1.707031 -1.662109
vt -1.654297 -1.865234
vt -1.638672 -1.845703
vt -1.635742 -1.848633
vt -1.630859 -1.851563
vt -1.627930 -1.851563
vt -1.564453 -1.868164
vt -1.651367 -1.867188
vt -1.653320 -1.867188
vt -1.657227 -1.865234
vt -1.733398 -1.657227
vt -1.741211 -1.626953
vt -1.745117 -1.596680
vt -1.746094 -1.262695
vt -1.746094 -1.214844
vt -1.746094 -1.169922
vt -1.716797 -1.217773
vt -1.716797 -1.172852
vt -1.715820 -1.162109
vt -1.711914 -1.152344
vt -1.706055 -1.144531
vt -2.324219 -0.733887
vt -2.333984 -0.754395
vt -2.453125 -0.754395
vt -2.324219 -0.731934
vt -2.208984 -0.474365
vt -2.320313 -0.727539
vt -3.503906 -3.609375
vt -3.515625 -3.609375
vt -3.503906 -3.917969
vt -3.515625 -3.917969
vt -3.595703 -3.917969
vt -3.595703 -3.609375
vt -1.530273 -1.135742
vt -1.538086 -1.144531
vt -1.544922 -1.153320
vt -1.551758 -1.162109
vt -1.557617 -1.172852
vt -1.573242 -1.217773
vt -1.432617 0.283691
vt -1.427734 0.283691
vt -3.599609 -3.917969
vt -3.599609 -3.605469
vt -2.472656 -0.421875
vt -2.466797 -0.419189
vt -2.472656 -0.419189
vt -2.466797 -0.314209
vt -2.472656 -0.314209
vt -2.472656 -0.209229
vt -2.466797 -0.209229
vt -5.011719 -0.435547
vt -5.011719 -0.448730
vt -5.003906 -0.435547
vt -5.003906 -0.448730
vt -5.007813 -0.457520
vt -5.011719 -0.457520
vt -2.974609 -0.433594
vt -2.970703 -0.616699
vt -2.966797 -0.437012
vt -2.966797 -0.616699
vt -2.970703 -0.618164
vt -2.966797 -0.624023
vt -2.978516 -0.625000
vt -2.980469 -0.619141
vt -2.994141 -0.626953
vt -2.994141 -0.621094
vt -2.996094 -0.621582
vt -2.996094 -0.615723
vt -1.474609 0.660645
vt -1.474609 0.286377
vt -1.468750 0.657715
vt -1.468750 0.286377
vt -1.468750 0.283691
vt -1.474609 0.283691
vt -1.522461 -0.585938
vt -1.522461 -0.576660
vt -1.522461 -0.566895
vt -1.345703 0.660645
vt -1.350586 0.660645
vt -1.345703 0.662598
vt -1.350586 0.663574
vt -3.671875 -3.314453
vt -3.697266 -3.302734
vt -3.687500 -3.314453
vt -3.695313 -3.314453
vt -3.687500 -3.375000
vt -3.695313 -3.375000
vt -3.695313 -3.388672
vt -3.671875 -3.375000
vt -3.638672 -3.314453
vt -3.654297 -3.314453
vt -3.654297 -3.375000
vt -3.638672 -3.375000
vt -3.621094 -3.375000
vt -3.621094 -3.314453
vt -3.605469 -3.314453
vt -3.587891 -3.314453
vt -3.572266 -3.314453
vt -3.605469 -3.375000
vt -3.587891 -3.375000
vt -3.572266 -3.375000
vt -3.539063 -3.406250
vt -3.542969 -3.404297
vt -3.695313 -3.406250
vt -3.544922 -3.402344
vt -3.695313 -3.402344
vt -3.550781 -3.388672
vt -3.554688 -3.375000
vt -3.554688 -3.314453
vt -3.552734 -3.302734
vt -3.697266 -3.289063
vt -3.548828 -3.289063
vt -3.697266 -3.285156
vt -3.546875 -3.285156
vt -3.697266 -3.283203
vt -3.542969 -3.285156
vt -3.515625 -3.039063
vt -3.503906 -3.072266
vt -3.503906 -3.039063
vt -3.515625 -3.072266
vt -3.503906 -3.285156
vt -3.515625 -3.285156
vt -3.503906 -3.402344
vt -3.515625 -3.404297
vt -3.539063 -3.314453
vt -3.541016 -3.314453
vt -3.542969 -3.314453
vt -3.548828 -3.375000
vt -3.539063 -3.375000
vt -3.541016 -3.375000
vt -3.544922 -3.375000
vt -3.546875 -3.314453
vt -3.548828 -3.314453
vt -3.546875 -3.375000
vt -2.066406 -1.868164
vt -2.066406 -1.784180
vt -2.070313 -1.868164
vt -2.070313 -1.784180
vt -2.064453 -1.780273
vt -2.068359 -1.779297
vt -2.062500 -1.777344
vt -2.066406 -1.774414
vt -2.060547 -1.772461
vt -2.060547 -1.776367
vt -3.263672 -1.868164
vt -3.261719 -1.868164
vt -3.263672 -1.744141
vt -3.261719 -1.744141
vt -3.265625 -1.868164
vt -3.265625 -1.744141
vt -3.265625 -1.717773
vt -3.263672 -1.717773
vt -4.867188 -2.873047
vt -4.894531 -2.908203
vt -4.921875 -3.591797
vt -4.863281 -2.867188
vt -4.851563 -2.859375
vt -4.917969 -2.953125
vt -4.921875 -2.988281
vt -4.808594 -2.814453
vt -4.812500 -2.814453
vt -4.835938 -2.841797
vt -4.839844 -2.841797
vt -4.859375 -2.859375
vt -4.867188 -2.867188
vt -4.871094 -2.873047
vt -4.902344 -2.908203
vt -4.925781 -2.953125
vt -4.929688 -2.988281
vt -4.929688 -3.025391
vt -4.921875 -3.025391
vt -4.695313 -2.601563
vt -4.703125 -2.601563
vt -4.695313 -2.623047
vt -4.703125 -2.623047
vt -4.699219 -2.632813
vt -4.703125 -2.632813
vt -4.699219 -2.644531
vt -4.703125 -2.644531
vt -4.699219 -2.658203
vt -4.707031 -2.658203
vt -4.703125 -2.681641
vt -4.710938 -2.681641
vt -4.710938 -2.707031
vt -4.718750 -2.707031
vt -4.722656 -2.726563
vt -4.730469 -2.726563
vt -4.738281 -2.746094
vt -4.742188 -2.746094
vt -4.753906 -2.763672
vt -4.757813 -2.763672
vt -4.781250 -2.789063
vt -4.785156 -2.789063
vt -4.929688 -3.591797
vt -4.003906 -1.721680
vt -3.994141 -1.721680
vt -4.636719 -3.595703
vt -4.679688 -3.666016
vt -0.997070 -3.912109
vt -1.003906 -3.912109
vt -1.003906 -3.917969
vt -0.997070 -3.917969
vt -1.356445 0.280762
vt -1.350586 0.281494
vt -1.433594 0.662598
vt -1.439453 0.663574
vt -1.902344 -0.235840
vt -1.896484 -0.238647
vt -2.472656 -0.206299
vt -5.347656 -2.876953
vt -5.347656 -2.894531
vt -5.343750 -2.876953
vt -5.343750 -2.894531
vt -5.347656 -2.914063
vt -5.343750 -2.914063
vt -5.347656 -2.933594
vt -5.343750 -2.933594
vt -5.347656 -2.958984
vt -5.343750 -2.958984
vt -5.347656 -2.982422
vt -5.343750 -2.982422
vt -5.347656 -2.996094
vt -5.343750 -2.996094
vt -5.347656 -3.005859
vt -5.343750 -3.005859
vt -5.347656 -3.017578
vt -5.343750 -3.017578
vt -5.343750 -3.039063
vt -5.347656 -3.039063
vt -0.678223 0.933594
vt -0.655762 0.933594
vt -2.144531 -0.474365
vt -4.703125 -2.439453
vt -5.320313 -0.457520
vt -5.320313 -0.451660
vt -5.328125 -0.454590
vt -5.328125 -0.450439
vt -5.320313 -0.448730
vt -5.328125 -0.404541
vt -5.320313 -0.404541
vt -5.328125 -0.401611
vt -5.320313 -0.401611
vt -5.281250 -1.721680
vt -5.281250 -1.729492
vt -5.281250 -1.967773
vt -2.431641 -0.421875
vt -4.488281 -3.667969
vt -2.548828 -0.936523
vt -2.458984 -0.937012
vt -3.992188 -2.599609
vt -3.994141 -2.566406
vt -4.000000 -2.599609
vt -4.003906 -2.566406
vt -3.994141 -2.355469
vt -4.003906 -2.353516
vt -3.994141 -2.236328
vt -4.003906 -2.234375
vt -4.003906 -2.126953
vt -4.902344 -0.924805
vt -4.902344 -0.923828
vt -4.906250 -0.927734
vt -4.910156 -0.927246
vt -4.910156 -1.106445
vt -4.636719 -0.936035
vt -4.636719 -1.105469
vt -4.906250 -1.111328
vt -4.648438 -1.113281
vt -4.906250 -1.106445
vt -4.910156 -1.113281
vt -4.902344 -1.114258
vt -4.648438 -1.117188
vt -4.640625 -1.113281
vt -4.640625 -1.111328
vt -4.632813 -1.106445
vt -1.060547 1.018555
vt -1.060547 1.014648
vt -1.051758 1.018555
vt -0.812988 0.999512
vt -0.812988 0.625000
vt -0.799805 0.625000
vt -0.812988 1.000977
vt -0.799805 1.012695
vt -0.791016 0.625000
vt -0.791016 1.012695
vt -0.791504 1.018555
vt -0.799805 1.018555
vt -1.051758 1.014648
vt -1.049805 0.627930
vt -1.060547 0.627930
vt -0.815918 1.004883
vt -0.818848 1.004883
vt -0.923828 1.004883
vt -1.028320 1.004883
vt -1.031250 1.004883
vt -1.034180 1.001953
vt -1.034180 0.999512
vt -1.034180 0.627930
vt -3.664063 -0.459473
vt -3.667969 -0.459961
vt -3.664063 -0.471680
vt -3.667969 -0.471680
vt -3.664063 -0.572754
vt -3.667969 -0.572754
vt -1.522461 -0.594238
vt -1.525391 -0.952148
vt -1.531250 -0.968750
vt -1.543945 -0.990723
vt -1.558594 -1.010742
vt -1.577148 -1.031250
vt -3.972656 -0.572754
vt -3.970703 -0.572754
vt -3.972656 -0.488281
vt -3.970703 -0.488281
vt -3.972656 -0.483398
vt -3.970703 -0.483398
vt -3.972656 -0.479004
vt -3.970703 -0.479004
vt -1.713867 -1.265625
vt -1.712891 -1.599609
vt -1.646484 -1.349609
vt -1.637695 -1.666016
vt -1.709961 -1.630859
vt -1.701172 -1.662109
vt -1.632813 -1.845703
vt -1.583008 -1.728516
vt -1.583008 -1.845703
vt -3.414063 -1.234375
vt -3.419922 -1.234375
vt -3.414063 -1.282227
vt -3.419922 -1.282227
vt -3.417969 -1.862305
vt -3.421875 -1.862305
vt -3.421875 -1.865234
vt -3.417969 -1.865234
vt -3.417969 -1.868164
vt -5.367188 -3.195313
vt -5.371094 -3.195313
vt -5.367188 -3.199219
vt -5.375000 -3.199219
vt -5.375000 -3.193359
vt -5.367188 -3.193359
vt -5.367188 -2.914063
vt -5.367188 -2.894531
vt -5.367188 -2.933594
vt -5.367188 -2.958984
vt -5.367188 -2.982422
vt -5.367188 -2.996094
vt -5.367188 -3.005859
vt -5.367188 -3.017578
vt -5.375000 -3.017578
vt -5.375000 -3.039063
vt -5.367188 -3.039063
vt -2.498047 -1.456055
vt -2.498047 -1.125977
vt -2.587891 -1.455078
vt -2.494141 -1.456055
vt -2.494141 -1.119141
vt -2.498047 -1.119141
vt -2.494141 -1.112305
vt -2.501953 -1.112305
vt -2.505859 -1.119141
vt -2.583984 -1.112305
vt -2.585938 -1.119141
vt -2.589844 -1.122070
vt -2.587891 -1.116211
vt -5.367188 -2.046875
vt -5.375000 -2.046875
vt -5.367188 -2.613281
vt -5.375000 -2.613281
vt -5.375000 -2.650391
vt -5.367188 -2.650391
vt -5.375000 -2.687500
vt -5.367188 -2.687500
vt -5.367188 -2.730469
vt -5.367188 -2.767578
vt -5.367188 -2.771484
vt -5.289063 -2.781250
vt -5.367188 -2.781250
vt -5.367188 -2.798828
vt -5.375000 -2.730469
vt -5.375000 -2.767578
vt -5.375000 -2.771484
vt -5.375000 -2.779297
vt -5.375000 -2.798828
vt -5.367188 -2.824219
vt -5.347656 -2.824219
vt -5.367188 -2.849609
vt -5.347656 -2.849609
vt -5.367188 -2.876953
vt -5.375000 -2.824219
vt -5.375000 -2.849609
vt -5.375000 -2.876953
vt -5.375000 -2.894531
vt -5.375000 -2.914063
vt -5.375000 -2.933594
vt -5.375000 -2.958984
vt -5.375000 -2.982422
vt -5.375000 -2.996094
vt -5.375000 -3.005859
vt -3.468750 -0.356445
vt -3.464844 -0.362793
vt -3.464844 -0.358154
vt -4.183594 -3.667969
vt -4.175781 -3.667969
vt -4.183594 -3.666016
vt -4.171875 -3.666016
vt -1.242188 -0.090637
vt -1.246094 -0.088440
vt -1.246094 -0.088379
vt -5.156250 -1.967773
vt -5.277344 -1.729492
vt -5.277344 -1.967773
vt -5.156250 -1.729492
vt -5.148438 -1.967773
vt -5.148438 -1.729492
vt -5.148438 -1.721680
vt -5.156250 -1.721680
vt -5.277344 -1.721680
vt -1.916992 -0.360107
vt -1.916992 -0.362549
vt -1.889648 -0.360107
vt -1.889648 -0.362549
vt -1.916992 -0.709961
vt -1.889648 -0.728027
vt -1.202148 0.359131
vt -1.202148 0.357178
vt -1.052734 0.359131
vt -1.051758 0.357178
vt -1.202148 -0.066956
vt -1.052734 -0.067932
vt -1.202148 -0.068970
vt -1.052734 -0.068970
vt -3.705078 -1.971680
vt -3.718750 -1.971680
vt -3.707031 -1.974609
vt -3.722656 -1.974609
vt -3.726563 -1.971680
vt -3.732422 -1.974609
vt -1.259766 0.396240
vt -1.232422 -0.042389
vt -1.233398 0.396240
vt -1.259766 -0.042389
vt -1.259766 -0.068970
vt -1.232422 -0.068970
vt -2.800781 -0.457031
vt -2.804688 -0.457031
vt -2.800781 -0.462158
vt -2.806641 -0.462158
vt -2.822266 -0.561523
vt -2.828125 -0.561035
vt -2.824219 -0.565430
vt -2.830078 -0.565918
vt -2.847656 -0.561035
vt -2.847656 -0.565918
vt -2.851563 -0.564941
vt -2.853516 -0.561035
vt -2.847656 -0.462158
vt -2.853516 -0.462158
vt -2.847656 -0.457031
vt -2.853516 -0.457031
vt -2.847656 -0.451416
vt -2.853516 -0.451416
vt -2.847656 -0.372803
vt -2.853516 -0.372803
vt -2.804688 -0.451416
vt -2.804688 -0.372803
vt -2.800781 -0.372803
vt -2.800781 -0.451416
vt -3.369141 -0.499268
vt -3.365234 -0.499268
vt -1.924805 -0.318359
vt -1.924805 -0.319092
vt -1.924805 -0.318848
vt -1.768555 -2.136719
vt -1.771484 -2.140625
vt -1.764648 -2.140625
vt -1.776367 -2.138672
vt -2.513672 -2.140625
vt -2.513672 -2.138672
vt -2.515625 -2.136719
vt -2.519531 -2.140625
vt -5.324219 -3.062500
vt -5.308594 -3.082031
vt -5.238281 -3.062500
vt -5.253906 -3.082031
vt -3.488281 -0.536621
vt -3.488281 -1.054688
vt -3.455078 -0.555664
vt -3.455078 -1.035156
vt -5.238281 -3.582031
vt -5.253906 -3.562500
vt -5.324219 -3.582031
vt -5.308594 -3.562500
vt -3.554688 -0.535156
vt -3.554688 -1.054688
vt -3.521484 -0.554688
vt -3.521484 -1.035156
vt -3.179688 -1.887695
vt -3.173828 -1.890625
vt -3.173828 -1.887695
vt -3.177734 -1.890625
vt -3.177734 -2.277344
vt -3.173828 -2.279297
vt -3.365234 -0.623047
vt -3.371094 -0.619141
vt -3.369141 -0.626953
vt -3.365234 -0.619141
vt -5.277344 -1.970703
vt -5.277344 -1.971680
vt -3.316406 -0.446045
vt -3.316406 -0.447510
vt -3.316406 -0.448975
vt -5.273438 -2.771484
vt -5.273438 -2.767578
vt -5.277344 -2.730469
vt -5.277344 -2.687500
vt -5.277344 -2.650391
vt -5.277344 -2.613281
vt -5.277344 -2.046875
vt -5.277344 -1.974609
vt -3.630859 -0.516113
vt -3.623047 -0.505859
vt -3.634766 -0.511719
vt -3.625000 -0.501953
vt -3.603516 -0.480469
vt -3.607422 -0.476563
vt -3.576172 -0.444336
vt -3.580078 -0.440430
vt -3.548828 -0.406494
vt -3.552734 -0.402344
vt -3.703125 -1.971680
vt -3.701172 -1.974609
vt -3.521484 -1.971680
vt -3.521484 -1.974609
vt -3.521484 -1.967773
vt -3.701172 -1.967773
vt -3.521484 -1.970703
vt -3.703125 -1.970703
vt -3.582031 -0.383057
vt -3.578125 -0.381348
vt -3.582031 -0.379395
vt -3.578125 -0.375732
vt -1.600586 -3.171875
vt -1.598633 -3.173828
vt -1.586914 -3.148438
vt -1.584961 -3.150391
vt -3.701172 -0.572754
vt -3.697266 -0.572754
vt -3.701172 -0.468750
vt -3.697266 -0.468750
vt -0.622070 0.180054
vt -0.623047 0.202515
vt -0.624023 0.180054
vt -0.624023 0.202515
vt -0.623047 0.598145
vt -0.623535 0.598145
vt -4.160156 -0.516113
vt -4.167969 -0.516113
vt -4.160156 -0.576172
vt -4.167969 -0.576172
vt -4.585938 -0.455078
vt -4.597656 -0.455078
vt -4.585938 -0.471680
vt -4.597656 -0.471680
vt -4.433594 -0.516113
vt -4.445313 -0.516113
vt -4.433594 -0.576172
vt -4.445313 -0.576172
vt -4.445313 -0.480225
vt -4.453125 -0.480225
vt -4.445313 -0.496826
vt -4.453125 -0.496826
vt -4.199219 -0.516113
vt -4.207031 -0.516113
vt -4.199219 -0.576172
vt -4.207031 -0.576172
vt -4.539063 -0.470703
vt -4.550781 -0.470703
vt -4.539063 -0.487061
vt -4.550781 -0.487061
vt -5.128906 -0.476807
vt -5.136719 -0.476807
vt -5.128906 -0.537109
vt -5.136719 -0.537109
vt -4.300781 -0.480225
vt -4.312500 -0.480225
vt -4.300781 -0.496826
vt -4.312500 -0.496826
vt -4.238281 -0.516113
vt -4.246094 -0.516113
vt -4.238281 -0.576172
vt -4.246094 -0.576172
vt -4.824219 -0.455078
vt -4.832031 -0.455078
vt -4.824219 -0.471680
vt -4.832031 -0.471680
vt -4.878906 -0.490967
vt -4.886719 -0.490967
vt -4.878906 -0.551270
vt -4.886719 -0.551270
vt -4.253906 -0.480225
vt -4.265625 -0.480225
vt -4.253906 -0.496826
vt -4.265625 -0.496826
vt -4.277344 -0.516113
vt -4.285156 -0.516113
vt -4.277344 -0.576172
vt -4.285156 -0.576172
vt -4.777344 -0.455078
vt -4.785156 -0.455078
vt -4.777344 -0.471680
vt -4.785156 -0.471680
vt -4.917969 -0.476807
vt -4.925781 -0.476807
vt -4.917969 -0.537109
vt -4.925781 -0.537109
vt -4.207031 -0.480225
vt -4.218750 -0.480225
vt -4.207031 -0.496826
vt -4.218750 -0.496826
vt -5.292969 -0.476807
vt -5.300781 -0.476807
vt -5.292969 -0.537109
vt -5.300781 -0.537109
vt -4.730469 -0.455078
vt -4.738281 -0.455078
vt -4.730469 -0.471680
vt -4.738281 -0.471680
vt -4.519531 -0.506348
vt -4.531250 -0.506348
vt -4.519531 -0.566895
vt -4.531250 -0.566895
vt -4.160156 -0.480225
vt -4.167969 -0.480225
vt -4.160156 -0.496826
vt -4.167969 -0.496826
vt -4.316406 -0.516113
vt -4.324219 -0.516113
vt -4.316406 -0.576172
vt -4.324219 -0.576172
vt -4.683594 -0.455078
vt -4.691406 -0.455078
vt -4.683594 -0.471680
vt -4.691406 -0.471680
vt -4.957031 -0.476807
vt -4.964844 -0.476807
vt -4.957031 -0.537109
vt -4.964844 -0.537109
vt -4.398438 -0.480225
vt -4.406250 -0.480225
vt -4.398438 -0.496826
vt -4.406250 -0.496826
vt -4.062500 -0.576172
vt -4.062500 -0.574707
vt -4.062500 -0.489258
vt -4.062500 -0.488281
vt -3.701172 -2.041016
vt -3.519531 -2.044922
vt -3.699219 -2.566406
vt -3.519531 -2.439453
vt -3.523438 -2.566406
vt -3.531250 -2.613281
vt -3.699219 -2.613281
vt -3.546875 -2.650391
vt -3.699219 -2.650391
vt -3.576172 -2.687500
vt -3.699219 -2.687500
vt -3.554688 -2.687500
vt -3.599609 -2.730469
vt -3.621094 -2.730469
vt -3.699219 -2.730469
vt -3.658203 -2.771484
vt -3.697266 -2.771484
vt -3.683594 -2.798828
vt -3.699219 -2.798828
vt -3.699219 -2.810547
vt -4.093750 -0.601074
vt -4.484375 -0.597168
vt -4.484375 -0.601074
vt -4.070313 -1.115234
vt -4.089844 -1.114258
vt -4.089844 -1.116211
vt -4.070313 -1.114258
vt -4.074219 -0.596680
vt -4.074219 -0.595703
vt -2.767578 -0.374023
vt -2.765625 -0.397949
vt -2.765625 -0.370850
vt -2.767578 -0.397949
vt -2.769531 -0.560547
vt -2.767578 -0.562500
vt -0.543945 0.181152
vt -0.542969 0.180176
vt -0.541992 0.183838
vt -0.529785 0.180054
vt -0.532227 0.183716
vt -0.533691 0.184692
vt -0.532227 0.589844
vt -0.533691 0.588867
vt -0.540527 0.582031
vt -0.540527 0.184937
vt -0.541992 0.583008
vt -3.826172 -0.472412
vt -3.810547 -0.488037
vt -3.824219 -0.471680
vt -3.810547 -0.491211
vt -3.783203 -0.515137
vt -3.783203 -0.518555
vt -3.757813 -0.542480
vt -3.757813 -0.545410
vt -3.732422 -0.569824
vt -3.732422 -0.572754
vt -5.089844 -0.457520
vt -5.105469 -0.433350
vt -5.093750 -0.455078
vt -5.109375 -0.434082
vt -5.343750 -2.785156
vt -5.292969 -2.781250
vt -5.289063 -2.785156
vt -2.625000 -0.585449
vt -2.626953 -0.585938
vt -5.179688 -0.457520
vt -5.183594 -0.430176
vt -5.183594 -0.456787
vt -1.501953 -3.525391
vt -1.501953 -3.527344
vt -1.522461 -3.525391
vt -1.524414 -3.527344
vt -1.397461 0.283936
vt -1.392578 0.283936
vt -1.391602 0.286133
vt -1.386719 0.286133
vt -2.535156 -0.212036
vt -2.541016 -0.212036
vt -2.535156 -0.421875
vt -2.541016 -0.421875
vt -1.932617 -0.238647
vt -1.931641 0.091553
vt -1.937500 -0.238647
vt -1.937500 0.091553
vt -3.837891 -0.452148
vt -3.830078 -0.446533
vt -3.837891 -0.447021
vt -3.830078 -0.441162
vt -2.632813 -3.916016
vt -2.632813 -3.914063
vt -3.144531 -3.916016
vt -3.144531 -3.914063
vt -2.802734 -3.708984
vt -3.183594 -3.708984
vt -2.828125 -3.677734
vt -3.187500 -3.677734
vt -2.851563 -3.646484
vt -3.187500 -3.646484
vt -2.917969 -3.562500
vt -3.187500 -3.314453
vt -2.917969 -3.314453
vt -2.917969 -3.265625
vt -3.193359 -3.265625
vt -3.177734 -2.681641
vt -3.173828 -2.679688
vt -3.177734 -2.285156
vt -3.173828 -2.283203
vt -0.623535 0.621094
vt -0.624512 0.621094
vt -0.625000 0.620605
vt -2.210938 -0.159058
vt -2.210938 -0.213867
vt -2.205078 -0.164063
vt -2.203125 -0.213257
vt -2.197266 -0.216553
vt -2.212891 -0.418213
vt -2.208984 -0.421875
vt -3.277344 -0.448975
vt -3.279297 -0.447510
vt -3.279297 -0.446045
vt -1.555664 -1.010742
vt -1.541016 -0.990723
vt -1.529297 -0.968750
vt -1.521484 -0.951660
vt -1.519531 -0.594238
vt -3.240234 -0.447266
vt -3.240234 -0.447754
vt -3.240234 -0.448975
vt -1.506836 -3.916016
vt -1.507813 -3.917969
vt -1.524414 -3.916016
vt -1.524414 -3.917969
vt -1.534180 -3.917969
vt -1.534180 -3.916016
vt -1.534180 -3.527344
vt -4.636719 -1.721680
vt -4.636719 -1.783203
vt -4.632813 -1.721680
vt -4.632813 -1.784180
vt -4.636719 -2.126953
vt -4.632813 -2.126953
vt -5.281250 -3.824219
vt -5.285156 -3.832031
vt -5.277344 -3.826172
vt -5.285156 -3.839844
vt -5.289063 -3.839844
vt -5.289063 -3.917969
vt -5.285156 -3.917969
vt -2.275391 -0.419678
vt -2.281250 -0.181519
vt -2.279297 -0.421875
vt -2.275391 -0.181519
vt -2.275391 -0.173462
vt -2.281250 -0.173462
vt -2.242188 -0.421875
vt -2.242188 -0.413818
vt -2.246094 -0.421875
vt -2.246094 -0.413818
vt -2.242188 -0.175659
vt -2.246094 -0.173462
vt -1.045898 -0.933105
vt -1.217773 -0.933105
vt -1.048828 -0.940918
vt -1.217773 -0.939941
vt -1.241211 -0.932617
vt -1.246094 -0.937988
vt -3.201172 -0.448975
vt -3.201172 -0.447754
vt -3.203125 -0.447266
vt -1.519531 -0.585938
vt -1.519531 -0.576660
vt -1.519531 -0.566895
vt -5.191406 -3.759766
vt -5.281250 -3.832031
vt -3.519531 -1.970703
vt -3.515625 -1.967773
vt -3.519531 -1.967773
vt -3.515625 -1.970703
vt -3.509766 -1.967773
vt -3.509766 -1.970703
vt -3.507813 -1.970703
vt -3.503906 -1.967773
vt -1.420898 -0.214478
vt -1.388672 -0.181885
vt -1.419922 -0.209595
vt -1.378906 0.261475
vt -1.388672 0.247070
vt -1.375977 -0.160645
vt -1.389648 0.244019
vt -1.388672 -0.176514
vt -1.375000 -0.163330
vt -1.389648 0.244141
vt -0.581055 0.613281
vt -0.580566 0.613281
vt -0.581055 0.614258
vt -0.573730 0.614258
vt -0.575195 0.613281
vt -0.573730 0.613281
vt -0.573730 1.022461
vt -0.575195 0.614258
vt -0.575195 1.022461
vt -0.579590 1.022461
vt -0.579590 0.614258
vt -0.580566 0.614258
vt -0.580566 1.022461
vt -0.581055 1.022461
vt -0.579590 0.613281
vt -1.764648 -3.015625
vt -1.740234 -2.990234
vt -1.764648 -2.990234
vt -1.740234 -3.015625
vt -1.758789 -3.042969
vt -1.743164 -3.042969
vt -1.758789 -3.044922
vt -1.743164 -3.060547
vt -1.758789 -3.060547
vt -1.743164 -3.080078
vt -1.578125 -3.080078
vt -1.578125 -3.099609
vt -1.578125 -3.060547
vt -1.578125 -3.042969
vt -1.578125 -3.015625
vt -1.578125 -2.990234
vt -1.805664 0.249756
vt -1.805664 0.248413
vt -1.502930 0.249756
vt -1.502930 0.248413
vt -1.805664 0.246826
vt -1.502930 0.246826
vt -3.263672 -1.202148
vt -3.169922 -1.202148
vt -3.164063 -1.202148
vt -2.976563 -1.868164
vt -2.976563 -1.744141
vt -2.976563 -1.717773
vt -2.976563 -1.202148
vt -3.160156 -1.202148
vt -3.164063 -1.195313
vt -3.167969 -1.192383
vt -3.263672 -1.192383
vt -3.265625 -1.192383
vt -3.265625 -1.202148
vt -3.160156 -1.192383
vt -2.976563 -1.192383
vt -4.964844 -0.438232
vt -4.964844 -0.456543
vt -4.964844 -0.438477
vt -4.964844 -0.457520
vt -1.617188 -3.451172
vt -1.619141 -3.451172
vt -1.618164 -3.453125
vt -1.620117 -3.453125
vt -1.627930 -3.480469
vt -1.628906 -3.480469
vt -1.627930 -3.542969
vt -1.628906 -3.542969
vt -1.619141 -3.570313
vt -1.617188 -3.570313
vt -1.618164 -3.572266
vt -1.616211 -3.572266
vt -1.618164 -3.576172
vt -1.616211 -3.576172
vt -1.618164 -3.580078
vt -1.616211 -3.580078
vt -1.618164 -3.910156
vt -1.616211 -3.910156
vt -1.618164 -3.916016
vt -1.616211 -3.916016
vt -1.572266 -3.046875
vt -1.576172 -3.046875
vt -1.572266 -3.064453
vt -1.576172 -3.064453
vt -1.572266 -3.083984
vt -1.576172 -3.083984
vt -1.572266 -3.103516
vt -1.576172 -3.103516
vt -1.576172 -3.126953
vt -1.580078 -3.126953
vt -1.582031 -3.150391
vt -1.594727 -3.173828
vt -1.615234 -3.207031
vt -1.617188 -3.207031
vt -1.617188 -3.447266
vt -1.619141 -3.447266
vt -1.572266 -2.990234
vt -1.576172 -2.990234
vt -1.571289 -3.019531
vt -1.576172 -3.019531
vt -1.312500 0.228882
vt -1.312500 0.223511
vt -1.297852 0.210815
vt -1.299805 0.207642
vt -1.344727 0.261230
vt -1.343750 0.256592
vt -1.313477 -0.197021
vt -1.312500 -0.200073
vt -1.302734 -0.214478
vt -1.314453 -0.197021
vt -0.581543 0.180054
vt -0.581543 0.593750
vt -0.585938 0.183716
vt -0.585938 0.589844
vt -1.764648 -2.923828
vt -1.771484 -2.923828
vt -1.764648 -2.929688
vt -1.771484 -2.896484
vt -1.764648 -2.896484
vt -1.771484 -2.853516
vt -1.764648 -2.853516
vt -1.771484 -2.816406
vt -1.764648 -2.816406
vt -1.771484 -2.929688
vt -1.764648 -2.937500
vt -1.792969 -2.929688
vt -1.792969 -2.925781
vt -1.793945 -2.896484
vt -1.793945 -2.853516
vt -1.794922 -2.816406
vt -1.771484 -2.779297
vt -1.764648 -2.779297
vt -1.794922 -2.779297
vt -1.764648 -2.732422
vt -1.764648 -2.207031
vt -1.771484 -2.207031
vt -2.513672 -2.212891
vt -2.513672 -2.779297
vt -2.513672 -2.816406
vt -2.509766 -2.853516
vt -2.486328 -2.896484
vt -2.458984 -2.933594
vt -2.453125 -2.937500
vt -2.447266 -2.943359
vt -1.792969 -2.937500
vt -2.519531 -2.212891
vt -2.453125 -2.945313
vt -2.460938 -2.937500
vt -2.464844 -2.933594
vt -2.494141 -2.896484
vt -2.515625 -2.853516
vt -2.519531 -2.816406
vt -2.519531 -2.779297
vt -1.758789 -3.099609
vt -1.743164 -3.099609
vt -1.758789 -3.080078
vt -1.767578 -3.080078
vt -1.766602 -3.060547
vt -2.314453 -3.080078
vt -2.328125 -3.060547
vt -2.322266 -3.080078
vt -2.335938 -3.060547
vt -2.345703 -3.042969
vt -2.351563 -3.042969
vt -2.373047 -3.015625
vt -2.378906 -3.015625
vt -2.398438 -2.990234
vt -2.406250 -2.990234
vt -2.425781 -2.964844
vt -2.433594 -2.964844
vt -1.760742 -3.042969
vt -1.780273 -3.017578
vt -1.791016 -2.990234
vt -1.791992 -2.964844
vt -1.770508 -3.017578
vt -1.771484 -2.990234
vt -1.771484 -2.964844
vt -1.771484 -2.937500
vt -1.764648 -2.964844
vt -1.764648 -3.017578
vt -1.582031 -3.125000
vt -1.621094 -3.447266
vt -1.620117 -3.207031
vt -1.744141 -3.447266
vt -1.621094 -3.451172
vt -1.744141 -3.451172
vt -1.622070 -3.455078
vt -1.744141 -3.455078
vt -1.630859 -3.482422
vt -1.744141 -3.541016
vt -1.744141 -3.568359
vt -1.630859 -3.541016
vt -1.744141 -3.482422
vt -2.285156 -3.482422
vt -2.285156 -3.447266
vt -1.756836 -3.207031
vt -1.758789 -3.171875
vt -1.741211 -3.148438
vt -1.746094 -3.125000
vt -2.304688 -3.099609
vt -1.768555 -3.099609
vt -2.294922 -3.125000
vt -2.291016 -3.148438
vt -2.287109 -3.162109
vt -2.310547 -3.099609
vt -2.302734 -3.125000
vt -2.296875 -3.148438
vt -2.296875 -3.162109
vt -2.294922 -3.171875
vt -2.287109 -3.171875
vt -2.294922 -3.910156
vt -2.285156 -3.910156
vt -2.294922 -3.576172
vt -2.294922 -3.917969
vt -2.285156 -3.917969
vt -1.771484 -3.917969
vt -1.771484 -3.910156
vt -2.294922 -3.183594
vt -2.285156 -3.183594
vt -2.294922 -3.207031
vt -2.285156 -3.207031
vt -2.294922 -3.482422
vt -2.294922 -3.535156
vt -2.285156 -3.535156
vt -2.285156 -3.578125
vt -1.744141 -3.580078
vt -1.744141 -3.910156
vt -1.744141 -3.917969
vt -1.621094 -3.568359
vt -1.744141 -3.572266
vt -1.620117 -3.572266
vt -1.620117 -3.917969
vt -1.620117 -3.910156
vt -1.620117 -3.580078
vt -1.620117 -3.576172
vt -1.744141 -3.576172
vt -4.945313 -0.557617
vt -5.367188 -0.558105
vt -4.945313 -0.558594
vt -5.367188 -0.559082
vt -4.941406 -0.559082
vt -4.945313 -0.560059
vt -5.367188 -0.561035
vt -4.941406 -0.556641
vt -4.941406 -0.559570
vt -4.960938 -1.094727
vt -4.960938 -0.579102
vt -5.375000 -0.579102
vt -5.371094 -1.094727
vt -5.367188 -1.114258
vt -4.945313 -1.114258
vt -4.941406 -1.113281
vt -4.941406 -1.117188
vt -2.916016 -3.210938
vt -2.916016 -3.220703
vt -2.916016 -3.265625
vt -2.916016 -3.314453
vt -2.916016 -3.562500
vt -2.845703 -3.648438
vt -2.822266 -3.677734
vt -2.814453 -3.677734
vt -2.796875 -3.707031
vt -2.791016 -3.705078
vt -2.625000 -3.914063
vt -2.619141 -3.914063
vt -2.625000 -3.916016
vt -2.617188 -3.916016
vt -3.121094 -2.683594
vt -2.916016 -3.001953
vt -2.916016 -3.017578
vt -2.916016 -3.039063
vt -2.916016 -3.058594
vt -2.916016 -3.080078
vt -2.916016 -3.183594
vt -2.916016 -3.195313
vt -2.916016 -3.203125
vt -3.167969 -1.890625
vt -3.167969 -1.887695
vt -3.125000 -2.679688
vt -3.414063 -2.281250
vt -3.414063 -2.279297
vt -3.423828 -2.281250
vt -3.423828 -2.279297
vt -3.468750 -2.281250
vt -3.468750 -2.279297
vt -0.683105 0.180054
vt -0.658203 0.602051
vt -0.986328 0.180054
vt -1.010742 0.602051
vt -0.656250 0.604980
vt -1.012695 0.605469
vt -5.246094 -2.798828
vt -5.242188 -2.798828
vt -5.207031 -2.824219
vt -5.203125 -2.824219
vt -5.171875 -2.849609
vt -5.167969 -2.849609
vt -5.156250 -2.876953
vt -5.152344 -2.876953
vt -5.156250 -2.894531
vt -5.152344 -2.894531
vt -5.156250 -2.914063
vt -5.152344 -2.914063
vt -5.156250 -2.933594
vt -5.152344 -2.933594
vt -5.156250 -2.958984
vt -5.152344 -2.958984
vt -5.156250 -2.982422
vt -5.152344 -2.982422
vt -5.156250 -2.996094
vt -5.152344 -2.996094
vt -5.156250 -3.005859
vt -5.152344 -3.005859
vt -5.156250 -3.017578
vt -5.152344 -3.017578
vt -5.152344 -3.039063
vt -5.156250 -3.039063
vt -5.152344 -3.798828
vt -5.156250 -3.798828
vt -5.152344 -3.800781
vt -5.156250 -3.802734
vt -4.484375 -2.736328
vt -4.484375 -3.593750
vt -4.484375 -3.666016
vt -1.502930 0.264160
vt -1.805664 0.264160
vt -1.744141 0.646484
vt -1.769531 0.627930
vt -1.744141 0.283691
vt -1.769531 0.283691
vt -2.845703 -1.272461
vt -2.849609 -1.273438
vt -2.845703 -1.284180
vt -2.847656 -1.285156
vt -2.861328 -1.804688
vt -2.851563 -1.804688
vt -2.939453 -1.196289
vt -2.857422 -1.796875
vt -2.849609 -1.796875
vt -2.855469 -1.278320
vt -2.855469 -1.236328
vt -2.851563 -1.231445
vt -2.869141 -1.207031
vt -2.867188 -1.201172
vt -2.882813 -1.200195
vt -2.880859 -1.194336
vt -2.896484 -1.193359
vt -2.896484 -1.186523
vt -2.937500 -1.194336
vt -2.933594 -1.193359
vt -2.929688 -1.192383
vt -2.900391 -1.188477
vt -2.906250 -1.187500
vt -2.900391 -1.182617
vt -2.904297 -1.187500
vt -2.908203 -1.181641
vt -2.933594 -1.186523
vt -2.939453 -1.187500
vt -2.943359 -1.188477
vt -2.943359 -1.191406
vt -2.904297 -1.180664
vt -2.871094 -1.084961
vt -2.871094 -1.087891
vt -2.869141 -1.088867
vt -2.869141 -1.092773
vt -1.814453 0.283691
vt -1.809570 0.283691
vt -1.815430 0.613770
vt -1.809570 0.613770
vt -1.814453 0.623535
vt -1.808594 0.623535
vt -1.810547 0.632813
vt -1.805664 0.633301
vt -1.804688 0.641113
vt -1.799805 0.641113
vt -2.917969 -3.220703
vt -2.917969 -3.210938
vt -2.917969 -3.203125
vt -2.917969 -3.195313
vt -2.917969 -3.183594
vt -2.917969 -3.080078
vt -2.917969 -3.058594
vt -2.917969 -3.039063
vt -2.917969 -3.017578
vt -2.919922 -3.000000
vt -3.669922 -0.640137
vt -4.035156 -0.598633
vt -4.031250 -0.614746
vt -4.031250 -0.592285
vt -3.630859 -0.595703
vt -3.632813 -0.592285
vt -4.035156 -0.595703
vt -4.035156 -0.597168
vt -3.630859 -0.596680
vt -3.630859 -0.597656
vt -3.630859 -1.112305
vt -3.666016 -1.079102
vt -3.671875 -1.106445
vt -4.035156 -1.111328
vt -4.035156 -1.105469
vt -3.230469 -3.914063
vt -3.228516 -3.916016
vt -3.199219 -3.914063
vt -3.197266 -3.916016
vt -3.156250 -3.914063
vt -3.156250 -3.916016
vt -3.193359 -3.707031
vt -3.238281 -3.708984
vt -3.197266 -3.677734
vt -3.242188 -3.677734
vt -3.199219 -3.646484
vt -3.244141 -3.646484
vt -3.199219 -3.314453
vt -3.244141 -3.314453
vt -3.205078 -3.265625
vt -3.250000 -3.265625
vt -3.222656 -3.220703
vt -3.269531 -3.220703
vt -3.230469 -3.210938
vt -3.275391 -3.210938
vt -3.236328 -3.201172
vt -3.281250 -3.201172
vt -3.244141 -3.193359
vt -3.289063 -3.193359
vt -3.226563 -3.195313
vt -3.220703 -3.203125
vt -3.216797 -3.210938
vt -3.210938 -3.220703
vt -3.238281 -3.183594
vt -3.347656 -3.080078
vt -3.365234 -3.058594
vt -3.382813 -3.039063
vt -3.396484 -3.017578
vt -3.410156 -3.017578
vt -3.396484 -3.039063
vt -3.380859 -3.058594
vt -3.365234 -3.080078
vt -3.255859 -3.183594
vt -3.460938 -3.000000
vt -3.423828 -2.285156
vt -3.468750 -2.285156
vt -3.404297 -3.000000
vt -3.416016 -3.000000
vt -3.296875 -3.183594
vt -3.406250 -3.080078
vt -3.423828 -3.058594
vt -3.441406 -3.039063
vt -3.453125 -3.017578
vt -3.414063 -2.285156
vt -3.123047 -2.681641
vt -1.780273 -1.700195
vt -1.776367 -1.702148
vt -1.776367 -1.695313
vt -1.780273 -1.695313
vt -1.776367 -1.364258
vt -1.780273 -1.364258
vt -1.776367 -1.359375
vt -1.780273 -1.359375
vt -1.780273 -1.356445
vt -1.776367 -1.355469
vt -1.776367 -1.352539
vt -1.781250 -1.353516
vt -1.781250 -1.326172
vt -1.786133 -1.326172
vt -1.781250 -1.265625
vt -1.786133 -1.264648
vt -1.781250 -1.237305
vt -1.776367 -1.238281
vt -1.780273 -1.235352
vt -1.776367 -1.235352
vt -1.776367 -1.232422
vt -1.780273 -1.232422
vt -1.776367 -0.990234
vt -1.780273 -0.990234
vt -1.780273 -0.957520
vt -1.776367 -0.956543
vt -1.791016 -0.934570
vt -1.788086 -0.932129
vt -1.812500 -0.911621
vt -1.809570 -0.908691
vt -1.842773 -0.887207
vt -1.839844 -0.883301
vt -1.866211 -0.863770
vt -1.869141 -0.867188
vt -1.895508 -0.848145
vt -1.892578 -0.844238
vt -1.916016 -0.826660
vt -1.918945 -0.830078
vt -1.950195 -0.800781
vt -1.953125 -0.804199
vt -1.988281 -0.774414
vt -1.990234 -0.767090
vt -3.875000 -0.451416
vt -3.880859 -0.450195
vt -3.875000 -0.453857
vt -3.886719 -0.453857
vt -3.886719 -0.441406
vt -3.882813 -0.441406
vt -5.250000 -0.420898
vt -5.250000 -0.421387
vt -5.218750 -0.457520
vt -5.222656 -0.457520
vt -3.855469 -0.572754
vt -3.855469 -0.551270
vt -3.896484 -0.526367
vt -3.896484 -0.512695
vt -3.923828 -0.495605
vt -3.923828 -0.487305
vt -3.941406 -0.473145
vt -3.937500 -0.473389
vt -1.533203 -1.135742
vt -1.541016 -1.144531
vt -1.547852 -1.153320
vt -1.553711 -1.162109
vt -1.560547 -1.172852
vt -1.576172 -1.217773
vt -1.528320 -3.179688
vt -1.528320 -3.189453
vt -1.520508 -3.181641
vt -1.521484 -3.189453
vt -1.528320 -3.197266
vt -1.521484 -3.197266
vt -1.531250 -3.521484
vt -1.524414 -3.521484
vt -1.501953 -3.521484
vt -1.498047 -3.197266
vt -1.498047 -3.189453
vt -1.497070 -3.179688
vt -1.520508 -3.166016
vt -1.497070 -3.166016
vt -1.517578 -2.806641
vt -1.492188 -2.806641
vt -1.509766 -2.789063
vt -1.484375 -2.789063
vt -1.003906 -3.521484
vt -1.004883 -3.187500
vt -1.003906 -3.179688
vt -1.000000 -3.169922
vt -0.994629 -3.160156
vt -0.621582 -2.802734
vt -0.611328 -2.785156
vt -1.469727 -2.767578
vt -0.595703 -2.763672
vt -1.453125 -2.746094
vt -0.589844 -2.744141
vt -1.495117 -2.767578
vt -1.477539 -2.746094
vt -0.583496 -2.619141
vt -1.329102 -2.621094
vt -0.583496 -2.722656
vt -1.436523 -2.726563
vt -1.460938 -2.726563
vt -1.469727 -2.726563
vt -1.486328 -2.746094
vt -1.502930 -2.767578
vt -1.514648 -2.789063
vt -1.524414 -2.806641
vt -1.527344 -3.166016
vt -1.256836 -1.889648
vt -1.256836 -1.891602
vt -0.582031 -2.488281
vt -1.275391 -2.492188
vt -0.582031 -2.537109
vt -1.282227 -2.539063
vt -0.584473 -2.582031
vt -1.299805 -2.583984
vt -0.584473 -2.591797
vt -1.308594 -2.595703
vt -0.584473 -2.601563
vt -1.313477 -2.603516
vt -0.584473 -2.609375
vt -1.318359 -2.609375
vt -1.350586 -2.621094
vt -1.339844 -2.609375
vt -1.333984 -2.603516
vt -1.329102 -2.595703
vt -1.320313 -2.583984
vt -1.301758 -2.539063
vt -1.294922 -2.492188
vt -1.289063 -2.095703
vt -1.349609 -2.609375
vt -1.361328 -2.621094
vt -1.345703 -2.603516
vt -1.340820 -2.597656
vt -1.332031 -2.583984
vt -1.312500 -2.539063
vt -1.306641 -2.492188
vt -1.293945 -2.158203
vt -1.291992 -2.126953
vt -1.300781 -2.095703
vt -1.262695 -1.891602
vt -1.259766 -1.888672
vt -1.306641 -2.158203
vt -1.304688 -2.126953
vt -5.191406 -2.914063
vt -5.191406 -2.933594
vt -5.191406 -2.958984
vt -5.191406 -2.982422
vt -5.191406 -2.996094
vt -5.191406 -3.005859
vt -5.191406 -3.017578
vt -5.191406 -3.039063
vt -5.191406 -3.607422
vt -5.191406 -3.757813
vt -5.269531 -2.798828
vt -5.234375 -2.824219
vt -5.265625 -2.798828
vt -5.230469 -2.824219
vt -5.203125 -2.849609
vt -5.199219 -2.849609
vt -5.191406 -2.876953
vt -5.191406 -2.894531
vt -2.931641 -0.457031
vt -2.937500 -0.451416
vt -2.937500 -0.457031
vt -2.935547 -0.462158
vt -2.929688 -0.462158
vt -2.914063 -0.561523
vt -2.908203 -0.561035
vt -2.912109 -0.565430
vt -2.908203 -0.565918
vt -2.888672 -0.561035
vt -2.888672 -0.565918
vt -2.884766 -0.564941
vt -2.882813 -0.561035
vt -2.882813 -0.462158
vt -2.888672 -0.462158
vt -2.882813 -0.457031
vt -2.888672 -0.457031
vt -2.882813 -0.451416
vt -2.888672 -0.451416
vt -2.882813 -0.372803
vt -2.888672 -0.372803
vt -2.931641 -0.372803
vt -2.931641 -0.451416
vt -2.937500 -0.372803
vt -5.343750 -3.917969
vt -5.347656 -3.917969
vt -4.636719 -0.579590
vt -4.644531 -0.579590
vt -4.636719 -0.587402
vt -4.664063 -0.579102
vt -4.804688 -0.575684
vt -4.636719 -0.603516
vt -4.632813 -0.603516
vt -4.632813 -0.586914
vt -4.632813 -0.576660
vt -4.644531 -0.576660
vt -4.664063 -0.576172
vt -4.800781 -0.573242
vt -4.812500 -0.570801
vt -4.812500 -0.574219
vt -4.824219 -0.577637
vt -4.832031 -0.579590
vt -4.824219 -0.574707
vt -4.871094 -0.592285
vt -4.894531 -0.624512
vt -4.867188 -0.594238
vt -4.851563 -0.584961
vt -4.851563 -0.587402
vt -4.832031 -0.576660
vt -4.906250 -0.679199
vt -4.906250 -0.669434
vt -4.894531 -0.625488
vt -4.902344 -0.918945
vt -4.906250 -0.913086
vt -4.910156 -0.679199
vt -4.910156 -0.668457
vt -4.910156 -0.913574
vt -2.763672 -0.565918
vt -2.761719 -0.397949
vt -2.761719 -0.369385
vt -2.724609 -1.454102
vt -2.716797 -1.125000
vt -2.720703 -1.119141
vt -2.716797 -1.119141
vt -2.720703 -1.112305
vt -2.712891 -1.112305
vt -2.708984 -1.119141
vt -2.591797 -1.112305
vt -2.593750 -1.119141
vt -2.716797 -1.454102
vt -2.716797 -1.852539
vt -2.720703 -1.852539
vt -2.716797 -1.861328
vt -2.720703 -1.868164
vt -2.712891 -1.868164
vt -2.708984 -1.861328
vt -2.695313 -1.868164
vt -2.693359 -1.863281
vt -2.695313 -1.852539
vt -2.691406 -1.863281
vt -2.691406 -1.852539
vt -2.707031 -1.852539
vt -2.511719 -1.868164
vt -2.515625 -1.861328
vt -2.691406 -1.868164
vt -2.498047 -1.852539
vt -2.494141 -1.858398
vt -2.498047 -1.861328
vt -2.494141 -1.868164
vt -2.500000 -1.868164
vt -2.503906 -1.861328
vt -2.505859 -1.868164
vt -2.509766 -1.861328
vt -2.509766 -1.868164
vt -2.513672 -1.861328
vt -3.742188 -2.849609
vt -3.775391 -2.876953
vt -3.730469 -2.763672
vt -3.730469 -2.771484
vt -3.724609 -2.765625
vt -3.724609 -2.771484
vt -3.730469 -2.798828
vt -3.722656 -2.730469
vt -3.732422 -2.757813
vt -3.724609 -2.757813
vt -3.707031 -2.771484
vt -3.724609 -2.798828
vt -3.726563 -2.824219
vt -3.734375 -2.824219
vt -3.744141 -2.849609
vt -3.748047 -2.849609
vt -3.707031 -2.820313
vt -3.707031 -2.798828
vt -3.707031 -2.730469
vt -3.707031 -2.687500
vt -3.722656 -2.687500
vt -3.722656 -2.650391
vt -3.707031 -2.650391
vt -3.722656 -2.613281
vt -3.707031 -2.613281
vt -3.707031 -2.566406
vt -3.732422 -2.041016
vt -3.722656 -2.041016
vt -3.707031 -2.041016
vt -3.722656 -2.566406
vt -3.730469 -2.613281
vt -3.730469 -2.650391
vt -3.732422 -2.687500
vt -3.732422 -2.730469
vt -3.732422 -2.566406
vt -3.384766 -1.192383
vt -3.298828 -1.192383
vt -3.296875 -1.192383
vt -3.296875 -1.202148
vt -1.574219 -1.031250
vt -1.402344 -1.031250
vt -1.692383 -1.132813
vt -1.703125 -1.144531
vt -1.708984 -1.152344
vt -1.712891 -1.162109
vt -1.713867 -1.172852
vt -1.713867 -1.217773
vt -1.583008 -1.265625
vt -1.520508 -0.236694
vt -1.310547 -0.236694
vt -1.310547 -0.566895
vt -1.310547 -0.576660
vt -1.310547 -0.585938
vt -1.310547 -0.594238
vt -1.313477 -0.952148
vt -1.326172 -0.968750
vt -1.349609 -0.990723
vt -1.376953 -1.010742
vt -0.767090 -0.229492
vt -0.750000 -0.231689
vt -0.748535 -0.229492
vt -0.767578 -0.231689
vt -0.787109 -0.231689
vt -0.787109 -0.229492
vt -0.794434 -0.231689
vt -0.794434 -0.229492
vt -0.807129 -0.231689
vt -0.807129 -0.229492
vt -0.817871 -0.229492
vt -0.817871 -0.231689
vt -0.957031 -0.229492
vt -0.957031 -0.231567
vt -0.974609 -0.229492
vt -0.974609 -0.231567
vt -3.914063 -3.039063
vt -3.906250 -3.005859
vt -3.914063 -3.005859
vt -3.902344 -2.982422
vt -3.894531 -2.982422
vt -3.880859 -2.958984
vt -3.873047 -2.958984
vt -3.849609 -2.933594
vt -3.841797 -2.933594
vt -3.824219 -2.914063
vt -3.816406 -2.914063
vt -3.796875 -2.894531
vt -3.789063 -2.894531
vt -3.773438 -2.876953
vt -3.765625 -2.876953
vt -3.740234 -2.849609
vt -3.732422 -2.849609
vt -3.703125 -2.818359
vt -3.701172 -2.824219
vt -3.675781 -2.798828
vt -3.667969 -2.798828
vt -3.644531 -2.771484
vt -3.636719 -2.771484
vt -3.591797 -2.730469
vt -3.515625 -3.005859
vt -3.515625 -2.982422
vt -3.515625 -2.958984
vt -3.515625 -2.933594
vt -3.515625 -2.798828
vt -3.515625 -2.771484
vt -3.515625 -2.730469
vt -3.546875 -2.687500
vt -3.503906 -2.771484
vt -3.503906 -2.798828
vt -3.503906 -2.933594
vt -3.503906 -2.958984
vt -3.503906 -2.982422
vt -3.503906 -3.005859
vt -3.906250 -3.039063
vt -3.914063 -3.072266
vt -3.515625 -2.687500
vt -3.503906 -2.730469
vt -3.503906 -2.687500
vt -3.511719 -2.650391
vt -3.503906 -2.650391
vt -3.521484 -2.650391
vt -3.513672 -2.613281
vt -3.509766 -2.613281
vt -3.503906 -2.613281
vt -3.509766 -2.484375
vt -3.503906 -2.505859
vt -3.503906 -2.484375
vt -3.509766 -2.505859
vt -3.503906 -2.527344
vt -3.509766 -2.527344
vt -3.503906 -2.548828
vt -3.509766 -2.548828
vt -3.503906 -2.566406
vt -3.509766 -2.566406
vt -3.513672 -2.566406
vt -3.519531 -2.613281
vt -3.529297 -2.650391
vt -3.503906 -1.974609
vt -3.509766 -1.974609
vt -3.503906 -2.044922
vt -3.509766 -2.044922
vt -3.503906 -2.439453
vt -3.509766 -2.439453
vt -3.503906 -2.462891
vt -3.509766 -2.462891
vt -3.515625 -1.974609
vt -3.519531 -1.974609
vt -3.515625 -2.044922
vt -3.513672 -2.439453
vt -3.517578 -2.439453
vt -3.519531 -2.548828
vt -3.513672 -2.548828
vt -3.519531 -2.527344
vt -3.513672 -2.527344
vt -3.519531 -2.505859
vt -3.513672 -2.505859
vt -3.519531 -2.484375
vt -3.519531 -2.566406
vt -3.513672 -2.484375
vt -3.513672 -2.462891
vt -3.519531 -2.462891
vt -0.726563 -0.231689
vt -0.750000 -0.234253
vt -0.726563 -0.234253
vt -0.767578 -0.234253
vt -0.787109 -0.234253
vt -0.794434 -0.234253
vt -0.807129 -0.234253
vt -0.817871 -0.234253
vt -0.957031 -0.234253
vt -0.974609 -0.234253
vt -0.983398 -0.231323
vt -0.983398 -0.234375
vt -3.906250 -3.753906
vt -3.906250 -3.746094
vt -3.906250 -3.414063
vt -3.900391 -3.375000
vt -3.886719 -3.375000
vt -3.900391 -3.314453
vt -3.902344 -3.388672
vt -3.906250 -3.402344
vt -3.906250 -3.406250
vt -3.906250 -3.408203
vt -3.914063 -3.414063
vt -3.914063 -3.744141
vt -3.914063 -3.751953
vt -3.738281 -3.314453
vt -3.720703 -3.375000
vt -3.720703 -3.314453
vt -3.738281 -3.375000
vt -3.705078 -3.375000
vt -3.705078 -3.314453
vt -3.753906 -3.314453
vt -3.804688 -3.314453
vt -3.787109 -3.375000
vt -3.787109 -3.314453
vt -3.804688 -3.375000
vt -3.771484 -3.375000
vt -3.753906 -3.375000
vt -3.771484 -3.314453
vt -3.820313 -3.314453
vt -3.871094 -3.314453
vt -3.853516 -3.375000
vt -3.853516 -3.314453
vt -3.871094 -3.375000
vt -3.837891 -3.375000
vt -3.820313 -3.375000
vt -3.837891 -3.314453
vt -3.886719 -3.314453
vt -3.906250 -3.072266
vt -3.906250 -3.281250
vt -3.906250 -3.285156
vt -3.906250 -3.289063
vt -3.902344 -3.300781
vt -3.914063 -3.281250
vt -3.914063 -3.285156
vt -3.914063 -3.289063
vt -3.910156 -3.300781
vt -3.908203 -3.314453
vt -3.908203 -3.375000
vt -3.910156 -3.388672
vt -3.914063 -3.402344
vt -3.914063 -3.406250
vt -3.914063 -3.408203
vt -3.521484 -1.729492
vt -3.701172 -1.729492
vt -3.521484 -1.721680
vt -3.701172 -1.721680
vt -3.515625 -1.729492
vt -3.509766 -1.729492
vt -3.503906 -1.729492
vt -3.503906 -1.721680
vt -3.509766 -1.721680
vt -3.515625 -1.721680
vt -5.152344 -1.971680
vt -5.152344 -1.970703
vt -5.156250 -1.971680
vt -5.156250 -1.970703
vt -4.175781 -3.669922
vt -4.183594 -3.669922
vt -0.610840 1.025391
vt -0.610840 0.617676
vt -0.624023 1.025391
vt -0.625488 1.024414
vt -0.625977 1.023438
vt -2.166016 -0.136230
vt -2.167969 -0.136230
vt -4.628906 -2.128906
vt -4.628906 -2.134766
vt -4.753906 -0.551270
vt -4.738281 -0.551270
vt -4.753906 -0.490967
vt -4.738281 -0.490967
vt -4.707031 -0.551270
vt -4.691406 -0.551270
vt -4.707031 -0.490967
vt -4.691406 -0.490967
vt -4.664063 -0.551270
vt -4.644531 -0.551270
vt -4.664063 -0.490967
vt -4.644531 -0.490967
vt -4.617188 -0.551270
vt -4.597656 -0.551270
vt -4.617188 -0.490967
vt -4.597656 -0.490967
vt -5.050781 -0.537109
vt -5.035156 -0.537109
vt -5.050781 -0.476807
vt -5.035156 -0.476807
vt -5.261719 -0.537109
vt -5.246094 -0.537109
vt -5.261719 -0.476807
vt -5.246094 -0.476807
vt -3.705078 -2.820313
vt -3.701172 -2.816406
vt -3.705078 -2.798828
vt -3.701172 -2.798828
vt -3.705078 -2.771484
vt -3.699219 -2.771484
vt -3.701172 -2.730469
vt -3.705078 -2.730469
vt -3.718750 -1.970703
vt -3.726563 -1.970703
vt -3.705078 -1.970703
vt -3.701172 -2.687500
vt -3.705078 -2.687500
vt -3.701172 -2.650391
vt -3.705078 -2.650391
vt -3.701172 -2.613281
vt -3.705078 -2.613281
vt -3.701172 -2.566406
vt -3.705078 -2.566406
vt -3.703125 -2.041016
vt -3.705078 -2.041016
vt -3.703125 -1.729492
vt -3.705078 -1.729492
vt -3.703125 -1.721680
vt -3.705078 -1.721680
vt -3.519531 -1.971680
vt -3.519531 -1.969727
vt -3.515625 -1.971680
vt -3.509766 -1.971680
vt -3.507813 -1.971680
vt -1.776367 -2.136719
vt -2.513672 -2.136719
vt -4.171875 -3.595703
vt -4.171875 -3.177734
vt -4.179688 -3.177734
vt -4.171875 -3.199219
vt -4.183594 -3.199219
vt -4.183594 -3.595703
vt -4.105469 -3.072266
vt -4.117188 -3.072266
vt -4.125000 -3.091797
vt -4.132813 -3.091797
vt -4.140625 -3.111328
vt -4.152344 -3.111328
vt -4.152344 -3.132813
vt -4.164063 -3.132813
vt -4.164063 -3.154297
vt -4.171875 -3.154297
vt -4.066406 -3.025391
vt -4.031250 -2.988281
vt -3.976563 -2.632813
vt -3.968750 -2.632813
vt -3.957031 -2.658203
vt -3.947266 -2.658203
vt -3.947266 -2.681641
vt -3.957031 -2.681641
vt -3.947266 -2.707031
vt -3.957031 -2.707031
vt -3.947266 -2.841797
vt -3.996094 -2.953125
vt -3.968750 -2.908203
vt -3.957031 -2.867188
vt -3.957031 -2.841797
vt -3.947266 -2.867188
vt -3.958984 -2.908203
vt -3.986328 -2.953125
vt -4.019531 -2.988281
vt -4.058594 -3.025391
vt -2.519531 -2.132813
vt -2.513672 -2.132813
vt -1.771484 -2.132813
vt -1.764648 -2.132813
vt -5.367188 -3.917969
vt -5.375000 -3.917969
vt -3.693359 -0.441406
vt -3.695313 -0.441406
vt -4.019531 -1.697266
vt -4.019531 -1.137695
vt -4.039063 -1.697266
vt -4.039063 -1.137695
vt -4.015625 -1.137695
vt -4.015625 -1.697266
vt -4.015625 -1.701172
vt -4.019531 -1.702148
vt -4.039063 -1.702148
vt -4.042969 -1.701172
vt -4.042969 -1.697266
vt -4.042969 -1.137695
vt -4.042969 -1.133789
vt -4.039063 -1.132813
vt -4.019531 -1.132813
vt -4.015625 -1.133789
vt -2.585938 -1.092773
vt -2.582031 -0.791992
vt -2.582031 -1.092773
vt -3.732422 -1.721680
vt -3.732422 -1.729492
vt -3.722656 -1.721680
vt -3.707031 -1.967773
vt -3.707031 -1.729492
vt -3.722656 -1.967773
vt -3.722656 -1.729492
vt -3.707031 -1.721680
vt -3.732422 -1.967773
vt -1.389648 0.245605
vt -1.313477 -0.198608
vt -3.373047 -1.160156
vt -3.373047 -1.159180
vt -3.373047 -0.646973
vt -3.373047 -0.645996
vt -2.964844 -0.645996
vt -2.964844 -0.647461
vt -3.312500 -0.694824
vt -2.968750 -0.669434
vt -3.310547 -1.161133
vt -3.314453 -1.160156
vt -3.373047 -1.161133
vt -3.316406 -1.133789
vt -4.539063 -0.676270
vt -4.539063 -1.032227
vt -4.523438 -1.106445
vt -4.542969 -1.033203
vt -4.542969 -1.037109
vt -4.554688 -1.032227
vt -4.554688 -1.037109
vt -4.585938 -1.053711
vt -4.585938 -1.056641
vt -4.554688 -1.107422
vt -4.542969 -1.107422
vt -4.535156 -1.107422
vt -4.523438 -1.107422
vt -4.535156 -1.108398
vt -4.542969 -1.108398
vt -4.554688 -1.108398
vt -4.585938 -1.109375
vt -4.585938 -1.108398
vt -4.597656 -1.115234
vt -4.597656 -1.060547
vt -4.597656 -1.116211
vt -4.542969 -0.672363
vt -4.554688 -0.677246
vt -4.585938 -0.652344
vt -4.554688 -0.594727
vt -4.585938 -0.594727
vt -4.554688 -0.672363
vt -4.585938 -0.655762
vt -4.597656 -0.587402
vt -4.585938 -0.593750
vt -4.597656 -0.586426
vt -4.589844 -1.054688
vt -4.589844 -0.654297
vt -4.597656 -0.648926
vt -4.554688 -0.593750
vt -4.542969 -0.594727
vt -4.535156 -0.594727
vt -4.523438 -0.594727
vt -4.542969 -0.593750
vt -4.535156 -0.593750
vt -4.523438 -0.593750
vt -4.523438 -1.108398
vt -4.523438 -0.593262
vt -1.242188 -0.161377
vt -1.242188 -0.161499
vt -1.243164 -0.557129
vt -1.242188 -0.557129
vt -1.243164 -0.579102
vt -1.242188 -0.579102
vt -1.054688 -0.803223
vt -1.090820 -0.767578
vt -1.060547 -0.803223
vt -1.096680 -0.767578
vt -1.127930 -0.730469
vt -1.134766 -0.730469
vt -1.175781 -0.683105
vt -1.181641 -0.683105
vt -1.194336 -0.664551
vt -1.200195 -0.664551
vt -1.209961 -0.644043
vt -1.214844 -0.644043
vt -1.223633 -0.623047
vt -1.225586 -0.623047
vt -1.233398 -0.601563
vt -1.235352 -0.601563
vt -1.239258 -0.579102
vt -1.240234 -0.579102
vt -1.242188 -0.601563
vt -1.240234 -0.601563
vt -1.238281 -0.623047
vt -1.236328 -0.644043
vt -1.233398 -0.664551
vt -1.228516 -0.683105
vt -1.218750 -0.730469
vt -1.217773 -0.767578
vt -1.217773 -0.803223
vt -1.242188 -0.623047
vt -1.242188 -0.644043
vt -1.242188 -0.664551
vt -1.242188 -0.683105
vt -1.242188 -0.730469
vt -1.242188 -0.767578
vt -1.242188 -0.803223
vt -1.242188 -0.847656
vt -1.217773 -0.847656
vt -1.217773 -0.888672
vt -1.016602 -0.888672
vt -1.023438 -0.888672
vt -1.016602 -0.915039
vt -1.026367 -0.847656
vt -1.033203 -0.847656
vt -1.023438 -0.915039
vt -1.023438 -0.934082
vt -1.016602 -0.936035
vt -1.023438 -0.966797
vt -1.016602 -0.966797
vt -1.023438 -0.993164
vt -1.016602 -0.993164
vt -1.023438 -1.010742
vt -1.016602 -1.010742
vt -1.016602 -1.030273
vt -1.023438 -1.030273
vt -1.016602 -1.049805
vt -1.023438 -1.049805
vt -1.242188 -0.915039
vt -1.217773 -0.915039
vt -1.242188 -0.888672
vt -1.046875 -0.966797
vt -1.046875 -0.993164
vt -1.046875 -1.010742
vt -1.046875 -1.030273
vt -1.046875 -1.049805
vt -1.023438 -1.074219
vt -1.050781 -1.074219
vt -1.016602 -1.074219
vt -1.024414 -1.098633
vt -1.031250 -1.098633
vt -1.037109 -1.123047
vt -1.042969 -1.123047
vt -1.060547 -1.156250
vt -1.066406 -1.156250
vt -1.062500 -1.189453
vt -1.069336 -1.189453
vt -1.062500 -1.398438
vt -1.068359 -1.398438
vt -1.062500 -1.401367
vt -1.068359 -1.401367
vt -1.063477 -1.404297
vt -1.070313 -1.404297
vt -1.069336 -1.417969
vt -1.075195 -1.431641
vt -1.056641 -1.098633
vt -1.070313 -1.123047
vt -1.089844 -1.156250
vt -1.091797 -1.398438
vt -1.091797 -1.401367
vt -1.092773 -1.404297
vt -1.081055 -1.431641
vt -1.102539 -1.431641
vt -1.081055 -1.492188
vt -1.102539 -1.492188
vt -1.092773 -1.519531
vt -1.075195 -1.492188
vt -1.075195 -1.505859
vt -1.069336 -1.519531
vt -1.091797 -1.522461
vt -1.068359 -1.522461
vt -1.091797 -1.525391
vt -1.068359 -1.525391
vt -1.091797 -1.530273
vt -1.068359 -1.530273
vt -1.091797 -1.861328
vt -1.068359 -1.861328
vt -1.091797 -1.868164
vt -1.068359 -1.868164
vt -1.062500 -1.861328
vt -1.062500 -1.868164
vt -1.062500 -1.530273
vt -1.062500 -1.525391
vt -1.062500 -1.522461
vt -1.063477 -1.519531
vt -1.069336 -1.505859
vt -2.501953 -0.212036
vt -2.505859 -0.212036
vt -2.501953 -0.421875
vt -2.503906 -0.421875
vt -1.395508 0.280762
vt -1.391602 0.281006
vt -5.050781 -1.139648
vt -5.035156 -1.702148
vt -5.035156 -1.139648
vt -5.050781 -1.702148
vt -5.125000 -1.702148
vt -5.125000 -1.139648
vt -5.207031 -1.702148
vt -5.207031 -1.139648
vt -5.210938 -1.701172
vt -5.210938 -1.702148
vt -5.210938 -1.698242
vt -5.210938 -1.143555
vt -5.210938 -1.140625
vt -3.492188 -1.074219
vt -3.496094 -1.074219
vt -3.492188 -1.122070
vt -3.496094 -1.122070
vt -3.492188 -1.455078
vt -3.496094 -1.455078
vt -3.496094 -1.487305
vt -3.492188 -1.487305
vt -3.496094 -1.518555
vt -3.492188 -1.518555
vt -3.500000 -1.702148
vt -3.494141 -1.702148
vt -5.148438 -2.730469
vt -5.156250 -2.730469
vt -5.148438 -2.767578
vt -5.156250 -2.687500
vt -5.148438 -2.687500
vt -5.148438 -2.650391
vt -5.156250 -2.650391
vt -5.148438 -2.613281
vt -5.156250 -2.613281
vt -5.148438 -2.046875
vt -5.156250 -2.046875
vt -5.148438 -1.974609
vt -5.156250 -1.974609
vt -5.156250 -2.767578
vt -5.156250 -2.771484
vt -5.261719 -2.779297
vt -5.156250 -2.779297
vt -5.238281 -2.798828
vt -5.148438 -2.771484
vt -5.148438 -2.779297
vt -5.156250 -2.798828
vt -5.199219 -2.824219
vt -5.152344 -2.824219
vt -4.984375 -2.982422
vt -4.976563 -2.996094
vt -4.976563 -2.982422
vt -5.000000 -2.958984
vt -5.007813 -2.958984
vt -5.027344 -2.933594
vt -5.035156 -2.933594
vt -5.054688 -2.914063
vt -5.058594 -2.914063
vt -5.078125 -2.894531
vt -5.085938 -2.894531
vt -5.105469 -2.876953
vt -5.113281 -2.876953
vt -5.132813 -2.849609
vt -5.140625 -2.849609
vt -5.144531 -2.824219
vt -5.148438 -2.798828
vt -5.164063 -2.849609
vt -5.148438 -2.876953
vt -5.148438 -2.894531
vt -5.148438 -2.914063
vt -5.148438 -2.933594
vt -5.148438 -2.958984
vt -5.148438 -2.982422
vt -5.148438 -2.996094
vt -5.148438 -3.005859
vt -4.972656 -3.005859
vt -4.964844 -3.017578
vt -4.964844 -3.005859
vt -4.972656 -3.017578
vt -4.968750 -2.996094
vt -4.972656 -3.410156
vt -4.972656 -3.369141
vt -5.148438 -3.039063
vt -4.972656 -3.316406
vt -4.972656 -3.039063
vt -5.148438 -3.017578
vt -4.972656 -3.744141
vt -4.972656 -3.750000
vt -4.964844 -3.744141
vt -4.964844 -3.410156
vt -4.964844 -3.039063
vt -4.964844 -3.316406
vt -4.964844 -3.369141
vt -5.148438 -3.796875
vt -5.148438 -3.800781
vt -4.964844 -3.751953
vt -2.458984 -1.868164
vt -2.464844 -1.842773
vt -2.464844 -1.868164
vt -2.458984 -1.842773
vt -2.458984 -1.801758
vt -2.464844 -1.801758
vt -2.458984 -1.756836
vt -2.464844 -1.756836
vt -2.458984 -1.720703
vt -2.464844 -1.720703
vt -2.458984 -1.683594
vt -2.464844 -1.683594
vt -2.458984 -1.636719
vt -2.464844 -1.636719
vt -2.458984 -1.111328
vt -2.464844 -1.111328
vt -2.458984 -1.043945
vt -2.462891 -1.041992
vt -4.742188 -1.211914
vt -4.593750 -1.135742
vt -4.742188 -1.210938
vt -4.593750 -1.137695
vt -4.593750 -1.238281
vt -4.738281 -1.303711
vt -4.593750 -1.240234
vt -4.738281 -1.309570
vt -4.593750 -1.330078
vt -4.730469 -1.386719
vt -4.593750 -1.331055
vt -4.730469 -1.389648
vt -4.593750 -1.333984
vt -4.730469 -1.393555
vt -4.738281 -1.436523
vt -4.554688 -1.525391
vt -4.746094 -1.461914
vt -4.554688 -1.541016
vt -4.714844 -1.589844
vt -4.566406 -1.615234
vt -4.582031 -1.699219
vt -5.003906 -1.699219
vt -4.582031 -1.701172
vt -4.582031 -1.702148
vt -5.003906 -1.702148
vt -2.101563 -0.742188
vt -2.072266 -0.711914
vt -2.113281 -0.747559
vt -2.113281 -0.746582
vt -2.103516 -0.741211
vt -2.103516 -0.258545
vt -2.101563 -0.740723
vt -2.101563 -0.258545
vt -2.101563 -0.740234
vt -2.072266 -0.711426
vt -2.072266 -0.258301
vt -2.058594 -0.691895
vt -2.058594 -0.258057
vt -2.037109 -0.295898
vt -2.052734 -0.689453
vt -2.037109 -0.684082
vt -2.039063 -0.685547
vt -2.052734 -0.690918
vt -2.058594 -0.693359
vt -3.757813 -1.136719
vt -3.757813 -1.696289
vt -3.658203 -1.136719
vt -3.658203 -1.696289
vt -3.652344 -1.136719
vt -3.652344 -1.696289
vt -3.646484 -1.136719
vt -3.646484 -1.696289
vt -3.652344 -1.701172
vt -3.658203 -1.701172
vt -3.757813 -1.701172
vt -3.568359 -1.702148
vt -3.568359 -1.697266
vt -3.646484 -1.701172
vt -3.761719 -1.700195
vt -3.761719 -1.696289
vt -3.761719 -1.136719
vt -3.761719 -1.132813
vt -3.757813 -1.131836
vt -3.658203 -1.131836
vt -3.652344 -1.131836
vt -3.646484 -1.131836
vt -3.568359 -1.131836
vt -3.568359 -1.136719
vt -1.695313 -1.132813
vt -4.351563 -1.382813
vt -4.488281 -1.331055
vt -4.351563 -1.386719
vt -4.488281 -1.333008
vt -4.351563 -1.389648
vt -4.343750 -1.435547
vt -4.523438 -1.525391
vt -4.335938 -1.460938
vt -4.523438 -1.541016
vt -4.367188 -1.587891
vt -4.511719 -1.613281
vt -4.500000 -1.696289
vt -4.074219 -1.696289
vt -4.500000 -1.698242
vt -4.074219 -1.698242
vt -4.500000 -1.700195
vt -4.074219 -1.700195
vt -4.500000 -1.701172
vt -4.074219 -1.702148
vt -4.496094 -1.702148
vt -4.488281 -1.135742
vt -4.488281 -1.137695
vt -4.335938 -1.209961
vt -4.339844 -1.211914
vt -4.488281 -1.237305
vt -4.339844 -1.302734
vt -4.488281 -1.239258
vt -4.343750 -1.309570
vt -4.488281 -1.329102
vt -1.989258 -0.263428
vt -1.999023 -0.258057
vt -1.990234 -0.264160
vt -1.999023 -0.259277
vt -1.990234 -0.747070
vt -1.989258 -0.264893
vt -1.988281 -0.265869
vt -1.958008 -0.293457
vt -1.958984 -0.294189
vt -1.989258 -0.747070
vt -1.987305 -0.747070
vt -1.958984 -0.747559
vt -1.945313 -0.313477
vt -1.945313 -0.747559
vt -1.924805 -0.709961
vt -1.923828 -0.299072
vt -1.922852 -0.299316
vt -1.923828 -0.298096
vt -1.922852 -0.298096
vt -1.945313 -0.312256
vt -1.938477 -0.313965
vt -1.938477 -0.315430
vt -1.923828 -0.709961
vt -1.923828 -0.318359
vt -1.917969 -0.301025
vt -1.917969 -0.299805
vt -1.916992 -0.300293
vt -1.916992 -0.301270
vt -1.924805 -0.317627
vt -1.924805 -0.317383
vt -1.924805 -0.317139
vt -1.925781 -0.316895
vt -1.924805 -0.316650
vt -5.343750 -3.605469
vt -3.583984 -1.106445
vt -3.585938 -1.106445
vt -3.585938 -1.107422
vt -3.583984 -1.105469
vt -3.585938 -0.593750
vt -3.583984 -0.593750
vt -3.591797 -1.112305
vt -3.591797 -1.111328
vt -3.591797 -1.110352
vt -3.589844 -1.111328
vt -3.589844 -1.109375
vt -3.589844 -0.593750
vt -3.585938 -0.592773
vt -3.583984 -0.592773
vt -3.591797 -0.592773
vt -3.591797 -0.593750
vt -3.589844 -0.592773
vt -2.310547 -0.175659
vt -2.316406 -0.302002
vt -2.310547 -0.197998
vt -2.310547 -0.220337
vt -2.310547 -0.241821
vt -2.310547 -0.262695
vt -2.310547 -0.283447
vt -2.310547 -0.302002
vt -2.310547 -0.348877
vt -2.324219 -0.348877
vt -2.320313 -0.386230
vt -2.339844 -0.386230
vt -2.345703 -0.421875
vt -2.367188 -0.421875
vt -2.144531 -0.441406
vt -2.208984 -0.441406
vt -2.144531 -0.447021
vt -2.208984 -0.447021
vt -2.542969 -0.447021
vt -2.548828 -0.441895
vt -0.713379 0.625000
vt -0.713379 0.687500
vt -0.722656 0.625000
vt -0.722656 0.688965
vt -0.723145 1.028320
vt -0.713379 1.029297
vt -3.333984 -0.490234
vt -3.324219 -0.506348
vt -3.330078 -0.487305
vt -3.328125 -0.509277
vt -3.324219 -0.624023
vt -3.328125 -0.626953
vt -3.400391 -0.386475
vt -3.410156 -0.382324
vt -3.509766 -0.516113
vt -3.519531 -0.511719
vt -3.421875 -1.214844
vt -3.419922 -1.214844
vt -3.421875 -0.699219
vt -3.419922 -0.698242
vt -3.419922 -0.699707
vt -3.406250 -0.699707
vt -3.406250 -1.214844
vt -4.695313 -1.721680
vt -4.699219 -1.721680
vt -4.703125 -1.721680
vt -5.187500 -2.982422
vt -5.187500 -2.958984
vt -5.187500 -2.933594
vt -5.187500 -2.914063
vt -5.187500 -2.894531
vt -5.187500 -2.876953
vt -5.187500 -3.755859
vt -5.187500 -3.039063
vt -5.187500 -3.017578
vt -5.187500 -3.005859
vt -5.187500 -2.996094
vt -5.257813 -3.917969
vt -5.253906 -3.830078
vt -5.257813 -3.832031
vt -5.253906 -3.833984
vt -5.257813 -3.828125
vt -5.257813 -3.826172
vt -5.253906 -3.828125
vt -5.253906 -3.824219
vt -5.253906 -3.917969
vt -1.854492 -0.214478
vt -1.853516 -0.211426
vt -1.856445 -0.212524
vt -1.456055 -0.211670
vt -1.458008 -0.206787
vt -1.850586 -0.206787
vt -1.454102 -0.214478
vt -1.452148 -0.212524
vt -1.528320 -3.525391
vt -1.528320 -3.523438
vt -1.522461 -3.523438
vt -1.500977 -3.523438
vt -3.533203 -1.074219
vt -3.539063 -1.074219
vt -3.531250 -1.192383
vt -3.535156 -1.654297
vt -3.529297 -1.654297
vt -3.529297 -1.702148
vt -3.535156 -1.702148
vt -0.748535 -0.236450
vt -0.767090 -0.236450
vt -0.787109 -0.236450
vt -0.794434 -0.236450
vt -0.807129 -0.236450
vt -0.817871 -0.236450
vt -0.957031 -0.236450
vt -0.974609 -0.236450
vt -0.983398 -0.236450
vt -2.107422 0.048645
vt -2.113281 0.048645
vt -2.136719 0.048645
vt -3.351563 -0.465820
vt -3.355469 -0.464355
vt -3.351563 -0.466553
vt -3.355469 -0.465576
vt -3.351563 -0.467529
vt -3.355469 -0.468018
vt -2.068359 -0.238647
vt -2.070313 0.000912
vt -2.076172 -0.233765
vt -2.078125 0.000912
vt -2.076172 0.012054
vt -2.068359 0.012093
vt -2.062500 0.056305
vt -2.060547 0.055511
vt -2.037109 0.087769
vt -2.037109 0.086365
vt -0.767090 0.157593
vt -0.748535 0.157593
vt -0.723633 -0.229614
vt -0.724609 0.157593
vt -0.724609 0.160645
vt -0.749023 0.160645
vt -0.767578 0.160645
vt -0.787109 0.157593
vt -0.794434 0.157593
vt -0.807129 0.157593
vt -0.817871 0.157593
vt -0.957031 0.157593
vt -0.974609 0.157593
vt -0.986816 0.157593
vt -0.986816 -0.229370
vt -0.787598 0.160645
vt -0.794434 0.160645
vt -0.807129 0.160645
vt -0.817871 0.160645
vt -0.957031 0.160645
vt -0.974609 0.160645
vt -0.986816 0.160645
vt -4.171875 -3.671875
vt -4.183594 -3.671875
vt -2.925781 -0.656250
vt -2.919922 -0.656250
vt -2.925781 -0.648438
vt -2.919922 -0.652832
vt -2.910156 -0.657715
vt -2.904297 -0.663086
vt -3.275391 -0.544922
vt -3.271484 -0.547363
vt -3.248047 -0.508789
vt -3.244141 -0.511230
vt -3.220703 -0.477539
vt -3.216797 -0.479980
vt -3.193359 -0.468262
vt -3.191406 -0.470703
vt -3.392578 -0.358643
vt -3.392578 -0.362549
vt -3.392578 -0.359131
vt -3.392578 -0.362793
vt -2.005859 0.086365
vt -1.983398 0.055511
vt -2.005859 0.087769
vt -1.980469 0.056305
vt -1.975586 0.012093
vt -1.967773 0.012047
vt -1.973633 0.000909
vt -1.967773 0.000910
vt -1.967773 -0.233765
vt -1.976563 -0.238647
vt -5.343750 -2.824219
vt -5.343750 -2.849609
vt -3.658203 -0.379395
vt -3.656250 -0.381592
vt -3.656250 -0.375244
vt -4.171875 -3.910156
vt -4.183594 -3.910156
vt -4.183594 -3.917969
vt -4.171875 -3.917969
vt -0.791992 -0.952637
vt -0.804688 -0.952148
vt -0.784668 -0.952637
vt -0.764160 -0.952637
vt -0.745605 -0.952637
vt -0.758301 -0.968750
vt -0.739258 -0.968750
vt -0.747559 -0.990723
vt -0.727539 -0.990723
vt -0.733887 -1.010742
vt -0.713867 -1.010742
vt -0.715332 -1.031250
vt -0.694824 -1.031250
vt -0.602539 -1.135742
vt -0.580078 -1.135742
vt -0.593262 -1.144531
vt -0.537109 -1.152344
vt -0.560059 -1.162109
vt -0.532715 -1.162109
vt -0.564453 -1.152344
vt -0.543457 -1.144531
vt -0.571289 -1.144531
vt -0.552734 -1.135742
vt -0.668945 -1.031250
vt -0.688965 -1.010742
vt -0.703125 -0.990723
vt -0.715820 -0.968750
vt -0.721680 -0.952637
vt -0.723633 -0.236450
vt -3.906250 -1.701172
vt -3.986328 -1.697266
vt -3.986328 -1.702148
vt -3.796875 -1.701172
vt -3.792969 -1.700195
vt -3.796875 -1.696289
vt -3.792969 -1.696289
vt -3.792969 -1.136719
vt -3.796875 -1.136719
vt -3.792969 -1.132813
vt -3.796875 -1.131836
vt -3.896484 -1.131836
vt -3.896484 -1.136719
vt -3.902344 -1.131836
vt -3.902344 -1.136719
vt -3.906250 -1.131836
vt -3.906250 -1.136719
vt -3.986328 -1.131836
vt -3.986328 -1.136719
vt -3.906250 -1.696289
vt -3.902344 -1.701172
vt -3.902344 -1.696289
vt -3.896484 -1.701172
vt -3.896484 -1.696289
vt -1.713867 0.283691
vt -1.713867 0.658203
vt -1.400391 -1.031250
vt -5.289063 -0.402588
vt -5.289063 -0.404541
vt -5.281250 -0.405273
vt -5.289063 -0.408447
vt -5.281250 -0.454590
vt -5.289063 -0.454590
vt -5.289063 -0.457520
vt -2.425781 -1.866211
vt -2.429688 -1.798828
vt -2.429688 -1.868164
vt -2.425781 -1.798828
vt -2.425781 -1.273438
vt -2.429688 -1.273438
vt -2.425781 -1.226563
vt -2.429688 -1.226563
vt -2.425781 -1.189453
vt -2.429688 -1.189453
vt -2.425781 -1.153320
vt -2.429688 -1.153320
vt -2.425781 -1.108398
vt -2.429688 -1.108398
vt -2.425781 -1.067383
vt -2.429688 -1.067383
vt -2.425781 -1.041992
vt -2.429688 -1.041992
vt -2.425781 -1.020508
vt -2.429688 -1.020508
vt -2.427734 -1.016602
vt -2.425781 -1.016602
vt -3.414063 -1.890625
vt -3.414063 -1.887695
vt -3.423828 -1.887695
vt -3.423828 -1.890625
vt -3.468750 -1.887695
vt -3.468750 -1.890625
vt -3.468750 -2.277344
vt -3.423828 -2.277344
vt -3.414063 -2.277344
vt -0.789063 -0.990723
vt -0.786621 -0.968750
vt -0.798828 -0.968750
vt -0.777344 -0.990723
vt -0.776367 -1.010742
vt -0.765137 -1.010742
vt -0.757813 -1.031250
vt -0.747559 -1.031250
vt -0.647461 -1.135742
vt -0.637207 -1.135742
vt -0.635742 -1.145508
vt -0.626953 -1.145508
vt -0.630371 -1.153320
vt -0.619629 -1.152344
vt -0.626465 -1.160156
vt -0.614258 -1.161133
vt -0.621094 -1.172852
vt -0.608887 -1.172852
vt -0.616211 -1.217773
vt -0.603516 -1.217773
vt -0.778809 -0.968750
vt -0.769043 -0.990723
vt -0.937012 -0.990723
vt -0.942383 -0.968750
vt -0.958984 -0.968750
vt -0.921875 -0.990723
vt -0.811035 -0.968750
vt -0.801758 -0.990723
vt -0.953613 -0.952148
vt -0.955078 -0.594238
vt -0.970703 -0.952148
vt -0.816406 -0.951660
vt -0.755859 -1.010742
vt -0.737793 -1.031250
vt -0.955078 -0.582031
vt -0.955078 -0.570801
vt -0.972656 -0.578613
vt -0.972656 -0.592285
vt -0.981934 -0.560059
vt -0.981934 -0.567871
vt -0.973145 -0.561035
vt -0.981934 -0.577148
vt -0.973145 -0.568848
vt -0.955078 -0.562988
vt -0.911621 -1.010742
vt -0.921387 -1.010742
vt -0.946777 -0.990723
vt -0.968262 -0.968750
vt -0.980469 -0.951172
vt -0.981934 -0.590820
vt -0.701660 -1.265625
vt -0.710449 -1.598633
vt -0.701660 -1.598633
vt -0.710449 -1.265625
vt -0.708496 -1.217773
vt -0.717773 -1.217773
vt -0.725098 -1.172852
vt -0.734863 -1.172852
vt -0.733398 -1.160156
vt -0.744141 -1.159180
vt -0.738770 -1.153320
vt -0.749023 -1.153320
vt -0.744629 -1.147461
vt -0.753906 -1.148438
vt -0.755371 -1.135742
vt -0.766113 -1.135742
vt -0.885254 -1.031250
vt -0.895996 -1.031250
vt -0.696289 -1.217773
vt -0.690430 -1.265625
vt -0.710938 -1.172852
vt -0.718750 -1.160156
vt -0.724121 -1.153320
vt -0.729492 -1.147461
vt -0.740723 -1.135742
vt -0.872070 -1.031250
vt -0.897461 -1.010742
vt -0.633789 -1.172852
vt -0.639160 -1.160156
vt -0.642578 -1.153320
vt -0.647461 -1.147461
vt -0.660156 -1.135742
vt -0.770996 -1.031250
vt -0.789063 -1.010742
vt -0.628906 -1.217773
vt -0.616211 -1.265625
vt -0.628906 -1.265625
vt -0.629395 -1.598633
vt -0.690430 -1.598633
vt -0.630859 -1.630859
vt -0.618652 -1.630859
vt -0.623535 -1.661133
vt -0.611816 -1.661133
vt -0.605957 -1.629883
vt -0.604980 -1.660156
vt -0.599121 -1.629883
vt -0.583496 -1.660156
vt -0.577148 -1.629883
vt -0.597168 -1.598633
vt -0.604004 -1.598633
vt -0.596680 -1.265625
vt -0.616699 -1.598633
vt -0.603516 -1.265625
vt -0.596680 -1.217773
vt -0.601563 -1.172852
vt -0.605957 -1.162109
vt -0.610840 -1.152344
vt -0.618164 -1.144531
vt -0.626953 -1.135742
vt -0.586426 -1.152344
vt -0.581543 -1.162109
vt -0.578125 -1.172852
vt -0.574707 -1.217773
vt -0.574707 -1.265625
vt -0.575195 -1.598633
vt -0.557129 -1.172852
vt -0.554688 -1.217773
vt -0.554688 -1.265625
vt -0.555176 -1.598633
vt -0.557617 -1.629883
vt -0.533203 -1.629883
vt -0.541016 -1.660156
vt -0.564453 -1.660156
vt -0.612793 -1.865234
vt -0.530762 -1.598633
vt -0.529785 -1.265625
vt -0.529785 -1.217773
vt -0.530762 -1.172852
vt -2.519531 -1.896484
vt -2.513672 -1.896484
vt -1.771484 -1.896484
vt -1.764648 -1.896484
vt -1.764648 -1.887695
vt -1.781250 -1.887695
vt -2.177734 -1.887695
vt -2.513672 -1.887695
vt -2.519531 -1.887695
vt -2.728516 -0.368896
vt -2.732422 -0.372559
vt -2.705078 -0.390625
vt -2.708984 -0.393555
vt -2.681641 -0.420898
vt -2.683594 -0.423584
vt -2.660156 -0.447510
vt -2.664063 -0.450195
vt -2.644531 -0.476074
vt -2.640625 -0.473389
vt -2.623047 -0.497314
vt -2.626953 -0.500000
vt -2.597656 -0.530762
vt -2.601563 -0.533691
vt -2.570313 -0.562988
vt -2.572266 -0.565918
vt -1.246094 -0.915039
vt -1.241211 -0.928223
vt -1.246094 -0.932617
vt -0.670898 -1.868164
vt -0.667969 -1.868164
vt -0.670898 -1.866211
vt -0.696777 -1.866211
vt -0.696777 -1.868164
vt -0.701660 -1.866211
vt -0.701660 -1.868164
vt -0.705566 -1.868164
vt -0.708008 -1.866211
vt -0.709961 -1.662109
vt -0.701660 -1.661133
vt -0.710449 -1.630859
vt -0.701660 -1.629883
vt -0.691406 -1.661133
vt -0.629395 -1.865234
vt -0.644043 -1.868164
vt -0.630859 -1.868164
vt -0.643066 -1.865234
vt -0.658691 -1.868164
vt -0.658691 -1.866211
vt -0.664063 -1.868164
vt -0.664063 -1.866211
vt -0.667480 -1.866211
vt -0.634766 -1.662109
vt -0.690918 -1.629883
vt -2.394531 -1.238281
vt -2.384766 -1.264648
vt -2.390625 -1.237305
vt -2.394531 -1.265625
vt -2.394531 -1.326172
vt -2.384766 -1.326172
vt -2.394531 -1.352539
vt -2.390625 -1.353516
vt -2.394531 -1.355469
vt -2.390625 -1.356445
vt -2.394531 -1.359375
vt -2.390625 -1.359375
vt -2.394531 -1.364258
vt -2.390625 -1.364258
vt -2.394531 -1.695313
vt -2.390625 -1.695313
vt -2.390625 -1.700195
vt -2.394531 -1.702148
vt -2.394531 -0.956543
vt -2.390625 -0.990234
vt -2.390625 -0.957520
vt -2.394531 -0.990234
vt -2.394531 -1.232422
vt -2.390625 -1.232422
vt -2.390625 -1.235352
vt -2.394531 -1.235352
vt -3.976563 -0.452881
vt -3.970703 -0.459473
vt -3.980469 -0.443604
s 1
usemtl building_glow.001
f 4744/1/1 4939/2/2 4743/3/3
f 4743/3/3 4939/2/2 4938/4/4
f 4936/5/5 4938/4/4 4939/2/2
f 4937/6/6 4938/4/4 4936/5/5
f 4936/5/5 4934/7/7 4937/6/6
f 4935/8/8 4934/7/7 4936/5/5
f 4932/9/9 4934/7/7 4935/8/8
f 4933/10/10 4934/7/7 4932/9/9
f 4933/10/10 4932/9/9 4931/11/11
f 4931/11/11 4932/9/9 4930/12/12
f 4930/12/12 4929/13/13 4931/11/11
f 4928/14/14 4929/13/13 4930/12/12
f 4928/14/14 4926/15/15 4929/13/13
f 4927/16/15 4926/15/15 4928/14/14
f 4925/17/16 4926/15/15 4927/16/15
f 4923/18/17 4926/15/15 4925/17/16
f 4922/19/18 4923/18/17 4925/17/16
f 4924/20/18 4923/18/17 4922/19/18
f 4888/21/19 4886/22/20 4920/23/21
f 4920/23/21 4886/22/20 4921/24/22
f 4921/24/22 4919/25/23 4920/23/21
f 4920/23/21 4919/25/23 4918/26/23
f 4919/25/23 4917/27/23 4918/26/23
f 4918/26/23 4917/27/23 4916/28/23
f 4917/27/23 4915/29/23 4916/28/23
f 4916/28/23 4915/29/23 4914/30/23
f 4915/29/23 4913/31/23 4914/30/23
f 4914/30/23 4913/31/23 4912/32/23
f 4913/31/23 4911/33/23 4912/32/23
f 4912/32/23 4911/33/23 4910/34/23
f 4911/33/23 4909/35/23 4910/34/23
f 4910/34/23 4909/35/23 4908/36/24
f 4909/35/23 4907/37/25 4908/36/24
f 4908/36/24 4907/37/25 4905/38/26
f 4904/39/27 4905/38/26 4907/37/25
f 4906/40/28 4905/38/26 4904/39/27
f 4848/41/29 4846/42/30 4903/43/31
f 4903/43/31 4846/42/30 4902/44/32
f 4903/43/31 4902/44/32 4901/45/33
f 4901/45/33 4902/44/32 4900/46/34
f 4900/46/34 4899/47/35 4901/45/33
f 4898/48/36 4899/47/35 4900/46/34
f 4898/48/36 4897/49/37 4899/47/35
f 4896/50/38 4897/49/37 4898/48/36
f 4896/50/38 4895/51/39 4897/49/37
f 4894/52/40 4895/51/39 4896/50/38
f 4894/52/40 4892/53/41 4895/51/39
f 4893/54/42 4892/53/41 4894/52/40
f 4893/54/42 4890/55/43 4892/53/41
f 4892/53/41 4890/55/43 4891/56/44
f 4891/56/44 4890/55/43 4889/57/45
f 4889/57/45 4890/55/43 4887/58/46
f 4889/57/45 4887/58/46 4888/21/19
f 4888/21/19 4887/58/46 4886/22/20
f 4885/59/47 4884/60/47 4883/61/48
f 4883/61/48 4884/60/47 4882/62/49
f 4883/61/48 4882/62/49 4881/63/50
f 4881/63/50 4882/62/49 4880/64/51
f 4880/64/51 4878/65/52 4881/63/50
f 4879/66/53 4878/65/52 4880/64/51
f 4879/66/53 4877/67/54 4878/65/52
f 4878/65/52 4877/67/54 4876/68/55
f 4877/67/54 4875/69/56 4876/68/55
f 4876/68/55 4875/69/56 4874/70/57
f 4875/69/56 4873/71/58 4874/70/57
f 4874/70/57 4873/71/58 4872/72/59
f 4873/71/58 4870/73/60 4872/72/59
f 4872/72/59 4870/73/60 4871/74/60
f 4870/73/60 4868/75/61 4871/74/60
f 4869/76/61 4868/75/61 4870/73/60
f 4869/76/61 4867/77/62 4868/75/61
f 4868/75/61 4867/77/62 4866/78/63
f 4865/79/64 4866/78/63 4867/77/62
f 4864/80/65 4866/78/63 4865/79/64
f 4862/81/66 4864/80/65 4865/79/64
f 4863/82/67 4864/80/65 4862/81/66
f 4863/82/67 4862/81/66 4861/83/68
f 4861/83/68 4862/81/66 4860/84/69
f 4861/83/68 4860/84/69 4859/85/70
f 4859/85/70 4860/84/69 4858/86/71
f 4858/86/71 4857/87/72 4859/85/70
f 4856/88/73 4857/87/72 4858/86/71
f 4857/87/72 4856/88/73 4855/89/74
f 4855/89/74 4856/88/73 4854/90/75
f 4855/89/74 4854/90/75 4853/91/76
f 4853/91/76 4854/90/75 4852/92/77
f 4852/92/77 4851/93/78 4853/91/76
f 4850/94/79 4851/93/78 4852/92/77
f 4851/93/78 4850/94/79 4849/95/80
f 4849/95/80 4850/94/79 4847/96/81
f 4849/95/80 4847/96/81 4848/41/29
f 4848/41/29 4847/96/81 4846/42/30
f 4812/97/82 4810/98/82 4844/99/82
f 4844/99/82 4810/98/82 4845/100/82
f 4845/100/82 4843/101/83 4844/99/82
f 4844/99/82 4843/101/83 4842/102/84
f 4843/101/83 4840/103/85 4842/102/84
f 4842/102/84 4840/103/85 4841/104/86
f 4841/104/86 4840/103/85 4839/105/87
f 4839/105/87 4840/103/85 4838/106/88
f 4839/105/87 4838/106/88 4837/107/89
f 4837/107/89 4838/106/88 4836/108/90
f 4837/107/89 4836/108/90 4835/109/91
f 4835/109/91 4836/108/90 4834/110/92
f 4835/109/91 4834/110/92 4833/111/93
f 4833/111/93 4834/110/92 4832/112/94
f 4833/111/93 4832/112/94 4830/113/95
f 4830/113/95 4832/112/94 4831/114/95
f 4831/114/95 4829/115/82 4830/113/95
f 4830/113/95 4829/115/82 4828/116/82
f 4794/117/96 4827/118/97 4793/119/98
f 4826/120/99 4827/118/97 4794/117/96
f 4826/120/99 4824/121/100 4827/118/97
f 4825/122/101 4824/121/100 4826/120/99
f 4822/123/102 4824/121/100 4825/122/101
f 4823/124/103 4824/121/100 4822/123/102
f 4822/123/102 4821/125/104 4823/124/103
f 4820/126/105 4821/125/104 4822/123/102
f 4820/126/105 4819/127/106 4821/125/104
f 4818/128/107 4819/127/106 4820/126/105
f 4818/128/107 4816/129/82 4819/127/106
f 4817/130/82 4816/129/82 4818/128/107
f 4814/131/82 4816/129/82 4817/130/82
f 4815/132/82 4816/129/82 4814/131/82
f 4815/132/82 4814/131/82 4811/133/82
f 4811/133/82 4814/131/82 4813/134/82
f 4811/133/82 4813/134/82 4810/98/82
f 4812/97/82 4811/133/82 4810/98/82
f 4786/135/108 4809/136/109 4785/137/110
f 4808/138/111 4809/136/109 4786/135/108
f 4808/138/111 4807/139/112 4809/136/109
f 4806/140/113 4807/139/112 4808/138/111
f 4806/140/113 4804/141/114 4807/139/112
f 4805/142/115 4804/141/114 4806/140/113
f 4802/143/116 4804/141/114 4805/142/115
f 4803/144/117 4804/141/114 4802/143/116
f 4802/143/116 4800/145/118 4803/144/117
f 4801/146/118 4800/145/118 4802/143/116
f 4799/147/119 4800/145/118 4801/146/118
f 4798/148/120 4800/145/118 4799/147/119
f 4797/149/121 4798/148/120 4799/147/119
f 4796/150/122 4798/148/120 4797/149/121
f 4792/151/123 4796/150/122 4797/149/121
f 4795/152/124 4796/150/122 4792/151/123
f 4792/151/123 4793/119/98 4795/152/124
f 4794/117/96 4793/119/98 4792/151/123
f 4791/153/125 4790/154/125 4788/155/126
f 4788/155/126 4790/154/125 4789/156/127
f 4784/157/128 4788/155/126 4789/156/127
f 4787/158/129 4788/155/126 4784/157/128
f 4784/157/128 4785/137/110 4787/158/129
f 4786/135/108 4785/137/110 4784/157/128
f 4783/40/130 4782/39/131 4780/159/132
f 4780/159/132 4782/39/131 4781/160/133
f 4779/161/134 4780/159/132 4781/160/133
f 4778/162/135 4780/159/132 4779/161/134
f 4779/161/134 4777/163/136 4778/162/135
f 4778/162/135 4777/163/136 4776/164/137
f 4775/165/138 4773/166/139 4774/167/140
f 4774/167/140 4773/166/139 4772/168/141
f 4771/169/142 4772/168/141 4773/166/139
f 4770/170/143 4772/168/141 4771/169/142
f 4769/171/144 4770/170/143 4771/169/142
f 4768/172/145 4770/170/143 4769/171/144
f 4769/171/144 4766/173/146 4768/172/145
f 4768/172/145 4766/173/146 4767/174/147
f 4766/173/146 4764/175/148 4767/174/147
f 4765/176/148 4764/175/148 4766/173/146
f 4765/176/148 4763/177/149 4764/175/148
f 4764/175/148 4763/177/149 4762/178/150
f 4763/177/149 4761/179/151 4762/178/150
f 4762/178/150 4761/179/151 4760/180/152
f 4761/179/151 4759/181/153 4760/180/152
f 4760/180/152 4759/181/153 4758/182/154
f 4757/183/155 4758/182/154 4759/181/153
f 4756/184/156 4758/182/154 4757/183/155
f 4754/185/157 4756/184/156 4757/183/155
f 4755/186/157 4756/184/156 4754/185/157
f 4755/186/157 4754/185/157 4752/187/158
f 4752/187/158 4754/185/157 4753/188/158
f 4753/188/158 4750/189/159 4752/187/158
f 4752/187/158 4750/189/159 4751/190/159
f 4751/190/159 4750/189/159 4749/191/160
f 4749/191/160 4750/189/159 4748/192/161
f 4748/192/161 4747/193/162 4749/191/160
f 4746/194/163 4747/193/162 4748/192/161
f 4746/194/163 4745/195/164 4747/193/162
f 4742/196/165 4745/195/164 4746/194/163
f 4742/196/165 4743/3/3 4745/195/164
f 4744/1/1 4743/3/3 4742/196/165
f 4741/163/166 4739/197/167 4740/164/168
f 4740/164/168 4739/197/167 4737/198/169
f 4736/199/170 4737/198/169 4739/197/167
f 4738/200/170 4737/198/169 4736/199/170
f 4735/201/171 4733/202/171 4734/203/171
f 4734/203/171 4733/202/171 4732/204/171
f 4731/205/172 4729/206/172 4730/207/172
f 4730/207/172 4729/206/172 4728/208/172
f 4727/206/173 4725/205/173 4726/209/173
f 4726/209/173 4725/205/173 4724/210/173
f 4723/210/174 4721/211/174 4722/209/174
f 4722/209/174 4721/211/174 4720/212/174
f 4719/202/175 4717/213/175 4718/204/175
f 4718/204/175 4717/213/175 4716/214/175
f 4715/207/176 4713/208/176 4714/203/176
f 4714/203/176 4713/208/176 4712/201/176
f 4711/215/23 4709/216/23 4710/217/23
f 4710/217/23 4709/216/23 4708/218/23
f 4707/219/82 4705/220/82 4706/221/82
f 4706/221/82 4705/220/82 4704/222/82
f 4703/219/82 4701/220/82 4702/221/82
f 4702/221/82 4701/220/82 4700/222/82
f 4699/219/82 4697/223/82 4698/221/82
f 4698/221/82 4697/223/82 4696/224/82
f 4695/219/82 4693/223/82 4694/221/82
f 4694/221/82 4693/223/82 4692/224/82
f 4691/219/82 4689/225/82 4690/221/82
f 4690/221/82 4689/225/82 4688/226/82
f 4687/219/82 4685/223/82 4686/221/82
f 4686/221/82 4685/223/82 4684/224/82
f 4683/219/82 4681/223/82 4682/221/82
f 4682/221/82 4681/223/82 4680/224/82
f 4679/219/82 4677/223/82 4678/221/82
f 4678/221/82 4677/223/82 4676/224/82
f 4675/219/82 4673/225/82 4674/221/82
f 4674/221/82 4673/225/82 4672/226/82
f 4671/219/82 4669/227/82 4670/221/82
f 4670/221/82 4669/227/82 4668/228/82
f 4667/219/82 4665/223/82 4666/221/82
f 4666/221/82 4665/223/82 4664/224/82
f 4663/219/177 4661/223/177 4662/221/177
f 4662/221/177 4661/223/177 4660/224/177
f 4659/219/177 4657/223/177 4658/221/177
f 4658/221/177 4657/223/177 4656/224/177
f 4655/219/177 4653/223/177 4654/221/177
f 4654/221/177 4653/223/177 4652/224/177
f 4651/219/177 4649/225/177 4650/221/177
f 4650/221/177 4649/225/177 4648/226/177
f 4647/219/177 4645/223/177 4646/221/177
f 4646/221/177 4645/223/177 4644/224/177
f 4643/219/177 4641/229/177 4642/221/177
f 4642/221/177 4641/229/177 4640/230/177
f 4639/219/60 4637/225/60 4638/221/60
f 4638/221/60 4637/225/60 4636/226/60
f 4635/219/60 4633/225/60 4634/221/60
f 4634/221/60 4633/225/60 4632/226/60
f 4631/219/60 4629/225/60 4630/221/60
f 4630/221/60 4629/225/60 4628/226/60
f 4627/219/60 4625/225/60 4626/221/60
f 4626/221/60 4625/225/60 4624/226/60
f 4623/219/60 4621/223/60 4622/221/60
f 4622/221/60 4621/223/60 4620/224/60
f 4619/219/177 4617/223/177 4618/221/177
f 4618/221/177 4617/223/177 4616/224/177
f 4615/219/177 4613/223/177 4614/221/177
f 4614/221/177 4613/223/177 4612/224/177
f 4611/219/177 4609/223/177 4610/221/177
f 4610/221/177 4609/223/177 4608/224/177
f 4607/219/177 4605/225/177 4606/221/177
f 4606/221/177 4605/225/177 4604/226/177
f 4603/219/177 4601/223/177 4602/221/177
f 4602/221/177 4601/223/177 4600/224/177
f 4599/219/177 4597/229/177 4598/221/177
f 4598/221/177 4597/229/177 4596/230/177
f 4595/231/23 4593/232/23 4594/233/23
f 4594/233/23 4593/232/23 4592/234/23
f 4591/235/23 4589/236/23 4590/237/23
f 4590/237/23 4589/236/23 4588/238/23
f 4587/239/177 4585/240/177 4586/241/177
f 4586/241/177 4585/240/177 4584/242/177
usemtl metal.001
f 3096/1411/1325 3094/1412/1326 3095/1413/1327
f 3095/1413/1327 3094/1412/1326 3093/1414/1328
f 3092/1415/1329 3090/1416/1330 3091/1415/1331
f 3091/1415/1331 3090/1416/1330 3089/1417/1332
f 3087/1418/177 3080/1419/177 3088/1420/177
f 3082/1421/177 3080/1419/177 3087/1418/177
f 3086/1422/1333 3082/1421/177 3087/1418/177
f 3085/1423/1334 3082/1421/177 3086/1422/1333
f 3085/1423/1334 3084/1424/1335 3082/1421/177
f 3082/1421/177 3084/1424/1335 3083/1425/1336
f 3083/1425/1336 3081/1426/1337 3082/1421/177
f 3082/1421/177 3081/1426/1337 3080/1419/177
f 3079/1427/1338 3077/1428/1339 3078/1429/1340
f 3078/1429/1340 3077/1428/1339 3076/1430/1341
f 3077/1428/1339 3075/1431/1342 3076/1430/1341
f 3076/1430/1341 3075/1431/1342 3074/1432/1343
f 3073/1433/1344 3071/1434/1345 3072/1435/1346
f 3072/1435/1346 3071/1434/1345 3070/1436/1347
f 3069/1437/1348 3070/1436/1347 3071/1434/1345
f 3067/1438/1349 3070/1436/1347 3069/1437/1348
f 3066/1439/1350 3067/1438/1349 3069/1437/1348
f 3068/1440/1351 3067/1438/1349 3066/1439/1350
f 3065/1441/1352 3063/1442/1353 3064/1443/1352
f 3064/1443/1352 3063/1442/1353 3062/1444/1354
f 3063/1442/1353 3061/1445/1355 3062/1444/1354
f 3062/1444/1354 3061/1445/1355 3060/1446/1356
f 3058/1447/1357 3056/1448/1358 3059/1449/1359
f 3057/1450/1358 3056/1448/1358 3058/1447/1357
f 3057/1450/1358 3055/1451/1360 3056/1448/1358
f 3056/1448/1358 3055/1451/1360 3054/1452/1361
f 3032/1453/1362 3030/1454/1363 3053/1455/1364
f 3053/1455/1364 3030/1454/1363 3039/1456/1365
f 3053/1455/1364 3039/1456/1365 3052/1457/1366
f 3052/1457/1366 3039/1456/1365 3041/1458/1367
f 3041/1458/1367 3051/1459/1368 3052/1457/1366
f 3050/1460/1369 3051/1459/1368 3041/1458/1367
f 3041/1458/1367 3042/1461/1370 3050/1460/1369
f 3050/1460/1369 3042/1461/1370 3049/1462/1371
f 3042/1461/1370 3048/1463/1372 3049/1462/1371
f 3047/1464/1373 3048/1463/1372 3042/1461/1370
f 3042/1461/1370 3040/1465/1374 3047/1464/1373
f 3047/1464/1373 3040/1465/1374 3046/1466/1375
f 3040/1465/1374 3038/1467/1376 3046/1466/1375
f 3046/1466/1375 3038/1467/1376 3045/1468/1377
f 3038/1467/1376 3037/1469/1376 3045/1468/1377
f 3045/1468/1377 3037/1469/1376 3044/1470/1378
f 3037/1469/1376 3036/1471/1376 3044/1470/1378
f 3044/1470/1378 3036/1471/1376 3043/1472/1379
f 3041/1458/1367 3040/1465/1374 3042/1461/1370
f 3039/1456/1365 3040/1465/1374 3041/1458/1367
f 3039/1456/1365 3038/1467/1376 3040/1465/1374
f 3030/1454/1363 3038/1467/1376 3039/1456/1365
f 3038/1467/1376 3030/1454/1363 3037/1469/1376
f 3037/1469/1376 3030/1454/1363 3033/1473/1380
f 3037/1469/1376 3033/1473/1380 3036/1471/1376
f 3036/1471/1376 3033/1473/1380 3035/1474/1381
f 3033/1473/1380 3034/1475/1382 3035/1474/1381
f 3031/1476/1383 3034/1475/1382 3033/1473/1380
f 3030/1454/1363 3031/1476/1383 3033/1473/1380
f 3032/1453/1362 3031/1476/1383 3030/1454/1363
f 3029/1426/1384 3028/1251/1385 3025/1419/1386
f 3025/1419/1386 3028/1251/1385 3027/1252/1386
f 3024/1253/1386 3025/1419/1386 3027/1252/1386
f 3026/1420/1386 3025/1419/1386 3024/1253/1386
f 3023/1477/1387 3021/1478/1388 3022/699/1389
f 3022/699/1389 3021/1478/1388 3020/697/1390
f 3019/1479/1391 3018/1480/1391 3017/1481/1391
f 3015/1482/1392 3014/1483/1393 3016/1484/1394
f 3013/1485/1395 3014/1483/1393 3015/1482/1392
f 3014/1483/1393 3013/1485/1395 3011/1486/1396
f 3011/1486/1396 3013/1485/1395 3012/1487/1397
f 3012/1487/1397 3010/1488/1398 3011/1486/1396
f 3011/1486/1396 3010/1488/1398 3009/1489/1399
f 3008/1490/1400 3006/1491/1401 3007/1492/1402
f 3007/1492/1402 3006/1491/1401 3005/1493/1403
f 3004/1494/1404 3002/1495/1404 3003/1496/1404
f 3003/1496/1404 3002/1495/1404 3001/1497/1404
f 3000/1498/1405 2998/1499/1406 2999/1500/1407
f 2999/1500/1407 2998/1499/1406 2997/1501/1408
f 2996/1502/1409 2994/1503/1410 2995/1504/1409
f 2995/1504/1409 2994/1503/1410 2993/1505/1410
f 2991/1506/1411 2989/1507/1412 2992/1508/1413
f 2990/1509/1414 2989/1507/1412 2991/1506/1411
f 2990/1509/1414 2988/1510/1415 2989/1507/1412
f 2989/1507/1412 2988/1510/1415 2987/1511/1416
f 2985/1512/1417 2983/1513/1418 2986/1514/1419
f 2984/1515/1420 2983/1513/1418 2985/1512/1417
f 2984/1515/1420 2982/1478/1421 2983/1513/1418
f 2983/1513/1418 2982/1478/1421 2981/1477/1422
f 2980/1516/1423 2978/294/1424 2979/1517/1424
f 2979/1517/1424 2978/294/1424 2977/295/1424
f 2976/1518/1425 2975/1519/1425 2974/1520/1425
f 2973/352/1426 2972/1521/1427 2971/350/1428
f 2971/350/1428 2972/1521/1427 2970/1522/1429
f 2970/1522/1429 2969/348/1430 2971/350/1428
f 2968/1523/1431 2969/348/1430 2970/1522/1429
f 2969/348/1430 2968/1523/1431 2967/346/1432
f 2967/346/1432 2968/1523/1431 2966/1524/1433
f 2967/346/1432 2966/1524/1433 2965/343/1434
f 2965/343/1434 2966/1524/1433 2964/1525/1435
f 2965/343/1434 2964/1525/1435 2962/341/1436
f 2962/341/1436 2964/1525/1435 2963/1526/1436
f 2963/1526/1436 2961/1527/1437 2962/341/1436
f 2962/341/1436 2961/1527/1437 2960/338/1437
f 2961/1527/1437 2959/1528/1438 2960/338/1437
f 2960/338/1437 2959/1528/1438 2958/339/1438
f 2957/1529/1439 2955/1530/1440 2956/1531/1441
f 2956/1531/1441 2955/1530/1440 2954/1532/1442
f 2955/1530/1440 2953/1533/1443 2954/1532/1442
f 2954/1532/1442 2953/1533/1443 2952/1534/1444
f 2953/1533/1443 2951/1535/1445 2952/1534/1444
f 2952/1534/1444 2951/1535/1445 2950/1536/1446
f 2951/1535/1445 2949/1537/1447 2950/1536/1446
f 2950/1536/1446 2949/1537/1447 2948/1538/1448
f 2947/1539/1449 2945/1540/1450 2946/1541/1451
f 2946/1541/1451 2945/1540/1450 2944/1542/1452
f 2943/1543/1453 2941/1544/1454 2942/1545/1455
f 2942/1545/1455 2941/1544/1454 2940/1546/1456
f 2939/1547/1457 2937/1548/1458 2938/1549/1459
f 2938/1549/1459 2937/1548/1458 2936/1550/1460
f 2935/1551/1461 2933/1552/1462 2934/1553/1463
f 2934/1553/1463 2933/1552/1462 2932/1554/1464
f 2931/1555/1465 2929/1556/1466 2930/1557/1467
f 2930/1557/1467 2929/1556/1466 2928/1558/1468
f 2927/1559/1469 2925/1560/1470 2926/1561/1471
f 2926/1561/1471 2925/1560/1470 2924/1562/1472
f 2925/1560/1470 2923/1563/1473 2924/1562/1472
f 2924/1562/1472 2923/1563/1473 2922/1564/1474
f 2921/1565/1475 2919/1566/1476 2920/1567/1477
f 2920/1567/1477 2919/1566/1476 2918/1568/1478
f 2917/1569/1479 2915/1570/1480 2916/1571/395
f 2916/1571/395 2915/1570/1480 2914/1572/395
f 2913/1573/1481 2911/1574/1481 2912/1575/1481
f 2912/1575/1481 2911/1574/1481 2910/1576/1481
f 2909/1577/393 2907/1578/393 2908/1579/1482
f 2908/1579/1482 2907/1578/393 2906/1580/1483
f 2905/1581/1484 2903/1582/1484 2904/1583/1484
f 2904/1583/1484 2903/1582/1484 2902/1584/1484
f 2901/1585/395 2899/1586/395 2900/1587/395
f 2900/1587/395 2899/1586/395 2898/1588/395
f 2897/1589/74 2895/1590/74 2896/1591/74
f 2896/1591/74 2895/1590/74 2894/1592/74
f 2893/1593/393 2891/1594/393 2892/1595/393
f 2892/1595/393 2891/1594/393 2890/1596/393
f 2889/1597/1485 2887/1598/1485 2888/1599/1485
f 2888/1599/1485 2887/1598/1485 2886/1600/1485
f 2885/1601/395 2883/1602/395 2884/1603/395
f 2884/1603/395 2883/1602/395 2882/1604/395
f 2881/1605/1486 2879/1606/1486 2880/1607/1486
f 2880/1607/1486 2879/1606/1486 2878/1608/1486
f 2877/1609/393 2875/1610/393 2876/1611/393
f 2876/1611/393 2875/1610/393 2874/1612/393
f 2873/1613/1487 2871/1614/1487 2872/1615/1487
f 2872/1615/1487 2871/1614/1487 2870/1616/1487
f 2869/1617/395 2867/1618/395 2868/1619/395
f 2868/1619/395 2867/1618/395 2866/1620/395
f 2865/1621/1488 2863/1622/1488 2864/1623/1488
f 2864/1623/1488 2863/1622/1488 2862/1624/1488
f 2861/1625/393 2859/1626/393 2860/1627/393
f 2860/1627/393 2859/1626/393 2858/1628/393
f 2857/1629/1489 2855/1630/1489 2856/1631/1489
f 2856/1631/1489 2855/1630/1489 2854/1632/1489
f 2853/1633/395 2851/1634/395 2852/1635/395
f 2852/1635/395 2851/1634/395 2850/1636/395
f 2849/1637/1490 2847/1638/1490 2848/1639/1490
f 2848/1639/1490 2847/1638/1490 2846/1640/1490
f 2845/1641/393 2843/1642/393 2844/1643/393
f 2844/1643/393 2843/1642/393 2842/1644/393
f 2841/1645/1491 2839/1646/1491 2840/1647/1491
f 2840/1647/1491 2839/1646/1491 2838/1648/1491
f 2837/1649/395 2835/1650/395 2836/1651/395
f 2836/1651/395 2835/1650/395 2834/1652/395
f 2833/1653/1492 2831/1654/1492 2832/1655/1492
f 2832/1655/1492 2831/1654/1492 2830/1656/1492
f 2829/1657/393 2827/1658/393 2828/1659/393
f 2828/1659/393 2827/1658/393 2826/1660/393
f 2825/1661/1493 2823/1662/1494 2824/1663/1495
f 2824/1663/1495 2823/1662/1494 2822/1664/1496
f 2821/1542/1331 2819/1541/1497 2820/1542/1498
f 2820/1542/1498 2819/1541/1497 2818/1541/1499
f 2817/1540/1500 2815/1665/1501 2816/1542/1500
f 2816/1542/1500 2815/1665/1501 2814/1666/1502
f 2815/1665/1501 2811/1667/1503 2814/1666/1502
f 2814/1666/1502 2811/1667/1503 2813/1668/1504
f 2812/1669/1505 2813/1668/1504 2811/1667/1503
f 2812/1669/1505 2811/1667/1503 2810/1670/23
f 2810/1670/23 2811/1667/1503 2809/1671/23
f 2810/1670/23 2809/1671/23 2808/1672/23
f 2808/1672/23 2809/1671/23 2807/1673/23
f 2808/1672/23 2807/1673/23 2804/1674/23
f 2804/1674/23 2807/1673/23 2803/1675/23
f 2806/1676/23 2804/1674/23 2805/1677/23
f 2805/1677/23 2804/1674/23 2802/1678/23
f 2804/1674/23 2803/1675/23 2802/1678/23
f 2802/1678/23 2803/1675/23 2801/1679/23
f 2802/1678/23 2801/1679/23 2800/1680/23
f 2800/1680/23 2801/1679/23 2799/1681/23
f 2800/1680/23 2799/1681/23 2798/1682/1506
f 2798/1682/1506 2799/1681/23 2797/1683/1507
f 2798/1682/1506 2797/1683/1507 2796/1684/1508
f 2789/1685/1509 2790/1686/1510 2795/1687/395
f 2793/1688/1511 2792/1689/1512 2794/1690/1513
f 2791/1691/1514 2792/1689/1512 2793/1688/1511
f 2791/1691/1514 2789/1685/1509 2792/1689/1512
f 2786/1692/1515 2789/1685/1509 2791/1691/1514
f 2787/1693/1516 2789/1685/1509 2786/1692/1515
f 2787/1693/1516 2790/1686/1510 2789/1685/1509
f 2788/1693/1517 2787/1693/1516 2786/1692/1515
f 2784/1694/1518 2782/1695/1519 2785/1696/1520
f 2783/1697/1521 2782/1695/1519 2784/1694/1518
f 2783/1697/1521 2781/1698/1522 2782/1695/1519
f 2782/1695/1519 2781/1698/1522 2780/1699/1523
f 2779/1700/1524 2778/1701/1525 2770/1702/1526
f 2777/1703/1527 2770/1702/1526 2778/1701/1525
f 2776/1704/1528 2770/1702/1526 2777/1703/1527
f 2776/1704/1528 2773/1705/177 2770/1702/1526
f 2776/1704/1528 2775/1706/1529 2773/1705/177
f 2773/1705/177 2775/1706/1529 2774/1707/1054
f 2774/1707/1054 2769/1708/177 2773/1705/177
f 2773/1705/177 2769/1708/177 2772/1709/177
f 2770/1702/1526 2773/1705/177 2772/1709/177
f 2769/1708/177 2770/1702/1526 2772/1709/177
f 2771/1710/1530 2770/1702/1526 2769/1708/177
f 2767/1711/1531 2766/1712/1532 2768/1713/1533
f 2765/1714/1534 2766/1712/1532 2767/1711/1531
f 2766/1712/1532 2765/1714/1534 2764/1715/1535
f 2764/1715/1535 2765/1714/1534 2763/1716/1536
f 2764/1715/1535 2763/1716/1536 2762/1717/1537
f 2762/1717/1537 2763/1716/1536 2760/1718/1538
f 2762/1717/1537 2760/1718/1538 2761/1719/1539
f 2761/1719/1539 2760/1718/1538 2759/1720/1540
f 2758/1721/1541 2756/1722/1542 2757/1723/1543
f 2757/1723/1543 2756/1722/1542 2755/1724/1544
f 2754/356/1545 2752/1725/1546 2753/1726/1547
f 2753/1726/1547 2752/1725/1546 2751/1727/1548
f 2750/1728/1549 2748/1729/1550 2749/679/1551
f 2749/679/1551 2748/1729/1550 2747/680/1552
f 2746/1730/1553 2745/1731/1554 2744/1732/1555
f 2743/441/1556 2741/1733/1557 2742/442/1558
f 2742/442/1558 2741/1733/1557 2740/1734/1559
f 2741/1733/1557 2739/1735/1560 2740/1734/1559
f 2740/1734/1559 2739/1735/1560 2738/1736/1561
f 2737/1737/1562 2735/1738/1563 2736/1739/1562
f 2736/1739/1562 2735/1738/1563 2734/1740/1564
f 2733/1741/1565 2731/1742/1566 2732/1743/1567
f 2732/1743/1567 2731/1742/1566 2730/1744/1568
f 2729/1745/1569 2727/1746/1570 2728/1747/1571
f 2728/1747/1571 2727/1746/1570 2726/1748/1572
f 2725/1749/1573 2723/1750/1574 2724/1751/1575
f 2724/1751/1575 2723/1750/1574 2722/1752/1576
f 2721/1753/1577 2719/1754/1578 2720/1755/1579
f 2720/1755/1579 2719/1754/1578 2094/1756/1580
f 2719/1754/1578 2718/1757/1581 2094/1756/1580
f 2094/1756/1580 2718/1757/1581 2096/1758/1582
f 2717/1759/1583 2096/1758/1582 2718/1757/1581
f 2098/1760/1584 2096/1758/1582 2717/1759/1583
f 2716/1761/1585 2098/1760/1584 2717/1759/1583
f 2100/1762/1586 2098/1760/1584 2716/1761/1585
f 2100/1762/1586 2716/1761/1585 2715/1763/60
f 2100/1762/1586 2715/1763/60 2102/1764/1587
f 2102/1764/1587 2715/1763/60 2714/1765/60
f 2714/1765/60 2093/1766/60 2102/1764/1587
f 2102/1764/1587 2093/1766/60 2092/1767/1588
f 2713/1768/1589 2711/1769/1590 2712/1770/1591
f 2712/1770/1591 2711/1769/1590 2710/1771/1592
f 2709/1772/1593 2708/1773/1593 2707/1774/1593
f 2706/1775/1594 2703/1776/1595 2705/1777/1596
f 2705/1777/1596 2703/1776/1595 2704/1778/1597
f 2703/1776/1595 2701/1779/1598 2704/1778/1597
f 2700/1780/1599 2701/1779/1598 2703/1776/1595
f 2702/1781/1600 2701/1779/1598 2700/1780/1599
f 2699/1782/1601 2698/1783/1601 2697/1784/1601
f 2696/1316/1602 2695/1785/1603 2694/1315/1604
f 2694/1315/1604 2695/1785/1603 2693/1786/1605
f 2694/1315/1604 2693/1786/1605 2692/1314/1606
f 2692/1314/1606 2693/1786/1605 2691/1787/1607
f 2691/1787/1607 2689/1313/1608 2692/1314/1606
f 2690/1788/1609 2689/1313/1608 2691/1787/1607
f 2690/1788/1609 2688/1789/1610 2689/1313/1608
f 2689/1313/1608 2688/1789/1610 2687/1312/1611
f 2686/1790/1612 2685/1791/1612 2684/1792/1612
f 2683/442/1613 2674/1734/82 2682/1208/1614
f 2682/1208/1614 2674/1734/82 2672/1793/82
f 2672/1793/82 2681/1209/1103 2682/1208/1614
f 2680/1794/186 2681/1209/1103 2672/1793/82
f 2675/1795/82 2680/1794/186 2672/1793/82
f 2679/1796/1615 2680/1794/186 2675/1795/82
f 2675/1795/82 2678/1797/1616 2679/1796/1615
f 2677/1798/1617 2678/1797/1616 2675/1795/82
f 2677/1798/1617 2675/1795/82 2676/1799/183
f 2676/1799/183 2675/1795/82 2673/1736/82
f 2672/1793/82 2673/1736/82 2675/1795/82
f 2674/1734/82 2673/1736/82 2672/1793/82
f 2671/1800/1618 2669/1801/1618 2670/1802/1619
f 2670/1802/1619 2669/1801/1618 2668/1803/1620
f 2669/1801/1618 2667/1804/1621 2668/1803/1620
f 2668/1803/1620 2667/1804/1621 2666/1805/1622
f 2664/1806/1623 2663/1807/1624 2665/1808/1625
f 2662/1807/1626 2663/1807/1624 2664/1806/1623
f 2663/1807/1624 2662/1807/1626 2660/1809/1627
f 2660/1809/1627 2662/1807/1626 2661/1810/1628
f 2661/1810/1628 2659/1811/1629 2660/1809/1627
f 2660/1809/1627 2659/1811/1629 2658/1812/1629
f 2656/1813/1630 2654/1814/1631 2657/1815/1632
f 2655/1816/1633 2654/1814/1631 2656/1813/1630
f 2655/1816/1633 2653/1817/1634 2654/1814/1631
f 2654/1814/1631 2653/1817/1634 2652/1818/1635
f 2651/1819/1636 2649/1820/1637 2650/1821/1638
f 2650/1821/1638 2649/1820/1637 2648/1822/1639
f 2649/1820/1637 2647/1823/1640 2648/1822/1639
f 2648/1822/1639 2647/1823/1640 2646/1824/1641
f 2645/1825/1642 2643/1826/1643 2644/1827/1644
f 2644/1827/1644 2643/1826/1643 2642/1828/1645
f 2643/1826/1643 2641/1829/1646 2642/1828/1645
f 2642/1828/1645 2641/1829/1646 2640/1830/1647
f 2639/1831/1612 2638/1832/1612 2637/1833/1612
f 2636/1834/1648 2634/1835/1649 2635/1083/1650
f 2635/1083/1650 2634/1835/1649 2633/1084/1651
f 2634/1835/1649 2632/1836/1652 2633/1084/1651
f 2633/1084/1651 2632/1836/1652 2631/1085/1571
f 2629/1837/1653 2628/1808/1654 2630/1837/1655
f 2627/1808/1656 2628/1808/1654 2629/1837/1653
f 2627/1808/1656 2626/1838/1657 2628/1808/1654
f 2625/1807/1658 2626/1838/1657 2627/1808/1656
f 2626/1838/1657 2625/1807/1658 2623/1809/1659
f 2623/1809/1659 2625/1807/1658 2624/1809/1660
f 2624/1809/1660 2622/1812/1661 2623/1809/1659
f 2623/1809/1659 2622/1812/1661 2621/1812/1661
f 2619/1839/1662 2618/1840/1663 2620/1841/1664
f 2617/1842/1663 2618/1840/1663 2619/1839/1662
f 2617/1842/1663 2615/1843/1665 2618/1840/1663
f 2616/1844/1666 2615/1843/1665 2617/1842/1663
f 2616/1844/1666 2614/1845/1667 2615/1843/1665
f 2615/1843/1665 2614/1845/1667 2613/1846/1668
f 2612/1847/1669 2607/1848/1670 2604/1849/1671
f 2611/1850/1672 2610/1851/1672 2609/1852/1673
f 2609/1852/1673 2610/1851/1672 2603/1853/1674
f 2606/1854/1675 2609/1852/1673 2603/1853/1674
f 2606/1854/1675 2608/1855/1676 2609/1852/1673
f 2607/1848/1670 2608/1855/1676 2606/1854/1675
f 2604/1849/1671 2607/1848/1670 2606/1854/1675
f 2604/1849/1671 2606/1854/1675 2603/1853/1674
f 2605/1856/1677 2604/1849/1671 2603/1853/1674
f 2602/1857/1678 2593/1858/1679 2595/1859/1680
f 2588/1860/1681 2589/1861/1682 2601/1862/1683
f 2600/1863/1684 2590/1864/1685 2588/1860/1681
f 2599/1865/1686 2590/1864/1685 2600/1863/1684
f 2598/1866/1687 2590/1864/1685 2599/1865/1686
f 2591/1867/1688 2590/1864/1685 2598/1866/1687
f 2598/1866/1687 2594/1868/1689 2591/1867/1688
f 2597/1869/1690 2594/1868/1689 2598/1866/1687
f 2596/1870/1510 2594/1868/1689 2597/1869/1690
f 2595/1859/1680 2594/1868/1689 2596/1870/1510
f 2595/1859/1680 2593/1858/1679 2594/1868/1689
f 2594/1868/1689 2593/1858/1679 2591/1867/1688
f 2591/1867/1688 2593/1858/1679 2592/1871/1691
f 2592/1871/1691 2589/1861/1682 2591/1867/1688
f 2591/1867/1688 2589/1861/1682 2590/1864/1685
f 2590/1864/1685 2589/1861/1682 2588/1860/1681
f 2586/1872/1692 2577/1873/1693 2587/1874/1694
f 2579/1875/1695 2577/1873/1693 2586/1872/1692
f 2585/1876/1696 2579/1875/1695 2586/1872/1692
f 2581/1877/1697 2579/1875/1695 2585/1876/1696
f 2424/1878/1698 2581/1877/1697 2585/1876/1696
f 2424/1878/1698 2583/1879/1699 2581/1877/1697
f 2422/1880/1700 2583/1879/1699 2424/1878/1698
f 2422/1880/1700 2420/1881/1701 2583/1879/1699
f 2584/1882/1702 2583/1879/1699 2420/1881/1701
f 2420/1881/1701 2419/1883/1703 2584/1882/1702
f 2582/1884/1704 2583/1879/1699 2584/1882/1702
f 2582/1884/1704 2581/1877/1697 2583/1879/1699
f 2580/1885/1705 2581/1877/1697 2582/1884/1704
f 2580/1885/1705 2579/1875/1695 2581/1877/1697
f 2576/1886/1706 2579/1875/1695 2580/1885/1705
f 2576/1886/1706 2577/1873/1693 2579/1875/1695
f 2578/1887/1707 2577/1873/1693 2576/1886/1706
f 2575/1888/1708 2573/1889/1709 2574/1890/1708
f 2574/1890/1708 2573/1889/1709 2572/1891/1710
f 2573/1889/1709 2571/1892/1711 2572/1891/1710
f 2572/1891/1710 2571/1892/1711 2570/1893/1711
f 2557/1894/1712 2555/1160/1713 2561/1895/1714
f 2561/1895/1714 2555/1160/1713 2563/1896/1715
f 2569/1154/1716 2568/1897/1717 2566/1156/1718
f 2566/1156/1718 2568/1897/1717 2567/1898/1719
f 2566/1156/1718 2567/1898/1719 2564/1899/1720
f 2565/1155/1721 2566/1156/1718 2564/1899/1720
f 2555/1160/1713 2565/1155/1721 2564/1899/1720
f 2564/1899/1720 2551/1900/1722 2555/1160/1713
f 2555/1160/1713 2551/1900/1722 2553/1901/1723
f 2563/1896/1715 2555/1160/1713 2553/1901/1723
f 2563/1896/1715 2553/1901/1723 2554/1902/1724
f 2554/1902/1724 2561/1895/1714 2563/1896/1715
f 2562/1903/1725 2561/1895/1714 2554/1902/1724
f 2560/1904/1726 2561/1895/1714 2562/1903/1725
f 2557/1894/1712 2561/1895/1714 2560/1904/1726
f 2560/1904/1726 2559/1905/1727 2557/1894/1712
f 2557/1894/1712 2559/1905/1727 2558/1906/1728
f 2558/1906/1728 2556/1159/1729 2557/1894/1712
f 2557/1894/1712 2556/1159/1729 2555/1160/1713
f 2554/1902/1724 2553/1901/1723 2552/1907/1730
f 2553/1901/1723 2551/1900/1722 2552/1907/1730
f 2552/1907/1730 2551/1900/1722 2550/1908/1731
f 2549/1909/1732 2547/1910/1733 2548/1911/1734
f 2548/1911/1734 2547/1910/1733 2546/1912/1735
f 2511/1913/1736 2512/1914/1737 2545/1915/1738
f 2545/1915/1738 2512/1914/1737 2544/1916/1739
f 2544/1916/1739 2543/1917/1740 2545/1915/1738
f 2542/1918/1741 2543/1917/1740 2544/1916/1739
f 2542/1918/1741 2540/1919/1742 2543/1917/1740
f 2541/1920/1743 2540/1919/1742 2542/1918/1741
f 2541/1920/1743 2539/1921/1744 2540/1919/1742
f 2540/1919/1742 2539/1921/1744 2538/1922/1745
f 2539/1921/1744 2537/1923/1746 2538/1922/1745
f 2538/1922/1745 2537/1923/1746 2536/1924/1747
f 2535/1925/1748 2536/1924/1747 2537/1923/1746
f 2534/1926/1749 2536/1924/1747 2535/1925/1748
f 2533/1927/60 2534/1926/1749 2535/1925/1748
f 2532/1928/60 2534/1926/1749 2533/1927/60
f 2531/1929/1750 2532/1928/60 2533/1927/60
f 2529/1930/1751 2532/1928/60 2531/1929/1750
f 2528/1931/1752 2529/1930/1751 2531/1929/1750
f 2530/1932/1753 2529/1930/1751 2528/1931/1752
f 2506/1933/1754 2504/1934/1755 2527/1935/1756
f 2527/1935/1756 2504/1934/1755 2526/1936/1757
f 2527/1935/1756 2526/1936/1757 2525/1937/1758
f 2525/1937/1758 2526/1936/1757 2524/1938/1759
f 2524/1938/1759 2523/1939/1760 2525/1937/1758
f 2522/1940/1761 2523/1939/1760 2524/1938/1759
f 2522/1940/1761 2521/1941/1762 2523/1939/1760
f 2520/1942/1763 2521/1941/1762 2522/1940/1761
f 2520/1942/1763 2519/1943/1764 2521/1941/1762
f 2518/1554/1765 2519/1943/1764 2520/1942/1763
f 2518/1554/1765 2517/1944/1766 2519/1943/1764
f 2516/1552/1767 2517/1944/1766 2518/1554/1765
f 2517/1944/1766 2516/1552/1767 2515/1945/1768
f 2515/1945/1768 2516/1552/1767 2514/1946/1769
f 2514/1946/1769 2513/1947/1481 2515/1945/1768
f 2510/1948/1770 2513/1947/1481 2514/1946/1769
f 2510/1948/1770 2511/1913/1736 2513/1947/1481
f 2512/1914/1737 2511/1913/1736 2510/1948/1770
f 2509/1949/1771 2508/1950/1772 2507/1951/1773
f 2507/1951/1773 2508/1950/1772 2505/1952/1774
f 2507/1951/1773 2505/1952/1774 2506/1933/1754
f 2506/1933/1754 2505/1952/1774 2504/1934/1755
f 2501/1953/1775 2500/1954/1776 2503/1955/1777
f 2503/1955/1777 2500/1954/1776 2498/1956/1778
f 2502/1957/1779 2494/1958/1780 2501/1953/1775
f 2501/1953/1775 2494/1958/1780 2500/1954/1776
f 2495/1959/1781 2500/1954/1776 2494/1958/1780
f 2500/1954/1776 2495/1959/1781 2498/1956/1778
f 2495/1959/1781 2497/1960/1782 2498/1956/1778
f 2499/1961/1782 2498/1956/1778 2497/1960/1782
f 2496/1962/1783 2495/1959/1781 2494/1958/1780
f 2493/1963/1784 2491/1964/1785 2492/1965/1786
f 2492/1965/1786 2491/1964/1785 2490/1966/1529
f 2489/1967/1787 2485/1968/1788 2486/1969/1787
f 2489/1967/1787 2484/1970/1789 2485/1968/1788
f 2488/1971/1790 2484/1970/1789 2489/1967/1787
f 2488/1971/1790 2483/1972/1791 2484/1970/1789
f 2487/1973/1792 2483/1972/1791 2488/1971/1790
f 2483/1972/1791 2487/1973/1792 2482/1974/1793
f 2482/1974/1793 2487/1973/1792 2481/1975/1794
f 2486/1969/1787 2435/1976/1788 2433/1977/1795
f 2486/1969/1787 2485/1968/1788 2435/1976/1788
f 2435/1976/1788 2485/1968/1788 2472/1978/1788
f 2472/1978/1788 2485/1968/1788 2473/1979/1788
f 2485/1968/1788 2484/1970/1789 2473/1979/1788
f 2473/1979/1788 2484/1970/1789 2474/1980/1796
f 2484/1970/1789 2483/1972/1791 2474/1980/1796
f 2474/1980/1796 2483/1972/1791 2475/1981/1791
f 2483/1972/1791 2482/1974/1793 2475/1981/1791
f 2475/1981/1791 2482/1974/1793 2476/1982/1797
f 2482/1974/1793 2478/1983/1798 2476/1982/1797
f 2482/1974/1793 2481/1975/1794 2478/1983/1798
f 2478/1983/1798 2481/1975/1794 2479/1984/1799
f 2476/1982/1797 2478/1983/1798 2477/1985/1800
f 2480/1986/1801 2454/1987/1802 2456/1988/1803
f 2479/1984/1799 2480/1986/1801 2456/1988/1803
f 2478/1983/1798 2479/1984/1799 2456/1988/1803
f 2456/1988/1803 2458/1989/1804 2478/1983/1798
f 2478/1983/1798 2458/1989/1804 2477/1985/1800
f 2458/1989/1804 2460/1990/394 2477/1985/1800
f 2462/1991/1797 2477/1985/1800 2460/1990/394
f 2476/1982/1797 2477/1985/1800 2462/1991/1797
f 2465/1992/1791 2476/1982/1797 2462/1991/1797
f 2475/1981/1791 2476/1982/1797 2465/1992/1791
f 2467/1993/1805 2475/1981/1791 2465/1992/1791
f 2474/1980/1796 2475/1981/1791 2467/1993/1805
f 2469/1994/1806 2474/1980/1796 2467/1993/1805
f 2473/1979/1788 2474/1980/1796 2469/1994/1806
f 2447/1995/1807 2473/1979/1788 2469/1994/1806
f 2472/1978/1788 2473/1979/1788 2447/1995/1807
f 2440/1996/1808 2472/1978/1788 2447/1995/1807
f 2436/1997/75 2472/1978/1788 2440/1996/1808
f 2436/1997/75 2435/1976/1788 2472/1978/1788
f 2459/1998/1809 2457/1486/1810 2471/1489/1811
f 2446/1999/1812 2447/1995/1807 2470/2000/1813
f 2469/1994/1806 2470/2000/1813 2447/1995/1807
f 2468/2001/1814 2470/2000/1813 2469/1994/1806
f 2467/1993/1805 2468/2001/1814 2469/1994/1806
f 2466/2002/1815 2468/2001/1814 2467/1993/1805
f 2465/1992/1791 2466/2002/1815 2467/1993/1805
f 2464/2003/1816 2466/2002/1815 2465/1992/1791
f 2462/1991/1797 2464/2003/1816 2465/1992/1791
f 2463/2004/1817 2464/2003/1816 2462/1991/1797
f 2463/2004/1817 2462/1991/1797 2461/2005/1818
f 2461/2005/1818 2462/1991/1797 2460/1990/394
f 2461/2005/1818 2460/1990/394 2459/1998/1809
f 2459/1998/1809 2460/1990/394 2458/1989/1804
f 2458/1989/1804 2457/1486/1810 2459/1998/1809
f 2456/1988/1803 2457/1486/1810 2458/1989/1804
f 2455/1483/1819 2457/1486/1810 2456/1988/1803
f 2456/1988/1803 2454/1987/1802 2455/1483/1819
f 2455/1483/1819 2454/1987/1802 2453/1484/1820
f 2405/2006/1821 2407/2007/1822 2421/2008/1823
f 2421/2008/1823 2406/2009/1824 2405/2006/1821
f 2421/2008/1823 2423/2010/1825 2406/2009/1824
f 2406/2009/1824 2423/2010/1825 2400/2011/1826
f 2400/2011/1826 2423/2010/1825 2445/2012/1827
f 2400/2011/1826 2445/2012/1827 2401/2013/1828
f 2401/2013/1828 2445/2012/1827 2452/2014/1829
f 2445/2012/1827 2444/2015/1830 2452/2014/1829
f 2452/2014/1829 2444/2015/1830 2451/2016/1831
f 2443/2017/1832 2451/2016/1831 2444/2015/1830
f 2450/2018/1833 2451/2016/1831 2443/2017/1832
f 2443/2017/1832 2442/2019/1834 2450/2018/1833
f 2450/2018/1833 2442/2019/1834 2449/2020/1835
f 2442/2019/1834 2441/2021/1836 2449/2020/1835
f 2449/2020/1835 2441/2021/1836 2448/2022/1837
f 2441/2021/1836 2440/1996/1808 2448/2022/1837
f 2448/2022/1837 2440/1996/1808 2446/1999/1812
f 2440/1996/1808 2447/1995/1807 2446/1999/1812
f 2423/2010/1825 2425/2023/1838 2445/2012/1827
f 2445/2012/1827 2425/2023/1838 2444/2015/1830
f 2425/2023/1838 2439/2024/1839 2444/2015/1830
f 2444/2015/1830 2439/2024/1839 2443/2017/1832
f 2439/2024/1839 2438/2025/1840 2443/2017/1832
f 2443/2017/1832 2438/2025/1840 2442/2019/1834
f 2437/2026/1836 2442/2019/1834 2438/2025/1840
f 2441/2021/1836 2442/2019/1834 2437/2026/1836
f 2437/2026/1836 2436/1997/75 2441/2021/1836
f 2441/2021/1836 2436/1997/75 2440/1996/1808
f 2439/2024/1839 2425/2023/1838 2427/2027/1841
f 2427/2027/1841 2430/2028/1842 2439/2024/1839
f 2439/2024/1839 2430/2028/1842 2438/2025/1840
f 2430/2028/1842 2432/2029/1836 2438/2025/1840
f 2438/2025/1840 2432/2029/1836 2437/2026/1836
f 2432/2029/1836 2434/2030/75 2437/2026/1836
f 2437/2026/1836 2434/2030/75 2436/1997/75
f 2434/2030/75 2435/1976/1788 2436/1997/75
f 2433/1977/1795 2435/1976/1788 2434/2030/75
f 2432/2029/1836 2433/1977/1795 2434/2030/75
f 2431/2031/1843 2433/1977/1795 2432/2029/1836
f 2430/2028/1842 2431/2031/1843 2432/2029/1836
f 2429/1874/1844 2431/2031/1843 2430/2028/1842
f 2427/2027/1841 2429/1874/1844 2430/2028/1842
f 2428/2032/1845 2429/1874/1844 2427/2027/1841
f 2427/2027/1841 2426/1876/1846 2428/2032/1845
f 2427/2027/1841 2425/2023/1838 2426/1876/1846
f 2424/1878/1698 2426/1876/1846 2425/2023/1838
f 2425/2023/1838 2423/2010/1825 2424/1878/1698
f 2424/1878/1698 2423/2010/1825 2422/1880/1700
f 2422/1880/1700 2423/2010/1825 2421/2008/1823
f 2421/2008/1823 2420/1881/1701 2422/1880/1700
f 2421/2008/1823 2407/2007/1822 2420/1881/1701
f 2407/2007/1822 2419/1883/1703 2420/1881/1701
f 2419/1883/1703 2407/2007/1822 2408/2033/1847
f 2418/2034/60 2411/2035/60 2412/2036/60
f 2412/2036/60 2417/2037/1481 2418/2034/60
f 2413/2038/60 2417/2037/1481 2412/2036/60
f 2417/2037/1481 2413/2038/60 2416/2039/1848
f 2416/2039/1848 2413/2038/60 2414/2040/1849
f 2414/2040/1849 2415/2041/1850 2416/2039/1848
f 2356/2042/1849 2363/2043/1849 2373/2044/1851
f 2356/2042/1849 2373/2044/1851 2359/2045/1849
f 2359/2045/1849 2373/2044/1851 2415/2041/1850
f 2359/2045/1849 2415/2041/1850 2414/2040/1849
f 2360/2046/60 2359/2045/1849 2414/2040/1849
f 2413/2038/60 2360/2046/60 2414/2040/1849
f 2381/2047/60 2360/2046/60 2413/2038/60
f 2412/2036/60 2381/2047/60 2413/2038/60
f 2383/2048/60 2381/2047/60 2412/2036/60
f 2412/2036/60 2411/2035/60 2383/2048/60
f 2411/2035/60 2385/2049/1852 2383/2048/60
f 2410/1551/1853 2385/2049/1852 2411/2035/60
f 2385/2049/1852 2410/1551/1853 2403/2050/1854
f 2403/2050/1854 2410/1551/1853 2409/1553/1855
f 2403/2050/1854 2409/1553/1855 2404/2051/1856
f 2404/2051/1856 2409/1553/1855 2408/2033/1847
f 2404/2051/1856 2408/2033/1847 2407/2007/1822
f 2405/2006/1821 2404/2051/1856 2407/2007/1822
f 2398/2052/1857 2406/2009/1824 2400/2011/1826
f 2402/2053/1857 2406/2009/1824 2398/2052/1857
f 2405/2006/1821 2406/2009/1824 2402/2053/1857
f 2405/2006/1821 2402/2053/1857 2396/2054/1858
f 2404/2051/1856 2405/2006/1821 2396/2054/1858
f 2394/2055/1859 2404/2051/1856 2396/2054/1858
f 2403/2050/1854 2404/2051/1856 2394/2055/1859
f 2394/2055/1859 2387/2056/1860 2403/2050/1854
f 2403/2050/1854 2387/2056/1860 2385/2049/1852
f 2396/2054/1858 2402/2053/1857 2398/2052/1857
f 2399/2057/1861 2400/2011/1826 2401/2013/1828
f 2398/2052/1857 2400/2011/1826 2399/2057/1861
f 2397/2058/1862 2398/2052/1857 2399/2057/1861
f 2396/2054/1858 2398/2052/1857 2397/2058/1862
f 2395/2059/1863 2396/2054/1858 2397/2058/1862
f 2394/2055/1859 2396/2054/1858 2395/2059/1863
f 2393/2060/1864 2394/2055/1859 2395/2059/1863
f 2387/2056/1860 2394/2055/1859 2393/2060/1864
f 2393/2060/1864 2389/2061/1865 2387/2056/1860
f 2387/2056/1860 2389/2061/1865 2386/2062/1866
f 2392/2063/1867 2376/2064/60 2377/2065/1868
f 2392/2063/1867 2391/2066/1869 2376/2064/60
f 2376/2064/60 2391/2066/1869 2390/2067/1722
f 2390/2067/1722 2374/2068/1870 2376/2064/60
f 2376/2064/60 2374/2068/1870 2375/2069/60
f 2389/2061/1865 2388/2070/1871 2386/2062/1866
f 2386/2062/1866 2388/2070/1871 2384/2071/1872
f 2380/2072/1873 2384/2071/1872 2388/2070/1871
f 2382/2073/60 2384/2071/1872 2380/2072/1873
f 2385/2049/1852 2387/2056/1860 2386/2062/1866
f 2386/2062/1866 2384/2071/1872 2385/2049/1852
f 2385/2049/1852 2384/2071/1872 2383/2048/60
f 2382/2073/60 2383/2048/60 2384/2071/1872
f 2382/2073/60 2381/2047/60 2383/2048/60
f 2381/2047/60 2382/2073/60 2380/2072/1873
f 2360/2046/60 2381/2047/60 2380/2072/1873
f 2379/2074/1867 2360/2046/60 2380/2072/1873
f 2378/2075/1868 2360/2046/60 2379/2074/1867
f 2358/2076/60 2360/2046/60 2378/2075/1868
f 2377/2065/1868 2358/2076/60 2378/2075/1868
f 2357/2077/60 2358/2076/60 2377/2065/1868
f 2377/2065/1868 2376/2064/60 2357/2077/60
f 2357/2077/60 2376/2064/60 2362/2078/60
f 2362/2078/60 2376/2064/60 2375/2069/60
f 2368/2079/60 2362/2078/60 2375/2069/60
f 2375/2069/60 2374/2068/1870 2368/2079/60
f 2368/2079/60 2374/2068/1870 2370/2080/1874
f 2373/2044/1851 2363/2043/1849 2372/2081/1875
f 2363/2043/1849 2364/2082/60 2372/2081/1875
f 2372/2081/1875 2364/2082/60 2365/2083/1749
f 2371/2084/1876 2369/2085/60 2370/2080/1874
f 2370/2080/1874 2369/2085/60 2368/2079/60
f 2369/2085/60 2367/2086/60 2368/2079/60
f 2368/2079/60 2367/2086/60 2362/2078/60
f 2367/2086/60 2366/2087/60 2362/2078/60
f 2362/2078/60 2366/2087/60 2361/2088/60
f 2366/2087/60 2365/2083/1749 2361/2088/60
f 2361/2088/60 2365/2083/1749 2364/2082/60
f 2357/2077/60 2361/2088/60 2364/2082/60
f 2363/2043/1849 2357/2077/60 2364/2082/60
f 2356/2042/1849 2357/2077/60 2363/2043/1849
f 2362/2078/60 2361/2088/60 2357/2077/60
f 2360/2046/60 2358/2076/60 2359/2045/1849
f 2359/2045/1849 2358/2076/60 2356/2042/1849
f 2358/2076/60 2357/2077/60 2356/2042/1849
f 2355/2089/1877 2354/2090/1878 2353/2091/1879
f 2353/2091/1879 2354/2090/1878 2352/2092/1880
f 2349/2093/1881 2350/2089/1882 2353/2091/1879
f 2349/2093/1881 2353/2091/1879 2348/2094/1883
f 2353/2091/1879 2352/2092/1880 2348/2094/1883
f 2348/2094/1883 2352/2092/1880 2346/2095/1884
f 2351/2096/1885 2350/2089/1882 2338/2097/1886
f 2338/2097/1886 2350/2089/1882 2349/2093/1881
f 2338/2097/1886 2349/2093/1881 2337/2098/395
f 2349/2093/1881 2348/2094/1883 2337/2098/395
f 2348/2094/1883 2347/2099/395 2337/2098/395
f 2348/2094/1883 2346/2095/1884 2347/2099/395
f 2347/2099/395 2346/2095/1884 2345/2100/395
f 2344/2101/395 2343/2102/1887 2337/2098/395
f 2337/2098/395 2343/2102/1887 2342/2103/1888
f 2339/2104/1889 2340/2103/1890 2341/2105/1891
f 2340/2103/1890 2339/2104/1889 2337/2098/395
f 2339/2104/1889 2338/2097/1886 2337/2098/395
f 2303/2106/1892 2335/643/1893 2302/641/1894
f 2336/2107/1895 2335/643/1893 2303/2106/1892
f 2336/2107/1895 2334/2108/1896 2335/643/1893
f 2335/643/1893 2334/2108/1896 2333/646/1897
f 2334/2108/1896 2332/2109/1898 2333/646/1897
f 2333/646/1897 2332/2109/1898 2331/648/1899
f 2332/2109/1898 2330/2110/1900 2331/648/1899
f 2331/648/1899 2330/2110/1900 2329/650/1901
f 2328/2111/1902 2329/650/1901 2330/2110/1900
f 2327/651/1903 2329/650/1901 2328/2111/1902
f 2328/2111/1902 2326/2112/1904 2327/651/1903
f 2327/651/1903 2326/2112/1904 2325/2113/1905
f 2326/2112/1904 2324/2114/1906 2325/2113/1905
f 2325/2113/1905 2324/2114/1906 2323/2115/1907
f 2324/2114/1906 2322/2116/1908 2323/2115/1907
f 2323/2115/1907 2322/2116/1908 2320/2117/1909
f 2319/2118/1910 2320/2117/1909 2322/2116/1908
f 2321/2119/1911 2320/2117/1909 2319/2118/1910
f 2291/2120/1912 2318/2121/1913 2290/655/1914
f 2290/655/1914 2318/2121/1913 2317/653/1915
f 2318/2121/1913 2315/2122/1916 2317/653/1915
f 2317/653/1915 2315/2122/1916 2316/657/1917
f 2315/2122/1916 2314/659/1918 2316/657/1917
f 2313/2123/1919 2314/659/1918 2315/2122/1916
f 2313/2123/1919 2312/661/1920 2314/659/1918
f 2311/2124/1921 2312/661/1920 2313/2123/1919
f 2311/2124/1921 2310/633/1922 2312/661/1920
f 2309/2125/1923 2310/633/1922 2311/2124/1921
f 2310/633/1922 2309/2125/1923 2308/634/1924
f 2308/634/1924 2309/2125/1923 2307/2126/1925
f 2308/634/1924 2307/2126/1925 2306/637/1926
f 2306/637/1926 2307/2126/1925 2305/2127/1927
f 2305/2127/1927 2304/639/1928 2306/637/1926
f 2301/2128/1929 2304/639/1928 2305/2127/1927
f 2301/2128/1929 2302/641/1894 2304/639/1928
f 2303/2106/1892 2302/641/1894 2301/2128/1929
f 2299/1508/1930 2297/2129/1931 2300/2130/1932
f 2298/1507/1933 2297/2129/1931 2299/1508/1930
f 2287/1511/1934 2297/2129/1931 2298/1507/1933
f 2296/567/441 2297/2129/1931 2287/1511/1934
f 2288/1771/1935 2296/567/441 2287/1511/1934
f 2295/565/1936 2296/567/441 2288/1771/1935
f 2288/1771/1935 2293/409/1937 2295/565/1936
f 2294/1769/1938 2293/409/1937 2288/1771/1935
f 2294/1769/1938 2289/2131/1939 2293/409/1937
f 2293/409/1937 2289/2131/1939 2292/410/1940
f 2289/2131/1939 2290/655/1914 2292/410/1940
f 2291/2120/1912 2290/655/1914 2289/2131/1939
f 2288/1771/1935 2287/1511/1934 2286/2132/1941
f 2286/2132/1941 2287/1511/1934 2285/2133/1942
f 2286/2132/1941 2285/2133/1942 2284/2134/1943
f 2284/2134/1943 2285/2133/1942 2281/2135/1944
f 2281/2135/1944 2282/2136/1945 2284/2134/1943
f 2283/2137/1946 2282/2136/1945 2281/2135/1944
f 2280/2138/1947 2278/2139/1948 2279/2140/1947
f 2279/2140/1947 2278/2139/1948 2277/2141/1949
f 2278/2139/1948 2276/2142/1950 2277/2141/1949
f 2277/2141/1949 2276/2142/1950 2275/2143/1951
f 2274/353/283 2272/2144/1952 2273/354/1953
f 2273/354/1953 2272/2144/1952 2271/2145/1954
f 2272/2144/1952 2270/2146/1955 2271/2145/1954
f 2271/2145/1954 2270/2146/1955 2269/2147/1956
f 2270/2146/1955 2268/2148/1957 2269/2147/1956
f 2269/2147/1956 2268/2148/1957 2267/2149/1958
f 2268/2148/1957 2266/2150/1959 2267/2149/1958
f 2267/2149/1958 2266/2150/1959 2265/2151/1960
f 2266/2150/1959 2264/2152/1961 2265/2151/1960
f 2265/2151/1960 2264/2152/1961 2263/2153/1962
f 2264/2152/1961 2262/2154/1963 2263/2153/1962
f 2263/2153/1962 2262/2154/1963 2261/2155/1964
f 2262/2154/1963 2260/2156/1965 2261/2155/1964
f 2261/2155/1964 2260/2156/1965 2259/2157/1966
f 2260/2156/1965 2258/2158/1967 2259/2157/1966
f 2259/2157/1966 2258/2158/1967 2257/2159/1968
f 2258/2158/1967 2256/2160/1969 2257/2159/1968
f 2257/2159/1968 2256/2160/1969 2255/2161/1970
f 2256/2160/1969 2254/2162/1971 2255/2161/1970
f 2255/2161/1970 2254/2162/1971 2253/2163/1972
f 2254/2162/1971 2252/2164/1973 2253/2163/1972
f 2253/2163/1972 2252/2164/1973 2251/2165/1974
f 2252/2164/1973 2249/2166/1975 2251/2165/1974
f 2251/2165/1974 2249/2166/1975 2250/2167/1976
f 2249/2166/1975 2248/2168/1977 2250/2167/1976
f 2247/2169/1978 2248/2168/1977 2249/2166/1975
f 2248/2168/1977 2247/2169/1978 2246/2170/1979
f 2246/2170/1979 2247/2169/1978 2245/2171/1980
f 2245/2171/1980 903/2172/1981 2246/2170/1979
f 580/2173/1982 903/2172/1981 2245/2171/1980
f 2243/308/243 2241/2174/1983 2244/309/1984
f 2242/614/1985 2241/2174/1983 2243/308/243
f 2242/614/1985 2240/616/1986 2241/2174/1983
f 2241/2174/1983 2240/616/1986 2239/2175/1987
f 2240/616/1986 2238/617/1988 2239/2175/1987
f 2239/2175/1987 2238/617/1988 2237/2176/1989
f 2236/2177/1990 2234/2178/1990 2235/1890/1990
f 2235/1890/1990 2234/2178/1990 2233/1888/1990
f 2232/2179/1991 2230/2180/1992 2231/2181/1993
f 2231/2181/1993 2230/2180/1992 2229/2182/1994
f 2228/2183/1995 2222/2184/1996 2227/2185/1997
f 2227/2185/1997 2222/2184/1996 2223/2186/1579
f 2216/2187/1998 2225/735/1999 2226/2188/2000
f 2197/736/2001 2225/735/1999 2216/2187/1998
f 2197/736/2001 2216/2187/1998 2198/2189/2002
f 2223/2186/1579 2215/2190/2003 2224/2191/2004
f 2214/2192/2005 2215/2190/2003 2223/2186/1579
f 2223/2186/1579 2222/2184/1996 2214/2192/2005
f 2214/2192/2005 2222/2184/1996 2213/2193/2006
f 2213/2193/2006 2222/2184/1996 2221/2194/2007
f 2221/2194/2007 2212/2195/2008 2213/2193/2006
f 2220/2196/2009 2212/2195/2008 2221/2194/2007
f 2220/2196/2009 2211/2197/2010 2212/2195/2008
f 2219/2198/2011 2211/2197/2010 2220/2196/2009
f 2219/2198/2011 2210/2199/2012 2211/2197/2010
f 2209/2200/2013 2210/2199/2012 2219/2198/2011
f 2215/2190/2003 2217/2188/2014 2218/2191/2015
f 2216/2187/1998 2217/2188/2014 2215/2190/2003
f 2216/2187/1998 2215/2190/2003 2198/2189/2002
f 2215/2190/2003 2214/2192/2005 2198/2189/2002
f 2198/2189/2002 2214/2192/2005 2201/2201/2016
f 2201/2201/2016 2214/2192/2005 2204/2202/2017
f 2214/2192/2005 2213/2193/2006 2204/2202/2017
f 2213/2193/2006 2212/2195/2008 2204/2202/2017
f 2212/2195/2008 2211/2197/2010 2204/2202/2017
f 2204/2202/2017 2211/2197/2010 2206/2203/2018
f 2211/2197/2010 2210/2199/2012 2206/2203/2018
f 2210/2199/2012 2208/2204/2019 2206/2203/2018
f 2206/2203/2018 2208/2204/2019 2207/2205/2020
f 2209/2200/2013 2208/2204/2019 2210/2199/2012
f 2193/2206/2021 2208/2204/2019 2209/2200/2013
f 2193/2206/2021 2190/2207/2022 2208/2204/2019
f 2208/2204/2019 2190/2207/2022 2207/2205/2020
f 2190/2207/2022 2191/2208/2023 2207/2205/2020
f 2207/2205/2020 2191/2208/2023 2206/2203/2018
f 2206/2203/2018 2191/2208/2023 2205/2209/2024
f 2206/2203/2018 2205/2209/2024 2204/2202/2017
f 2204/2202/2017 2205/2209/2024 2203/2210/2025
f 2203/2210/2025 2201/2201/2016 2204/2202/2017
f 2202/2211/2026 2201/2201/2016 2203/2210/2025
f 2202/2211/2026 2200/2212/2027 2201/2201/2016
f 2201/2201/2016 2200/2212/2027 2198/2189/2002
f 2199/730/621 2198/2189/2002 2200/2212/2027
f 2194/729/620 2198/2189/2002 2199/730/621
f 2194/729/620 2197/736/2001 2198/2189/2002
f 2195/734/2028 2197/736/2001 2194/729/620
f 2196/732/623 2195/734/2028 2194/729/620
f 2192/2213/2029 2190/2207/2022 2193/2206/2021
f 2192/2213/2029 2191/2208/2023 2190/2207/2022
f 2189/2214/2030 2188/2215/2031 2187/2216/2032
f 2187/2216/2032 2188/2215/2031 2185/2217/2033
f 2187/2216/2032 2185/2217/2033 2186/688/2034
f 2186/688/2034 2185/2217/2033 2184/689/2035
f 2183/2218/426 2182/2219/426 2181/2220/2036
f 2181/2220/2036 2182/2219/426 2180/2221/2037
f 2180/2221/2037 2179/2222/2038 2181/2220/2036
f 2178/2223/2039 2179/2222/2038 2180/2221/2037
f 2178/2223/2039 2177/2224/2040 2179/2222/2038
f 2174/2225/2041 2177/2224/2040 2178/2223/2039
f 2174/2225/2041 2175/2226/2042 2177/2224/2040
f 2176/2227/2043 2175/2226/2042 2174/2225/2041
f 2173/2118/2044 2171/2116/2045 2172/1753/2046
f 2172/1753/2046 2171/2116/2045 2170/1754/2047
f 2171/2116/2045 2169/2114/2048 2170/1754/2047
f 2170/1754/2047 2169/2114/2048 2168/1757/2049
f 2167/2112/2050 2168/1757/2049 2169/2114/2048
f 2166/1759/2051 2168/1757/2049 2167/2112/2050
f 2165/2111/2052 2166/1759/2051 2167/2112/2050
f 2164/1761/2053 2166/1759/2051 2165/2111/2052
f 2165/2111/2052 2162/2110/2054 2164/1761/2053
f 2164/1761/2053 2162/2110/2054 2163/1763/2055
f 2162/2110/2054 2160/1765/2056 2163/1763/2055
f 2161/2109/2057 2160/1765/2056 2162/2110/2054
f 2159/2108/2058 2160/1765/2056 2161/2109/2057
f 2158/1766/2059 2160/1765/2056 2159/2108/2058
f 2156/2107/2060 2158/1766/2059 2159/2108/2058
f 2157/2228/2061 2158/1766/2059 2156/2107/2060
f 2157/2228/2061 2156/2107/2060 2155/2229/2062
f 2155/2229/2062 2156/2107/2060 2154/2106/2063
f 2155/2229/2062 2154/2106/2063 2153/2230/2064
f 2153/2230/2064 2154/2106/2063 2152/2128/2065
f 2153/2230/2064 2152/2128/2065 2151/2231/2066
f 2151/2231/2066 2152/2128/2065 2150/2127/2067
f 2150/2127/2067 2149/2232/2068 2151/2231/2066
f 2148/2126/2069 2149/2232/2068 2150/2127/2067
f 2148/2126/2069 2147/2233/2070 2149/2232/2068
f 2146/2125/2071 2147/2233/2070 2148/2126/2069
f 2147/2233/2070 2146/2125/2071 2145/2234/2072
f 2145/2234/2072 2146/2125/2071 2144/2124/2073
f 2145/2234/2072 2144/2124/2073 2143/2235/2074
f 2143/2235/2074 2144/2124/2073 2142/2123/2075
f 2143/2235/2074 2142/2123/2075 2141/2236/2076
f 2141/2236/2076 2142/2123/2075 2139/2122/2077
f 2141/2236/2076 2139/2122/2077 2140/2237/2078
f 2140/2237/2078 2139/2122/2077 2138/2121/2079
f 2130/2238/2080 2131/2239/2081 2137/2240/395
f 2135/2241/1530 2133/2242/2082 2136/2243/2083
f 2134/2244/2084 2133/2242/2082 2135/2241/1530
f 2132/2245/2085 2133/2242/2082 2134/2244/2084
f 2121/2246/2086 2133/2242/2082 2132/2245/2085
f 2121/2246/2086 2132/2245/2085 2123/2247/2087
f 2123/2247/2087 2132/2245/2085 2131/2239/2081
f 2123/2247/2087 2131/2239/2081 2130/2238/2080
f 2123/2247/2087 2130/2238/2080 2124/2248/2088
f 2129/2249/1554 2124/2248/2088 2130/2238/2080
f 2128/2250/1553 2124/2248/2088 2129/2249/1554
f 2128/2250/1553 2125/2250/2089 2124/2248/2088
f 2126/2251/2090 2124/2248/2088 2125/2250/2089
f 2127/2252/395 2126/2251/2090 2125/2250/2089
f 2124/2248/2088 2122/2248/2091 2123/2247/2087
f 2123/2247/2087 2122/2248/2091 2121/2246/2086
f 2120/2253/2092 2119/2254/2093 2116/2255/2094
f 2116/2255/2094 2119/2254/2093 2117/2256/2095
f 2095/2257/2096 2117/2256/2095 2118/2258/1996
f 2116/2255/2094 2117/2256/2095 2095/2257/2096
f 2097/2259/2097 2116/2255/2094 2095/2257/2096
f 2115/2260/2098 2116/2255/2094 2097/2259/2097
f 2097/2259/2097 2099/2261/2099 2115/2260/2098
f 2115/2260/2098 2099/2261/2099 2114/2262/2100
f 2099/2261/2099 2101/2263/2101 2114/2262/2100
f 2114/2262/2100 2101/2263/2101 2113/2264/2102
f 2103/2265/2103 2113/2264/2102 2101/2263/2101
f 2112/2266/2104 2113/2264/2102 2103/2265/2103
f 2104/2267/2105 2112/2266/2104 2103/2265/2103
f 2111/2268/2106 2112/2266/2104 2104/2267/2105
f 2105/2269/2107 2111/2268/2106 2104/2267/2105
f 2110/2270/2108 2111/2268/2106 2105/2269/2107
f 2106/2271/2109 2110/2270/2108 2105/2269/2107
f 2109/2272/2110 2110/2270/2108 2106/2271/2109
f 2106/2271/2109 2107/2273/2111 2109/2272/2110
f 2109/2272/2110 2107/2273/2111 2108/2274/2112
f 2107/2273/2111 2072/2275/2113 2108/2274/2112
f 2108/2274/2112 2072/2275/2113 2071/2276/2114
f 2107/2273/2111 2076/2277/2115 2072/2275/2113
f 2086/2278/2116 2076/2277/2115 2107/2273/2111
f 2106/2271/2109 2086/2278/2116 2107/2273/2111
f 2088/2279/2117 2086/2278/2116 2106/2271/2109
f 2106/2271/2109 2105/2269/2107 2088/2279/2117
f 2088/2279/2117 2105/2269/2107 2090/2280/2118
f 2105/2269/2107 2104/2267/2105 2090/2280/2118
f 2090/2280/2118 2104/2267/2105 2092/1767/1588
f 2104/2267/2105 2103/2265/2103 2092/1767/1588
f 2092/1767/1588 2103/2265/2103 2102/1764/1587
f 2103/2265/2103 2101/2263/2101 2102/1764/1587
f 2102/1764/1587 2101/2263/2101 2100/1762/1586
f 2099/2261/2099 2100/1762/1586 2101/2263/2101
f 2098/1760/1584 2100/1762/1586 2099/2261/2099
f 2097/2259/2097 2098/1760/1584 2099/2261/2099
f 2096/1758/1582 2098/1760/1584 2097/2259/2097
f 2097/2259/2097 2095/2257/2096 2096/1758/1582
f 2096/1758/1582 2095/2257/2096 2094/1756/1580
f 2093/1766/60 2091/2228/2119 2092/1767/1588
f 2092/1767/1588 2091/2228/2119 2090/2280/2118
f 2091/2228/2119 2089/2229/2120 2090/2280/2118
f 2090/2280/2118 2089/2229/2120 2088/2279/2117
f 2087/2230/2121 2088/2279/2117 2089/2229/2120
f 2086/2278/2116 2088/2279/2117 2087/2230/2121
f 2085/2231/2122 2086/2278/2116 2087/2230/2121
f 2076/2277/2115 2086/2278/2116 2085/2231/2122
f 2085/2231/2122 2084/2232/2123 2076/2277/2115
f 2076/2277/2115 2084/2232/2123 2077/2281/2124
f 2084/2232/2123 2083/2233/2125 2077/2281/2124
f 2077/2281/2124 2083/2233/2125 2078/2282/2126
f 2083/2233/2125 2082/2234/2127 2078/2282/2126
f 2078/2282/2126 2082/2234/2127 2079/2283/2128
f 2082/2234/2127 2081/2235/2129 2079/2283/2128
f 2079/2283/2128 2081/2235/2129 2080/2284/2130
f 2081/2235/2129 2074/2236/2131 2080/2284/2130
f 2080/2284/2130 2074/2236/2131 2073/2285/2132
f 2062/2286/2133 2064/2287/2134 2073/2285/2132
f 2073/2285/2132 2064/2287/2134 2080/2284/2130
f 2064/2287/2134 2066/2288/2135 2080/2284/2130
f 2080/2284/2130 2066/2288/2135 2079/2283/2128
f 2066/2288/2135 2068/2289/2136 2079/2283/2128
f 2079/2283/2128 2068/2289/2136 2078/2282/2126
f 2068/2289/2136 2070/2290/2137 2078/2282/2126
f 2078/2282/2126 2070/2290/2137 2077/2281/2124
f 2070/2290/2137 2072/2275/2113 2077/2281/2124
f 2077/2281/2124 2072/2275/2113 2076/2277/2115
f 2060/2291/2138 2058/2292/2139 2075/2293/2140
f 2074/2236/2131 2056/2237/2141 2073/2285/2132
f 2073/2285/2132 2056/2237/2141 2057/2294/2142
f 2057/2294/2142 2062/2286/2133 2073/2285/2132
f 2059/2295/2143 2062/2286/2133 2057/2294/2142
f 2070/2290/2137 2071/2276/2114 2072/2275/2113
f 2069/2296/2144 2071/2276/2114 2070/2290/2137
f 2070/2290/2137 2068/2289/2136 2069/2296/2144
f 2069/2296/2144 2068/2289/2136 2067/2297/2145
f 2066/2288/2135 2067/2297/2145 2068/2289/2136
f 2065/2298/2146 2067/2297/2145 2066/2288/2135
f 2064/2287/2134 2065/2298/2146 2066/2288/2135
f 2063/2299/2147 2065/2298/2146 2064/2287/2134
f 2062/2286/2133 2063/2299/2147 2064/2287/2134
f 2061/2300/2148 2063/2299/2147 2062/2286/2133
f 2059/2295/2143 2061/2300/2148 2062/2286/2133
f 2060/2291/2138 2061/2300/2148 2059/2295/2143
f 2059/2295/2143 2058/2292/2139 2060/2291/2138
f 2059/2295/2143 2057/2294/2142 2058/2292/2139
f 2058/2292/2139 2057/2294/2142 2053/2301/2149
f 2052/1768/2150 2053/2301/2149 2057/2294/2142
f 2057/2294/2142 2056/2237/2141 2052/1768/2150
f 2052/1768/2150 2056/2237/2141 2055/2302/2151
f 2054/1770/2152 2053/2301/2149 2052/1768/2150
f 2050/1152/1036 2048/2303/2153 2051/1151/1035
f 2049/2304/2154 2048/2303/2153 2050/1152/1036
f 2049/2304/2154 2047/2305/2155 2048/2303/2153
f 2048/2303/2153 2047/2305/2155 2046/2306/2156
f 2047/2305/2155 2045/2307/2157 2046/2306/2156
f 2046/2306/2156 2045/2307/2157 2044/2308/2157
f 2045/2307/2157 2042/2309/2158 2044/2308/2157
f 2044/2308/2157 2042/2309/2158 2043/2310/2159
f 2042/2309/2158 2040/2311/2160 2043/2310/2159
f 2041/2312/2161 2040/2311/2160 2042/2309/2158
f 2041/2312/2161 2039/2313/2162 2040/2311/2160
f 2040/2311/2160 2039/2313/2162 2038/2314/2163
f 2039/2313/2162 2037/2315/2164 2038/2314/2163
f 2038/2314/2163 2037/2315/2164 2036/2316/2165
f 2037/2315/2164 2034/2317/2166 2036/2316/2165
f 2036/2316/2165 2034/2317/2166 2035/2318/2167
f 2034/2317/2166 2033/2319/2168 2035/2318/2167
f 2032/2320/2169 2033/2319/2168 2034/2317/2166
f 2032/2320/2169 2030/2321/2170 2033/2319/2168
f 2031/2322/2171 2030/2321/2170 2032/2320/2169
f 2031/2322/2171 2029/2323/2172 2030/2321/2170
f 2030/2321/2170 2029/2323/2172 2028/2324/2173
f 2029/2323/2172 2026/2325/2174 2028/2324/2173
f 2028/2324/2173 2026/2325/2174 2027/2326/2175
f 2026/2325/2174 2025/2327/2176 2027/2326/2175
f 2024/2328/2177 2025/2327/2176 2026/2325/2174
f 2024/2328/2177 2023/2329/2178 2025/2327/2176
f 2022/2330/2179 2023/2329/2178 2024/2328/2177
f 2022/2330/2179 2021/2331/2180 2023/2329/2178
f 2020/2332/2181 2021/2331/2180 2022/2330/2179
f 2020/2332/2181 2018/2333/2182 2021/2331/2180
f 2019/2334/2183 2018/2333/2182 2020/2332/2181
f 2019/2334/2183 2016/2335/2184 2018/2333/2182
f 2018/2333/2182 2016/2335/2184 2017/2336/2185
f 2016/2335/2184 2014/2337/2186 2017/2336/2185
f 2015/2338/2186 2014/2337/2186 2016/2335/2184
f 2015/2338/2186 2013/2339/2187 2014/2337/2186
f 2014/2337/2186 2013/2339/2187 2012/2340/2188
f 2013/2339/2187 2009/2341/2189 2012/2340/2188
f 2012/2340/2188 2009/2341/2189 2011/2342/2190
f 2011/2342/2190 2009/2341/2189 2010/2343/2191
f 2010/2343/2191 2009/2341/2189 2008/2344/2192
f 2007/2345/2193 2002/2346/2194 2006/2347/1561
f 2006/2347/1561 2002/2346/2194 2005/2348/2195
f 2002/2346/2194 2003/2349/2196 2005/2348/2195
f 2004/2350/2197 2003/2349/2196 2002/2346/2194
f 2001/2351/2198 2000/2352/2199 1998/2353/2200
f 2000/2352/2199 1999/2354/2201 1998/2353/2200
f 1997/2355/23 1996/2356/23 1995/2357/23
f 1995/2357/23 1996/2356/23 1994/2358/23
f 1995/2357/23 1994/2358/23 1993/2359/2202
f 1993/2359/2202 1994/2358/23 1991/2360/1506
f 1993/2359/2202 1991/2360/1506 1992/2361/2203
f 1992/2361/2203 1991/2360/1506 1990/2362/1508
f 1988/2363/2204 1987/1043/2205 1989/1042/2206
f 1986/2364/2207 1987/1043/2205 1988/2363/2204
f 1986/2364/2207 1985/1044/2208 1987/1043/2205
f 1984/2365/2209 1985/1044/2208 1986/2364/2207
f 1984/2365/2209 1983/1045/2210 1985/1044/2208
f 1982/2366/2211 1983/1045/2210 1984/2365/2209
f 1982/2366/2211 1981/1046/2212 1983/1045/2210
f 1979/2367/2213 1981/1046/2212 1982/2366/2211
f 1981/1046/2212 1979/2367/2213 1980/1047/2214
f 1980/1047/2214 1979/2367/2213 1978/2368/2215
f 1941/2369/2216 1977/2370/2217 1940/2371/2218
f 1940/2371/2218 1977/2370/2217 1972/2372/2219
f 1977/2370/2217 1976/2373/2220 1972/2372/2219
f 1972/2372/2219 1976/2373/2220 1973/2374/2219
f 1976/2373/2220 1975/2375/2221 1973/2374/2219
f 1973/2374/2219 1975/2375/2221 1974/2376/2222
f 1971/2377/2223 1973/2374/2219 1974/2376/2222
f 1969/2378/2224 1973/2374/2219 1971/2377/2223
f 1969/2378/2224 1972/2372/2219 1973/2374/2219
f 1967/2379/2225 1972/2372/2219 1969/2378/2224
f 1967/2379/2225 1940/2371/2218 1972/2372/2219
f 1965/2380/2226 1940/2371/2218 1967/2379/2225
f 1965/2380/2226 1942/2381/2227 1940/2371/2218
f 1963/2382/2228 1942/2381/2227 1965/2380/2226
f 1963/2382/2228 1944/2383/2229 1942/2381/2227
f 1961/2384/2230 1944/2383/2229 1963/2382/2228
f 1961/2384/2230 1947/2385/2231 1944/2383/2229
f 1957/2386/2232 1947/2385/2231 1961/2384/2230
f 1970/2387/2233 1969/2378/2224 1971/2377/2223
f 1968/2388/2234 1969/2378/2224 1970/2387/2233
f 1968/2388/2234 1967/2379/2225 1969/2378/2224
f 1966/2389/2235 1967/2379/2225 1968/2388/2234
f 1966/2389/2235 1965/2380/2226 1967/2379/2225
f 1964/2390/2236 1965/2380/2226 1966/2389/2235
f 1964/2390/2236 1963/2382/2228 1965/2380/2226
f 1962/2391/2237 1963/2382/2228 1964/2390/2236
f 1962/2391/2237 1961/2384/2230 1963/2382/2228
f 1960/2392/784 1961/2384/2230 1962/2391/2237
f 1960/2392/784 1957/2386/2232 1961/2384/2230
f 1959/2393/2238 1957/2386/2232 1960/2392/784
f 1957/2386/2232 1959/2393/2238 1956/2394/2239
f 1956/2394/2239 1959/2393/2238 1958/2395/2240
f 1958/2395/2240 1953/2396/2241 1956/2394/2239
f 1954/2397/2242 1953/2396/2241 1958/2395/2240
f 1947/2385/2231 1957/2386/2232 1949/2398/2243
f 1949/2398/2243 1957/2386/2232 1956/2394/2239
f 1956/2394/2239 1951/2399/2244 1949/2398/2243
f 1953/2396/2241 1951/2399/2244 1956/2394/2239
f 1931/2400/2245 1928/2401/2246 1955/2402/2247
f 1955/2402/2247 1928/2401/2246 1929/2403/2248
f 1955/2402/2247 1929/2403/2248 1954/2397/2242
f 1954/2397/2242 1929/2403/2248 1953/2396/2241
f 1929/2403/2248 1930/2404/2249 1953/2396/2241
f 1953/2396/2241 1930/2404/2249 1951/2399/2244
f 1952/2405/2250 1951/2399/2244 1930/2404/2249
f 1950/2406/2251 1951/2399/2244 1952/2405/2250
f 1950/2406/2251 1949/2398/2243 1951/2399/2244
f 1948/2407/2252 1949/2398/2243 1950/2406/2251
f 1948/2407/2252 1947/2385/2231 1949/2398/2243
f 1946/2408/2253 1947/2385/2231 1948/2407/2252
f 1946/2408/2253 1944/2383/2229 1947/2385/2231
f 1945/2409/2254 1944/2383/2229 1946/2408/2253
f 1945/2409/2254 1943/2410/2255 1944/2383/2229
f 1944/2383/2229 1943/2410/2255 1942/2381/2227
f 1943/2410/2255 1941/2369/2216 1942/2381/2227
f 1942/2381/2227 1941/2369/2216 1940/2371/2218
f 1939/422/2256 1906/2411/2257 1938/424/2258
f 1938/424/2258 1906/2411/2257 1904/2412/2259
f 1938/424/2258 1904/2412/2259 1937/2413/2260
f 1937/2413/2260 1904/2412/2259 1909/2414/2261
f 1937/2413/2260 1909/2414/2261 1936/2415/2262
f 1936/2415/2262 1909/2414/2261 1923/2416/2263
f 1936/2415/2262 1923/2416/2263 1935/2417/2264
f 1935/2417/2264 1923/2416/2263 1924/2418/2265
f 1935/2417/2264 1924/2418/2265 1934/2419/2266
f 1934/2419/2266 1924/2418/2265 1925/2420/2267
f 1925/2420/2267 1933/2421/2268 1934/2419/2266
f 1926/2422/2269 1933/2421/2268 1925/2420/2267
f 1926/2422/2269 1932/2423/2270 1933/2421/2268
f 1927/2424/2271 1932/2423/2270 1926/2422/2269
f 1932/2423/2270 1927/2424/2271 1931/2400/2245
f 1931/2400/2245 1927/2424/2271 1928/2401/2246
f 1929/2403/2248 1921/2425/2272 1930/2404/2249
f 1928/2401/2246 1921/2425/2272 1929/2403/2248
f 1928/2401/2246 1919/2426/2273 1921/2425/2272
f 1927/2424/2271 1919/2426/2273 1928/2401/2246
f 1919/2426/2273 1927/2424/2271 1917/2427/2274
f 1917/2427/2274 1927/2424/2271 1926/2422/2269
f 1917/2427/2274 1926/2422/2269 1915/2428/2275
f 1915/2428/2275 1926/2422/2269 1925/2420/2267
f 1925/2420/2267 1913/2429/2276 1915/2428/2275
f 1924/2418/2265 1913/2429/2276 1925/2420/2267
f 1924/2418/2265 1911/2430/2277 1913/2429/2276
f 1923/2416/2263 1911/2430/2277 1924/2418/2265
f 1923/2416/2263 1910/2431/2278 1911/2430/2277
f 1909/2414/2261 1910/2431/2278 1923/2416/2263
f 1904/2412/2259 1908/2432/2279 1909/2414/2261
f 1921/2425/2272 1920/2433/2280 1922/2434/2281
f 1919/2426/2273 1920/2433/2280 1921/2425/2272
f 1920/2433/2280 1919/2426/2273 1918/2435/2282
f 1918/2435/2282 1919/2426/2273 1917/2427/2274
f 1918/2435/2282 1917/2427/2274 1916/2436/2283
f 1916/2436/2283 1917/2427/2274 1915/2428/2275
f 1916/2436/2283 1915/2428/2275 1914/2437/2284
f 1914/2437/2284 1915/2428/2275 1913/2429/2276
f 1914/2437/2284 1913/2429/2276 1912/2438/2285
f 1912/2438/2285 1913/2429/2276 1911/2430/2277
f 1911/2430/2277 1903/2439/2286 1912/2438/2285
f 1910/2431/2278 1903/2439/2286 1911/2430/2277
f 1910/2431/2278 1901/2440/2287 1903/2439/2286
f 1909/2414/2261 1901/2440/2287 1910/2431/2278
f 1899/2441/2288 1901/2440/2287 1909/2414/2261
f 1908/2432/2279 1899/2441/2288 1909/2414/2261
f 1898/2442/2289 1899/2441/2288 1908/2432/2279
f 1908/2432/2279 1907/2443/2290 1898/2442/2289
f 1904/2412/2259 1907/2443/2290 1908/2432/2279
f 1904/2412/2259 1905/2444/2291 1907/2443/2290
f 1906/2411/2257 1905/2444/2291 1904/2412/2259
f 1903/2439/2286 1901/2440/2287 1902/2445/2292
f 1902/2445/2292 1901/2440/2287 1900/2446/2293
f 1900/2446/2293 1901/2440/2287 1899/2441/2288
f 1900/2446/2293 1899/2441/2288 1898/2442/2289
f 1867/2447/2294 1868/2448/1121 1897/2448/2295
f 1868/2448/1121 1896/2449/2296 1897/2448/2295
f 1897/2448/2295 1896/2449/2296 1895/2449/1124
f 1896/2449/2296 1894/2450/2297 1895/2449/1124
f 1895/2449/1124 1894/2450/2297 1893/2450/1126
f 1894/2450/2297 1892/2451/2298 1893/2450/1126
f 1893/2450/1126 1892/2451/2298 1891/2451/2299
f 1892/2451/2298 1890/2452/2300 1891/2451/2299
f 1891/2451/2299 1890/2452/2300 1889/2452/2301
f 1890/2452/2300 1887/2453/2302 1889/2452/2301
f 1889/2452/2301 1887/2453/2302 1888/2453/2303
f 1888/2453/2303 1887/2453/2302 1885/2454/2304
f 1885/2454/2304 1887/2453/2302 1886/2454/2305
f 1886/2454/2305 1884/2455/2306 1885/2454/2304
f 1885/2454/2304 1884/2455/2306 1883/2456/2307
f 1882/2456/2308 1883/2456/2307 1884/2455/2306
f 1883/2456/2307 1882/2456/2308 1880/2456/2309
f 1882/2456/2308 1881/1837/1496 1880/2456/2309
f 1879/2457/1543 1877/2458/2310 1878/2459/1541
f 1878/2459/1541 1877/2458/2310 1876/2460/2311
f 1877/2458/2310 1875/2461/2312 1876/2460/2311
f 1876/2460/2311 1875/2461/2312 1874/2462/2313
f 1875/2461/2312 1873/2463/2314 1874/2462/2313
f 1874/2462/2313 1873/2463/2314 1872/2463/2315
f 1871/2464/2316 1872/2463/2315 1873/2463/2314
f 1870/2464/2317 1872/2463/2315 1871/2464/2316
f 1871/2464/2316 1869/2447/2318 1870/2464/2317
f 1870/2464/2317 1869/2447/2318 1867/2447/2294
f 1869/2447/2318 1868/2448/1121 1867/2447/2294
f 1850/2465/2319 1851/2466/2320 1866/2467/2321
f 1865/2468/2322 1850/2465/2319 1866/2467/2321
f 1849/2469/2323 1850/2465/2319 1865/2468/2322
f 1864/2470/2324 1849/2469/2323 1865/2468/2322
f 1847/2471/2325 1849/2469/2323 1864/2470/2324
f 1864/2470/2324 1863/2472/2326 1847/2471/2325
f 1847/2471/2325 1863/2472/2326 1862/2473/2327
f 1862/2473/2327 1846/2474/2328 1847/2471/2325
f 1861/2475/2329 1846/2474/2328 1862/2473/2327
f 1861/2475/2329 1860/2476/2330 1846/2474/2328
f 1846/2474/2328 1860/2476/2330 1859/2477/2331
f 1859/2477/2331 1858/2478/2332 1846/2474/2328
f 1846/2474/2328 1858/2478/2332 1848/2479/2333
f 1858/2478/2332 1857/2480/2334 1848/2479/2333
f 1848/2479/2333 1857/2480/2334 1843/2481/2335
f 1857/2480/2334 1856/2482/2336 1843/2481/2335
f 1843/2481/2335 1856/2482/2336 1845/2483/2337
f 1856/2482/2336 1855/2484/2338 1845/2483/2337
f 1845/2483/2337 1855/2484/2338 1854/2485/2339
f 1854/2485/2339 1853/2486/2340 1845/2483/2337
f 1845/2483/2337 1853/2486/2340 1844/2487/2341
f 1853/2486/2340 1852/2488/2342 1844/2487/2341
f 1844/2487/2341 1852/2488/2342 1851/2466/2320
f 1844/2487/2341 1851/2466/2320 1850/2465/2319
f 1843/2481/2335 1844/2487/2341 1850/2465/2319
f 1850/2465/2319 1849/2469/2323 1843/2481/2335
f 1843/2481/2335 1849/2469/2323 1848/2479/2333
f 1849/2469/2323 1847/2471/2325 1848/2479/2333
f 1848/2479/2333 1847/2471/2325 1846/2474/2328
f 1845/2483/2337 1844/2487/2341 1843/2481/2335
f 1842/1236/1133 1840/1237/1133 1841/2489/1133
f 1841/2489/1133 1840/1237/1133 1839/2490/1133
f 1832/2491/393 1830/2492/393 1835/2493/393
f 1835/2493/393 1830/2492/393 1828/2494/393
f 1826/2495/2343 1835/2493/393 1828/2494/393
f 1810/2496/393 1835/2493/393 1826/2495/2343
f 1820/1272/393 1838/1273/393 1837/1282/2344
f 1810/2496/393 1820/1272/393 1837/1282/2344
f 1836/2497/2345 1810/2496/393 1837/1282/2344
f 1836/2497/2345 1835/2493/393 1810/2496/393
f 1834/2498/1615 1835/2493/393 1836/2497/2345
f 1834/2498/1615 1832/2491/393 1835/2493/393
f 1833/2499/2346 1832/2491/393 1834/2498/1615
f 1831/2500/2347 1832/2491/393 1833/2499/2346
f 1830/2492/393 1832/2491/393 1831/2500/2347
f 1829/2501/2348 1830/2492/393 1831/2500/2347
f 1828/2494/393 1830/2492/393 1829/2501/2348
f 1827/2502/2349 1828/2494/393 1829/2501/2348
f 1826/2495/2343 1828/2494/393 1827/2502/2349
f 1827/2502/2349 1825/2503/2350 1826/2495/2343
f 1826/2495/2343 1825/2503/2350 1824/2504/2351
f 1824/2504/2351 1810/2496/393 1826/2495/2343
f 1823/2505/1176 1810/2496/393 1824/2504/2351
f 1808/2506/393 1810/2496/393 1823/2505/1176
f 1823/2505/1176 1807/2507/2352 1808/2506/393
f 1825/2503/2350 1807/2507/2352 1824/2504/2351
f 1824/2504/2351 1807/2507/2352 1823/2505/1176
f 1822/2508/2353 1813/2509/2354 1811/2510/1181
f 1811/2510/1181 1821/2511/2355 1822/2508/2353
f 1809/2512/393 1821/2511/2355 1811/2510/1181
f 1809/2512/393 1806/2513/2356 1821/2511/2355
f 1820/1272/393 1810/2496/393 1817/1267/393
f 1816/2514/393 1810/2496/393 1815/2515/393
f 1815/2515/393 1810/2496/393 1812/2516/2357
f 1818/1268/2358 1802/2517/2359 1819/2517/2360
f 1817/1267/393 1802/2517/2359 1818/1268/2358
f 1817/1267/393 1810/2496/393 1802/2517/2359
f 1802/2517/2359 1810/2496/393 1801/2518/393
f 1801/2518/393 1810/2496/393 1816/2514/393
f 1804/2519/2361 1801/2518/393 1816/2514/393
f 1816/2514/393 1815/2515/393 1804/2519/2361
f 1804/2519/2361 1815/2515/393 1814/2520/2362
f 1812/2516/2357 1814/2520/2362 1815/2515/393
f 1813/2509/2354 1814/2520/2362 1812/2516/2357
f 1811/2510/1181 1813/2509/2354 1812/2516/2357
f 1812/2516/2357 1810/2496/393 1811/2510/1181
f 1811/2510/1181 1810/2496/393 1809/2512/393
f 1809/2512/393 1810/2496/393 1808/2506/393
f 1808/2506/393 1806/2513/2356 1809/2512/393
f 1808/2506/393 1807/2507/2352 1806/2513/2356
f 1805/2521/1179 1801/2518/393 1804/2519/2361
f 1800/2517/1413 1801/2518/393 1803/2521/2363
f 1802/2517/2359 1801/2518/393 1800/2517/1413
f 1799/2522/2364 1795/2523/2365 1798/1699/2366
f 1798/1699/2366 1795/2523/2365 1797/1695/2367
f 1797/1695/2367 1795/2523/2365 1796/1696/2368
f 1796/1696/2368 1795/2523/2365 1794/2524/2369
f 1786/2525/2370 1787/2526/1272 1793/2527/2371
f 1791/2528/2372 1793/2527/2371 1787/2526/1272
f 1792/2529/2373 1793/2527/2371 1791/2528/2372
f 1792/2529/2373 1791/2528/2372 1790/2530/1336
f 1791/2528/2372 1787/2526/1272 1788/2531/2374
f 1790/2530/1336 1791/2528/2372 1788/2531/2374
f 1790/2530/1336 1788/2531/2374 1789/2532/2375
f 1789/2532/2375 1788/2531/2374 1772/2533/2376
f 1772/2533/2376 1788/2531/2374 1787/2526/1272
f 1775/2534/393 1772/2533/2376 1787/2526/1272
f 1775/2534/393 1787/2526/1272 1786/2525/2370
f 1786/2525/2370 1776/2535/393 1775/2534/393
f 1785/2536/2377 1776/2535/393 1786/2525/2370
f 1776/2535/393 1785/2536/2377 1780/2537/393
f 1780/2537/393 1785/2536/2377 1784/2538/2378
f 1784/2538/2378 1783/2539/2379 1780/2537/393
f 1780/2537/393 1783/2539/2379 1778/2540/393
f 1782/2541/2380 1778/2540/393 1783/2539/2379
f 1781/2542/393 1778/2540/393 1782/2541/2380
f 1779/2543/393 1778/2540/393 1781/2542/393
f 1759/2544/393 1779/2543/393 1781/2542/393
f 1752/2545/2381 1779/2543/393 1759/2544/393
f 1779/2543/393 1752/2545/2381 1769/1363/393
f 1778/2540/393 1776/2535/393 1780/2537/393
f 1777/2546/393 1779/2543/393 1769/1363/393
f 1777/2546/393 1778/2540/393 1779/2543/393
f 1777/2546/393 1776/2535/393 1778/2540/393
f 1776/2535/393 1777/2546/393 1769/1363/393
f 1775/2534/393 1776/2535/393 1769/1363/393
f 1769/1363/393 1774/1372/2382 1775/2534/393
f 1774/1372/2382 1772/2533/2376 1775/2534/393
f 1771/1373/2383 1772/2533/2376 1774/1372/2382
f 1773/2532/2384 1772/2533/2376 1771/1373/2383
f 1761/2547/2385 1760/2548/2386 1770/2547/2387
f 1770/2547/2387 1760/2548/2386 1757/2548/2388
f 1757/2548/2388 1758/2549/2389 1770/2547/2387
f 1752/2545/2381 1756/2550/393 1769/1363/393
f 1768/1361/393 1769/1363/393 1756/2550/393
f 1756/2550/393 1767/1364/1273 1768/1361/393
f 1766/2551/2390 1767/1364/1273 1756/2550/393
f 1755/2552/393 1766/2551/2390 1756/2550/393
f 1765/2553/2391 1766/2551/2390 1755/2552/393
f 1765/2553/2391 1755/2552/393 1764/2554/2380
f 1764/2554/2380 1755/2552/393 1754/2555/2392
f 1764/2554/2380 1754/2555/2392 1763/2556/2393
f 1763/2556/2393 1754/2555/2392 1753/2557/2394
f 1763/2556/2393 1753/2557/2394 1762/2558/2395
f 1762/2558/2395 1753/2557/2394 1751/2559/2396
f 1751/2559/2396 1761/2547/2385 1762/2558/2395
f 1760/2548/2386 1761/2547/2385 1751/2559/2396
f 1751/2559/2396 1752/2545/2381 1760/2548/2386
f 1752/2545/2381 1757/2548/2388 1760/2548/2386
f 1759/2544/393 1757/2548/2388 1752/2545/2381
f 1759/2544/393 1758/2549/2389 1757/2548/2388
f 1756/2550/393 1752/2545/2381 1755/2552/393
f 1755/2552/393 1752/2545/2381 1754/2555/2392
f 1754/2555/2392 1752/2545/2381 1753/2557/2394
f 1753/2557/2394 1752/2545/2381 1751/2559/2396
f 1750/2560/2397 1740/2560/2198 1742/2561/2398
f 1748/2562/2399 1749/2563/2400 1747/2564/23
f 1747/2564/23 1749/2563/2400 1746/2565/23
f 1749/2563/2400 1745/2566/1843 1746/2565/23
f 1717/2567/23 1718/2568/2399 1735/2569/23
f 1718/2568/2399 1748/2562/2399 1735/2569/23
f 1735/2569/23 1748/2562/2399 1747/2564/23
f 1735/2569/23 1747/2564/23 1734/2570/23
f 1734/2570/23 1747/2564/23 1746/2565/23
f 1736/2571/2401 1734/2570/23 1746/2565/23
f 1746/2565/23 1745/2566/1843 1736/2571/2401
f 1745/2566/1843 1739/2572/2402 1736/2571/2401
f 1744/2573/2403 1739/2572/2402 1745/2566/1843
f 1744/2573/2403 1741/2574/2404 1739/2572/2402
f 1743/2575/2405 1741/2574/2404 1744/2573/2403
f 1743/2575/2405 1742/2561/2398 1741/2574/2404
f 1741/2574/2404 1742/2561/2398 1740/2560/2198
f 1741/2574/2404 1740/2560/2198 1739/2572/2402
f 1738/2576/2406 1739/2572/2402 1740/2560/2198
f 1738/2576/2406 1736/2571/2401 1739/2572/2402
f 1737/2577/1507 1736/2571/2401 1738/2576/2406
f 1737/2577/1507 1734/2570/23 1736/2571/2401
f 1717/2567/23 1735/2569/23 1734/2570/23
f 1733/2578/23 1717/2567/23 1734/2570/23
f 1733/2578/23 1732/2579/23 1717/2567/23
f 1717/2567/23 1732/2579/23 1720/2580/23
f 1732/2579/23 1723/2581/23 1720/2580/23
f 1731/2582/23 1723/2581/23 1732/2579/23
f 1731/2582/23 1724/2583/23 1723/2581/23
f 1730/2584/23 1724/2583/23 1731/2582/23
f 1730/2584/23 1725/2585/23 1724/2583/23
f 1716/2586/2407 1728/1444/2408 1729/1446/2409
f 1715/2587/2410 1728/1444/2408 1716/2586/2407
f 1728/1444/2408 1715/2587/2410 1727/1443/2411
f 1727/1443/2411 1715/2587/2410 1726/2588/2411
f 1712/2589/23 1726/2588/2411 1715/2587/2410
f 1725/2585/23 1726/2588/2411 1712/2589/23
f 1724/2583/23 1725/2585/23 1712/2589/23
f 1712/2589/23 1713/2590/2412 1724/2583/23
f 1713/2590/2412 1723/2581/23 1724/2583/23
f 1722/2591/2413 1723/2581/23 1713/2590/2412
f 1722/2591/2413 1720/2580/23 1723/2581/23
f 1721/2592/2414 1720/2580/23 1722/2591/2413
f 1721/2592/2414 1719/2593/2415 1720/2580/23
f 1720/2580/23 1719/2593/2415 1717/2567/23
f 1719/2593/2415 1718/2568/2399 1717/2567/23
f 1714/2594/2416 1715/2587/2410 1716/2586/2407
f 1712/2589/23 1715/2587/2410 1714/2594/2416
f 1714/2594/2416 1713/2590/2412 1712/2589/23
f 1711/2595/2417 1710/805/256 1709/2596/2418
f 1709/2596/2418 1710/805/256 1707/806/2419
f 1707/806/2419 1708/2597/1727 1709/2596/2418
f 1706/2598/2420 1708/2597/1727 1707/806/2419
f 1707/806/2419 1705/803/2421 1706/2598/2420
f 1706/2598/2420 1705/803/2421 1704/802/2422
f 1703/2599/2423 1668/2600/866 1669/1785/2424
f 1703/2599/2423 1702/2363/2425 1668/2600/866
f 1701/2601/2426 1702/2363/2425 1703/2599/2423
f 1701/2601/2426 1700/2364/2427 1702/2363/2425
f 1699/2602/2428 1700/2364/2427 1701/2601/2426
f 1699/2602/2428 1698/2365/2429 1700/2364/2427
f 1697/2603/2430 1698/2365/2429 1699/2602/2428
f 1697/2603/2430 1696/2366/2431 1698/2365/2429
f 1695/2604/2432 1696/2366/2431 1697/2603/2430
f 1695/2604/2432 1694/2367/2433 1696/2366/2431
f 1693/2605/2434 1694/2367/2433 1695/2604/2432
f 1693/2605/2434 1692/2368/2435 1694/2367/2433
f 1691/2606/740 1692/2368/2435 1693/2605/2434
f 1691/2606/740 1687/2607/2436 1692/2368/2435
f 1690/1326/2437 1687/2607/2436 1691/2606/740
f 1689/1328/2438 1687/2607/2436 1690/1326/2437
f 1686/1329/2439 1687/2607/2436 1689/1328/2438
f 1688/1333/2440 1687/2607/2436 1686/1329/2439
f 1685/2608/745 1683/1836/2441 1684/2609/745
f 1684/2609/745 1683/1836/2441 1682/2610/2442
f 1683/1836/2441 1681/1835/866 1682/2610/2442
f 1682/2610/2442 1681/1835/866 1680/2611/2443
f 1681/1835/866 1679/1834/2444 1680/2611/2443
f 1680/2611/2443 1679/1834/2444 1678/2612/2445
f 1679/1834/2444 1676/1789/2446 1678/2612/2445
f 1678/2612/2445 1676/1789/2446 1677/2613/2447
f 1676/1789/2446 1675/2614/2448 1677/2613/2447
f 1674/1788/2449 1675/2614/2448 1676/1789/2446
f 1674/1788/2449 1673/2615/2450 1675/2614/2448
f 1672/1787/2451 1673/2615/2450 1674/1788/2449
f 1672/1787/2451 1671/2616/2452 1673/2615/2450
f 1670/1786/2453 1671/2616/2452 1672/1787/2451
f 1670/1786/2453 1667/2617/2454 1671/2616/2452
f 1669/1785/2424 1667/2617/2454 1670/1786/2453
f 1669/1785/2424 1668/2600/866 1667/2617/2454
f 1663/2618/2455 1665/2619/2456 1666/2620/2457
f 1664/2621/2458 1665/2619/2456 1663/2618/2455
f 1664/2621/2458 1663/2618/2455 1662/2622/2459
f 1662/2622/2459 1663/2618/2455 1661/2623/2460
f 1661/2623/2460 1660/2624/2461 1662/2622/2459
f 1659/2625/2462 1660/2624/2461 1661/2623/2460
f 1659/2625/2462 1657/2626/2463 1660/2624/2461
f 1658/2627/2464 1657/2626/2463 1659/2625/2462
f 1656/2628/2465 1657/2626/2463 1658/2627/2464
f 1655/2629/2466 1657/2626/2463 1656/2628/2465
f 1656/2628/2465 1654/2630/2467 1655/2629/2466
f 1655/2629/2466 1654/2630/2467 1653/2631/2468
f 1654/2630/2467 1652/2632/2196 1653/2631/2468
f 1653/2631/2468 1652/2632/2196 1651/2633/2469
f 1617/2634/2470 1618/2635/2471 1650/2636/2472
f 1650/2636/2472 1618/2635/2471 1649/2637/2473
f 1649/2637/2473 1618/2635/2471 1638/2638/2474
f 1649/2637/2473 1638/2638/2474 1648/2639/2475
f 1648/2639/2475 1638/2638/2474 1637/2640/2476
f 1648/2639/2475 1637/2640/2476 1647/2641/2477
f 1647/2641/2477 1637/2640/2476 1636/2642/23
f 1647/2641/2477 1636/2642/23 1646/2643/2478
f 1646/2643/2478 1636/2642/23 1635/2644/23
f 1646/2643/2478 1635/2644/23 1645/2645/2479
f 1645/2645/2479 1635/2644/23 1634/2646/23
f 1645/2645/2479 1634/2646/23 1644/2647/2480
f 1644/2647/2480 1634/2646/23 1633/2648/23
f 1633/2648/23 1643/2649/2481 1644/2647/2480
f 1632/2650/23 1643/2649/2481 1633/2648/23
f 1632/2650/23 1642/2651/2482 1643/2649/2481
f 1631/2652/23 1642/2651/2482 1632/2650/23
f 1631/2652/23 1641/2653/2483 1642/2651/2482
f 1630/2654/23 1641/2653/2483 1631/2652/23
f 1630/2654/23 1640/2655/2484 1641/2653/2483
f 1629/2656/2485 1640/2655/2484 1630/2654/23
f 1640/2655/2484 1629/2656/2485 1639/1677/2486
f 1639/1677/2486 1629/2656/2485 1599/2657/2487
f 1639/1677/2486 1599/2657/2487 1600/1676/2488
f 1618/2635/2471 1619/2658/2489 1638/2638/2474
f 1638/2638/2474 1619/2658/2489 1621/2659/2490
f 1638/2638/2474 1621/2659/2490 1637/2640/2476
f 1637/2640/2476 1621/2659/2490 1623/2660/23
f 1637/2640/2476 1623/2660/23 1636/2642/23
f 1636/2642/23 1623/2660/23 1625/2661/23
f 1636/2642/23 1625/2661/23 1635/2644/23
f 1635/2644/23 1625/2661/23 1634/2646/23
f 1634/2646/23 1625/2661/23 1633/2648/23
f 1633/2648/23 1625/2661/23 1632/2650/23
f 1632/2650/23 1625/2661/23 1631/2652/23
f 1631/2652/23 1625/2661/23 1630/2654/23
f 1625/2661/23 1627/2662/23 1630/2654/23
f 1630/2654/23 1627/2662/23 1629/2656/2485
f 1629/2656/2485 1627/2662/23 1628/2663/2491
f 1629/2656/2485 1628/2663/2491 1599/2657/2487
f 1599/2657/2487 1613/2664/2492 1598/2665/2493
f 1599/2657/2487 1628/2663/2491 1613/2664/2492
f 1628/2663/2491 1615/2666/2494 1613/2664/2492
f 1627/2662/23 1615/2666/2494 1628/2663/2491
f 1626/2667/2495 1615/2666/2494 1627/2662/23
f 1625/2661/23 1626/2667/2495 1627/2662/23
f 1624/2668/2496 1626/2667/2495 1625/2661/23
f 1623/2660/23 1624/2668/2496 1625/2661/23
f 1622/2669/930 1624/2668/2496 1623/2660/23
f 1621/2659/2490 1622/2669/930 1623/2660/23
f 1620/2670/2497 1622/2669/930 1621/2659/2490
f 1619/2658/2489 1620/2670/2497 1621/2659/2490
f 1504/2671/2498 1620/2670/2497 1619/2658/2489
f 1501/1125/2499 1504/2671/2498 1619/2658/2489
f 1619/2658/2489 1618/2635/2471 1501/1125/2499
f 1501/1125/2499 1618/2635/2471 1499/2672/2500
f 1499/2672/2500 1618/2635/2471 1617/2634/2470
f 1617/2634/2470 1491/2673/2501 1499/2672/2500
f 1612/2674/2493 1614/2675/2502 1616/2676/2503
f 1612/2674/2493 1616/2676/2503 1611/2677/2504
f 1611/2677/2504 1616/2676/2503 1610/2678/2505
f 1613/2664/2492 1615/2666/2494 1614/2675/2502
f 1613/2664/2492 1614/2675/2502 1612/2674/2493
f 1598/2665/2493 1613/2664/2492 1612/2674/2493
f 1598/2665/2493 1612/2674/2493 1602/2679/2506
f 1602/2679/2506 1612/2674/2493 1611/2677/2504
f 1602/2679/2506 1611/2677/2504 1603/2680/2507
f 1603/2680/2507 1611/2677/2504 1604/2681/2508
f 1611/2677/2504 1610/2678/2505 1604/2681/2508
f 1604/2681/2508 1610/2678/2505 1605/2682/2509
f 1562/2683/2510 1609/2684/2511 1593/2685/2512
f 1563/2686/2513 1609/2684/2511 1562/2683/2510
f 1563/2686/2513 1608/2687/2514 1609/2684/2511
f 1573/2688/2515 1608/2687/2514 1563/2686/2513
f 1573/2688/2515 1607/2689/2516 1608/2687/2514
f 1575/2690/2517 1607/2689/2516 1573/2688/2515
f 1575/2690/2517 1606/2691/2518 1607/2689/2516
f 1577/2692/2519 1606/2691/2518 1575/2690/2517
f 1577/2692/2519 1605/2682/2509 1606/2691/2518
f 1604/2681/2508 1605/2682/2509 1577/2692/2519
f 1578/2693/2520 1604/2681/2508 1577/2692/2519
f 1603/2680/2507 1604/2681/2508 1578/2693/2520
f 1603/2680/2507 1578/2693/2520 1581/2694/2521
f 1603/2680/2507 1581/2694/2521 1602/2679/2506
f 1602/2679/2506 1581/2694/2521 1601/2695/2522
f 1602/2679/2506 1601/2695/2522 1598/2665/2493
f 1598/2665/2493 1601/2695/2522 1600/1676/2488
f 1600/1676/2488 1599/2657/2487 1598/2665/2493
f 1597/2696/2523 1590/2697/23 1596/2698/2496
f 1596/2698/2496 1590/2697/23 1588/2699/23
f 1596/2698/2496 1588/2699/23 1595/2700/2524
f 1595/2700/2524 1588/2699/23 1567/2701/2525
f 1567/2701/2525 1594/2702/2526 1595/2700/2524
f 1566/2703/2527 1594/2702/2526 1567/2701/2525
f 1566/2703/2527 1593/2685/2512 1594/2702/2526
f 1562/2683/2510 1593/2685/2512 1566/2703/2527
f 1589/2704/23 1592/2705/2528 1587/2706/23
f 1587/2706/23 1592/2705/2528 1586/1666/2529
f 1592/2705/2528 1591/2705/2530 1586/1666/2529
f 1586/1666/2529 1591/2705/2530 1585/1666/1473
f 1590/2697/23 1589/2704/23 1588/2699/23
f 1588/2699/23 1589/2704/23 1587/2706/23
f 1588/2699/23 1587/2706/23 1567/2701/2525
f 1567/2701/2525 1587/2706/23 1568/2707/2441
f 1587/2706/23 1586/1666/2529 1568/2707/2441
f 1568/2707/2441 1586/1666/2529 1569/2708/2531
f 1586/1666/2529 1585/1666/1473 1569/2708/2531
f 1569/2708/2531 1585/1666/1473 1584/2708/2532
f 1579/2709/2533 1576/2710/2517 1583/2711/2534
f 1583/2711/2534 1576/2710/2517 1574/2712/2535
f 1583/2711/2534 1574/2712/2535 1582/2713/2536
f 1582/2713/2536 1574/2712/2535 1572/2714/2513
f 1582/2713/2536 1572/2714/2513 1571/2715/2537
f 1581/2694/2521 1578/2693/2520 1580/2716/2538
f 1580/2716/2538 1578/2693/2520 1579/2709/2533
f 1579/2709/2533 1578/2693/2520 1576/2710/2517
f 1578/2693/2520 1577/2692/2519 1576/2710/2517
f 1576/2710/2517 1577/2692/2519 1575/2690/2517
f 1576/2710/2517 1575/2690/2517 1574/2712/2535
f 1574/2712/2535 1575/2690/2517 1573/2688/2515
f 1574/2712/2535 1573/2688/2515 1572/2714/2513
f 1572/2714/2513 1573/2688/2515 1563/2686/2513
f 1572/2714/2513 1563/2686/2513 1564/2717/2539
f 1571/2715/2537 1572/2714/2513 1564/2717/2539
f 1564/2717/2539 1565/2718/2540 1571/2715/2537
f 1571/2715/2537 1565/2718/2540 1570/2719/2541
f 1570/2719/2541 1565/2718/2540 1569/2708/2531
f 1569/2708/2531 1565/2718/2540 1568/2707/2441
f 1565/2718/2540 1567/2701/2525 1568/2707/2441
f 1566/2703/2527 1567/2701/2525 1565/2718/2540
f 1565/2718/2540 1562/2683/2510 1566/2703/2527
f 1564/2717/2539 1562/2683/2510 1565/2718/2540
f 1564/2717/2539 1563/2686/2513 1562/2683/2510
f 1560/2720/2542 1559/2721/2543 1561/2722/2544
f 1558/2619/2545 1559/2721/2543 1560/2720/2542
f 1558/2619/2545 1557/2723/2546 1559/2721/2543
f 1556/2621/2547 1557/2723/2546 1558/2619/2545
f 1556/2621/2547 1555/2724/2548 1557/2723/2546
f 1554/2622/2549 1555/2724/2548 1556/2621/2547
f 1555/2724/2548 1554/2622/2549 1553/2725/2550
f 1553/2725/2550 1554/2622/2549 1552/2624/2551
f 1552/2624/2551 1550/2726/2552 1553/2725/2550
f 1551/2626/2553 1550/2726/2552 1552/2624/2551
f 1551/2626/2553 1548/2629/2554 1550/2726/2552
f 1550/2726/2552 1548/2629/2554 1549/2727/2555
f 1549/2727/2555 1548/2629/2554 1547/2728/2556
f 1547/2728/2556 1548/2629/2554 1546/2631/2557
f 1547/2728/2556 1546/2631/2557 1544/2729/2558
f 1544/2729/2558 1546/2631/2557 1545/2633/2559
f 1545/2633/2559 1543/2730/2560 1544/2729/2558
f 1544/2729/2558 1543/2730/2560 1542/2731/2561
f 1530/790/680 1541/791/2562 1532/2732/2563
f 1532/2732/2563 1541/791/2562 1534/2733/2564
f 1541/791/2562 1540/793/2565 1534/2733/2564
f 1534/2733/2564 1540/793/2565 1536/2734/23
f 1540/793/2565 1537/795/685 1536/2734/23
f 1480/2735/2566 1493/2736/982 1482/2737/2567
f 1480/2735/2566 1503/1096/2568 1493/2736/982
f 1478/2738/2569 1503/1096/2568 1480/2735/2566
f 1478/2738/2569 1539/1114/2570 1503/1096/2568
f 1476/2739/2571 1539/1114/2570 1478/2738/2569
f 1476/2739/2571 1538/1112/2572 1539/1114/2570
f 1474/2740/2573 1538/1112/2572 1476/2739/2571
f 1474/2740/2573 1537/795/685 1538/1112/2572
f 1470/2741/2574 1537/795/685 1474/2740/2573
f 1536/2734/23 1537/795/685 1470/2741/2574
f 1470/2741/2574 1471/2742/2575 1536/2734/23
f 1535/2743/2576 1536/2734/23 1471/2742/2575
f 1534/2733/2564 1536/2734/23 1535/2743/2576
f 1535/2743/2576 1533/2744/2577 1534/2733/2564
f 1534/2733/2564 1533/2744/2577 1532/2732/2563
f 1533/2744/2577 1529/780/670 1532/2732/2563
f 1529/780/670 1530/790/680 1532/2732/2563
f 1531/779/669 1530/790/680 1529/780/670
f 1522/2745/978 1528/2746/982 1523/2747/2578
f 1514/2748/985 1528/2746/982 1522/2745/978
f 1514/2748/985 1503/1096/2568 1528/2746/982
f 1528/2746/982 1503/1096/2568 1527/2749/985
f 1503/1096/2568 1526/1095/2579 1527/2749/985
f 1527/2749/985 1526/1095/2579 1524/2750/978
f 1524/2750/978 1526/1095/2579 1525/1093/981
f 1524/2750/978 1525/1093/981 1494/1091/2580
f 1523/2747/2578 1524/2750/978 1494/1091/2580
f 1522/2745/978 1523/2747/2578 1494/1091/2580
f 1519/2751/980 1522/2745/978 1494/1091/2580
f 1516/2752/986 1521/2753/982 1517/2754/980
f 1506/2755/2581 1521/2753/982 1516/2752/986
f 1506/2755/2581 1503/1096/2568 1521/2753/982
f 1521/2753/982 1503/1096/2568 1520/2756/985
f 1520/2756/985 1503/1096/2568 1515/2757/982
f 1520/2756/985 1515/2757/982 1518/2758/978
f 1518/2758/978 1515/2757/982 1519/2751/980
f 1518/2758/978 1519/2751/980 1494/1091/2580
f 1517/2754/980 1518/2758/978 1494/1091/2580
f 1516/2752/986 1517/2754/980 1494/1091/2580
f 1511/2759/2578 1516/2752/986 1494/1091/2580
f 1515/2757/982 1503/1096/2568 1514/2748/985
f 1508/2760/986 1513/2761/982 1509/2762/2578
f 1502/2763/985 1513/2761/982 1508/2760/986
f 1502/2763/985 1503/1096/2568 1513/2761/982
f 1513/2761/982 1503/1096/2568 1512/2764/985
f 1512/2764/985 1503/1096/2568 1507/2765/982
f 1512/2764/985 1507/2765/982 1510/2766/986
f 1510/2766/986 1507/2765/982 1511/2759/2578
f 1510/2766/986 1511/2759/2578 1494/1091/2580
f 1509/2762/2578 1510/2766/986 1494/1091/2580
f 1508/2760/986 1509/2762/2578 1494/1091/2580
f 1492/2767/2582 1508/2760/986 1494/1091/2580
f 1507/2765/982 1503/1096/2568 1506/2755/2581
f 1505/1127/1006 1504/2671/2498 1501/1125/2499
f 1493/2736/982 1503/1096/2568 1502/2763/985
f 1498/2768/2583 1501/1125/2499 1499/2672/2500
f 1500/1128/1007 1501/1125/2499 1498/2768/2583
f 1500/1128/1007 1498/2768/2583 1497/1123/2584
f 1499/2672/2500 1491/2673/2501 1498/2768/2583
f 1491/2673/2501 1489/2769/2585 1498/2768/2583
f 1497/1123/2584 1498/2768/2583 1489/2769/2585
f 1487/2770/2586 1497/1123/2584 1489/2769/2585
f 1496/1121/2587 1497/1123/2584 1487/2770/2586
f 1485/2771/2588 1496/1121/2587 1487/2770/2586
f 1495/1119/2589 1496/1121/2587 1485/2771/2588
f 1485/2771/2588 1483/2772/2590 1495/1119/2589
f 1495/1119/2589 1483/2772/2590 1494/1091/2580
f 1483/2772/2590 1482/2737/2567 1494/1091/2580
f 1482/2737/2567 1492/2767/2582 1494/1091/2580
f 1482/2737/2567 1493/2736/982 1492/2767/2582
f 1490/2773/2591 1489/2769/2585 1491/2673/2501
f 1490/2773/2591 1488/2774/2592 1489/2769/2585
f 1489/2769/2585 1488/2774/2592 1487/2770/2586
f 1488/2774/2592 1486/2775/2593 1487/2770/2586
f 1487/2770/2586 1486/2775/2593 1485/2771/2588
f 1486/2775/2593 1484/2776/2594 1485/2771/2588
f 1485/2771/2588 1484/2776/2594 1483/2772/2590
f 1484/2776/2594 1481/2777/2595 1483/2772/2590
f 1483/2772/2590 1481/2777/2595 1482/2737/2567
f 1481/2777/2595 1480/2735/2566 1482/2737/2567
f 1479/2778/2596 1480/2735/2566 1481/2777/2595
f 1479/2778/2596 1478/2738/2569 1480/2735/2566
f 1477/2779/2597 1478/2738/2569 1479/2778/2596
f 1477/2779/2597 1476/2739/2571 1478/2738/2569
f 1475/2780/2598 1476/2739/2571 1477/2779/2597
f 1476/2739/2571 1475/2780/2598 1474/2740/2573
f 1474/2740/2573 1475/2780/2598 1473/2781/2599
f 1474/2740/2573 1473/2781/2599 1470/2741/2574
f 1470/2741/2574 1473/2781/2599 1472/2782/2600
f 1472/2782/2600 1471/2742/2575 1470/2741/2574
f 1469/1543/2601 1467/2783/2602 1468/1544/2603
f 1468/1544/2603 1467/2783/2602 1465/2784/2604
f 1448/2785/2605 1465/2784/2604 1467/2783/2602
f 1466/2786/2606 1465/2784/2604 1448/2785/2605
f 1447/2783/2607 1464/1543/2608 1463/1543/2609
f 1463/1543/2609 1449/2783/2610 1447/2783/2607
f 1462/1841/2611 1449/2783/2610 1463/1543/2609
f 1461/1841/23 1449/2783/2610 1462/1841/2611
f 1451/2783/23 1449/2783/2610 1461/1841/23
f 1460/1840/23 1451/2783/23 1461/1841/23
f 1453/2787/23 1451/2783/23 1460/1840/23
f 1459/1843/23 1453/2787/23 1460/1840/23
f 1455/2788/23 1453/2787/23 1459/1843/23
f 1458/1846/2612 1455/2788/23 1459/1843/23
f 1457/2789/2613 1455/2788/23 1458/1846/2612
f 1457/2789/2613 1456/2790/2614 1455/2788/23
f 1455/2788/23 1456/2790/2614 1454/2791/2615
f 1455/2788/23 1454/2791/2615 1453/2787/23
f 1453/2787/23 1454/2791/2615 1452/2792/2616
f 1453/2787/23 1452/2792/2616 1451/2783/23
f 1451/2783/23 1452/2792/2616 1450/2785/2617
f 1450/2785/2617 1449/2783/2610 1451/2783/23
f 1446/2785/2618 1449/2783/2610 1450/2785/2617
f 1446/2785/2618 1447/2783/2607 1449/2783/2610
f 1448/2785/2619 1447/2783/2607 1446/2785/2618
f 1445/2793/2620 1444/2794/2621 1443/2795/2622
f 1443/2795/2622 1444/2794/2621 1441/2796/2623
f 1443/2795/2622 1441/2796/2623 1442/1517/2624
f 1442/1517/2624 1441/2796/2623 1440/1516/2625
f 1439/2797/2626 1438/1412/2627 1437/2798/2628
f 1437/2798/2628 1438/1412/2627 1435/1411/2629
f 1437/2798/2628 1435/1411/2629 1436/305/2630
f 1436/305/2630 1435/1411/2629 1434/1255/2631
f 1432/2799/23 1430/1772/2632 1433/2800/23
f 1431/2801/2633 1430/1772/2632 1432/2799/23
f 1431/2801/2633 1429/2802/2634 1430/1772/2632
f 1430/1772/2632 1429/2802/2634 1428/1773/2635
f 1429/2802/2634 1427/2803/2636 1428/1773/2635
f 1428/1773/2635 1427/2803/2636 1426/1774/2637
f 1425/675/2638 1423/2804/2639 1424/677/2640
f 1424/677/2640 1423/2804/2639 1422/2805/1752
f 1421/2806/2641 1419/2807/2642 1420/303/2643
f 1420/303/2643 1419/2807/2642 1418/301/2644
f 1417/2808/23 1415/2809/23 1416/2810/23
f 1416/2810/23 1415/2809/23 1414/2811/23
f 1413/2812/23 1411/2813/23 1412/2814/23
f 1412/2814/23 1411/2813/23 1410/2815/23
f 1409/2816/23 1407/2817/23 1408/2818/23
f 1408/2818/23 1407/2817/23 1406/2819/23
f 1405/2820/23 1403/2821/23 1404/2822/23
f 1404/2822/23 1403/2821/23 1402/2823/23
f 1401/2824/23 1399/2825/23 1400/2826/23
f 1400/2826/23 1399/2825/23 1398/2827/23
f 1397/2828/23 1395/2829/23 1396/2830/23
f 1396/2830/23 1395/2829/23 1394/2831/23
f 1393/2832/2645 1392/2833/1460 1391/2834/2646
f 1391/2834/2646 1392/2833/1460 1390/2835/2647
f 1390/2835/2647 1388/2836/23 1391/2834/2646
f 1389/2837/23 1388/2836/23 1390/2835/2647
f 1389/2837/23 1383/2838/23 1388/2836/23
f 1388/2836/23 1383/2838/23 1382/2839/23
f 1384/1442/2648 1385/2840/2649 1387/1445/2650
f 1387/1445/2650 1385/2840/2649 1386/2841/2651
f 1385/2840/2649 1384/1442/2648 1370/2842/2652
f 1370/2842/2652 1384/1442/2648 1371/1441/2653
f 1383/2838/23 1381/2843/23 1382/2839/23
f 1382/2839/23 1381/2843/23 1380/2844/23
f 1381/2843/23 1379/2845/23 1380/2844/23
f 1380/2844/23 1379/2845/23 1378/2846/23
f 1379/2845/23 1377/2847/23 1378/2846/23
f 1378/2846/23 1377/2847/23 1376/2848/23
f 1377/2847/23 1375/2849/23 1376/2848/23
f 1376/2848/23 1375/2849/23 1374/2850/2654
f 1375/2849/23 1373/2851/2655 1374/2850/2654
f 1374/2850/2654 1373/2851/2655 1372/2852/2656
f 1363/1539/2657 1372/2852/2656 1373/2851/2655
f 1371/1441/2653 1372/2852/2656 1363/1539/2657
f 1365/1546/2658 1371/1441/2653 1363/1539/2657
f 1370/2842/2652 1371/1441/2653 1365/1546/2658
f 1365/1546/2658 1369/2853/2659 1370/2842/2652
f 1370/2842/2652 1369/2853/2659 1367/2854/2660
f 1366/2855/170 1367/2854/2660 1369/2853/2659
f 1368/2856/170 1367/2854/2660 1366/2855/170
f 1365/1546/2658 1363/1539/2657 1364/1545/2661
f 1364/1545/2661 1363/1539/2657 1361/1541/2662
f 1362/1545/2663 1361/1541/2662 1359/1545/2664
f 1359/1545/2664 1361/1541/2662 1360/1541/2665
f 1357/2857/2666 1359/1545/2664 1360/1541/2665
f 1358/2858/2667 1359/1545/2664 1357/2857/2666
f 1358/2858/2667 1357/2857/2666 1356/1839/2668
f 1356/1839/2668 1357/2857/2666 1355/2857/2669
f 1356/1839/2668 1355/2857/2669 1354/1842/2670
f 1354/1842/2670 1355/2857/2669 1353/2859/2670
f 1354/1842/2670 1353/2859/2670 1352/1844/2671
f 1352/1844/2671 1353/2859/2670 1350/2860/2672
f 1352/1844/2671 1350/2860/2672 1351/1845/2673
f 1351/1845/2673 1350/2860/2672 1349/2861/2674
f 1348/1482/2650 1347/1482/2651 1346/1485/2675
f 1346/1485/2675 1347/1482/2651 1345/2862/2676
f 1346/1485/2675 1345/2862/2676 1344/1487/2677
f 1344/1487/2677 1345/2862/2676 1342/2863/2678
f 1344/1487/2677 1342/2863/2678 1343/1488/2679
f 1343/1488/2679 1342/2863/2678 1341/1488/2680
f 1327/2864/1080 1330/1413/82 1340/1414/1080
f 1335/2865/2681 1334/2866/82 1329/2867/2682
f 1329/2867/2682 1334/2866/82 1333/2868/82
f 1333/2868/82 1328/2869/82 1329/2867/2682
f 1299/2870/2683 1297/2871/82 1339/2872/2684
f 1339/2872/2684 1297/2871/82 1322/2873/82
f 1339/2872/2684 1322/2873/82 1338/2874/2685
f 1338/2874/2685 1322/2873/82 1324/2875/82
f 1338/2874/2685 1324/2875/82 1337/2876/2686
f 1337/2876/2686 1324/2875/82 1325/2877/82
f 1337/2876/2686 1325/2877/82 1336/2878/2687
f 1336/2878/2687 1325/2877/82 1326/2879/82
f 1336/2878/2687 1326/2879/82 1335/2865/2681
f 1335/2865/2681 1326/2879/82 1334/2866/82
f 1334/2866/82 1326/2879/82 1323/2174/82
f 1333/2868/82 1334/2866/82 1323/2174/82
f 1332/2175/82 1333/2868/82 1323/2174/82
f 1328/2869/82 1333/2868/82 1332/2175/82
f 1332/2175/82 1331/2176/82 1328/2869/82
f 1328/2869/82 1331/2176/82 1330/1413/82
f 1328/2869/82 1330/1413/82 1327/2864/1080
f 1329/2867/2682 1328/2869/82 1327/2864/1080
f 1326/2879/82 1325/2877/82 1323/2174/82
f 1325/2877/82 1324/2875/82 1323/2174/82
f 1324/2875/82 1322/2873/82 1323/2174/82
f 1323/2174/82 1322/2873/82 1321/309/82
f 1322/2873/82 1297/2871/82 1321/309/82
f 1297/2871/82 1298/2880/82 1321/309/82
f 1321/309/82 1298/2880/82 1320/1260/82
f 1298/2880/82 1301/2881/82 1320/1260/82
f 1320/1260/82 1301/2881/82 1312/2882/82
f 1320/1260/82 1312/2882/82 1319/1258/1006
f 1319/1258/1006 1312/2882/82 1318/2883/2688
f 1312/2882/82 1314/2884/82 1318/2883/2688
f 1318/2883/2688 1314/2884/82 1316/2885/2689
f 1315/2886/2690 1313/2887/82 1317/2888/2690
f 1317/2888/2690 1313/2887/82 1311/2889/82
f 1317/2888/2690 1311/2889/82 1309/2890/2691
f 1301/2881/82 1303/2891/82 1312/2882/82
f 1303/2891/82 1305/2892/82 1312/2882/82
f 1305/2892/82 1307/2893/82 1312/2882/82
f 1307/2893/82 1310/2894/82 1312/2882/82
f 1316/2885/2689 1314/2884/82 1315/2886/2690
f 1315/2886/2690 1314/2884/82 1313/2887/82
f 1313/2887/82 1314/2884/82 1312/2882/82
f 1311/2889/82 1313/2887/82 1312/2882/82
f 1310/2894/82 1311/2889/82 1312/2882/82
f 1309/2890/2691 1311/2889/82 1310/2894/82
f 1307/2893/82 1309/2890/2691 1310/2894/82
f 1308/2895/2692 1309/2890/2691 1307/2893/82
f 1308/2895/2692 1307/2893/82 1306/2896/2693
f 1306/2896/2693 1307/2893/82 1305/2892/82
f 1306/2896/2693 1305/2892/82 1304/2897/2694
f 1304/2897/2694 1305/2892/82 1303/2891/82
f 1304/2897/2694 1303/2891/82 1302/2898/2695
f 1302/2898/2695 1303/2891/82 1301/2881/82
f 1302/2898/2695 1301/2881/82 1300/2899/2696
f 1300/2899/2696 1301/2881/82 1298/2880/82
f 1300/2899/2696 1298/2880/82 1299/2870/2683
f 1299/2870/2683 1298/2880/82 1297/2871/82
f 1296/2900/2697 1295/1488/2698 1293/2901/2699
f 1293/2901/2699 1295/1488/2698 1294/2863/2700
f 1294/2863/2700 1292/2862/2701 1293/2901/2699
f 1293/2901/2699 1292/2862/2701 1290/2902/2702
f 1289/1482/2703 1290/2902/2702 1292/2862/2701
f 1291/2903/2704 1290/2902/2702 1289/1482/2703
f 1288/1360/177 1285/1349/2705 1286/1237/177
f 1287/2490/177 1286/1237/177 1283/2904/177
f 1286/1237/177 1285/1349/2705 1283/2904/177
f 1285/1349/2705 1284/1344/2706 1283/2904/177
f 1284/1344/82 1280/1346/2707 1283/2904/177
f 1280/1346/2707 1281/2905/1269 1283/2904/177
f 1282/1347/2708 1281/2905/1269 1280/1346/2707
f 1279/1420/2709 1278/1516/2710 1276/1418/2711
f 1276/1418/2711 1278/1516/2710 1277/2796/2712
f 1277/2796/2712 1275/2794/2713 1276/1418/2711
f 1276/1418/2711 1275/2794/2713 1274/1422/2714
f 1273/621/2715 1271/2906/2716 1272/620/2717
f 1272/620/2717 1271/2906/2716 1270/2907/2718
f 1255/2908/2719 1256/2909/2720 1264/2910/2721
f 1264/2910/2721 1256/2909/2720 1260/2911/2722
f 1254/2912/2723 1255/2908/2719 1269/2913/2724
f 1255/2908/2719 1268/2914/2725 1269/2913/2724
f 1267/2915/2726 1268/2914/2725 1255/2908/2719
f 1255/2908/2719 1266/2916/2727 1267/2915/2726
f 1264/2910/2721 1266/2916/2727 1255/2908/2719
f 1264/2910/2721 1265/2917/2330 1266/2916/2727
f 1263/2918/2728 1265/2917/2330 1264/2910/2721
f 1264/2910/2721 1260/2911/2722 1263/2918/2728
f 1263/2918/2728 1260/2911/2722 1262/2919/2729
f 1260/2911/2722 1261/2920/1372 1262/2919/2729
f 1259/2921/2730 1261/2920/1372 1260/2911/2722
f 1256/2909/2720 1259/2921/2730 1260/2911/2722
f 1258/2922/2731 1259/2921/2730 1256/2909/2720
f 1256/2909/2720 1257/2923/2732 1258/2922/2731
f 1254/2912/2723 1257/2923/2732 1256/2909/2720
f 1256/2909/2720 1255/2908/2719 1254/2912/2723
f 1253/535/2733 1250/2924/1325 1252/535/2734
f 1252/535/2734 1250/2924/1325 1251/2925/2735
f 1251/2925/2735 1250/2924/1325 1249/2926/1327
f 1248/2857/2736 1247/2705/2737 1246/2857/2738
f 1246/2857/2738 1247/2705/2737 1245/2705/2739
f 1245/2705/2739 1244/2859/2740 1246/2857/2738
f 1243/2704/2741 1244/2859/2740 1245/2705/2739
f 1243/2704/2741 1242/2860/2742 1244/2859/2740
f 1239/2697/2743 1242/2860/2742 1243/2704/2741
f 1239/2697/2743 1240/2861/2744 1242/2860/2742
f 1241/2696/2745 1240/2861/2744 1239/2697/2743
f 1238/2927/2378 1231/2928/2746 1234/2929/2747
f 1237/2930/2748 1236/2931/2749 1232/2932/2750
f 1232/2932/2750 1236/2931/2749 1233/2933/23
f 1235/2934/2379 1233/2933/23 1236/2931/2749
f 1234/2929/2747 1233/2933/23 1235/2934/2379
f 1234/2929/2747 1231/2928/2746 1233/2933/23
f 1233/2933/23 1231/2928/2746 1232/2932/2750
f 1232/2932/2750 1231/2928/2746 1230/2935/2751
f 1228/1853/2752 1226/2936/2753 1229/1856/2754
f 1228/1853/2752 1227/1851/2755 1226/2936/2753
f 1224/1959/2756 1222/2937/2757 1225/1960/2758
f 1224/1959/2756 1223/1962/2759 1222/2937/2757
f 1211/2938/2760 1220/2939/2761 1221/2938/2762
f 1209/2939/2763 1220/2939/2761 1211/2938/2760
f 1220/2939/2761 1209/2939/2763 1219/2940/2764
f 1219/2940/2764 1209/2939/2763 1206/2940/2765
f 1219/2940/2764 1206/2940/2765 1218/2941/2766
f 1218/2941/2766 1206/2940/2765 1217/2941/2767
f 1217/2941/2767 1206/2940/2765 1216/2942/2768
f 1216/2942/2768 1206/2940/2765 1214/2943/2769
f 1206/2940/2765 1207/2944/2770 1214/2943/2769
f 1207/2944/2770 1215/2945/393 1214/2943/2769
f 1213/2946/2771 1210/2947/2772 1212/2948/2773
f 1212/2948/2773 1210/2947/2772 1211/2938/2760
f 1211/2938/2760 1210/2947/2772 1209/2939/2763
f 1210/2947/2772 1208/2949/2774 1209/2939/2763
f 1209/2939/2763 1208/2949/2774 1206/2940/2765
f 1208/2949/2774 1207/2944/2770 1206/2940/2765
f 1172/2950/2775 1200/2951/2776 1171/2952/2777
f 1190/2950/1951 1200/2951/2776 1172/2950/2775
f 1205/2953/2778 1200/2951/2776 1190/2950/1951
f 1205/2953/2778 1201/2954/2779 1200/2951/2776
f 1204/2955/2780 1201/2954/2779 1205/2953/2778
f 1202/2956/2781 1201/2954/2779 1204/2955/2780
f 1203/2957/2782 1202/2956/2781 1204/2955/2780
f 1183/2958/2783 1202/2956/2781 1203/2957/2782
f 1202/2956/2781 1183/2958/2783 1185/2959/2784
f 1202/2956/2781 1185/2959/2784 1201/2954/2779
f 1201/2954/2779 1185/2959/2784 1195/2960/2785
f 1195/2960/2785 1197/2961/2786 1201/2954/2779
f 1201/2954/2779 1197/2961/2786 1200/2951/2776
f 1197/2961/2786 1171/2952/2777 1200/2951/2776
f 1199/2962/2787 1171/2952/2777 1198/2963/2788
f 1198/2963/2788 1171/2952/2777 1197/2961/2786
f 1198/2963/2788 1197/2961/2786 1196/2964/2789
f 1196/2964/2789 1197/2961/2786 1195/2960/2785
f 1195/2960/2785 1194/2965/2790 1196/2964/2789
f 1185/2959/2784 1194/2965/2790 1195/2960/2785
f 1185/2959/2784 1193/2966/2791 1194/2965/2790
f 1184/2967/2792 1193/2966/2791 1185/2959/2784
f 1192/2968/2793 1184/2967/2792 1181/2969/2794
f 1184/2967/2792 1192/2968/2793 1193/2966/2791
f 1193/2966/2791 1192/2968/2793 1191/2970/2795
f 1173/2971/2796 1188/2972/2797 1190/2950/2798
f 1179/2973/2799 1174/2974/2800 1176/2975/2801
f 1187/2976/2802 1174/2974/2800 1179/2973/2799
f 1179/2973/2799 1189/2977/2803 1187/2976/2802
f 1187/2976/2802 1189/2977/2803 1188/2972/2797
f 1187/2976/2802 1188/2972/2797 1173/2971/2796
f 1173/2971/2796 1174/2974/2800 1187/2976/2802
f 1177/2978/2804 1175/2979/2805 1186/2980/2806
f 1185/2959/2784 1183/2958/2783 1184/2967/2792
f 1184/2967/2792 1183/2958/2783 1181/2969/2794
f 1182/2981/2807 1181/2969/2794 1183/2958/2783
f 1180/2982/2808 1181/2969/2794 1182/2981/2807
f 1178/2983/2809 1181/2969/2794 1180/2982/2808
f 1180/2982/2808 1179/2973/2799 1178/2983/2809
f 1179/2973/2799 1176/2975/2801 1178/2983/2809
f 1177/2978/2804 1178/2983/2809 1176/2975/2801
f 1176/2975/2801 1175/2979/2805 1177/2978/2804
f 1176/2975/2801 1174/2974/2800 1175/2979/2805
f 1175/2979/2805 1174/2974/2800 1170/2984/2810
f 1174/2974/2800 1169/2985/2811 1170/2984/2810
f 1169/2985/2811 1174/2974/2800 1173/2971/2796
f 1169/2985/2811 1173/2971/2796 1167/2986/2812
f 1167/2986/2812 1173/2971/2796 1172/2950/2775
f 1167/2986/2812 1172/2950/2775 1159/2987/2813
f 1159/2987/2813 1172/2950/2775 1171/2952/2777
f 1158/2952/2814 1159/2987/2813 1171/2952/2777
f 1170/2984/2810 1169/2985/2811 1168/2988/2815
f 1167/2986/2812 1168/2988/2815 1169/2985/2811
f 1165/2989/2816 1168/2988/2815 1167/2986/2812
f 1159/2987/2813 1165/2989/2816 1167/2986/2812
f 1166/2990/2817 1165/2989/2816 1159/2987/2813
f 1164/2991/1513 1162/2952/2818 1163/2962/2819
f 1162/2952/2818 1158/2952/2814 1163/2962/2819
f 1161/2992/2820 1158/2952/2814 1162/2952/2818
f 1160/2990/2821 1158/2952/2814 1161/2992/2820
f 1160/2990/2821 1159/2987/2813 1158/2952/2814
f 1157/1415/2822 1155/1415/2823 1156/2993/1473
f 1156/2993/1473 1155/1415/2823 1152/2994/2824
f 1155/1415/2823 1154/1415/2825 1152/2994/2824
f 1152/2994/2824 1154/1415/2825 1153/2994/2826
f 1151/2995/2827 1152/2994/2824 1153/2994/2826
f 1150/2996/1472 1152/2994/2824 1151/2995/2827
f 1151/2995/2827 1139/2997/2828 1150/2996/1472
f 1150/2996/1472 1139/2997/2828 1138/2998/1471
f 1112/2999/2829 1149/3000/2522 1110/3001/2830
f 1110/3001/2830 1149/3000/2522 1130/3002/2831
f 1149/3000/2522 1148/3003/2832 1130/3002/2831
f 1130/3002/2831 1148/3003/2832 1131/3004/2833
f 1147/3005/2834 1131/3004/2833 1148/3003/2832
f 1132/3006/2835 1131/3004/2833 1147/3005/2834
f 1147/3005/2834 1146/3007/2836 1132/3006/2835
f 1132/3006/2835 1146/3007/2836 1133/3008/2837
f 1146/3007/2836 1145/3009/2838 1133/3008/2837
f 1133/3008/2837 1145/3009/2838 1134/3010/2839
f 1145/3009/2838 1144/3011/2840 1134/3010/2839
f 1134/3010/2839 1144/3011/2840 1135/3012/2841
f 1144/3011/2840 1143/3013/2842 1135/3012/2841
f 1135/3012/2841 1143/3013/2842 1136/3014/2843
f 1143/3013/2842 1142/3015/2844 1136/3014/2843
f 1136/3014/2843 1142/3015/2844 1137/3016/2845
f 1140/2996/2531 1137/3016/2845 1142/3015/2844
f 1141/2996/2532 1137/3016/2845 1140/2996/2531
f 1129/3017/1769 1138/2998/1471 1139/2997/2828
f 1128/3018/2843 1138/2998/1471 1129/3017/1769
f 1128/3018/2843 1137/3016/2845 1138/2998/1471
f 1136/3014/2843 1137/3016/2845 1128/3018/2843
f 1126/3019/1481 1136/3014/2843 1128/3018/2843
f 1135/3012/2841 1136/3014/2843 1126/3019/1481
f 1124/3020/2846 1135/3012/2841 1126/3019/1481
f 1134/3010/2839 1135/3012/2841 1124/3020/2846
f 1122/3021/2847 1134/3010/2839 1124/3020/2846
f 1133/3008/2837 1134/3010/2839 1122/3021/2847
f 1120/3022/2848 1133/3008/2837 1122/3021/2847
f 1132/3006/2835 1133/3008/2837 1120/3022/2848
f 1118/3023/2849 1132/3006/2835 1120/3022/2848
f 1131/3004/2833 1132/3006/2835 1118/3023/2849
f 1116/3024/2850 1131/3004/2833 1118/3023/2849
f 1130/3002/2831 1131/3004/2833 1116/3024/2850
f 1111/3025/2851 1130/3002/2831 1116/3024/2850
f 1110/3001/2830 1130/3002/2831 1111/3025/2851
f 1127/3026/1481 1128/3018/2843 1129/3017/1769
f 1126/3019/1481 1128/3018/2843 1127/3026/1481
f 1125/3027/2852 1126/3019/1481 1127/3026/1481
f 1124/3020/2846 1126/3019/1481 1125/3027/2852
f 1123/3028/2853 1124/3020/2846 1125/3027/2852
f 1122/3021/2847 1124/3020/2846 1123/3028/2853
f 1121/3029/2854 1122/3021/2847 1123/3028/2853
f 1120/3022/2848 1122/3021/2847 1121/3029/2854
f 1119/3030/2855 1120/3022/2848 1121/3029/2854
f 1118/3023/2849 1120/3022/2848 1119/3030/2855
f 1117/3031/2856 1118/3023/2849 1119/3030/2855
f 1116/3024/2850 1118/3023/2849 1117/3031/2856
f 1115/3032/2857 1116/3024/2850 1117/3031/2856
f 1111/3025/2851 1116/3024/2850 1115/3032/2857
f 1098/3033/2858 1111/3025/2851 1115/3032/2857
f 1109/3034/2859 1111/3025/2851 1098/3033/2858
f 1098/3033/2858 1095/3035/2860 1109/3034/2859
f 1114/3036/2861 1107/3037/2860 1106/3038/2862
f 1114/3036/2861 1113/3039/2863 1107/3037/2860
f 1107/3037/2860 1113/3039/2863 1108/3040/2858
f 1113/3039/2863 1112/2999/2829 1108/3040/2858
f 1108/3040/2858 1112/2999/2829 1110/3001/2830
f 1109/3034/2859 1110/3001/2830 1111/3025/2851
f 1108/3040/2858 1110/3001/2830 1109/3034/2859
f 1095/3035/2860 1108/3040/2858 1109/3034/2859
f 1107/3037/2860 1108/3040/2858 1095/3035/2860
f 1095/3035/2860 1093/3041/2864 1107/3037/2860
f 1106/3038/2862 1107/3037/2860 1093/3041/2864
f 1093/3041/2864 1091/3042/2865 1106/3038/2862
f 1106/3038/2862 1091/3042/2865 1105/3043/2866
f 1090/3044/2867 1105/3043/2866 1091/3042/2865
f 1104/3045/2868 1105/3043/2866 1090/3044/2867
f 1088/3046/2869 1104/3045/2868 1090/3044/2867
f 1103/3047/2870 1104/3045/2868 1088/3046/2869
f 1086/3048/2871 1103/3047/2870 1088/3046/2869
f 1102/3049/2479 1103/3047/2870 1086/3048/2871
f 1086/3048/2871 1101/3050/2872 1102/3049/2479
f 1084/3051/2873 1101/3050/2872 1086/3048/2871
f 1084/3051/2873 1081/3052/2874 1101/3050/2872
f 1080/3053/2875 1081/3052/2874 1084/3051/2873
f 1096/3054/2876 1100/1829/2877 1094/3055/2878
f 1094/3055/2878 1100/1829/2877 1099/1826/2879
f 1094/3055/2878 1099/1826/2879 1092/1825/2880
f 1097/3056/2860 1095/3035/2860 1098/3033/2858
f 1096/3054/2876 1095/3035/2860 1097/3056/2860
f 1094/3055/2878 1095/3035/2860 1096/3054/2876
f 1094/3055/2878 1093/3041/2864 1095/3035/2860
f 1093/3041/2864 1094/3055/2878 1092/1825/2880
f 1091/3042/2865 1093/3041/2864 1092/1825/2880
f 1092/1825/2880 1089/3057/2881 1091/3042/2865
f 1091/3042/2865 1089/3057/2881 1090/3044/2867
f 1089/3057/2881 1088/3046/2869 1090/3044/2867
f 1087/3058/2882 1088/3046/2869 1089/3057/2881
f 1087/3058/2882 1086/3048/2871 1088/3046/2869
f 1085/3059/2883 1086/3048/2871 1087/3058/2882
f 1085/3059/2883 1084/3051/2873 1086/3048/2871
f 1083/3060/2884 1084/3051/2873 1085/3059/2883
f 1083/3060/2884 1080/3053/2875 1084/3051/2873
f 1082/3061/2885 1080/3053/2875 1083/3060/2884
f 1082/3061/2885 1070/3062/2886 1080/3053/2875
f 1069/3063/2887 1070/3062/2886 1082/3061/2885
f 1080/3053/2875 1079/3064/2888 1081/3052/2874
f 1070/3062/2886 1079/3064/2888 1080/3053/2875
f 1070/3062/2886 1078/3065/2473 1079/3064/2888
f 1068/3066/1859 1078/3065/2473 1070/3062/2886
f 1068/3066/1859 1077/3067/2472 1078/3065/2473
f 1066/3068/2889 1077/3067/2472 1068/3066/1859
f 1066/3068/2889 1076/3069/2890 1077/3067/2472
f 1064/3070/60 1076/3069/2890 1066/3068/2889
f 1064/3070/60 1075/3071/2891 1076/3069/2890
f 1062/3072/60 1075/3071/2891 1064/3070/60
f 1062/3072/60 1074/3073/2591 1075/3071/2891
f 1060/3074/2892 1074/3073/2591 1062/3072/60
f 1074/3073/2591 1060/3074/2892 1073/3075/2893
f 1073/3075/2893 1060/3074/2892 1059/3076/2894
f 1073/3075/2893 1059/3076/2894 1072/3077/2895
f 1072/3077/2895 1059/3076/2894 1054/3078/2896
f 1072/3077/2895 1054/3078/2896 1071/3079/2897
f 1053/3080/2595 1071/3079/2897 1054/3078/2896
f 1069/3063/2887 1068/3066/1859 1070/3062/2886
f 1067/3081/1854 1068/3066/1859 1069/3063/2887
f 1067/3081/1854 1066/3068/2889 1068/3066/1859
f 1065/3082/2898 1066/3068/2889 1067/3081/1854
f 1066/3068/2889 1065/3082/2898 1064/3070/60
f 1064/3070/60 1065/3082/2898 1063/3083/60
f 1064/3070/60 1063/3083/60 1062/3072/60
f 1063/3083/60 1061/3084/60 1062/3072/60
f 1061/3084/60 1060/3074/2892 1062/3072/60
f 1061/3084/60 1058/3085/2899 1060/3074/2892
f 1060/3074/2892 1058/3085/2899 1059/3076/2894
f 1058/3085/2899 1054/3078/2896 1059/3076/2894
f 1057/3086/2900 1054/3078/2896 1058/3085/2899
f 1057/3086/2900 1052/3087/2901 1054/3078/2896
f 1056/3088/2902 1052/3087/2901 1057/3086/2900
f 1056/3088/2902 1051/3089/2903 1052/3087/2901
f 1055/3090/2904 1051/3089/2903 1056/3088/2902
f 1055/3090/2904 1050/3091/2905 1051/3089/2903
f 1052/3087/2901 1053/3080/2595 1054/3078/2896
f 1052/3087/2901 1031/3092/2906 1053/3080/2595
f 1051/3089/2903 1031/3092/2906 1052/3087/2901
f 1030/3093/2907 1031/3092/2906 1051/3089/2903
f 1050/3091/2905 1030/3093/2907 1051/3089/2903
f 1033/3094/2908 1030/3093/2907 1050/3091/2905
f 1050/3091/2905 1049/3095/2909 1033/3094/2908
f 1033/3094/2908 1049/3095/2909 1035/3096/2910
f 1048/3097/60 1035/3096/2910 1049/3095/2909
f 1037/3098/2911 1035/3096/2910 1048/3097/60
f 1047/3099/60 1037/3098/2911 1048/3097/60
f 1040/3100/60 1037/3098/2911 1047/3099/60
f 1046/3101/60 1040/3100/60 1047/3099/60
f 1041/3102/60 1040/3100/60 1046/3101/60
f 1045/3103/2912 1041/3102/60 1046/3101/60
f 1043/3104/2913 1041/3102/60 1045/3103/2912
f 1043/3104/2913 1042/3105/2914 1041/3102/60
f 1044/3106/2915 1042/3105/2914 1043/3104/2913
f 1042/3105/2914 1039/3107/2916 1041/3102/60
f 1041/3102/60 1039/3107/2916 1040/3100/60
f 1039/3107/2916 1037/3098/2911 1040/3100/60
f 1038/3108/2917 1037/3098/2911 1039/3107/2916
f 1038/3108/2917 1036/3109/2918 1037/3098/2911
f 1037/3098/2911 1036/3109/2918 1035/3096/2910
f 1034/3110/2919 1035/3096/2910 1036/3109/2918
f 1033/3094/2908 1035/3096/2910 1034/3110/2919
f 1034/3110/2919 1032/3111/2920 1033/3094/2908
f 1033/3094/2908 1032/3111/2920 1030/3093/2907
f 1032/3111/2920 1031/3092/2906 1030/3093/2907
f 1028/2930/2921 1027/2840/2922 1029/2842/2923
f 1025/2932/2924 1027/2840/2922 1028/2930/2921
f 1027/2840/2922 1025/2932/2924 1026/2841/2925
f 1026/2841/2925 1025/2932/2924 1024/2935/2926
f 1023/1491/177 1021/1501/177 1022/1493/177
f 1022/1493/177 1021/1501/177 1020/1499/177
f 1019/1740/636 1017/746/2927 1018/1739/636
f 1018/1739/636 1017/746/2927 1016/745/636
f 1015/3112/2928 1013/3113/2929 1014/3114/2930
f 1014/3114/2930 1013/3113/2929 1012/3115/1109
f 1011/1737/2931 1009/3116/2932 1010/1738/2928
f 1010/1738/2928 1009/3116/2932 1008/3117/2933
f 1004/3118/2934 1006/3119/2935 1007/3120/2936
f 1005/3121/2937 1006/3119/2935 1004/3118/2934
f 1004/3118/2934 1003/3122/2938 1005/3121/2937
f 1002/3123/2939 1003/3122/2938 1004/3118/2934
f 1002/3123/2939 1001/3124/2940 1003/3122/2938
f 994/3125/2941 1001/3124/2940 1002/3123/2939
f 1001/3124/2940 994/3125/2941 997/3126/2942
f 997/3126/2942 1000/3124/2943 1001/3124/2940
f 997/3126/2942 999/3127/2944 1000/3124/2943
f 997/3126/2942 998/3126/2945 999/3127/2944
f 996/3128/2946 998/3126/2945 997/3126/2942
f 997/3126/2942 994/3125/2941 996/3128/2946
f 994/3125/2941 995/3129/2947 996/3128/2946
f 995/3129/2947 994/3125/2941 993/3130/2948
f 992/3131/2949 991/3132/2950 990/3133/2951
f 990/3133/2951 991/3132/2950 989/3134/2952
f 989/3134/2952 987/3135/2953 990/3133/2951
f 988/3136/2954 987/3135/2953 989/3134/2952
f 988/3136/2954 986/3137/2955 987/3135/2953
f 987/3135/2953 986/3137/2955 985/3138/2956
f 986/3137/2955 984/3139/2957 985/3138/2956
f 985/3138/2956 984/3139/2957 982/3140/2958
f 981/3141/2959 982/3140/2958 984/3139/2957
f 983/3142/2960 982/3140/2958 981/3141/2959
f 980/3143/2961 960/3144/2962 958/3145/2963
f 960/3144/2962 980/3143/2961 963/3146/2964
f 963/3146/2964 980/3143/2961 979/3147/2965
f 978/3148/2966 963/3146/2964 979/3147/2965
f 965/3149/2967 963/3146/2964 978/3148/2966
f 977/3150/2968 965/3149/2967 978/3148/2966
f 967/3151/2969 965/3149/2967 977/3150/2968
f 977/3150/2968 976/3152/2970 967/3151/2969
f 967/3151/2969 976/3152/2970 969/3153/2971
f 976/3152/2970 975/3154/2972 969/3153/2971
f 969/3153/2971 975/3154/2972 974/3155/2973
f 974/3155/2973 973/1528/2974 969/3153/2971
f 969/3153/2971 973/1528/2974 972/1527/2975
f 968/1526/2976 969/3153/2971 972/1527/2975
f 971/1521/2977 959/3156/2978 961/1522/2979
f 956/3157/2980 959/3156/2978 971/1521/2977
f 971/1521/2977 970/3158/2981 956/3157/2980
f 956/3157/2980 970/3158/2981 955/3159/2982
f 970/3158/2981 954/3160/2983 955/3159/2982
f 967/3151/2969 969/3153/2971 968/1526/2976
f 968/1526/2976 966/1525/2984 967/3151/2969
f 967/3151/2969 966/1525/2984 965/3149/2967
f 966/1525/2984 964/1524/2985 965/3149/2967
f 965/3149/2967 964/1524/2985 963/3146/2964
f 962/1523/1294 963/3146/2964 964/1524/2985
f 960/3144/2962 963/3146/2964 962/1523/1294
f 962/1523/1294 961/1522/2979 960/3144/2962
f 960/3144/2962 961/1522/2979 959/3156/2978
f 958/3145/2963 960/3144/2962 959/3156/2978
f 956/3157/2980 958/3145/2963 959/3156/2978
f 957/3161/2986 958/3145/2963 956/3157/2980
f 957/3161/2986 956/3157/2980 945/3162/2987
f 945/3162/2987 956/3157/2980 955/3159/2982
f 944/3163/2988 945/3162/2987 955/3159/2982
f 955/3159/2982 954/3160/2983 944/3163/2988
f 954/3160/2983 943/3164/1310 944/3163/2988
f 944/3163/2988 943/3164/1310 942/3165/1309
f 928/3166/2989 924/3167/2990 925/3168/2991
f 953/3169/2992 928/3166/2989 925/3168/2991
f 930/3170/2993 928/3166/2989 953/3169/2992
f 952/3171/2994 930/3170/2993 953/3169/2992
f 932/3172/2995 930/3170/2993 952/3171/2994
f 951/3173/1828 932/3172/2995 952/3171/2994
f 934/3174/2996 932/3172/2995 951/3173/1828
f 950/3175/2997 934/3174/2996 951/3173/1828
f 936/3176/2998 934/3174/2996 950/3175/2997
f 949/3177/2999 936/3176/2998 950/3175/2997
f 938/3178/3000 936/3176/2998 949/3177/2999
f 949/3177/2999 948/3179/3001 938/3178/3000
f 938/3178/3000 948/3179/3001 940/3180/3002
f 948/3179/3001 947/3181/3003 940/3180/3002
f 940/3180/3002 947/3181/3003 942/3165/1309
f 947/3181/3003 946/3182/3004 942/3165/1309
f 942/3165/1309 946/3182/3004 944/3163/2988
f 946/3182/3004 945/3162/2987 944/3163/2988
f 943/3164/1310 941/3183/1303 942/3165/1309
f 942/3165/1309 941/3183/1303 940/3180/3002
f 941/3183/1303 939/3184/1312 940/3180/3002
f 940/3180/3002 939/3184/1312 938/3178/3000
f 939/3184/1312 937/3185/3005 938/3178/3000
f 938/3178/3000 937/3185/3005 936/3176/2998
f 937/3185/3005 935/3186/1252 936/3176/2998
f 936/3176/2998 935/3186/1252 934/3174/2996
f 935/3186/1252 933/3187/1256 934/3174/2996
f 934/3174/2996 933/3187/1256 932/3172/2995
f 933/3187/1256 931/3188/1258 932/3172/2995
f 932/3172/2995 931/3188/1258 930/3170/2993
f 931/3188/1258 929/3189/3006 930/3170/2993
f 930/3170/2993 929/3189/3006 928/3166/2989
f 929/3189/3006 927/3190/3007 928/3166/2989
f 928/3166/2989 927/3190/3007 924/3167/2990
f 922/3191/3008 924/3167/2990 927/3190/3007
f 921/3192/3009 924/3167/2990 922/3191/3008
f 918/3193/3010 926/3194/3011 919/3195/3012
f 919/3195/3012 926/3194/3011 921/3192/3009
f 926/3194/3011 923/3196/3013 921/3192/3009
f 921/3192/3009 923/3196/3013 924/3167/2990
f 925/3168/2991 924/3167/2990 923/3196/3013
f 910/3197/177 912/3198/177 908/3199/177
f 912/3198/177 914/3200/177 908/3199/177
f 914/3200/177 916/3201/177 908/3199/177
f 908/3199/177 916/3201/177 920/3202/1266
f 909/3203/3014 905/3204/177 906/3205/1867
f 906/3205/1867 911/3206/3015 909/3203/3014
f 920/3202/1266 921/3192/3009 922/3191/3008
f 919/3195/3012 921/3192/3009 920/3202/1266
f 920/3202/1266 916/3201/177 919/3195/3012
f 916/3201/177 918/3193/3010 919/3195/3012
f 917/3207/3016 918/3193/3010 916/3201/177
f 916/3201/177 915/3208/1867 917/3207/3016
f 914/3200/177 915/3208/1867 916/3201/177
f 914/3200/177 913/3209/3017 915/3208/1867
f 912/3198/177 913/3209/3017 914/3200/177
f 912/3198/177 911/3206/3015 913/3209/3017
f 910/3197/177 911/3206/3015 912/3198/177
f 909/3203/3014 911/3206/3015 910/3197/177
f 909/3203/3014 910/3197/177 908/3199/177
f 905/3204/177 909/3203/3014 908/3199/177
f 907/3210/177 905/3204/177 908/3199/177
f 907/3210/177 902/3211/3018 905/3204/177
f 905/3204/177 902/3211/3018 904/3212/3019
f 906/3205/1867 905/3204/177 904/3212/3019
f 903/2172/1981 902/3211/3020 901/2170/3021
f 901/2170/3021 902/3211/3020 900/3210/3022
f 900/3210/3022 898/2168/3023 901/2170/3021
f 899/3199/3024 898/2168/3023 900/3210/3022
f 896/3202/3025 898/2168/3023 899/3199/3024
f 897/2167/3025 898/2168/3023 896/3202/3025
f 897/2167/3025 896/3202/3025 895/2165/3026
f 895/2165/3026 896/3202/3025 894/3191/3027
f 895/2165/3026 894/3191/3027 893/2163/3028
f 893/2163/3028 894/3191/3027 892/3190/3029
f 892/3190/3029 891/2161/3030 893/2163/3028
f 890/3189/3031 891/2161/3030 892/3190/3029
f 890/3189/3031 889/2159/3032 891/2161/3030
f 888/3188/3033 889/2159/3032 890/3189/3031
f 888/3188/3033 887/2157/3034 889/2159/3032
f 886/3187/3035 887/2157/3034 888/3188/3033
f 886/3187/3035 885/2155/3036 887/2157/3034
f 884/3186/3037 885/2155/3036 886/3187/3035
f 884/3186/3037 883/2153/3038 885/2155/3036
f 882/3185/3039 883/2153/3038 884/3186/3037
f 882/3185/3039 881/2151/3040 883/2153/3038
f 878/3184/3041 881/2151/3040 882/3185/3039
f 878/3184/3041 879/2149/1448 881/2151/3040
f 880/3183/3042 879/2149/1448 878/3184/3041
f 876/3213/3043 874/3214/3044 877/3215/3045
f 875/3216/3046 874/3214/3044 876/3213/3043
f 875/3216/3046 873/3217/3047 874/3214/3044
f 874/3214/3044 873/3217/3047 872/3218/3048
f 873/3217/3047 871/3219/3049 872/3218/3048
f 872/3218/3048 871/3219/3049 870/3220/3050
f 871/3219/3049 869/3221/3051 870/3220/3050
f 870/3220/3050 869/3221/3051 868/3222/3052
f 869/3221/3051 867/3223/3053 868/3222/3052
f 868/3222/3052 867/3223/3053 866/3224/3054
f 867/3223/3053 865/3225/3055 866/3224/3054
f 866/3224/3054 865/3225/3055 864/3226/3056
f 865/3225/3055 863/3227/3057 864/3226/3056
f 864/3226/3056 863/3227/3057 862/3228/3058
f 863/3227/3057 861/3229/3059 862/3228/3058
f 862/3228/3058 861/3229/3059 860/3230/3060
f 856/3231/3061 858/3232/3062 859/3233/3063
f 857/3234/3064 858/3232/3062 856/3231/3061
f 857/3234/3064 856/3231/3061 855/3235/3065
f 855/3235/3065 856/3231/3061 854/3236/3066
f 855/3235/3065 854/3236/3066 853/3237/3067
f 853/3237/3067 854/3236/3066 852/3238/3068
f 853/3237/3067 852/3238/3068 851/3239/3069
f 851/3239/3069 852/3238/3068 850/3240/3070
f 851/3239/3069 850/3240/3070 849/3241/3071
f 849/3241/3071 850/3240/3070 848/3242/3072
f 849/3241/3071 848/3242/3072 846/3243/3073
f 846/3243/3073 848/3242/3072 847/3244/3074
f 847/3244/3074 845/3245/3075 846/3243/3073
f 846/3243/3073 845/3245/3075 844/3246/3076
f 845/3245/3075 843/3247/177 844/3246/3076
f 844/3246/3076 843/3247/177 842/3248/177
f 843/3247/177 840/3249/177 842/3248/177
f 842/3248/177 840/3249/177 841/3250/177
f 840/3249/177 839/3251/3077 841/3250/177
f 835/3252/3078 839/3251/3077 840/3249/177
f 839/3251/3077 835/3252/3078 838/3253/3079
f 838/3253/3079 835/3252/3078 836/3254/1877
f 837/3255/3080 836/3254/1877 835/3252/3078
f 834/3256/3081 816/3257/3082 814/3256/3083
f 834/3256/3081 814/3256/3083 833/3258/3084
f 833/3258/3084 814/3256/3083 832/3259/3085
f 814/3256/3083 823/3260/3086 832/3259/3085
f 823/3260/3086 831/3261/3087 832/3259/3085
f 823/3260/3086 822/3262/3088 831/3261/3087
f 831/3261/3087 822/3262/3088 830/3263/3089
f 822/3262/3088 821/3264/3090 830/3263/3089
f 830/3263/3089 821/3264/3090 829/3263/2625
f 815/3265/3091 829/3263/2625 821/3264/3090
f 828/3266/177 829/3263/2625 815/3265/3091
f 818/3267/3092 828/3266/177 815/3265/3091
f 827/3268/177 828/3266/177 818/3267/3092
f 827/3268/177 818/3267/3092 826/3269/177
f 818/3267/3092 820/3270/3093 826/3269/177
f 820/3270/3093 825/3271/3094 826/3269/177
f 825/3271/3094 820/3270/3093 824/3272/2817
f 824/3272/2817 820/3270/3093 819/3273/3095
f 814/3256/3083 822/3262/3088 823/3260/3086
f 814/3256/3083 821/3264/3090 822/3262/3088
f 821/3264/3090 814/3256/3083 815/3265/3091
f 820/3270/3093 818/3267/3092 819/3273/3095
f 819/3273/3095 818/3267/3092 817/3274/3096
f 815/3265/3091 817/3274/3096 818/3267/3092
f 816/3257/3082 817/3274/3096 815/3265/3091
f 816/3257/3082 815/3265/3091 814/3256/3083
f 802/3275/3097 807/3276/3098 800/3277/3099
f 800/3277/3099 807/3276/3098 812/3278/3100
f 800/3277/3099 812/3278/3100 798/3279/3101
f 798/3279/3101 812/3278/3100 813/3280/3102
f 813/3280/3102 795/3281/3103 798/3279/3101
f 791/3282/3104 795/3281/3103 813/3280/3102
f 790/3283/2321 791/3282/3104 813/3280/3102
f 812/3278/3100 790/3283/2321 813/3280/3102
f 811/3284/3105 790/3283/2321 812/3278/3100
f 807/3276/3098 811/3284/3105 812/3278/3100
f 809/3285/3106 811/3284/3105 807/3276/3098
f 810/3286/3107 793/3287/3108 792/3288/3109
f 807/3276/3098 808/3289/2326 809/3285/3106
f 806/3290/3110 808/3289/2326 807/3276/3098
f 802/3275/3097 806/3290/3110 807/3276/3098
f 805/3291/3111 806/3290/3110 802/3275/3097
f 802/3275/3097 804/3292/3112 805/3291/3111
f 803/3293/3113 804/3292/3112 802/3275/3097
f 802/3275/3097 801/3294/3114 803/3293/3113
f 800/3277/3099 801/3294/3114 802/3275/3097
f 801/3294/3114 800/3277/3099 799/3295/3115
f 799/3295/3115 800/3277/3099 798/3279/3101
f 798/3279/3101 797/3296/3116 799/3295/3115
f 795/3281/3103 797/3296/3116 798/3279/3101
f 795/3281/3103 796/3297/3117 797/3296/3116
f 794/3298/3118 796/3297/3117 795/3281/3103
f 791/3282/3104 794/3298/3118 795/3281/3103
f 793/3287/3108 794/3298/3118 791/3282/3104
f 792/3288/3109 793/3287/3108 791/3282/3104
f 792/3288/3109 791/3282/3104 790/3283/2321
f 789/2601/3119 788/3299/3120 787/2602/3121
f 787/2602/3121 788/3299/3120 786/1029/3122
f 786/1029/3122 785/2603/3123 787/2602/3121
f 784/1028/3124 785/2603/3123 786/1029/3122
f 784/1028/3124 783/2604/3125 785/2603/3123
f 782/1027/3126 783/2604/3125 784/1028/3124
f 783/2604/3125 782/1027/3126 780/2605/3127
f 780/2605/3127 782/1027/3126 781/1026/3128
f 781/1026/3128 779/1025/2950 780/2605/3127
f 780/2605/3127 779/1025/2950 778/2606/2949
f 749/3300/3129 750/3301/3130 777/3302/3131
f 750/3301/3130 775/3303/3132 777/3302/3131
f 777/3302/3131 775/3303/3132 776/3304/3133
f 775/3303/3132 774/3305/3134 776/3304/3133
f 773/3306/3135 774/3305/3134 775/3303/3132
f 773/3306/3135 772/3307/23 774/3305/3134
f 771/3308/23 772/3307/23 773/3306/3135
f 771/3308/23 769/3309/23 772/3307/23
f 770/3310/23 769/3309/23 771/3308/23
f 770/3310/23 768/3311/3136 769/3309/23
f 769/3309/23 768/3311/3136 767/3312/3137
f 766/3313/3138 767/3312/3137 768/3311/3136
f 765/3314/3139 767/3312/3137 766/3313/3138
f 764/3315/3140 765/3314/3139 766/3313/3138
f 763/3316/3141 765/3314/3139 764/3315/3140
f 764/3315/3140 762/3317/3142 763/3316/3141
f 763/3316/3141 762/3317/3142 760/3318/3143
f 762/3317/3142 761/3319/3144 760/3318/3143
f 759/3320/3145 757/3321/3146 758/3322/1351
f 758/3322/1351 757/3321/3146 756/3323/3147
f 757/3321/3146 755/3324/3148 756/3323/3147
f 756/3323/3147 755/3324/3148 754/3325/3149
f 755/3324/3148 753/3326/3150 754/3325/3149
f 754/3325/3149 753/3326/3150 752/3327/3151
f 751/3328/3152 752/3327/3151 753/3326/3150
f 749/3300/3129 752/3327/3151 751/3328/3152
f 751/3328/3152 750/3301/3130 749/3300/3129
f 745/3329/3153 748/3330/3154 746/3331/3155
f 746/3331/3155 748/3330/3154 747/3332/3156
f 744/3333/3157 746/3331/3155 747/3332/3156
f 744/3333/3157 743/3334/3158 746/3331/3155
f 745/3329/3153 746/3331/3155 743/3334/3158
f 745/3329/3153 743/3334/3158 741/3335/3159
f 745/3329/3153 741/3335/3159 735/3336/3160
f 735/3336/3160 741/3335/3159 734/3337/3161
f 742/3338/3162 743/3334/3158 744/3333/3157
f 742/3338/3162 741/3335/3159 743/3334/3158
f 740/3339/3163 741/3335/3159 742/3338/3162
f 740/3339/3163 734/3337/3161 741/3335/3159
f 739/3340/3164 734/3337/3161 740/3339/3163
f 734/3337/3161 739/3340/3164 732/3341/3165
f 732/3341/3165 739/3340/3164 738/3342/3166
f 738/3342/3166 731/3343/3167 732/3341/3165
f 737/3344/1732 724/3345/3168 736/3346/3169
f 736/3346/3169 724/3345/3168 723/3347/3170
f 735/3336/3160 734/3337/3161 733/3348/3171
f 733/3348/3171 734/3337/3161 732/3341/3165
f 732/3341/3165 718/3349/3172 733/3348/3171
f 716/3350/3173 718/3349/3172 732/3341/3165
f 732/3341/3165 731/3343/3167 716/3350/3173
f 731/3343/3167 717/1480/3174 716/3350/3173
f 731/3343/3167 730/3343/3175 717/1480/3174
f 717/1480/3174 730/3343/3175 729/1481/3176
f 730/3343/3175 728/3351/3177 729/1481/3176
f 729/1481/3176 728/3351/3177 726/3352/3178
f 728/3351/3177 727/1431/3179 726/3352/3178
f 726/3352/3178 727/1431/3179 725/1428/2771
f 724/3345/3168 726/3352/3178 725/1428/2771
f 719/3353/3180 724/3345/3168 725/1428/2771
f 724/3345/3168 719/3353/3180 723/3347/3170
f 723/3347/3170 719/3353/3180 722/3354/3181
f 719/3353/3180 720/3355/3182 722/3354/3181
f 721/3356/3183 720/3355/3182 719/3353/3180
f 713/3357/3184 718/3349/3172 716/3350/3173
f 717/1480/3174 715/1479/3185 716/3350/3173
f 715/1479/3185 713/3357/3184 716/3350/3173
f 715/1479/3185 714/3358/3186 713/3357/3184
f 713/3357/3184 714/3358/3186 710/3359/3187
f 710/3359/3187 711/3360/3188 713/3357/3184
f 712/3361/3189 711/3360/3188 710/3359/3187
f 708/1220/1540 707/1221/3190 709/1220/1539
f 706/1221/3191 707/1221/3190 708/1220/1540
f 707/1221/3190 706/1221/3191 705/1223/3192
f 705/1223/3192 706/1221/3191 704/1223/3193
f 705/1223/3192 704/1223/3193 703/1225/3194
f 703/1225/3194 704/1223/3193 702/1225/3195
f 703/1225/3194 702/1225/3195 701/1227/3196
f 701/1227/3196 702/1225/3195 700/1227/3197
f 701/1227/3196 700/1227/3197 699/1229/3198
f 699/1229/3198 700/1227/3197 698/1229/3199
f 699/1229/3198 698/1229/3199 697/1231/3200
f 697/1231/3200 698/1229/3199 696/1231/3201
f 696/1231/3201 695/1233/3202 697/1231/3200
f 694/1233/3203 695/1233/3202 696/1231/3201
f 694/1233/3203 692/1235/3204 695/1233/3202
f 693/1235/3205 692/1235/3204 694/1233/3203
f 687/1236/3206 692/1235/3204 693/1235/3205
f 691/1236/3206 692/1235/3204 687/1236/3206
f 690/3362/3206 691/1236/3206 687/1236/3206
f 688/2489/3206 690/3362/3206 687/1236/3206
f 689/2489/3206 688/2489/3206 687/1236/3206
f 686/3363/3207 680/3364/3208 681/3365/3209
f 685/3366/3210 680/3364/3208 686/3363/3207
f 680/3364/3208 685/3366/3210 679/3367/3211
f 679/3367/3211 685/3366/3210 678/3368/3212
f 684/3369/3213 683/3370/3169 675/3370/3214
f 675/3370/3214 683/3370/3169 673/3371/3215
f 682/3372/3216 673/3371/3215 683/3370/3169
f 672/3373/3217 673/3371/3215 682/3372/3216
f 682/3372/3216 681/3365/3209 672/3373/3217
f 672/3373/3217 681/3365/3209 680/3364/3208
f 672/3373/3217 680/3364/3208 668/3374/3218
f 668/3374/3218 680/3364/3208 679/3367/3211
f 667/3375/3219 668/3374/3218 679/3367/3211
f 679/3367/3211 678/3368/3212 667/3375/3219
f 667/3375/3219 678/3368/3212 677/3376/3220
f 676/3377/3221 674/3378/3222 670/3377/3223
f 670/3377/3223 674/3378/3222 671/3378/3224
f 675/3370/3214 673/3371/3215 674/3378/3222
f 674/3378/3222 673/3371/3215 671/3378/3224
f 673/3371/3215 672/3373/3217 671/3378/3224
f 671/3378/3224 672/3373/3217 668/3374/3218
f 671/3378/3224 668/3374/3218 670/3377/3223
f 670/3377/3223 668/3374/3218 669/3379/3225
f 669/3379/3225 668/3374/3218 667/3375/3219
f 666/3380/1504 659/3381/1505 665/3382/3226
f 665/3382/3226 659/3381/1505 664/3383/3227
f 664/3383/3227 659/3381/1505 663/3384/23
f 663/3384/23 659/3381/1505 662/3385/23
f 662/3385/23 659/3381/1505 661/3386/23
f 659/3381/1505 660/3387/23 661/3386/23
f 660/3387/23 659/3381/1505 658/3388/23
f 658/3388/23 659/3381/1505 657/3389/23
f 658/3388/23 657/3389/23 656/3390/23
f 656/3390/23 657/3389/23 654/3391/23
f 656/3390/23 654/3391/23 655/3392/23
f 655/3392/23 654/3391/23 653/3393/23
f 652/3394/3228 648/3395/3229 651/3396/3230
f 651/3396/3230 648/3395/3229 650/3397/3231
f 650/3397/3231 648/3395/3229 649/3398/3232
f 649/3398/3232 648/3395/3229 647/3399/3233
f 646/3400/3234 642/3401/1620 645/3402/3235
f 645/3402/3235 642/3401/1620 644/3403/3236
f 644/3403/3236 642/3401/1620 643/3404/3237
f 643/3404/3237 642/3401/1620 641/3405/3238
f 639/3406/3239 638/3407/3240 640/3408/3241
f 636/3409/3242 638/3407/3240 639/3406/3239
f 638/3407/3240 636/3409/3242 637/3410/3119
f 637/3410/3119 636/3409/3242 635/3411/3243
f 634/3412/3244 632/3413/2281 633/3414/3245
f 633/3414/3245 632/3413/2281 631/3415/2250
f 630/3416/3246 624/3417/3247 628/3418/3248
f 629/3419/3249 628/3418/3248 627/3420/3250
f 628/3418/3248 624/3417/3247 627/3420/3250
f 624/3417/3247 625/3421/1784 627/3420/3250
f 626/3422/3251 625/3421/1784 624/3417/3247
f 623/301/82 622/2807/82 616/330/82
f 616/330/82 622/2807/82 621/1804/82
f 620/1801/82 616/330/82 621/1804/82
f 619/1800/82 616/330/82 620/1801/82
f 618/3423/82 616/330/82 619/1800/82
f 617/3424/82 616/330/82 618/3423/82
f 617/3424/82 615/3425/1064 616/330/82
f 616/330/82 615/3425/1064 614/1241/3252
f 585/2160/1261 613/2158/1259 584/3426/3006
f 584/3426/3006 613/2158/1259 612/3427/1258
f 613/2158/1259 611/2156/1257 612/3427/1258
f 612/3427/1258 611/2156/1257 610/3428/1256
f 611/2156/1257 609/2154/1255 610/3428/1256
f 610/3428/1256 609/2154/1255 608/3429/1252
f 609/2154/1255 607/2152/3253 608/3429/1252
f 608/3429/1252 607/2152/3253 606/3430/3005
f 607/2152/3253 605/2150/1313 606/3430/3005
f 606/3430/3005 605/2150/1313 604/3431/1312
f 605/2150/1313 603/2148/3254 604/3431/1312
f 604/3431/1312 603/2148/3254 602/2462/3255
f 603/2148/3254 601/2146/3256 602/2462/3255
f 602/2462/3255 601/2146/3256 600/2460/1310
f 601/2146/3256 599/2144/1310 600/2460/1310
f 600/2460/1310 599/2144/1310 598/2459/1309
f 599/2144/1310 597/353/2983 598/2459/1309
f 598/2459/1309 597/353/2983 596/1385/2983
f 577/1837/177 579/2171/177 595/1837/177
f 595/1837/177 579/2171/177 594/3432/177
f 579/2171/177 593/2169/177 594/3432/177
f 592/3433/177 594/3432/177 593/2169/177
f 593/2169/177 591/2166/1271 592/3433/177
f 592/3433/177 591/2166/1271 590/3434/3257
f 591/2166/1271 589/2164/3258 590/3434/3257
f 590/3434/3257 589/2164/3258 588/3435/3259
f 589/2164/3258 587/2162/3260 588/3435/3259
f 588/3435/3259 587/2162/3260 586/3436/3261
f 587/2162/3260 585/2160/1261 586/3436/3261
f 586/3436/3261 585/2160/1261 584/3426/3006
f 569/3437/177 572/1809/177 583/1812/177
f 582/3438/3262 571/3439/177 570/3440/3263
f 574/3441/177 571/3439/177 582/3438/3262
f 582/3438/3262 576/3442/177 574/3441/177
f 581/3443/3264 576/3442/177 582/3438/3262
f 578/3444/177 576/3442/177 581/3443/3264
f 581/3443/3264 580/2173/1982 578/3444/177
f 578/3444/177 580/2173/1982 579/2171/177
f 578/3444/177 579/2171/177 577/1837/177
f 576/3442/177 578/3444/177 577/1837/177
f 575/1808/177 576/3442/177 577/1837/177
f 576/3442/177 575/1808/177 574/3441/177
f 574/3441/177 575/1808/177 573/1838/177
f 574/3441/177 573/1838/177 571/3439/177
f 571/3439/177 573/1838/177 572/1809/177
f 571/3439/177 572/1809/177 569/3437/177
f 571/3439/177 569/3437/177 570/3440/3263
f 570/3440/3263 569/3437/177 568/3445/3265
f 559/3446/3266 566/3447/3267 567/3448/3268
f 566/3447/3267 559/3446/3266 560/3449/3269
f 562/3450/3270 566/3447/3267 560/3449/3269
f 565/3451/3271 566/3447/3267 562/3450/3270
f 562/3450/3270 563/1892/3272 565/3451/3271
f 564/1893/3272 563/1892/3272 562/3450/3270
f 558/3452/3273 561/3453/3274 560/3449/3269
f 560/3449/3269 559/3446/3266 558/3452/3273
f 557/3454/2560 555/1735/3275 556/3455/3276
f 556/3455/3276 555/1735/3275 554/3456/3277
f 555/1735/3275 551/1733/3278 554/3456/3277
f 554/3456/3277 551/1733/3278 553/3457/3278
f 553/3457/3278 551/1733/3278 552/2387/3279
f 552/2387/3279 551/1733/3278 550/441/3280
f 549/3458/3281 548/3459/3282 547/3460/3283
f 547/3460/3283 548/3459/3282 543/3461/3284
f 546/3462/3285 547/3460/3283 543/3461/3284
f 543/3461/3284 544/3463/3286 546/3462/3285
f 545/3464/2214 544/3463/3286 543/3461/3284
f 542/3465/3287 541/2721/3288 539/3466/3289
f 539/3466/3289 541/2721/3288 540/2723/3290
f 540/2723/3290 538/2724/3291 539/3466/3289
f 539/3466/3289 538/2724/3291 537/3467/3292
f 538/2724/3291 536/2725/3293 537/3467/3292
f 537/3467/3292 536/2725/3293 535/3468/3294
f 536/2725/3293 533/2726/3295 535/3468/3294
f 535/3468/3294 533/2726/3295 534/3469/3296
f 534/3469/3296 533/2726/3295 532/3470/3297
f 532/3470/3297 533/2726/3295 531/2727/3298
f 531/2727/3298 530/3471/3299 532/3470/3297
f 529/2728/3300 530/3471/3299 531/2727/3298
f 529/2728/3300 528/3472/3301 530/3471/3299
f 526/2729/3302 528/3472/3301 529/2728/3300
f 528/3472/3301 526/2729/3302 527/3473/3303
f 527/3473/3303 526/2729/3302 525/2731/3304
f 524/3474/3305 520/3475/3306 523/377/3307
f 523/377/3307 520/3475/3306 522/373/3308
f 522/373/3308 520/3475/3306 521/374/3309
f 521/374/3309 520/3475/3306 519/3476/3310
f 518/586/82 517/268/82 515/3398/82
f 515/3398/82 517/268/82 516/266/82
f 512/265/82 515/3398/82 516/266/82
f 514/3397/82 515/3398/82 512/265/82
f 514/3397/82 512/265/82 513/3396/82
f 513/3396/82 512/265/82 511/262/82
f 510/3477/1653 509/3478/1655 508/3479/3311
f 508/3479/3311 509/3478/1655 506/3480/3312
f 508/3479/3311 506/3480/3312 507/3481/3313
f 507/3481/3313 506/3480/3312 505/3482/3314
f 504/3483/3315 501/3484/3316 503/3485/3317
f 503/3485/3317 501/3484/3316 502/3486/3318
f 502/3486/3318 501/3484/3316 500/3487/3319
f 500/3487/3319 501/3484/3316 499/3488/3320
f 499/3488/3320 498/3489/3321 500/3487/3319
f 495/3490/3322 498/3489/3321 499/3488/3320
f 495/3490/3322 496/3491/3323 498/3489/3321
f 497/3492/3324 496/3491/3323 495/3490/3322
f 494/2618/3325 487/3493/3326 486/2623/3327
f 494/2618/3325 489/3494/3328 487/3493/3326
f 493/2620/3329 489/3494/3328 494/2618/3325
f 492/3495/3330 489/3494/3328 493/2620/3329
f 491/3496/3331 489/3494/3328 492/3495/3330
f 490/3497/3332 489/3494/3328 491/3496/3331
f 488/3498/3333 489/3494/3328 490/3497/3332
f 488/3498/3333 487/3493/3326 489/3494/3328
f 479/3499/3334 487/3493/3326 488/3498/3333
f 479/3499/3334 478/3500/3335 487/3493/3326
f 486/2623/3327 487/3493/3326 478/3500/3335
f 478/3500/3335 476/3501/3336 486/2623/3327
f 486/2623/3327 476/3501/3336 485/2625/3337
f 476/3501/3336 474/3502/3338 485/2625/3337
f 485/2625/3337 474/3502/3338 484/2627/3339
f 472/3503/3340 484/2627/3339 474/3502/3338
f 483/2628/3341 484/2627/3339 472/3503/3340
f 472/3503/3340 470/3504/3342 483/2628/3341
f 483/2628/3341 470/3504/3342 482/2630/3343
f 470/3504/3342 468/3505/3344 482/2630/3343
f 482/2630/3343 468/3505/3344 480/2632/3345
f 467/3506/3346 480/2632/3345 468/3505/3344
f 481/3507/3347 480/2632/3345 467/3506/3346
f 477/3508/3348 478/3500/3335 479/3499/3334
f 477/3508/3348 476/3501/3336 478/3500/3335
f 475/3509/3349 476/3501/3336 477/3508/3348
f 475/3509/3349 474/3502/3338 476/3501/3336
f 473/3510/3350 474/3502/3338 475/3509/3349
f 473/3510/3350 472/3503/3340 474/3502/3338
f 471/3511/3351 472/3503/3340 473/3510/3350
f 471/3511/3351 470/3504/3342 472/3503/3340
f 469/3512/3352 470/3504/3342 471/3511/3351
f 469/3512/3352 468/3505/3344 470/3504/3342
f 466/3513/3353 468/3505/3344 469/3512/3352
f 468/3505/3344 466/3513/3353 467/3506/3346
f 467/3506/3346 466/3513/3353 465/3514/3354
f 464/3515/3355 463/2797/3356 462/3516/3357
f 462/3516/3357 463/2797/3356 460/2798/3358
f 462/3516/3357 460/2798/3358 461/250/237
f 461/250/237 460/2798/3358 459/305/237
f 458/3517/3359 455/3518/3360 457/3519/3361
f 457/3519/3361 455/3518/3360 456/3520/3362
f 453/3521/3363 456/3520/3362 455/3518/3360
f 455/3518/3360 454/275/3364 453/3521/3363
f 453/3521/3363 454/275/3364 451/271/3365
f 453/3521/3363 451/271/3365 452/3522/3366
f 452/3522/3366 451/271/3365 450/273/3367
f 449/2456/3368 448/3432/3369 446/2454/3206
f 446/2454/3206 448/3432/3369 447/3433/3206
f 447/3433/3206 444/3434/3204 446/2454/3206
f 446/2454/3206 444/3434/3204 445/2453/3205
f 444/3434/3204 443/2452/3370 445/2453/3205
f 442/3435/3371 443/2452/3370 444/3434/3204
f 442/3435/3371 441/2451/3372 443/2452/3370
f 440/3436/3373 441/2451/3372 442/3435/3371
f 440/3436/3373 439/2450/3199 441/2451/3372
f 438/3426/3198 439/2450/3199 440/3436/3373
f 438/3426/3198 437/2449/3374 439/2450/3199
f 436/3427/3375 437/2449/3374 438/3426/3198
f 436/3427/3375 435/2448/3376 437/2449/3374
f 434/3428/3194 435/2448/3376 436/3427/3375
f 434/3428/3194 433/2447/3377 435/2448/3376
f 432/3429/3378 433/2447/3377 434/3428/3194
f 432/3429/3378 431/2464/3191 433/2447/3377
f 429/3430/3190 431/2464/3191 432/3429/3378
f 431/2464/3191 429/3430/3190 430/2463/3379
f 430/2463/3379 429/3430/3190 428/3431/3380
f 427/385/3381 426/384/3382 425/3523/3383
f 425/3523/3383 426/384/3382 424/3524/3384
f 425/3523/3383 424/3524/3384 423/3525/3385
f 423/3525/3385 424/3524/3384 422/3526/3386
f 423/3525/3385 422/3526/3386 421/3527/3387
f 421/3527/3387 422/3526/3386 419/3528/3388
f 421/3527/3387 419/3528/3388 420/3529/3389
f 420/3529/3389 419/3528/3388 418/3530/3390
f 417/3531/3391 415/3531/3392 416/3532/3393
f 416/3532/3393 415/3531/3392 414/3532/3394
f 413/3533/3395 414/3532/3394 415/3531/3392
f 411/3534/3396 414/3532/3394 413/3533/3395
f 410/3533/1662 411/3534/3396 413/3533/3395
f 412/3534/3397 411/3534/3396 410/3533/1662
f 409/3535/3398 407/3536/3399 408/3537/3400
f 408/3537/3400 407/3536/3399 406/3538/3401
f 407/3536/3399 405/3539/3402 406/3538/3401
f 406/3538/3401 405/3539/3402 404/3540/3403
f 405/3539/3402 401/3541/3404 404/3540/3403
f 404/3540/3403 401/3541/3404 403/3542/3405
f 403/3542/3405 401/3541/3404 402/3543/3406
f 402/3543/3406 401/3541/3404 400/3544/3407
f 399/1725/3408 397/355/3409 398/1727/3410
f 398/1727/3410 397/355/3409 396/2457/3411
f 395/3545/1309 396/2457/3411 397/355/3409
f 394/2458/3256 396/2457/3411 395/3545/1309
f 393/3546/3412 394/2458/3256 395/3545/1309
f 392/2461/3413 394/2458/3256 393/3546/3412
f 390/1220/3000 392/2461/3413 393/3546/3412
f 391/2463/3414 392/2461/3413 390/1220/3000
f 390/1220/3000 389/2464/3005 391/2463/3414
f 388/1221/3253 389/2464/3005 390/1220/3000
f 389/2464/3005 388/1221/3253 387/2447/1252
f 387/2447/1252 388/1221/3253 386/1223/3415
f 387/2447/1252 386/1223/3415 385/2448/3416
f 385/2448/3416 386/1223/3415 384/1225/1257
f 385/2448/3416 384/1225/1257 383/2449/1258
f 383/2449/1258 384/1225/1257 382/1227/3417
f 383/2449/1258 382/1227/3417 381/2450/3418
f 381/2450/3418 382/1227/3417 380/1229/1261
f 381/2450/3418 380/1229/1261 378/2451/1263
f 378/2451/1263 380/1229/1261 379/1231/1263
f 379/1231/1263 377/1233/3419 378/2451/1263
f 378/2451/1263 377/1233/3419 376/2452/3258
f 377/1233/3419 374/1235/1266 376/2452/3258
f 376/2452/3258 374/1235/1266 375/2453/1266
f 375/2453/1266 374/1235/1266 368/2454/177
f 368/2454/177 374/1235/1266 366/1236/177
f 373/1811/177 372/1810/177 361/2489/177
f 372/1810/177 371/1807/177 361/2489/177
f 361/2489/177 371/1807/177 360/2455/177
f 371/1807/177 369/1806/177 360/2455/177
f 370/2456/177 360/2455/177 369/1806/177
f 360/2455/177 368/2454/177 363/1498/177
f 363/1498/177 368/2454/177 367/1492/177
f 368/2454/177 366/1236/177 367/1492/177
f 367/1492/177 366/1236/177 365/1490/177
f 366/1236/177 362/3362/177 365/1490/177
f 365/1490/177 362/3362/177 364/1500/177
f 362/3362/177 363/1498/177 364/1500/177
f 360/2455/177 363/1498/177 362/3362/177
f 362/3362/177 361/2489/177 360/2455/177
f 359/3547/1951 358/3548/3420 357/3549/3421
f 355/3516/82 348/3550/3422 356/3515/3423
f 350/3551/82 348/3550/3422 355/3516/82
f 350/3551/82 355/3516/82 354/250/82
f 353/252/82 350/3551/82 354/250/82
f 352/260/82 350/3551/82 353/252/82
f 351/261/3424 350/3551/82 352/260/82
f 347/3552/3425 350/3551/82 351/261/3424
f 347/3552/3425 348/3550/3422 350/3551/82
f 349/3553/3426 348/3550/3422 347/3552/3425
f 236/3554/3427 205/3468/3428 206/3555/3429
f 236/3554/3427 346/3467/3430 205/3468/3428
f 234/3556/3431 346/3467/3430 236/3554/3427
f 234/3556/3431 345/3466/3432 346/3467/3430
f 233/3557/3433 345/3466/3432 234/3556/3431
f 233/3557/3433 330/3465/3434 345/3466/3432
f 332/3558/3435 330/3465/3434 233/3557/3433
f 231/3559/3436 332/3558/3435 233/3557/3433
f 334/3560/3437 332/3558/3435 231/3559/3436
f 230/3561/3438 334/3560/3437 231/3559/3436
f 336/3562/3439 334/3560/3437 230/3561/3438
f 139/3563/3440 336/3562/3439 230/3561/3438
f 338/3564/3441 336/3562/3439 139/3563/3440
f 137/3565/3442 338/3564/3441 139/3563/3440
f 340/3566/3443 338/3564/3441 137/3565/3442
f 137/3565/3442 135/3567/3444 340/3566/3443
f 340/3566/3443 135/3567/3444 127/3568/3445
f 135/3567/3444 126/3569/3446 127/3568/3445
f 344/3570/3447 109/3571/3448 107/3572/3449
f 123/3573/3450 109/3571/3448 344/3570/3447
f 343/3574/3451 123/3573/3450 344/3570/3447
f 125/3575/3452 123/3573/3450 343/3574/3451
f 342/3576/3453 125/3575/3452 343/3574/3451
f 127/3568/3445 125/3575/3452 342/3576/3453
f 342/3576/3453 341/3577/3454 127/3568/3445
f 127/3568/3445 341/3577/3454 340/3566/3443
f 339/3578/3455 340/3566/3443 341/3577/3454
f 338/3564/3441 340/3566/3443 339/3578/3455
f 337/3579/3456 338/3564/3441 339/3578/3455
f 336/3562/3439 338/3564/3441 337/3579/3456
f 335/3580/3457 336/3562/3439 337/3579/3456
f 334/3560/3437 336/3562/3439 335/3580/3457
f 333/3581/3458 334/3560/3437 335/3580/3457
f 332/3558/3435 334/3560/3437 333/3581/3458
f 333/3581/3458 331/3582/3459 332/3558/3435
f 332/3558/3435 331/3582/3459 330/3465/3434
f 317/3583/3460 318/3584/3461 329/3585/2338
f 312/3586/3462 328/3587/2330 306/3588/3463
f 306/3588/3463 328/3587/2330 327/3589/3464
f 327/3589/3464 326/3590/3465 306/3588/3463
f 306/3588/3463 326/3590/3465 308/3591/3466
f 326/3590/3465 325/3592/1372 308/3591/3466
f 308/3591/3466 325/3592/1372 324/3593/3467
f 324/3593/3467 323/3594/3468 308/3591/3466
f 308/3591/3466 323/3594/3468 309/3595/3469
f 323/3594/3468 322/3596/3470 309/3595/3469
f 309/3595/3469 322/3596/3470 311/3597/3471
f 322/3596/3470 321/3598/3472 311/3597/3471
f 311/3597/3471 321/3598/3472 316/3599/3473
f 321/3598/3472 320/3600/3474 316/3599/3473
f 316/3599/3473 320/3600/3474 319/3601/3475
f 316/3599/3473 319/3601/3475 315/3602/3476
f 315/3602/3476 319/3601/3475 318/3584/3461
f 315/3602/3476 318/3584/3461 317/3583/3460
f 314/3603/3477 315/3602/3476 317/3583/3460
f 315/3602/3476 311/3597/3471 316/3599/3473
f 310/3604/3478 311/3597/3471 315/3602/3476
f 310/3604/3478 315/3602/3476 314/3603/3477
f 313/3605/3479 310/3604/3478 314/3603/3477
f 307/3606/3480 310/3604/3478 313/3605/3479
f 312/3586/3462 307/3606/3480 313/3605/3479
f 306/3588/3463 307/3606/3480 312/3586/3462
f 311/3597/3471 310/3604/3478 309/3595/3469
f 309/3595/3469 310/3604/3478 307/3606/3480
f 309/3595/3469 307/3606/3480 308/3591/3466
f 308/3591/3466 307/3606/3480 306/3588/3463
f 305/2375/3481 304/3455/3482 303/2376/3483
f 303/2376/3483 304/3455/3482 301/3456/3484
f 303/2376/3483 301/3456/3484 302/2377/1549
f 302/2377/1549 301/3456/3484 300/3457/1550
f 299/772/23 297/774/23 298/3607/23
f 298/3607/23 297/774/23 295/3608/23
f 297/774/23 296/775/23 295/3608/23
f 294/771/3485 293/2613/2043 292/768/3486
f 292/768/3486 293/2613/2043 291/2614/3487
f 291/2614/3487 290/766/3488 292/768/3486
f 289/2615/3489 290/766/3488 291/2614/3487
f 289/2615/3489 288/764/3490 290/766/3488
f 287/2616/3491 288/764/3490 289/2615/3489
f 287/2616/3491 286/762/3492 288/764/3490
f 283/2617/3493 286/762/3492 287/2616/3491
f 283/2617/3493 284/3609/3494 286/762/3492
f 285/2600/1466 284/3609/3494 283/2617/3493
f 282/3610/2959 281/3611/3495 280/3612/2960
f 280/3612/2960 281/3611/3495 279/3613/3496
f 280/3612/2960 279/3613/3496 278/3614/3281
f 278/3614/3281 279/3613/3496 276/3615/3497
f 278/3614/3281 276/3615/3497 277/3616/3498
f 277/3616/3498 276/3615/3497 275/3616/3499
f 273/3617/3500 271/3618/3501 274/3619/3502
f 272/3620/3503 271/3618/3501 273/3617/3500
f 272/3620/3503 270/3621/3504 271/3618/3501
f 271/3618/3501 270/3621/3504 269/3622/3504
f 270/3621/3504 268/3623/3505 269/3622/3504
f 269/3622/3504 268/3623/3505 267/3624/3505
f 268/3623/3505 266/3625/3505 267/3624/3505
f 267/3624/3505 266/3625/3505 265/3626/3505
f 266/3625/3505 264/3627/3504 265/3626/3505
f 265/3626/3505 264/3627/3504 263/3628/3504
f 264/3627/3504 262/3629/3506 263/3628/3504
f 263/3628/3504 262/3629/3506 261/3630/3507
f 262/3629/3506 260/3631/3508 261/3630/3507
f 261/3630/3507 260/3631/3508 259/3632/3509
f 260/3631/3508 258/3633/3510 259/3632/3509
f 259/3632/3509 258/3633/3510 257/3634/3511
f 258/3633/3510 253/3635/3512 257/3634/3511
f 257/3634/3511 253/3635/3512 256/3636/3513
f 253/3635/3512 254/3637/3514 256/3636/3513
f 255/3638/3515 254/3637/3514 253/3635/3512
f 242/1509/3516 252/1506/597 244/3639/2841
f 244/3639/2841 252/1506/597 251/3640/3517
f 251/3640/3517 250/3641/3518 244/3639/2841
f 244/3639/2841 250/3641/3518 246/3642/3519
f 249/3643/3332 246/3642/3519 250/3641/3518
f 248/3644/3520 246/3642/3519 249/3643/3332
f 248/3644/3520 247/3645/3521 246/3642/3519
f 246/3642/3519 247/3645/3521 245/3646/3522
f 245/3646/3522 244/3639/2841 246/3642/3519
f 241/3647/3523 244/3639/2841 245/3646/3522
f 241/3647/3523 242/1509/3516 244/3639/2841
f 243/1510/3524 242/1509/3516 241/3647/3523
f 176/3648/3525 235/3649/3526 237/3650/3527
f 240/3651/3528 235/3649/3526 176/3648/3525
f 174/3652/3529 240/3651/3528 176/3648/3525
f 141/3653/3530 240/3651/3528 174/3652/3529
f 172/3654/3531 141/3653/3530 174/3652/3529
f 143/3655/3532 141/3653/3530 172/3654/3531
f 170/3656/3533 143/3655/3532 172/3654/3531
f 144/3657/3534 143/3655/3532 170/3656/3533
f 170/3656/3533 168/3658/3535 144/3657/3534
f 144/3657/3534 168/3658/3535 145/3659/3536
f 168/3658/3535 166/3660/3537 145/3659/3536
f 145/3659/3536 166/3660/3537 146/3661/3538
f 166/3660/3537 164/3662/3539 146/3661/3538
f 146/3661/3538 164/3662/3539 147/3663/3540
f 164/3662/3539 163/3664/3541 147/3663/3540
f 147/3663/3540 163/3664/3541 148/3665/3542
f 163/3664/3541 160/3666/3543 148/3665/3542
f 148/3665/3542 160/3666/3543 149/3667/3544
f 235/3649/3526 240/3651/3528 232/3668/3545
f 232/3668/3545 240/3651/3528 142/3669/3546
f 240/3651/3528 141/3653/3530 142/3669/3546
f 187/3670/3547 239/3671/3548 219/3672/3549
f 179/3673/3550 239/3671/3548 187/3670/3547
f 179/3673/3550 238/3674/3551 239/3671/3548
f 177/3675/3552 238/3674/3551 179/3673/3550
f 177/3675/3552 237/3650/3527 238/3674/3551
f 176/3648/3525 237/3650/3527 177/3675/3552
f 229/3676/3553 227/3677/3554 217/3678/3555
f 217/3678/3555 219/3672/3549 229/3676/3553
f 229/3676/3553 219/3672/3549 239/3671/3548
f 229/3676/3553 239/3671/3548 208/3679/3556
f 208/3679/3556 239/3671/3548 238/3674/3551
f 238/3674/3551 206/3555/3429 208/3679/3556
f 237/3650/3527 206/3555/3429 238/3674/3551
f 237/3650/3527 236/3554/3427 206/3555/3429
f 235/3649/3526 236/3554/3427 237/3650/3527
f 236/3554/3427 235/3649/3526 234/3556/3431
f 234/3556/3431 235/3649/3526 232/3668/3545
f 232/3668/3545 233/3557/3433 234/3556/3431
f 231/3559/3436 233/3557/3433 232/3668/3545
f 142/3669/3546 231/3559/3436 232/3668/3545
f 230/3561/3438 231/3559/3436 142/3669/3546
f 140/3680/3557 230/3561/3438 142/3669/3546
f 139/3563/3440 230/3561/3438 140/3680/3557
f 138/3681/3558 139/3563/3440 140/3680/3557
f 208/3679/3556 227/3677/3554 229/3676/3553
f 228/3682/3559 227/3677/3554 208/3679/3556
f 210/3683/3559 228/3682/3559 208/3679/3556
f 228/3682/3559 210/3683/3559 212/3684/3560
f 215/3685/3561 228/3682/3559 212/3684/3560
f 227/3677/3554 228/3682/3559 215/3685/3561
f 217/3678/3555 227/3677/3554 215/3685/3561
f 225/3686/3562 224/3472/3563 226/3473/3564
f 223/3687/2216 222/3688/3565 225/3686/3562
f 222/3688/3565 224/3472/3563 225/3686/3562
f 222/3688/3565 221/3471/3566 224/3472/3563
f 213/3689/3567 211/3690/3568 223/3687/2216
f 211/3690/3568 222/3688/3565 223/3687/2216
f 211/3690/3568 209/3691/3569 222/3688/3565
f 209/3691/3569 221/3471/3566 222/3688/3565
f 221/3471/3566 209/3691/3569 207/3470/3570
f 186/3692/3571 187/3670/3547 195/3693/3572
f 195/3693/3572 187/3670/3547 220/3694/3573
f 187/3670/3547 219/3672/3549 220/3694/3573
f 220/3694/3573 219/3672/3549 218/3695/3574
f 219/3672/3549 217/3678/3555 218/3695/3574
f 218/3695/3574 217/3678/3555 216/3696/3575
f 217/3678/3555 215/3685/3561 216/3696/3575
f 216/3696/3575 215/3685/3561 214/3697/3576
f 215/3685/3561 212/3684/3560 214/3697/3576
f 214/3697/3576 212/3684/3560 213/3689/3567
f 212/3684/3560 211/3690/3568 213/3689/3567
f 212/3684/3560 210/3683/3559 211/3690/3568
f 210/3683/3559 209/3691/3569 211/3690/3568
f 209/3691/3569 210/3683/3559 208/3679/3556
f 207/3470/3570 209/3691/3569 208/3679/3556
f 208/3679/3556 206/3555/3429 207/3470/3570
f 207/3470/3570 206/3555/3429 204/3469/3577
f 206/3555/3429 205/3468/3428 204/3469/3577
f 37/3698/3578 54/3699/2292 36/3700/3579
f 203/3701/2286 54/3699/2292 37/3698/3578
f 37/3698/3578 194/3702/3580 203/3701/2286
f 203/3701/2286 194/3702/3580 202/3703/3581
f 193/3704/3582 202/3703/3581 194/3702/3580
f 201/3705/3583 202/3703/3581 193/3704/3582
f 192/3706/3584 201/3705/3583 193/3704/3582
f 200/3707/3585 201/3705/3583 192/3706/3584
f 192/3706/3584 191/3708/3586 200/3707/3585
f 200/3707/3585 191/3708/3586 199/3709/3587
f 191/3708/3586 190/3710/3588 199/3709/3587
f 199/3709/3587 190/3710/3588 198/3711/3589
f 190/3710/3588 189/3712/3590 198/3711/3589
f 198/3711/3589 189/3712/3590 197/3713/3591
f 189/3712/3590 188/3714/3592 197/3713/3591
f 197/3713/3591 188/3714/3592 196/3715/3593
f 188/3714/3592 186/3692/3571 196/3715/3593
f 196/3715/3593 186/3692/3571 195/3693/3572
f 161/3716/3594 37/3698/3578 35/3717/3595
f 194/3702/3580 37/3698/3578 161/3716/3594
f 185/3718/3596 194/3702/3580 161/3716/3594
f 193/3704/3582 194/3702/3580 185/3718/3596
f 184/3719/3597 193/3704/3582 185/3718/3596
f 192/3706/3584 193/3704/3582 184/3719/3597
f 184/3719/3597 183/3720/3598 192/3706/3584
f 192/3706/3584 183/3720/3598 191/3708/3586
f 183/3720/3598 182/3721/3599 191/3708/3586
f 191/3708/3586 182/3721/3599 190/3710/3588
f 181/3722/3600 190/3710/3588 182/3721/3599
f 189/3712/3590 190/3710/3588 181/3722/3600
f 181/3722/3600 180/3723/3601 189/3712/3590
f 189/3712/3590 180/3723/3601 188/3714/3592
f 178/3724/3602 188/3714/3592 180/3723/3601
f 186/3692/3571 188/3714/3592 178/3724/3602
f 179/3673/3550 186/3692/3571 178/3724/3602
f 187/3670/3547 186/3692/3571 179/3673/3550
f 185/3718/3596 161/3716/3594 162/3725/3603
f 165/3726/3604 185/3718/3596 162/3725/3603
f 184/3719/3597 185/3718/3596 165/3726/3604
f 165/3726/3604 167/3727/3605 184/3719/3597
f 184/3719/3597 167/3727/3605 183/3720/3598
f 167/3727/3605 169/3728/3606 183/3720/3598
f 183/3720/3598 169/3728/3606 182/3721/3599
f 171/3729/3607 182/3721/3599 169/3728/3606
f 181/3722/3600 182/3721/3599 171/3729/3607
f 173/3730/3608 181/3722/3600 171/3729/3607
f 180/3723/3601 181/3722/3600 173/3730/3608
f 175/3731/3609 180/3723/3601 173/3730/3608
f 178/3724/3602 180/3723/3601 175/3731/3609
f 179/3673/3550 178/3724/3602 177/3675/3552
f 177/3675/3552 178/3724/3602 175/3731/3609
f 175/3731/3609 176/3648/3525 177/3675/3552
f 174/3652/3529 176/3648/3525 175/3731/3609
f 173/3730/3608 174/3652/3529 175/3731/3609
f 172/3654/3531 174/3652/3529 173/3730/3608
f 171/3729/3607 172/3654/3531 173/3730/3608
f 170/3656/3533 172/3654/3531 171/3729/3607
f 169/3728/3606 170/3656/3533 171/3729/3607
f 168/3658/3535 170/3656/3533 169/3728/3606
f 167/3727/3605 168/3658/3535 169/3728/3606
f 166/3660/3537 168/3658/3535 167/3727/3605
f 165/3726/3604 166/3660/3537 167/3727/3605
f 164/3662/3539 166/3660/3537 165/3726/3604
f 162/3725/3603 164/3662/3539 165/3726/3604
f 163/3664/3541 164/3662/3539 162/3725/3603
f 163/3664/3541 162/3725/3603 160/3666/3543
f 160/3666/3543 162/3725/3603 159/3732/3610
f 162/3725/3603 161/3716/3594 159/3732/3610
f 161/3716/3594 35/3717/3595 159/3732/3610
f 160/3666/3543 152/3733/3611 149/3667/3544
f 160/3666/3543 159/3732/3610 152/3733/3611
f 152/3733/3611 159/3732/3610 158/3734/3612
f 159/3732/3610 35/3717/3595 158/3734/3612
f 158/3734/3612 35/3717/3595 157/3735/3613
f 157/3735/3613 35/3717/3595 38/3736/3614
f 38/3736/3614 40/3737/3615 157/3735/3613
f 156/3738/3616 157/3735/3613 40/3737/3615
f 156/3738/3616 40/3737/3615 42/3739/3617
f 42/3739/3617 45/3740/3618 156/3738/3616
f 156/3738/3616 45/3740/3618 154/3741/3619
f 47/3742/3620 154/3741/3619 45/3740/3618
f 155/3743/3621 154/3741/3619 47/3742/3620
f 47/3742/3620 49/3744/3622 155/3743/3621
f 155/3743/3621 49/3744/3622 50/3745/3623
f 155/3743/3621 50/3745/3623 128/3746/3624
f 128/3746/3624 151/3747/3625 155/3743/3621
f 129/3748/3626 151/3747/3625 128/3746/3624
f 158/3734/3612 157/3735/3613 152/3733/3611
f 152/3733/3611 157/3735/3613 153/3749/3627
f 153/3749/3627 157/3735/3613 156/3738/3616
f 156/3738/3616 154/3741/3619 153/3749/3627
f 153/3749/3627 154/3741/3619 151/3747/3625
f 155/3743/3621 151/3747/3625 154/3741/3619
f 150/3750/3628 153/3749/3627 151/3747/3625
f 152/3733/3611 153/3749/3627 150/3750/3628
f 149/3667/3544 152/3733/3611 150/3750/3628
f 150/3750/3628 151/3747/3625 129/3748/3626
f 130/3751/3629 150/3750/3628 129/3748/3626
f 149/3667/3544 150/3750/3628 130/3751/3629
f 131/3752/3630 149/3667/3544 130/3751/3629
f 148/3665/3542 149/3667/3544 131/3752/3630
f 132/3753/3631 148/3665/3542 131/3752/3630
f 147/3663/3540 148/3665/3542 132/3753/3631
f 133/3754/3632 147/3663/3540 132/3753/3631
f 146/3661/3538 147/3663/3540 133/3754/3632
f 134/3755/3633 146/3661/3538 133/3754/3632
f 145/3659/3536 146/3661/3538 134/3755/3633
f 136/3756/3634 145/3659/3536 134/3755/3633
f 144/3657/3534 145/3659/3536 136/3756/3634
f 138/3681/3558 144/3657/3534 136/3756/3634
f 143/3655/3532 144/3657/3534 138/3681/3558
f 140/3680/3557 143/3655/3532 138/3681/3558
f 141/3653/3530 143/3655/3532 140/3680/3557
f 142/3669/3546 141/3653/3530 140/3680/3557
f 137/3565/3442 139/3563/3440 138/3681/3558
f 138/3681/3558 136/3756/3634 137/3565/3442
f 137/3565/3442 136/3756/3634 135/3567/3444
f 134/3755/3633 135/3567/3444 136/3756/3634
f 126/3569/3446 135/3567/3444 134/3755/3633
f 133/3754/3632 126/3569/3446 134/3755/3633
f 124/3757/3635 126/3569/3446 133/3754/3632
f 132/3753/3631 124/3757/3635 133/3754/3632
f 122/3758/3636 124/3757/3635 132/3753/3631
f 131/3752/3630 122/3758/3636 132/3753/3631
f 121/3759/3637 122/3758/3636 131/3752/3630
f 130/3751/3629 121/3759/3637 131/3752/3630
f 120/3760/3638 121/3759/3637 130/3751/3629
f 129/3748/3626 120/3760/3638 130/3751/3629
f 119/3761/3639 120/3760/3638 129/3748/3626
f 129/3748/3626 128/3746/3624 119/3761/3639
f 119/3761/3639 128/3746/3624 52/3762/3640
f 128/3746/3624 50/3745/3623 52/3762/3640
f 127/3568/3445 126/3569/3446 125/3575/3452
f 124/3757/3635 125/3575/3452 126/3569/3446
f 123/3573/3450 125/3575/3452 124/3757/3635
f 122/3758/3636 123/3573/3450 124/3757/3635
f 109/3571/3448 123/3573/3450 122/3758/3636
f 121/3759/3637 109/3571/3448 122/3758/3636
f 108/3763/3641 109/3571/3448 121/3759/3637
f 120/3760/3638 108/3763/3641 121/3759/3637
f 111/3764/3642 108/3763/3641 120/3760/3638
f 119/3761/3639 111/3764/3642 120/3760/3638
f 113/3765/3643 111/3764/3642 119/3761/3639
f 119/3761/3639 52/3762/3640 113/3765/3643
f 113/3765/3643 52/3762/3640 115/3766/3644
f 52/3762/3640 51/3767/3645 115/3766/3644
f 51/3767/3645 117/3768/3646 115/3766/3644
f 51/3767/3645 118/3769/3647 117/3768/3646
f 33/3770/3648 118/3769/3647 51/3767/3645
f 118/3769/3647 33/3770/3648 34/3771/3649
f 115/3766/3644 117/3768/3646 116/3772/3650
f 114/3773/3651 115/3766/3644 116/3772/3650
f 113/3765/3643 115/3766/3644 114/3773/3651
f 114/3773/3651 112/3774/3652 113/3765/3643
f 113/3765/3643 112/3774/3652 111/3764/3642
f 112/3774/3652 110/3775/3653 111/3764/3642
f 111/3764/3642 110/3775/3653 108/3763/3641
f 107/3572/3449 108/3763/3641 110/3775/3653
f 109/3571/3448 108/3763/3641 107/3572/3449
f 105/2901/1810 95/3776/3654 106/2900/3655
f 97/3777/3656 95/3776/3654 105/2901/1810
f 105/2901/1810 100/3778/1804 97/3777/3656
f 104/2902/1810 100/3778/1804 105/2901/1810
f 103/2903/3657 100/3778/1804 104/2902/1810
f 102/3779/3658 100/3778/1804 103/2903/3657
f 102/3779/3658 101/3780/3659 100/3778/1804
f 100/3778/1804 101/3780/3659 99/3781/3660
f 100/3778/1804 99/3781/3660 97/3777/3656
f 99/3781/3660 98/3782/3661 97/3777/3656
f 97/3777/3656 98/3782/3661 94/3783/3662
f 94/3783/3662 95/3776/3654 97/3777/3656
f 96/3784/3663 95/3776/3654 94/3783/3662
f 93/3785/3664 92/3786/3665 91/3787/3666
f 91/3787/3666 92/3786/3665 90/3788/3667
f 91/3787/3666 90/3788/3667 89/3789/3668
f 89/3789/3668 90/3788/3667 88/3790/3669
f 89/3789/3668 88/3790/3669 86/3791/3670
f 86/3791/3670 88/3790/3669 87/3792/3670
f 84/3793/3671 86/3791/3670 87/3792/3670
f 85/3794/3671 86/3791/3670 84/3793/3671
f 85/3794/3671 84/3793/3671 83/3795/3672
f 83/3795/3672 84/3793/3671 82/3796/3673
f 83/3795/3672 82/3796/3673 81/3797/3674
f 81/3797/3674 82/3796/3673 79/3798/3675
f 81/3797/3674 79/3798/3675 80/3799/3676
f 80/3799/3676 79/3798/3675 78/3800/3677
f 77/3054/3043 76/3801/3678 75/3802/3679
f 75/3802/3679 76/3801/3678 72/3803/3680
f 72/3803/3680 73/1829/3681 75/3802/3679
f 74/1830/3682 73/1829/3681 72/3803/3680
f 71/3804/3683 57/3805/3684 56/3806/3685
f 63/3807/3686 71/3804/3683 56/3806/3685
f 70/3808/3687 71/3804/3683 63/3807/3686
f 65/3809/3688 70/3808/3687 63/3807/3686
f 69/3810/3689 70/3808/3687 65/3809/3688
f 69/3810/3689 65/3809/3688 68/3811/3690
f 68/3811/3690 65/3809/3688 67/3812/3691
f 65/3809/3688 66/3813/3692 67/3812/3691
f 64/3814/3693 66/3813/3692 65/3809/3688
f 64/3814/3693 62/3815/3694 66/3813/3692
f 53/3816/3695 62/3815/3694 64/3814/3693
f 64/3814/3693 55/3817/3696 53/3816/3695
f 65/3809/3688 63/3807/3686 64/3814/3693
f 64/3814/3693 63/3807/3686 55/3817/3696
f 63/3807/3686 56/3806/3685 55/3817/3696
f 53/3816/3695 54/3699/2292 62/3815/3694
f 32/3818/3697 60/3819/3698 61/3820/3699
f 48/3821/3700 60/3819/3698 32/3818/3697
f 48/3821/3700 59/3822/3701 60/3819/3698
f 46/3823/3702 59/3822/3701 48/3821/3700
f 59/3822/3701 46/3823/3702 58/3824/3703
f 58/3824/3703 46/3823/3702 44/3825/3704
f 44/3825/3704 57/3805/3684 58/3824/3703
f 43/3826/3705 57/3805/3684 44/3825/3704
f 56/3806/3685 57/3805/3684 43/3826/3705
f 43/3826/3705 41/3827/3706 56/3806/3685
f 55/3817/3696 56/3806/3685 41/3827/3706
f 55/3817/3696 41/3827/3706 39/3828/3707
f 53/3816/3695 55/3817/3696 39/3828/3707
f 53/3816/3695 39/3828/3707 36/3700/3579
f 36/3700/3579 54/3699/2292 53/3816/3695
f 50/3745/3623 51/3767/3645 52/3762/3640
f 50/3745/3623 33/3770/3648 51/3767/3645
f 49/3744/3622 33/3770/3648 50/3745/3623
f 33/3770/3648 49/3744/3622 32/3818/3697
f 32/3818/3697 49/3744/3622 48/3821/3700
f 49/3744/3622 47/3742/3620 48/3821/3700
f 48/3821/3700 47/3742/3620 46/3823/3702
f 47/3742/3620 45/3740/3618 46/3823/3702
f 46/3823/3702 45/3740/3618 44/3825/3704
f 45/3740/3618 42/3739/3617 44/3825/3704
f 44/3825/3704 42/3739/3617 43/3826/3705
f 42/3739/3617 41/3827/3706 43/3826/3705
f 42/3739/3617 40/3737/3615 41/3827/3706
f 39/3828/3707 41/3827/3706 40/3737/3615
f 39/3828/3707 40/3737/3615 38/3736/3614
f 36/3700/3579 39/3828/3707 38/3736/3614
f 35/3717/3595 36/3700/3579 38/3736/3614
f 37/3698/3578 36/3700/3579 35/3717/3595
f 34/3771/3649 33/3770/3648 32/3818/3697
f 6/3829/3708 30/3830/3709 5/3831/3710
f 31/3832/3711 30/3830/3709 6/3829/3708
f 31/3832/3711 29/3833/3712 30/3830/3709
f 30/3830/3709 29/3833/3712 28/3834/3713
f 29/3833/3712 27/3835/3714 28/3834/3713
f 28/3834/3713 27/3835/3714 26/3836/3715
f 27/3835/3714 25/3837/3716 26/3836/3715
f 26/3836/3715 25/3837/3716 24/3838/3717
f 25/3837/3716 23/3839/3718 24/3838/3717
f 24/3838/3717 23/3839/3718 22/3840/3719
f 23/3839/3718 21/3841/3720 22/3840/3719
f 22/3840/3719 21/3841/3720 20/3842/3720
f 21/3841/3720 18/3843/3721 20/3842/3720
f 20/3842/3720 18/3843/3721 19/3844/3722
f 18/3843/3721 16/3845/3723 19/3844/3722
f 17/3846/3724 16/3845/3723 18/3843/3721
f 17/3846/3724 15/368/3725 16/3845/3723
f 16/3845/3723 15/368/3725 14/367/3726
f 12/3847/3727 10/3848/3728 13/3849/3729
f 11/3850/3730 10/3848/3728 12/3847/3727
f 11/3850/3730 8/3851/3731 10/3848/3728
f 10/3848/3728 8/3851/3731 9/3852/3732
f 8/3851/3731 7/3853/3733 9/3852/3732
f 4/3854/3734 7/3853/3733 8/3851/3731
f 4/3854/3734 5/3831/3710 7/3853/3733
f 6/3829/3708 5/3831/3710 4/3854/3734
f 3/3855/395 2/3856/395 1/3857/395
usemtl metal_light.002
f 4583/243/178 4581/244/179 4582/245/180
f 4582/245/180 4581/244/179 4580/246/181
f 4579/247/182 4578/248/182 4577/249/182
f 4576/250/82 4575/251/82 4569/252/82
f 4575/251/82 4574/253/82 4569/252/82
f 4568/254/82 4569/252/82 4574/253/82
f 4573/255/82 4568/254/82 4574/253/82
f 4572/256/183 4568/254/82 4573/255/82
f 4571/257/184 4568/254/82 4572/256/183
f 4570/258/185 4568/254/82 4571/257/184
f 4565/259/186 4568/254/82 4570/258/185
f 4565/259/186 4566/260/82 4568/254/82
f 4566/260/82 4569/252/82 4568/254/82
f 4567/261/187 4566/260/82 4565/259/186
f 4563/262/188 4561/263/189 4564/264/190
f 4562/265/191 4561/263/189 4563/262/188
f 4562/265/191 4560/266/192 4561/263/189
f 4561/263/189 4560/266/192 4558/267/193
f 4558/267/193 4560/266/192 4559/268/194
f 4559/268/194 4557/269/195 4558/267/193
f 4558/267/193 4557/269/195 4556/270/196
f 4553/271/197 4554/272/198 4555/273/198
f 4552/274/199 4554/272/198 4553/271/197
f 4551/275/200 4552/274/199 4553/271/197
f 4550/276/201 4552/274/199 4551/275/200
f 4551/275/200 4549/277/202 4550/276/201
f 4550/276/201 4549/277/202 4548/278/202
f 4546/279/203 4544/280/204 4547/281/205
f 4545/280/206 4544/280/204 4546/279/203
f 4545/280/206 4542/282/207 4544/280/204
f 4544/280/204 4542/282/207 4543/282/208
f 4542/282/207 4541/283/209 4543/282/208
f 4540/284/210 4541/283/209 4542/282/207
f 4540/284/210 4538/285/211 4541/283/209
f 4539/285/212 4538/285/211 4540/284/210
f 4539/285/212 4537/286/213 4538/285/211
f 4538/285/211 4537/286/213 4536/286/214
f 4535/287/215 4534/288/216 4533/289/217
f 4534/288/216 4532/290/218 4533/289/217
f 4533/289/217 4532/290/218 4531/291/219
f 4530/292/220 4528/293/220 4529/294/221
f 4529/294/221 4528/293/220 4527/295/221
f 4526/296/222 4524/286/223 4525/297/223
f 4525/297/223 4524/286/223 4523/298/224
f 4522/296/225 4520/297/226 4521/299/227
f 4521/299/227 4520/297/226 4519/300/228
f 4518/299/229 4516/300/230 4517/301/231
f 4517/301/231 4516/300/230 4515/302/232
f 4514/301/233 4512/302/234 4513/303/235
f 4513/303/235 4512/302/234 4511/304/236
f 4510/305/237 4508/306/238 4509/250/237
f 4509/250/237 4508/306/238 4507/251/238
f 4508/306/238 4506/306/238 4507/251/238
f 4507/251/238 4506/306/238 4505/253/238
f 4506/306/238 4504/307/239 4505/253/238
f 4505/253/238 4504/307/239 4502/255/240
f 4501/307/241 4502/255/240 4504/307/239
f 4503/256/242 4502/255/240 4501/307/241
f 4500/308/243 4499/309/244 4497/310/245
f 4497/310/245 4499/309/244 4498/311/246
f 4498/311/246 4496/312/247 4497/310/245
f 4497/310/245 4496/312/247 4495/313/247
f 4492/314/248 4493/286/249 4494/296/250
f 4491/315/251 4493/286/249 4492/314/248
f 4492/314/248 4490/316/252 4491/315/251
f 4491/315/251 4490/316/252 4489/317/253
f 4488/318/254 4481/319/255 4478/320/256
f 4484/321/257 4482/322/258 4487/323/259
f 4483/324/260 4477/325/261 4480/326/262
f 4486/327/263 4477/325/261 4483/324/260
f 4483/324/260 4485/328/264 4486/327/263
f 4484/321/257 4485/328/264 4483/324/260
f 4483/324/260 4482/322/258 4484/321/257
f 4480/326/262 4482/322/258 4483/324/260
f 4481/319/255 4482/322/258 4480/326/262
f 4478/320/256 4481/319/255 4480/326/262
f 4477/325/261 4478/320/256 4480/326/262
f 4479/329/256 4478/320/256 4477/325/261
f 4476/301/82 4475/330/82 4474/299/82
f 4472/331/265 4470/332/266 4473/333/267
f 4471/334/268 4470/332/266 4472/331/265
f 4471/334/268 4469/335/269 4470/332/266
f 4470/332/266 4469/335/269 4468/336/270
f 4466/337/271 4465/338/271 4467/339/271
f 4464/340/271 4465/338/271 4466/337/271
f 4464/340/271 4463/341/272 4465/338/271
f 4462/342/272 4463/341/272 4464/340/271
f 4462/342/272 4460/343/273 4463/341/272
f 4461/344/274 4460/343/273 4462/342/272
f 4461/344/274 4459/345/275 4460/343/273
f 4460/343/273 4459/345/275 4458/346/276
f 4457/347/277 4458/346/276 4459/345/275
f 4456/348/278 4458/346/276 4457/347/277
f 4457/347/277 4455/349/279 4456/348/278
f 4456/348/278 4455/349/279 4454/350/280
f 4453/351/281 4454/350/280 4455/349/279
f 4452/352/282 4454/350/280 4453/351/281
f 4453/351/281 4451/353/283 4452/352/282
f 4452/352/282 4451/353/283 4450/354/284
f 4449/355/285 4447/356/286 4448/357/287
f 4448/357/287 4447/356/286 4446/358/288
f 4445/359/289 4444/360/290 4443/361/291
f 4443/361/291 4444/360/290 4442/362/292
f 4443/361/291 4442/362/292 4440/363/293
f 4440/363/293 4442/362/292 4441/364/294
f 4439/365/295 4440/363/293 4441/364/294
f 4437/366/296 4440/363/293 4439/365/295
f 4436/367/297 4437/366/296 4439/365/295
f 4438/368/298 4437/366/296 4436/367/297
f 4435/369/299 4434/370/300 4433/371/301
f 4431/372/302 4429/373/303 4432/374/304
f 4430/375/305 4429/373/303 4431/372/302
f 4430/375/305 4428/376/259 4429/373/303
f 4429/373/303 4428/376/259 4427/377/306
f 4426/378/307 4424/379/308 4425/380/309
f 4425/380/309 4424/379/308 4423/381/310
f 4422/304/311 4420/302/312 4421/382/313
f 4421/382/313 4420/302/312 4419/383/314
f 4418/384/315 4416/385/316 4417/386/317
f 4417/386/317 4416/385/316 4415/387/318
f 4414/388/319 4412/279/320 4413/388/321
f 4413/388/321 4412/279/320 4411/279/322
f 4410/389/323 4409/390/324 4408/391/325
f 4407/392/326 4405/393/327 4406/394/328
f 4406/394/328 4405/393/327 4404/395/329
f 4403/396/330 4401/397/331 4402/398/332
f 4402/398/332 4401/397/331 4400/399/327
f 4399/400/333 4398/401/334 4395/402/335
f 4398/401/334 4397/403/336 4395/402/335
f 4397/403/336 4396/404/60 4395/402/335
f 4394/405/337 4392/406/338 4393/407/339
f 4393/407/339 4392/406/338 4391/408/340
f 4390/409/341 4388/410/342 4389/411/343
f 4389/411/343 4388/410/342 4387/412/344
f 4386/413/345 4384/414/346 4385/415/347
f 4385/415/347 4384/414/346 4383/416/348
f 4382/417/349 4380/418/350 4381/419/351
f 4381/419/351 4380/418/350 4379/420/352
f 4378/421/353 4376/422/354 4377/423/355
f 4377/423/355 4376/422/354 4375/424/356
f 4374/425/357 4372/426/358 4373/427/359
f 4373/427/359 4372/426/358 4371/428/360
f 4370/429/361 4368/430/362 4369/431/361
f 4369/431/361 4368/430/362 4367/432/363
f 4366/433/364 4364/434/365 4365/435/361
f 4365/435/361 4364/434/365 4363/436/361
f 4359/285/366 4361/298/367 4362/286/368
f 4360/437/369 4361/298/367 4359/285/366
f 4360/437/369 4359/285/366 4358/438/370
f 4358/438/370 4359/285/366 4357/284/371
f 4358/438/370 4357/284/371 4355/439/372
f 4355/439/372 4357/284/371 4356/282/373
f 4356/282/373 4352/280/374 4355/439/372
f 4355/439/372 4352/280/374 4354/440/375
f 4354/440/375 4352/280/374 4353/279/376
f 4353/279/376 4352/280/374 4351/279/377
f 4350/441/378 4348/442/379 4349/443/380
f 4349/443/380 4348/442/379 4347/444/381
f 4346/445/82 4343/446/82 4345/447/82
f 4345/447/82 4343/446/82 4344/448/82
f 4344/448/82 4343/446/82 4340/449/82
f 4343/446/82 4342/450/82 4340/449/82
f 4342/450/82 4341/451/82 4340/449/82
f 4339/452/382 4337/453/383 4338/454/285
f 4338/454/285 4337/453/383 4336/455/384
f 4337/453/383 4335/456/385 4336/455/384
f 4336/455/384 4335/456/385 4334/457/386
f 4335/456/385 4333/458/387 4334/457/386
f 4334/457/386 4333/458/387 4332/459/388
f 4331/460/389 4329/461/390 4330/462/391
f 4330/462/391 4329/461/390 4328/463/392
f 4327/464/393 4325/465/393 4326/466/393
f 4326/466/393 4325/465/393 4324/467/393
f 4323/468/394 4321/469/394 4322/470/394
f 4322/470/394 4321/469/394 4320/471/394
f 4319/472/395 4317/473/395 4318/474/395
f 4318/474/395 4317/473/395 4316/475/395
f 4315/476/396 4313/477/396 4314/478/396
f 4314/478/396 4313/477/396 4312/479/396
f 4311/480/393 4309/481/393 4310/482/393
f 4310/482/393 4309/481/393 4308/483/393
f 4307/484/397 4305/485/397 4306/486/397
f 4306/486/397 4305/485/397 4304/487/397
f 4303/488/395 4301/489/395 4302/490/395
f 4302/490/395 4301/489/395 4300/491/395
f 4299/492/398 4297/493/398 4298/494/398
f 4298/494/398 4297/493/398 4296/495/398
f 4295/496/393 4293/497/393 4294/498/393
f 4294/498/393 4293/497/393 4292/499/393
f 4291/500/18 4289/501/18 4290/502/18
f 4290/502/18 4289/501/18 4288/503/18
f 4287/504/395 4285/505/395 4286/506/395
f 4286/506/395 4285/505/395 4284/507/395
f 4283/508/399 4281/509/399 4282/510/399
f 4282/510/399 4281/509/399 4280/511/399
f 4279/512/393 4277/513/393 4278/514/393
f 4278/514/393 4277/513/393 4276/515/393
f 4275/516/400 4273/517/400 4274/518/400
f 4274/518/400 4273/517/400 4272/519/400
f 4271/520/395 4269/521/395 4270/522/395
f 4270/522/395 4269/521/395 4268/523/395
f 4267/524/401 4265/525/401 4266/526/401
f 4266/526/401 4265/525/401 4264/527/401
f 4263/528/402 4261/529/403 4262/445/404
f 4262/445/404 4261/529/403 4260/446/405
f 4259/530/406 4257/531/407 4258/532/408
f 4258/532/408 4257/531/407 4256/533/409
f 4255/534/410 4253/535/411 4254/536/412
f 4254/536/412 4253/535/411 4250/537/413
f 4253/535/411 4252/535/414 4250/537/413
f 4252/535/414 4251/538/393 4250/537/413
f 4249/539/415 4248/540/415 4247/313/415
f 4246/541/416 4244/542/417 4245/543/418
f 4245/543/418 4244/542/417 4243/544/419
f 4244/542/417 4242/545/420 4243/544/419
f 4243/544/419 4242/545/420 4241/546/421
f 4242/545/420 4240/547/422 4241/546/421
f 4241/546/421 4240/547/422 4239/548/423
f 4240/547/422 4238/549/424 4239/548/423
f 4239/548/423 4238/549/424 4237/550/424
f 4235/551/425 4234/552/426 4236/553/427
f 4233/554/428 4234/552/426 4235/551/425
f 4233/554/428 4231/555/429 4234/552/426
f 4232/556/430 4231/555/429 4233/554/428
f 4232/556/430 4230/557/431 4231/555/429
f 4231/555/429 4230/557/431 4229/558/432
f 4230/557/431 4228/559/433 4229/558/432
f 4229/558/432 4228/559/433 4227/560/434
f 4226/561/435 4227/560/434 4228/559/433
f 4225/562/436 4227/560/434 4226/561/435
f 4226/561/435 4224/563/437 4225/562/436
f 4225/562/436 4224/563/437 4223/564/438
f 4221/565/439 4219/566/440 4222/567/441
f 4220/568/442 4219/566/440 4221/565/439
f 4220/568/442 4218/569/443 4219/566/440
f 4219/566/440 4218/569/443 4217/570/444
f 4216/312/445 4214/571/446 4215/313/446
f 4215/313/446 4214/571/446 4213/539/447
f 4212/302/448 4210/300/449 4211/302/450
f 4211/302/450 4210/300/449 4209/300/451
f 4208/572/452 4206/573/453 4207/574/454
f 4207/574/454 4206/573/453 4205/573/455
f 4204/575/456 4205/573/455 4206/573/453
f 4202/575/457 4205/573/455 4204/575/456
f 4201/576/458 4202/575/457 4204/575/456
f 4203/576/459 4202/575/457 4201/576/458
f 4199/577/460 4198/578/461 4200/579/460
f 4197/580/462 4198/578/461 4199/577/460
f 4198/578/461 4197/580/462 4196/581/463
f 4196/581/463 4197/580/462 4194/582/464
f 4196/581/463 4194/582/464 4195/583/465
f 4195/583/465 4194/582/464 4193/584/465
f 4192/269/466 4190/268/467 4191/585/468
f 4191/585/468 4190/268/467 4189/586/469
f 4188/587/23 4186/588/23 4187/589/23
f 4187/589/23 4186/588/23 4185/590/23
f 4184/591/23 4182/592/23 4183/593/23
f 4183/593/23 4182/592/23 4181/594/23
f 4180/595/23 4178/596/23 4179/597/23
f 4179/597/23 4178/596/23 4177/598/23
f 4176/599/23 4174/600/23 4175/601/23
f 4175/601/23 4174/600/23 4173/602/23
f 4172/603/470 4170/604/471 4171/605/314
f 4171/605/314 4170/604/471 4169/606/472
f 4167/607/473 4169/606/472 4170/604/471
f 4169/606/472 4167/607/473 4168/580/474
f 4168/580/474 4167/607/473 4166/582/475
f 4167/607/473 4165/608/476 4166/582/475
f 4166/582/475 4165/608/476 4164/584/477
f 4163/609/478 4161/333/479 4162/610/480
f 4162/610/480 4161/333/479 4160/611/307
f 4159/540/481 4156/612/482 4158/313/481
f 4158/313/481 4156/612/482 4157/310/483
f 4156/612/482 4155/308/484 4157/310/483
f 4154/613/485 4155/308/484 4156/612/482
f 4155/308/484 4154/613/485 4152/614/486
f 4152/614/486 4154/613/485 4153/615/487
f 4153/615/487 4151/616/488 4152/614/486
f 4152/614/486 4151/616/488 4150/616/488
f 4151/616/488 4149/617/489 4150/616/488
f 4150/616/488 4149/617/489 4148/617/489
f 4147/299/490 4145/301/491 4146/299/492
f 4146/299/492 4145/301/491 4144/301/493
f 4143/618/494 4141/619/494 4142/620/494
f 4142/620/494 4141/619/494 4140/621/495
f 4138/622/496 4136/623/497 4139/624/498
f 4137/625/499 4136/623/497 4138/622/496
f 4137/625/499 4135/626/500 4136/623/497
f 4136/623/497 4135/626/500 4134/627/501
f 4133/628/502 4132/629/503 4129/630/504
f 4129/630/504 4132/629/503 4131/631/504
f 4128/292/505 4129/630/504 4131/631/504
f 4130/632/505 4129/630/504 4128/292/505
f 4098/633/506 4127/634/507 4100/635/508
f 4100/635/508 4127/634/507 4126/636/509
f 4127/634/507 4125/637/510 4126/636/509
f 4126/636/509 4125/637/510 4124/638/511
f 4123/639/512 4124/638/511 4125/637/510
f 4122/640/513 4124/638/511 4123/639/512
f 4121/641/514 4122/640/513 4123/639/512
f 4120/642/515 4122/640/513 4121/641/514
f 4118/643/516 4120/642/515 4121/641/514
f 4119/644/517 4120/642/515 4118/643/516
f 4119/644/517 4118/643/516 4117/645/518
f 4117/645/518 4118/643/516 4116/646/519
f 4117/645/518 4116/646/519 4115/647/520
f 4115/647/520 4116/646/519 4114/648/521
f 4115/647/520 4114/648/521 4112/649/522
f 4112/649/522 4114/648/521 4113/650/523
f 4113/650/523 4111/651/524 4112/649/522
f 4112/649/522 4111/651/524 4110/652/525
f 4107/653/526 4108/654/527 4109/655/528
f 4106/656/529 4108/654/527 4107/653/526
f 4107/653/526 4105/657/530 4106/656/529
f 4106/656/529 4105/657/530 4104/658/531
f 4103/659/532 4104/658/531 4105/657/530
f 4102/660/533 4104/658/531 4103/659/532
f 4103/659/532 4101/661/534 4102/660/533
f 4102/660/533 4101/661/534 4099/662/535
f 4098/633/506 4099/662/535 4101/661/534
f 4100/635/508 4099/662/535 4098/633/506
f 4097/663/536 4095/664/537 4096/665/538
f 4096/665/538 4095/664/537 4094/666/539
f 4093/448/540 4085/667/541 4090/447/542
f 4090/447/542 4085/667/541 4092/668/543
f 4089/669/544 4090/447/542 4092/668/543
f 4091/445/545 4090/447/542 4089/669/544
f 4088/451/546 4086/670/547 4087/449/548
f 4087/449/548 4086/670/547 4085/667/549
f 4084/246/550 4082/671/551 4083/245/552
f 4083/245/552 4082/671/551 4081/672/553
f 4080/539/554 4078/297/251 4079/540/554
f 4079/540/554 4078/297/251 4077/298/251
f 4076/571/555 4074/300/556 4075/539/557
f 4075/539/557 4074/300/556 4073/297/558
f 4072/445/559 4070/669/560 4071/528/561
f 4071/528/561 4070/669/560 4069/673/562
f 4068/674/563 4066/675/564 4067/676/563
f 4067/676/563 4066/675/564 4065/677/565
f 4062/678/566 4063/679/567 4064/680/568
f 4061/681/569 4063/679/567 4062/678/566
f 4062/678/566 4060/682/570 4061/681/569
f 4061/681/569 4060/682/570 4059/683/571
f 4057/684/572 4059/683/571 4060/682/570
f 4058/685/573 4059/683/571 4057/684/572
f 4057/684/572 4055/686/574 4058/685/573
f 4056/687/575 4055/686/574 4057/684/572
f 4056/687/575 4054/688/576 4055/686/574
f 4055/686/574 4054/688/576 4053/689/577
f 4052/293/578 4050/690/579 4051/337/580
f 4051/337/580 4050/690/579 4049/691/579
f 4050/690/579 4048/692/581 4049/691/579
f 4049/691/579 4048/692/581 4047/693/582
f 4046/694/583 4045/695/333 4044/696/584
f 4043/697/585 4041/698/586 4042/699/587
f 4042/699/587 4041/698/586 4040/700/588
f 4039/701/589 4037/702/590 4038/701/591
f 4038/701/591 4037/702/590 4036/703/592
f 4030/704/177 4031/705/593 4034/706/184
f 4033/630/177 4034/706/184 4035/628/594
f 4030/704/177 4034/706/184 4033/630/177
f 4032/632/177 4030/704/177 4033/630/177
f 4027/707/177 4030/704/177 4032/632/177
f 4027/707/177 4028/708/595 4030/704/177
f 4028/708/595 4031/705/593 4030/704/177
f 4029/709/596 4028/708/595 4027/707/177
f 4018/710/60 4025/711/60 4026/712/60
f 4021/713/60 4025/711/60 4018/710/60
f 4021/713/60 4024/714/597 4025/711/60
f 4023/715/598 4024/714/597 4021/713/60
f 4021/713/60 4022/716/599 4023/715/598
f 4019/717/600 4022/716/599 4021/713/60
f 4018/710/60 4019/717/600 4021/713/60
f 4020/718/601 4019/717/600 4018/710/60
f 4015/463/602 4016/719/603 4017/720/604
f 4014/721/605 4016/719/603 4015/463/602
f 4013/461/606 4014/721/605 4015/463/602
f 4012/722/607 4014/721/605 4013/461/606
f 4013/461/606 4011/723/608 4012/722/607
f 4012/722/607 4011/723/608 4010/724/609
f 4009/270/610 4007/269/611 4008/673/612
f 4008/673/612 4007/269/611 4005/528/613
f 4004/585/614 4005/528/613 4007/269/611
f 4006/529/615 4005/528/613 4004/585/614
f 3997/725/616 3998/726/617 4003/727/618
f 4001/728/619 4000/729/620 4002/730/621
f 3999/731/622 4000/729/620 4001/728/619
f 4000/729/620 3999/731/622 3996/732/623
f 3996/732/623 3999/731/622 3998/726/617
f 3996/732/623 3998/726/617 3997/725/616
f 3997/725/616 3995/733/624 3996/732/623
f 3996/732/623 3995/733/624 3993/734/625
f 3993/734/626 3992/735/627 3994/736/628
f 3991/733/629 3992/735/627 3993/734/626
f 3991/733/629 3989/737/630 3992/735/627
f 3990/738/631 3989/737/630 3991/733/629
f 3990/738/631 3988/739/632 3989/737/630
f 3989/737/630 3988/739/632 3987/740/633
f 3988/739/632 3986/741/634 3987/740/633
f 3987/740/633 3986/741/634 3985/742/635
f 3986/741/634 3984/743/525 3985/742/635
f 3985/742/635 3984/743/525 3983/744/524
f 3982/745/636 3981/746/637 3980/747/638
f 3979/748/639 3977/749/639 3978/750/639
f 3978/750/639 3977/749/639 3976/751/640
f 3977/749/639 3975/752/641 3976/751/640
f 3976/751/640 3975/752/641 3974/753/642
f 3972/754/643 3971/755/644 3973/756/645
f 3969/757/646 3971/755/644 3972/754/643
f 3971/755/644 3969/757/646 3970/758/647
f 3970/758/647 3969/757/646 3968/759/648
f 3966/378/649 3965/334/650 3967/331/651
f 3963/760/652 3965/334/650 3966/378/649
f 3965/334/650 3963/760/652 3964/335/653
f 3964/335/653 3963/760/652 3962/761/654
f 3961/762/655 3960/763/656 3959/764/657
f 3959/764/657 3960/763/656 3958/765/658
f 3959/764/657 3958/765/658 3957/766/659
f 3957/766/659 3958/765/658 3956/767/660
f 3957/766/659 3956/767/660 3954/768/661
f 3954/768/661 3956/767/660 3955/769/662
f 3955/769/662 3953/770/663 3954/768/661
f 3954/768/661 3953/770/663 3952/771/418
f 3951/772/23 3949/773/23 3950/774/23
f 3950/774/23 3949/773/23 3948/775/23
f 3947/420/664 3945/418/665 3946/776/666
f 3946/776/666 3945/418/665 3944/777/667
f 3935/778/668 3933/779/669 3943/780/670
f 3941/781/671 3938/782/672 3936/783/673
f 3934/784/674 3937/785/675 3931/786/676
f 3942/787/677 3940/788/678 3941/781/671
f 3941/781/671 3940/788/678 3938/782/672
f 3940/788/678 3939/789/679 3938/782/672
f 3939/789/679 3931/786/676 3938/782/672
f 3937/785/675 3938/782/672 3931/786/676
f 3936/783/673 3938/782/672 3937/785/675
f 3937/785/675 3934/784/674 3936/783/673
f 3936/783/673 3934/784/674 3935/778/668
f 3934/784/674 3933/779/669 3935/778/668
f 3933/779/669 3934/784/674 3931/786/676
f 3932/790/680 3933/779/669 3931/786/676
f 3930/791/681 3932/790/680 3931/786/676
f 3931/786/676 3929/792/682 3930/791/681
f 3930/791/681 3929/792/682 3928/793/683
f 3929/792/682 3927/794/684 3928/793/683
f 3548/795/685 3928/793/683 3927/794/684
f 3926/796/23 3548/795/685 3927/794/684
f 3540/797/686 3548/795/685 3926/796/23
f 3925/750/23 3540/797/686 3926/796/23
f 3539/751/687 3540/797/686 3925/750/23
f 3919/798/256 3924/799/256 3917/800/688
f 3917/800/688 3924/799/256 3915/801/689
f 3923/802/690 3918/803/691 3916/804/692
f 3921/805/256 3918/803/691 3922/806/693
f 3920/807/256 3918/803/691 3921/805/256
f 3920/807/256 3919/798/256 3918/803/691
f 3918/803/691 3919/798/256 3917/800/688
f 3916/804/692 3918/803/691 3917/800/688
f 3917/800/688 3915/801/689 3916/804/692
f 3916/804/692 3915/801/689 3914/808/694
f 3913/809/695 3912/810/696 3911/811/697
f 3911/811/697 3912/810/696 3910/812/698
f 3911/811/697 3910/812/698 3908/813/699
f 3908/813/699 3910/812/698 3909/814/700
f 3907/815/701 3908/813/699 3909/814/700
f 3905/816/702 3908/813/699 3907/815/701
f 3904/817/664 3905/816/702 3907/815/701
f 3906/818/703 3905/816/702 3904/817/664
f 3903/819/704 3902/820/705 3901/821/706
f 3902/820/705 3900/822/707 3901/821/706
f 3901/821/706 3900/822/707 3899/823/707
f 3900/822/707 3897/824/708 3899/823/707
f 3899/823/707 3897/824/708 3898/825/708
f 3898/825/708 3897/824/708 3895/826/707
f 3895/826/707 3897/824/708 3896/827/707
f 3896/827/707 3894/828/708 3895/826/707
f 3895/826/707 3894/828/708 3893/829/708
f 3891/830/655 3890/831/709 3892/832/656
f 3888/833/710 3890/831/709 3891/830/655
f 3890/831/709 3888/833/710 3889/834/711
f 3889/834/711 3888/833/710 3887/835/712
f 3816/836/713 3814/837/714 3886/838/715
f 3886/838/715 3814/837/714 3835/839/716
f 3886/838/715 3835/839/716 3885/840/717
f 3885/840/717 3835/839/716 3867/841/718
f 3867/841/718 3884/842/719 3885/840/717
f 3866/843/720 3884/842/719 3867/841/718
f 3884/842/719 3866/843/720 3883/844/721
f 3883/844/721 3866/843/720 3864/845/722
f 3883/844/721 3864/845/722 3882/846/723
f 3882/846/723 3864/845/722 3862/847/724
f 3882/846/723 3862/847/724 3881/848/725
f 3881/848/725 3862/847/724 3860/849/726
f 3860/849/726 3880/850/727 3881/848/725
f 3858/851/728 3880/850/727 3860/849/726
f 3858/851/728 3879/852/729 3880/850/727
f 3856/853/730 3879/852/729 3858/851/728
f 3856/853/730 3878/854/731 3879/852/729
f 3854/855/732 3878/854/731 3856/853/730
f 3877/856/733 3696/857/734 3693/858/735
f 3876/859/736 3877/856/733 3693/858/735
f 3875/860/737 3876/859/736 3693/858/735
f 3855/861/738 3875/860/737 3693/858/735
f 3874/862/739 3875/860/737 3855/861/738
f 3874/862/739 3855/861/738 3873/863/740
f 3873/863/740 3855/861/738 3857/864/741
f 3873/863/740 3857/864/741 3872/865/742
f 3872/865/742 3857/864/741 3859/866/743
f 3872/865/742 3859/866/743 3871/867/744
f 3871/867/744 3859/866/743 3861/868/23
f 3861/868/23 3870/869/745 3871/867/744
f 3863/870/746 3870/869/745 3861/868/23
f 3863/870/746 3869/871/747 3870/869/745
f 3865/872/748 3869/871/747 3863/870/746
f 3869/871/747 3865/872/748 3868/873/749
f 3868/873/749 3865/872/748 3853/874/750
f 3853/874/750 3852/875/751 3868/873/749
f 3835/839/716 3836/876/752 3851/877/753
f 3835/839/716 3851/877/753 3867/841/718
f 3867/841/718 3851/877/753 3853/874/750
f 3853/874/750 3866/843/720 3867/841/718
f 3865/872/748 3866/843/720 3853/874/750
f 3865/872/748 3864/845/722 3866/843/720
f 3863/870/746 3864/845/722 3865/872/748
f 3863/870/746 3862/847/724 3864/845/722
f 3861/868/23 3862/847/724 3863/870/746
f 3862/847/724 3861/868/23 3860/849/726
f 3860/849/726 3861/868/23 3859/866/743
f 3859/866/743 3858/851/728 3860/849/726
f 3857/864/741 3858/851/728 3859/866/743
f 3857/864/741 3856/853/730 3858/851/728
f 3855/861/738 3856/853/730 3857/864/741
f 3855/861/738 3854/855/732 3856/853/730
f 3693/858/735 3854/855/732 3855/861/738
f 3693/858/735 3695/878/754 3854/855/732
f 3851/877/753 3852/875/751 3853/874/750
f 3852/875/751 3851/877/753 3850/763/755
f 3850/763/755 3851/877/753 3836/876/752
f 3850/763/755 3836/876/752 3849/765/756
f 3849/765/756 3836/876/752 3837/879/757
f 3849/765/756 3837/879/757 3848/767/758
f 3848/767/758 3837/879/757 3838/880/759
f 3848/767/758 3838/880/759 3847/769/760
f 3847/769/760 3838/880/759 3839/881/761
f 3847/769/760 3839/881/761 3846/770/762
f 3846/770/762 3839/881/761 3840/882/763
f 3846/770/762 3840/882/763 3845/883/764
f 3845/883/764 3840/882/763 3841/884/765
f 3845/883/764 3841/884/765 3844/885/766
f 3844/885/766 3841/884/765 3842/886/767
f 3844/885/766 3842/886/767 3843/887/768
f 3843/887/768 3842/886/767 3831/888/769
f 3843/887/768 3831/888/769 3833/889/745
f 3842/886/767 3828/890/770 3831/888/769
f 3826/891/771 3828/890/770 3842/886/767
f 3842/886/767 3824/892/772 3826/891/771
f 3841/884/765 3824/892/772 3842/886/767
f 3841/884/765 3822/893/773 3824/892/772
f 3840/882/763 3822/893/773 3841/884/765
f 3840/882/763 3820/894/774 3822/893/773
f 3839/881/761 3820/894/774 3840/882/763
f 3820/894/774 3839/881/761 3818/895/775
f 3818/895/775 3839/881/761 3838/880/759
f 3818/895/775 3838/880/759 3815/896/776
f 3815/896/776 3838/880/759 3837/879/757
f 3815/896/776 3837/879/757 3814/837/714
f 3814/837/714 3837/879/757 3836/876/752
f 3814/837/714 3836/876/752 3835/839/716
f 3834/897/777 3830/898/778 3829/899/779
f 3833/889/745 3831/888/769 3832/900/780
f 3832/900/780 3831/888/769 3830/898/778
f 3830/898/778 3831/888/769 3828/890/770
f 3829/899/779 3830/898/778 3828/890/770
f 3828/890/770 3827/901/781 3829/899/779
f 3826/891/771 3827/901/781 3828/890/770
f 3826/891/771 3825/902/782 3827/901/781
f 3824/892/772 3825/902/782 3826/891/771
f 3824/892/772 3823/903/783 3825/902/782
f 3822/893/773 3823/903/783 3824/892/772
f 3822/893/773 3821/904/784 3823/903/783
f 3820/894/774 3821/904/784 3822/893/773
f 3821/904/784 3820/894/774 3819/905/785
f 3819/905/785 3820/894/774 3818/895/775
f 3819/905/785 3818/895/775 3817/906/786
f 3817/906/786 3818/895/775 3815/896/776
f 3817/906/786 3815/896/776 3816/836/713
f 3816/836/713 3815/896/776 3814/837/714
f 3804/907/787 3802/908/788 3813/909/789
f 3790/910/790 3749/911/791 3750/912/792
f 3812/913/793 3749/911/791 3790/910/790
f 3792/914/60 3812/913/793 3790/910/790
f 3811/915/794 3812/913/793 3792/914/60
f 3792/914/60 3794/916/795 3811/915/794
f 3811/915/794 3794/916/795 3810/917/796
f 3810/917/796 3794/916/795 3809/918/797
f 3809/918/797 3794/916/795 3796/919/798
f 3799/920/799 3809/918/797 3796/919/798
f 3808/921/800 3809/918/797 3799/920/799
f 3801/922/801 3808/921/800 3799/920/799
f 3807/923/802 3808/921/800 3801/922/801
f 3801/922/801 3803/924/803 3807/923/802
f 3807/923/802 3803/924/803 3806/925/804
f 3806/925/804 3803/924/803 3805/926/805
f 3805/926/805 3803/924/803 3804/907/787
f 3803/924/803 3802/908/788 3804/907/787
f 3803/924/803 3801/922/801 3802/908/788
f 3802/908/788 3801/922/801 3800/927/806
f 3801/922/801 3799/920/799 3800/927/806
f 3800/927/806 3799/920/799 3798/928/807
f 3799/920/799 3796/919/798 3798/928/807
f 3798/928/807 3796/919/798 3797/652/808
f 3796/919/798 3795/649/60 3797/652/808
f 3796/919/798 3794/916/795 3795/649/60
f 3795/649/60 3794/916/795 3793/647/60
f 3794/916/795 3792/914/60 3793/647/60
f 3793/647/60 3792/914/60 3791/645/60
f 3792/914/60 3790/910/790 3791/645/60
f 3791/645/60 3790/910/790 3789/644/809
f 3790/910/790 3750/912/792 3789/644/809
f 3789/644/809 3750/912/792 3788/642/810
f 3748/929/811 3788/642/810 3750/912/792
f 3787/640/812 3788/642/810 3748/929/811
f 3748/929/811 3779/638/813 3787/640/812
f 3752/930/814 3779/638/813 3748/929/811
f 3786/411/60 3768/412/60 3785/931/60
f 3769/932/60 3785/931/60 3768/412/60
f 3784/933/60 3785/931/60 3769/932/60
f 3784/933/60 3769/932/60 3783/934/815
f 3783/934/815 3769/932/60 3782/935/816
f 3769/932/60 3771/936/60 3782/935/816
f 3782/935/816 3771/936/60 3781/937/817
f 3771/936/60 3772/938/60 3781/937/817
f 3781/937/817 3772/938/60 3780/939/818
f 3772/938/60 3767/940/819 3780/939/818
f 3780/939/818 3767/940/819 3766/941/820
f 3752/930/814 3754/942/821 3779/638/813
f 3779/638/813 3754/942/821 3778/636/822
f 3754/942/821 3757/943/823 3778/636/822
f 3778/636/822 3757/943/823 3777/635/824
f 3757/943/823 3759/944/825 3777/635/824
f 3777/635/824 3759/944/825 3776/662/826
f 3759/944/825 3761/945/827 3776/662/826
f 3776/662/826 3761/945/827 3775/660/828
f 3761/945/827 3763/946/829 3775/660/828
f 3775/660/828 3763/946/829 3774/658/830
f 3763/946/829 3765/947/831 3774/658/830
f 3774/658/830 3765/947/831 3773/656/832
f 3765/947/831 3767/940/819 3773/656/832
f 3773/656/832 3767/940/819 3770/654/833
f 3767/940/819 3772/938/60 3770/654/833
f 3772/938/60 3771/936/60 3770/654/833
f 3771/936/60 3769/932/60 3770/654/833
f 3770/654/833 3769/932/60 3768/412/60
f 3765/947/831 3766/941/820 3767/940/819
f 3764/948/834 3766/941/820 3765/947/831
f 3763/946/829 3764/948/834 3765/947/831
f 3762/949/835 3764/948/834 3763/946/829
f 3761/945/827 3762/949/835 3763/946/829
f 3760/950/836 3762/949/835 3761/945/827
f 3759/944/825 3760/950/836 3761/945/827
f 3758/951/837 3760/950/836 3759/944/825
f 3757/943/823 3758/951/837 3759/944/825
f 3756/952/838 3758/951/837 3757/943/823
f 3757/943/823 3754/942/821 3756/952/838
f 3756/952/838 3754/942/821 3755/953/839
f 3755/953/839 3754/942/821 3753/954/840
f 3753/954/840 3754/942/821 3752/930/814
f 3753/954/840 3752/930/814 3751/955/841
f 3751/955/841 3752/930/814 3748/929/811
f 3748/929/811 3749/911/791 3751/955/841
f 3750/912/792 3749/911/791 3748/929/811
f 3722/956/842 3724/957/843 3747/958/844
f 3724/957/843 3736/959/845 3747/958/844
f 3747/958/844 3736/959/845 3746/960/846
f 3736/959/845 3738/961/847 3746/960/846
f 3746/960/846 3738/961/847 3745/962/848
f 3740/963/849 3745/962/848 3738/961/847
f 3743/964/850 3745/962/848 3740/963/849
f 3744/965/851 3743/964/850 3742/966/852
f 3742/966/852 3743/964/850 3740/963/849
f 3742/966/852 3740/963/849 3741/967/852
f 3741/967/852 3740/963/849 3739/968/853
f 3740/963/849 3738/961/847 3739/968/853
f 3739/968/853 3738/961/847 3737/969/854
f 3738/961/847 3736/959/845 3737/969/854
f 3737/969/854 3736/959/845 3735/970/855
f 3736/959/845 3724/957/843 3735/970/855
f 3735/970/855 3724/957/843 3726/971/856
f 3724/957/843 3723/972/857 3726/971/856
f 3734/973/684 3707/974/684 3706/975/858
f 3707/974/684 3734/973/684 3709/976/859
f 3709/976/859 3734/973/684 3733/977/860
f 3709/976/859 3733/977/860 3711/978/861
f 3711/978/861 3733/977/860 3732/979/862
f 3711/978/861 3732/979/862 3713/980/863
f 3713/980/863 3732/979/862 3731/981/864
f 3731/981/864 3715/982/865 3713/980/863
f 3730/983/866 3715/982/865 3731/981/864
f 3730/983/866 3717/984/867 3715/982/865
f 3729/985/868 3717/984/867 3730/983/866
f 3717/984/867 3729/985/868 3719/986/869
f 3719/986/869 3729/985/868 3728/987/870
f 3719/986/869 3728/987/870 3721/988/871
f 3721/988/871 3728/987/870 3727/989/872
f 3727/989/872 3723/972/857 3721/988/871
f 3725/990/873 3723/972/857 3727/989/872
f 3726/971/856 3723/972/857 3725/990/873
f 3723/972/857 3724/957/843 3722/956/842
f 3723/972/857 3722/956/842 3721/988/871
f 3721/988/871 3722/956/842 3720/991/874
f 3720/991/874 3719/986/869 3721/988/871
f 3718/992/875 3719/986/869 3720/991/874
f 3718/992/875 3717/984/867 3719/986/869
f 3716/993/876 3717/984/867 3718/992/875
f 3717/984/867 3716/993/876 3715/982/865
f 3715/982/865 3716/993/876 3714/994/877
f 3715/982/865 3714/994/877 3713/980/863
f 3713/980/863 3714/994/877 3712/995/839
f 3712/995/839 3711/978/861 3713/980/863
f 3710/996/878 3711/978/861 3712/995/839
f 3710/996/878 3709/976/859 3711/978/861
f 3708/997/879 3709/976/859 3710/996/878
f 3708/997/879 3707/974/684 3709/976/859
f 3677/998/880 3707/974/684 3708/997/879
f 3707/974/684 3677/998/880 3678/999/881
f 3706/975/858 3707/974/684 3678/999/881
f 3678/999/881 3680/1000/882 3706/975/858
f 3706/975/858 3680/1000/882 3705/1001/883
f 3682/1002/884 3705/1001/883 3680/1000/882
f 3704/1003/885 3705/1001/883 3682/1002/884
f 3682/1002/884 3684/1004/886 3704/1003/885
f 3704/1003/885 3684/1004/886 3703/1005/887
f 3684/1004/886 3686/1006/888 3703/1005/887
f 3703/1005/887 3686/1006/888 3702/1007/889
f 3686/1006/888 3688/1008/890 3702/1007/889
f 3702/1007/889 3688/1008/890 3701/1009/891
f 3688/1008/890 3690/1010/892 3701/1009/891
f 3701/1009/891 3690/1010/892 3700/1011/893
f 3700/1011/893 3690/1010/892 3699/1012/894
f 3699/1012/894 3690/1010/892 3698/1013/895
f 3690/1010/892 3693/858/735 3698/1013/895
f 3698/1013/895 3693/858/735 3697/1014/734
f 3697/1014/734 3693/858/735 3696/857/734
f 3694/1015/896 3695/878/754 3693/858/735
f 3693/858/735 3692/1016/897 3694/1015/896
f 3690/1010/892 3692/1016/897 3693/858/735
f 3690/1010/892 3691/1017/898 3692/1016/897
f 3689/1018/899 3691/1017/898 3690/1010/892
f 3690/1010/892 3688/1008/890 3689/1018/899
f 3689/1018/899 3688/1008/890 3687/1019/900
f 3686/1006/888 3687/1019/900 3688/1008/890
f 3685/1020/901 3687/1019/900 3686/1006/888
f 3684/1004/886 3685/1020/901 3686/1006/888
f 3683/1021/902 3685/1020/901 3684/1004/886
f 3684/1004/886 3682/1002/884 3683/1021/902
f 3683/1021/902 3682/1002/884 3681/1022/796
f 3680/1000/882 3681/1022/796 3682/1002/884
f 3679/1023/903 3681/1022/796 3680/1000/882
f 3680/1000/882 3678/999/881 3679/1023/903
f 3679/1023/903 3678/999/881 3676/1024/793
f 3678/999/881 3677/998/880 3676/1024/793
f 3675/1001/425 3674/1025/904 3673/975/905
f 3673/975/905 3674/1025/904 3672/1026/906
f 3673/975/905 3672/1026/906 3671/973/907
f 3671/973/907 3672/1026/906 3670/1027/908
f 3671/973/907 3670/1027/908 3669/977/909
f 3669/977/909 3670/1027/908 3667/1028/910
f 3669/977/909 3667/1028/910 3668/979/911
f 3668/979/911 3667/1028/910 3666/1029/912
f 3650/669/913 3664/668/914 3651/1030/915
f 3651/1030/915 3664/668/914 3665/1031/916
f 3664/668/914 3661/1032/917 3665/1031/916
f 3663/667/918 3661/1032/917 3664/668/914
f 3660/670/919 3661/1032/917 3663/667/918
f 3662/394/920 3661/1032/917 3660/670/919
f 3659/673/921 3649/1033/922 3658/270/923
f 3658/270/923 3649/1033/922 3652/270/924
f 3652/270/924 3654/267/925 3657/270/926
f 3656/263/406 3654/267/925 3655/1034/407
f 3655/1034/407 3654/267/925 3653/1035/927
f 3653/1035/927 3654/267/925 3652/270/924
f 3652/270/924 3651/1030/915 3653/1035/927
f 3649/1033/922 3651/1030/915 3652/270/924
f 3651/1030/915 3649/1033/922 3650/669/913
f 3650/669/913 3649/1033/922 3648/673/928
f 3647/1036/929 3643/1037/23 3646/1038/930
f 3646/1038/930 3643/1037/23 3645/1039/23
f 3645/1039/23 3643/1037/23 3644/1040/23
f 3644/1040/23 3643/1037/23 3642/1041/23
f 3640/1042/712 3639/871/931 3641/873/932
f 3638/1043/933 3639/871/931 3640/1042/712
f 3639/871/931 3638/1043/933 3637/869/934
f 3637/869/934 3638/1043/933 3636/1044/935
f 3637/869/934 3636/1044/935 3635/867/936
f 3635/867/936 3636/1044/935 3634/1045/937
f 3634/1045/937 3633/865/938 3635/867/936
f 3631/1046/939 3633/865/938 3634/1045/937
f 3633/865/938 3631/1046/939 3632/863/940
f 3632/863/940 3631/1046/939 3630/1047/941
f 3629/435/942 3627/1048/942 3628/433/942
f 3628/433/942 3627/1048/942 3626/1049/942
f 3625/789/943 3621/1050/944 3624/786/945
f 3622/792/537 3624/786/945 3621/1050/944
f 3623/1051/946 3622/792/537 3621/1050/944
f 3620/1052/947 3619/1053/948 3618/1054/949
f 3619/1053/948 3615/1055/950 3618/1054/949
f 3618/1054/949 3615/1055/950 3617/1056/950
f 3617/1056/950 3615/1055/950 3616/1057/951
f 3616/1057/951 3615/1055/950 3614/1058/951
f 3613/1059/952 3609/1060/953 3612/1061/954
f 3612/1061/954 3609/1060/953 3611/1062/955
f 3611/1062/955 3609/1060/953 3610/1063/956
f 3610/1063/956 3609/1060/953 3608/1064/957
f 3607/1065/958 3605/1066/959 3606/1067/960
f 3606/1067/960 3605/1066/959 3604/1068/961
f 3605/1066/959 3602/1069/962 3604/1068/961
f 3604/1068/961 3602/1069/962 3603/1070/963
f 3603/1070/963 3602/1069/962 3601/1071/964
f 3601/1071/964 3602/1069/962 3600/1072/965
f 3601/1071/964 3600/1072/965 3599/1073/966
f 3599/1073/966 3600/1072/965 3596/1074/967
f 3596/1074/967 3597/1075/968 3599/1073/966
f 3598/1076/969 3597/1075/968 3596/1074/967
f 3595/1077/942 3591/1078/942 3594/1079/942
f 3594/1079/942 3591/1078/942 3593/1080/942
f 3593/1080/942 3591/1078/942 3592/1081/970
f 3592/1081/970 3591/1078/942 3590/1082/971
f 3589/970/972 3588/1083/973 3587/969/974
f 3587/969/974 3588/1083/973 3585/1084/975
f 3587/969/974 3585/1084/975 3586/968/351
f 3586/968/351 3585/1084/975 3584/1085/976
f 3583/432/636 3581/1086/977 3582/431/636
f 3582/431/636 3581/1086/977 3580/1087/636
f 3581/1086/977 3579/1088/977 3580/1087/636
f 3580/1087/636 3579/1088/977 3578/1089/636
f 3572/1090/978 3553/1091/979 3577/1092/980
f 3553/1091/979 3576/1093/981 3577/1092/980
f 3576/1093/981 3574/1094/982 3577/1092/980
f 3575/1095/983 3574/1094/982 3576/1093/981
f 3574/1094/982 3575/1095/983 3558/1096/984
f 3571/1097/985 3574/1094/982 3558/1096/984
f 3568/1098/986 3553/1091/979 3573/1099/980
f 3573/1099/980 3553/1091/979 3572/1090/978
f 3572/1090/978 3570/1100/982 3573/1099/980
f 3571/1097/985 3570/1100/982 3572/1090/978
f 3570/1100/982 3571/1097/985 3558/1096/984
f 3569/1101/985 3570/1100/982 3558/1096/984
f 3562/1102/982 3569/1101/985 3558/1096/984
f 3569/1101/985 3562/1102/982 3568/1098/986
f 3568/1098/986 3562/1102/982 3567/1103/980
f 3567/1103/980 3553/1091/979 3568/1098/986
f 3566/1104/978 3553/1091/979 3567/1103/980
f 3565/1105/987 3553/1091/979 3566/1104/978
f 3555/1106/986 3553/1091/979 3565/1105/987
f 3563/1107/985 3564/1108/988 3566/1104/978
f 3566/1104/978 3564/1108/988 3565/1105/987
f 3557/1109/985 3564/1108/988 3558/1096/984
f 3564/1108/988 3563/1107/985 3558/1096/984
f 3563/1107/985 3562/1102/982 3558/1096/984
f 3521/1110/989 3519/1111/990 3540/797/686
f 3547/1112/991 3540/797/686 3519/1111/990
f 3519/1111/990 3561/1113/992 3547/1112/991
f 3547/1112/991 3561/1113/992 3560/1114/993
f 3559/1115/994 3560/1114/993 3561/1113/992
f 3558/1096/984 3560/1114/993 3559/1115/994
f 3559/1115/994 3556/1116/995 3558/1096/984
f 3556/1116/995 3557/1109/985 3558/1096/984
f 3557/1109/985 3556/1116/995 3555/1106/986
f 3555/1106/986 3556/1116/995 3554/1117/996
f 3554/1117/996 3553/1091/979 3555/1106/986
f 3552/1118/997 3553/1091/979 3554/1117/996
f 3553/1091/979 3552/1118/997 3551/1119/998
f 3551/1119/998 3552/1118/997 3550/1120/999
f 3550/1120/999 3549/1121/1000 3551/1119/998
f 3534/1122/1001 3549/1121/1000 3550/1120/999
f 3534/1122/1001 3538/1123/1002 3549/1121/1000
f 3535/1124/1003 3538/1123/1002 3534/1122/1001
f 3548/795/685 3540/797/686 3547/1112/991
f 3545/1125/1004 3544/1126/1005 3546/1127/1006
f 3537/1128/1007 3544/1126/1005 3545/1125/1004
f 3537/1128/1007 3543/1129/1008 3544/1126/1005
f 3536/1130/1009 3543/1129/1008 3537/1128/1007
f 3536/1130/1009 3542/1131/1010 3543/1129/1008
f 3531/1132/1011 3542/1131/1010 3536/1130/1009
f 3531/1132/1011 3541/753/1012 3542/1131/1010
f 3539/751/687 3541/753/1012 3531/1132/1011
f 3531/1132/1011 3521/1110/989 3539/751/687
f 3521/1110/989 3540/797/686 3539/751/687
f 3535/1124/1003 3537/1128/1007 3538/1123/1002
f 3536/1130/1009 3537/1128/1007 3535/1124/1003
f 3535/1124/1003 3530/1133/1013 3536/1130/1009
f 3536/1130/1009 3530/1133/1013 3531/1132/1011
f 3530/1133/1013 3535/1124/1003 3529/1134/1014
f 3529/1134/1014 3535/1124/1003 3534/1122/1001
f 3534/1122/1001 3533/1120/1015 3529/1134/1014
f 3529/1134/1014 3533/1120/1015 3528/1135/1016
f 3527/1118/1017 3528/1135/1016 3533/1120/1015
f 3532/1116/1018 3525/1136/1019 3526/1117/1020
f 3532/1116/1018 3524/1115/1021 3525/1136/1019
f 3521/1110/989 3531/1132/1011 3520/1137/1022
f 3530/1133/1013 3520/1137/1022 3531/1132/1011
f 3520/1137/1022 3530/1133/1013 3522/1138/1023
f 3522/1138/1023 3530/1133/1013 3529/1134/1014
f 3522/1138/1023 3529/1134/1014 3516/1139/1024
f 3516/1139/1024 3529/1134/1014 3528/1135/1016
f 3515/1140/1025 3516/1139/1024 3528/1135/1016
f 3515/1140/1025 3528/1135/1016 3527/1118/1017
f 3518/1141/1025 3515/1140/1025 3527/1118/1017
f 3526/1117/1020 3518/1141/1025 3527/1118/1017
f 3526/1117/1020 3525/1136/1019 3518/1141/1025
f 3525/1136/1019 3517/1142/1019 3518/1141/1025
f 3524/1115/1021 3517/1142/1019 3525/1136/1019
f 3524/1115/1021 3516/1139/1024 3517/1142/1019
f 3523/1113/1026 3516/1139/1024 3524/1115/1021
f 3523/1113/1026 3522/1138/1023 3516/1139/1024
f 3519/1111/990 3522/1138/1023 3523/1113/1026
f 3519/1111/990 3520/1137/1022 3522/1138/1023
f 3521/1110/989 3520/1137/1022 3519/1111/990
f 3518/1141/1025 3517/1142/1019 3515/1140/1025
f 3517/1142/1019 3516/1139/1024 3515/1140/1025
f 3514/1143/1027 3512/1144/1028 3513/1145/1029
f 3513/1145/1029 3512/1144/1028 3511/1146/1030
f 3512/1144/1028 3510/1147/1031 3511/1146/1030
f 3511/1146/1030 3510/1147/1031 3509/1148/1032
f 3510/1147/1031 3505/1149/1033 3509/1148/1032
f 3509/1148/1032 3505/1149/1033 3508/1150/1034
f 3505/1149/1033 3506/1151/1035 3508/1150/1034
f 3507/1152/1036 3506/1151/1035 3505/1149/1033
f 3501/1153/1037 3504/1154/1038 3497/1155/1039
f 3497/1155/1039 3504/1154/1038 3503/1156/1040
f 3502/1157/1041 3501/1153/1037 3500/1158/1042
f 3500/1158/1042 3501/1153/1037 3497/1155/1039
f 3497/1155/1039 3498/1159/1043 3500/1158/1042
f 3499/1160/1044 3498/1159/1043 3497/1155/1039
f 3496/276/235 3495/578/1045 3494/274/1046
f 3494/274/1046 3495/578/1045 3492/581/1047
f 3494/274/1046 3492/581/1047 3493/272/1048
f 3493/272/1048 3492/581/1047 3491/583/1049
f 3490/692/1050 3486/690/1051 3489/629/1052
f 3489/629/1052 3486/690/1051 3488/631/1053
f 3488/631/1053 3486/690/1051 3487/292/1054
f 3487/292/1054 3486/690/1051 3485/293/1054
f 3480/1161/82 3473/1162/82 3433/1163/82
f 3482/1164/82 3480/1161/82 3433/1163/82
f 3442/1165/82 3482/1164/82 3433/1163/82
f 3473/1162/82 3477/1166/82 3474/1167/82
f 3444/1168/82 3457/1169/1055 3443/1170/82
f 3443/1170/82 3457/1169/1055 3484/1171/1056
f 3443/1170/82 3484/1171/1056 3442/1165/82
f 3442/1165/82 3484/1171/1056 3483/1172/1057
f 3442/1165/82 3483/1172/1057 3482/1164/82
f 3482/1164/82 3483/1172/1057 3481/1173/1058
f 3482/1164/82 3481/1173/1058 3480/1161/82
f 3480/1161/82 3481/1173/1058 3479/1174/1059
f 3480/1161/82 3479/1174/1059 3473/1162/82
f 3473/1162/82 3479/1174/1059 3478/1175/1060
f 3478/1175/1060 3477/1166/82 3473/1162/82
f 3476/1176/1061 3477/1166/82 3478/1175/1060
f 3477/1166/82 3476/1176/1061 3474/1167/82
f 3474/1167/82 3476/1176/1061 3475/1177/1062
f 3441/1178/1063 3474/1167/82 3475/1177/1062
f 3440/1179/82 3474/1167/82 3441/1178/1063
f 3440/1179/82 3473/1162/82 3474/1167/82
f 3433/1163/82 3473/1162/82 3440/1179/82
f 3472/285/82 3471/286/82 3456/283/82
f 3455/1180/82 3456/283/82 3471/286/82
f 3470/315/82 3455/1180/82 3471/286/82
f 3470/315/82 3469/317/1064 3455/1180/82
f 3455/1180/82 3469/317/1064 3468/1181/1064
f 3455/1180/82 3468/1181/1064 3454/1182/82
f 3454/1182/82 3468/1181/1064 3467/1183/1065
f 3454/1182/82 3467/1183/1065 3453/1184/82
f 3453/1184/82 3467/1183/1065 3466/1185/1066
f 3466/1185/1066 3452/1186/82 3453/1184/82
f 3465/1187/1067 3452/1186/82 3466/1185/1066
f 3452/1186/82 3465/1187/1067 3451/1188/82
f 3451/1188/82 3465/1187/1067 3464/1189/1068
f 3451/1188/82 3464/1189/1068 3450/1190/82
f 3450/1190/82 3464/1189/1068 3463/1191/1069
f 3450/1190/82 3463/1191/1069 3449/1192/82
f 3449/1192/82 3463/1191/1069 3462/1193/1070
f 3449/1192/82 3462/1193/1070 3448/1194/82
f 3448/1194/82 3462/1193/1070 3461/1195/1071
f 3448/1194/82 3461/1195/1071 3447/1196/82
f 3447/1196/82 3461/1195/1071 3460/1197/1072
f 3447/1196/82 3460/1197/1072 3446/1198/82
f 3446/1198/82 3460/1197/1072 3459/1199/1073
f 3446/1198/82 3459/1199/1073 3445/1200/82
f 3445/1200/82 3459/1199/1073 3458/1201/1074
f 3445/1200/82 3458/1201/1074 3444/1168/82
f 3444/1168/82 3458/1201/1074 3457/1169/1055
f 3456/283/82 3455/1180/82 3434/282/82
f 3455/1180/82 3454/1182/82 3434/282/82
f 3454/1182/82 3453/1184/82 3434/282/82
f 3453/1184/82 3452/1186/82 3434/282/82
f 3452/1186/82 3451/1188/82 3434/282/82
f 3451/1188/82 3450/1190/82 3434/282/82
f 3450/1190/82 3449/1192/82 3434/282/82
f 3449/1192/82 3448/1194/82 3434/282/82
f 3448/1194/82 3447/1196/82 3434/282/82
f 3434/282/82 3447/1196/82 3433/1163/82
f 3447/1196/82 3446/1198/82 3433/1163/82
f 3446/1198/82 3445/1200/82 3433/1163/82
f 3445/1200/82 3444/1168/82 3433/1163/82
f 3444/1168/82 3443/1170/82 3433/1163/82
f 3443/1170/82 3442/1165/82 3433/1163/82
f 3441/1178/1063 3438/1202/1075 3440/1179/82
f 3440/1179/82 3438/1202/1075 3433/1163/82
f 3439/703/1076 3437/702/82 3438/1202/1075
f 3438/1202/1075 3437/702/82 3433/1163/82
f 3436/281/82 3433/1163/82 3437/702/82
f 3435/280/82 3433/1163/82 3436/281/82
f 3435/280/82 3434/282/82 3433/1163/82
f 3432/1041/1077 3428/1037/1077 3431/748/1077
f 3431/748/1077 3428/1037/1077 3430/749/1077
f 3430/749/1077 3428/1037/1077 3429/752/1078
f 3429/752/1078 3428/1037/1077 3427/1036/1079
f 3426/333/82 3422/332/82 3425/611/82
f 3425/611/82 3422/332/82 3424/1203/82
f 3424/1203/82 3422/332/82 3423/1204/1080
f 3423/1204/1080 3422/332/82 3421/336/1081
f 3420/1051/1082 3418/1050/1083 3419/748/1084
f 3419/748/1084 3418/1050/1083 3416/1041/1085
f 3418/1050/1083 3417/1040/1086 3416/1041/1085
f 3415/298/1087 3412/437/1088 3414/298/1089
f 3414/298/1089 3412/437/1088 3413/437/1090
f 3413/437/1090 3412/437/1088 3411/438/1091
f 3411/438/1091 3412/437/1088 3410/438/1092
f 3410/438/1092 3408/439/1093 3411/438/1091
f 3409/439/1094 3408/439/1093 3410/438/1092
f 3405/440/1095 3408/439/1093 3409/439/1094
f 3407/1205/1096 3408/439/1093 3405/440/1095
f 3407/1205/1096 3405/440/1095 3406/1206/1097
f 3406/1206/1097 3405/440/1095 3404/279/1098
f 3403/540/82 3401/298/82 3402/612/82
f 3402/612/82 3401/298/82 3399/613/82
f 3399/613/82 3401/298/82 3400/437/82
f 3398/438/82 3399/613/82 3400/437/82
f 3399/613/82 3398/438/82 3397/615/82
f 3398/438/82 3396/439/82 3397/615/82
f 3397/615/82 3396/439/82 3395/616/82
f 3393/1205/82 3395/616/82 3396/439/82
f 3395/616/82 3393/1205/82 3394/617/82
f 3394/617/82 3393/1205/82 3392/1206/82
f 3391/444/1099 3390/442/1100 3388/1207/1101
f 3388/1207/1101 3390/442/1100 3389/1208/1102
f 3389/1208/1102 3387/1209/1103 3388/1207/1101
f 3388/1207/1101 3387/1209/1103 3386/1210/1104
f 3385/1211/1105 3383/1212/1106 3384/429/1107
f 3384/429/1107 3383/1212/1106 3382/430/458
f 3381/434/1108 3379/1213/1109 3380/436/1110
f 3380/436/1110 3379/1213/1109 3378/1214/1111
f 3377/777/1112 3375/1215/1113 3376/776/498
f 3376/776/498 3375/1215/1113 3374/1216/496
f 3373/1058/1114 3371/1217/1115 3372/1057/1116
f 3372/1057/1116 3371/1217/1115 3370/1217/23
f 3369/1218/387 3367/1219/1117 3368/1220/388
f 3368/1220/388 3367/1219/1117 3366/1221/1118
f 3367/1219/1117 3365/1222/1119 3366/1221/1118
f 3366/1221/1118 3365/1222/1119 3364/1223/1120
f 3365/1222/1119 3363/1224/1121 3364/1223/1120
f 3364/1223/1120 3363/1224/1121 3362/1225/1122
f 3363/1224/1121 3361/1226/1123 3362/1225/1122
f 3362/1225/1122 3361/1226/1123 3360/1227/1124
f 3361/1226/1123 3359/1228/1125 3360/1227/1124
f 3360/1227/1124 3359/1228/1125 3358/1229/1126
f 3359/1228/1125 3357/1230/1127 3358/1229/1126
f 3358/1229/1126 3357/1230/1127 3356/1231/1128
f 3357/1230/1127 3355/1232/1129 3356/1231/1128
f 3356/1231/1128 3355/1232/1129 3354/1233/1130
f 3355/1232/1129 3351/1234/1131 3354/1233/1130
f 3354/1233/1130 3351/1234/1131 3353/1235/1132
f 3353/1235/1132 3351/1234/1131 3352/1236/1133
f 3352/1236/1133 3351/1234/1131 3350/1237/1133
f 3349/724/1134 3348/1238/1135 3347/722/1136
f 3347/722/1136 3348/1238/1135 3346/396/1137
f 3347/722/1136 3346/396/1137 3345/721/1138
f 3345/721/1138 3346/396/1137 3343/398/1139
f 3345/721/1138 3343/398/1139 3344/719/1140
f 3344/719/1140 3343/398/1139 3342/1239/1141
f 3341/1032/82 3340/394/82 3339/1031/82
f 3340/394/82 3334/395/82 3339/1031/82
f 3339/1031/82 3334/395/82 3338/1030/82
f 3338/1030/82 3334/395/82 3337/1035/82
f 3334/395/82 3335/1034/82 3337/1035/82
f 3336/1240/82 3335/1034/82 3334/395/82
f 3333/296/1142 3332/299/1143 3331/314/1144
f 3331/314/1144 3332/299/1143 3329/330/1145
f 3331/314/1144 3329/330/1145 3330/316/1146
f 3330/316/1146 3329/330/1145 3328/1241/1147
f 3327/1242/1148 3325/1243/1149 3326/1244/1150
f 3326/1244/1150 3325/1243/1149 3324/1245/1151
f 3324/1245/1151 3325/1243/1149 3323/1246/1151
f 3324/1245/1151 3323/1246/1151 3322/1247/1151
f 3322/1247/1151 3323/1246/1151 3320/1248/1151
f 3322/1247/1151 3320/1248/1151 3321/1249/1152
f 3321/1249/1152 3320/1248/1151 3319/1250/1153
f 3318/1251/1154 3317/709/1155 3316/1252/1156
f 3316/1252/1156 3317/709/1155 3314/707/1156
f 3316/1252/1156 3314/707/1156 3315/1253/1157
f 3315/1253/1157 3314/707/1156 3313/632/1157
f 3312/828/1158 3311/1254/1158 3310/829/1158
f 3309/305/1159 3307/1255/1160 3308/306/1160
f 3308/306/1160 3307/1255/1160 3304/388/1161
f 3306/306/1162 3305/306/1162 3298/388/1163
f 3298/388/1163 3305/306/1162 3304/388/1164
f 3301/307/1165 3302/701/1050 3303/307/1052
f 3300/701/1166 3302/701/1050 3301/307/1165
f 3301/307/1165 3299/306/1167 3300/701/1166
f 3300/701/1166 3299/306/1167 3298/388/1168
f 3297/1256/1169 3295/1257/1170 3296/450/476
f 3296/450/476 3295/1257/1170 3294/451/1171
f 3293/1258/1006 3292/1259/1172 3279/1260/82
f 3279/1260/82 3292/1259/1172 3281/1261/82
f 3292/1259/1172 3291/1262/1173 3281/1261/82
f 3281/1261/82 3291/1262/1173 3283/1263/82
f 3291/1262/1173 3290/1264/1174 3283/1263/82
f 3283/1263/82 3290/1264/1174 3284/1265/82
f 3290/1264/1174 3289/761/1012 3284/1265/82
f 3284/1265/82 3289/761/1012 3286/1266/82
f 3289/761/1012 3288/760/82 3286/1266/82
f 3287/378/82 3286/1266/82 3288/760/82
f 3285/380/82 3286/1266/82 3287/378/82
f 3286/1266/82 3285/380/82 3284/1265/82
f 3285/380/82 3274/383/82 3284/1265/82
f 3274/383/82 3275/571/82 3284/1265/82
f 3275/571/82 3283/1263/82 3284/1265/82
f 3282/312/82 3283/1263/82 3275/571/82
f 3281/1261/82 3283/1263/82 3282/312/82
f 3278/311/82 3281/1261/82 3282/312/82
f 3279/1260/82 3281/1261/82 3278/311/82
f 3280/309/82 3279/1260/82 3278/311/82
f 3277/302/82 3276/300/82 3274/383/82
f 3276/300/82 3275/571/82 3274/383/82
f 3263/1267/393 3273/1268/1175 3261/1269/1176
f 3261/1269/1176 3273/1268/1175 3272/1270/1177
f 3257/1271/1178 3261/1269/1176 3271/1270/1179
f 3270/1272/393 3263/1267/393 3265/1273/393
f 3258/1274/393 3262/1275/1180 3260/1276/1181
f 3258/1274/393 3259/1277/1182 3269/1278/1183
f 3258/1274/393 3269/1278/1183 3262/1275/1180
f 3262/1275/1180 3269/1278/1183 3268/1279/1184
f 3267/1280/1185 3262/1275/1180 3268/1279/1184
f 3264/1281/393 3262/1275/1180 3267/1280/1185
f 3266/1282/1186 3264/1281/393 3267/1280/1185
f 3265/1273/393 3264/1281/393 3266/1282/1186
f 3265/1273/393 3263/1267/393 3264/1281/393
f 3263/1267/393 3262/1275/1180 3264/1281/393
f 3261/1269/1176 3262/1275/1180 3263/1267/393
f 3260/1276/1181 3262/1275/1180 3261/1269/1176
f 3260/1276/1181 3261/1269/1176 3257/1271/1178
f 3257/1271/1178 3258/1274/393 3260/1276/1181
f 3259/1277/1182 3258/1274/393 3257/1271/1178
f 3256/1283/1182 3247/1284/1187 3248/1285/1188
f 3254/1286/1189 3255/1287/23 3253/1288/1190
f 3245/1289/23 3254/1286/1189 3253/1288/1190
f 3244/1290/1191 3245/1289/23 3253/1288/1190
f 3252/1291/1192 3244/1290/1191 3253/1288/1190
f 3251/1292/1193 3244/1290/1191 3252/1291/1192
f 3251/1292/1193 3250/1293/1194 3244/1290/1191
f 3244/1290/1191 3250/1293/1194 3249/1294/1184
f 3249/1294/1184 3238/1295/1195 3244/1290/1191
f 3248/1285/1188 3238/1295/1195 3249/1294/1184
f 3248/1285/1188 3247/1284/1187 3238/1295/1195
f 3238/1295/1195 3247/1284/1187 3236/1296/1196
f 3236/1296/1196 3247/1284/1187 3246/1297/1197
f 3244/1290/1191 3243/1298/1198 3245/1289/23
f 3244/1290/1191 3238/1295/1195 3243/1298/1198
f 3243/1298/1198 3238/1295/1195 3242/1299/1199
f 3242/1299/1199 3238/1295/1195 3241/1300/1200
f 3241/1300/1200 3238/1295/1195 3240/1301/1200
f 3238/1295/1195 3239/1302/1201 3240/1301/1200
f 3239/1302/1201 3238/1295/1195 3237/1303/1202
f 3238/1295/1195 3236/1296/1196 3237/1303/1202
f 3237/1303/1202 3236/1296/1196 3234/1304/1203
f 3236/1296/1196 3235/1305/1204 3234/1304/1203
f 3233/1306/1205 3232/1307/1206 3231/1308/1207
f 3231/1308/1207 3232/1307/1206 3228/1309/1208
f 3228/1309/1208 3229/1310/1209 3231/1308/1207
f 3230/1311/1210 3229/1310/1209 3228/1309/1208
f 3227/1312/346 3226/971/345 3225/1313/1211
f 3225/1313/1211 3226/971/345 3224/990/1212
f 3224/990/1212 3223/1314/1213 3225/1313/1211
f 3222/989/1214 3223/1314/1213 3224/990/1212
f 3222/989/1214 3221/1315/1215 3223/1314/1213
f 3220/987/1216 3221/1315/1215 3222/989/1214
f 3221/1315/1215 3220/987/1216 3219/1316/1217
f 3219/1316/1217 3220/987/1216 3217/985/1218
f 3219/1316/1217 3217/985/1218 3218/1317/1219
f 3218/1317/1219 3217/985/1218 3216/983/1209
f 3215/1318/1220 3214/1319/1220 3213/1320/1221
f 3213/1320/1221 3214/1319/1220 3212/1321/1222
f 3213/1320/1221 3212/1321/1222 3211/1322/1223
f 3211/1322/1223 3212/1321/1222 3208/1323/1224
f 3208/1323/1224 3209/1324/1225 3211/1322/1223
f 3210/1325/1226 3209/1324/1225 3208/1323/1224
f 3207/1326/1227 3205/1327/1228 3206/1328/1229
f 3206/1328/1229 3205/1327/1228 3202/1329/1230
f 3205/1327/1228 3204/1330/1231 3202/1329/1230
f 3204/1330/1231 3203/1331/1232 3202/1329/1230
f 3203/1331/1232 3201/1332/1233 3202/1329/1230
f 3202/1329/1230 3201/1332/1233 3199/1333/1234
f 3201/1332/1233 3200/1334/1235 3199/1333/1234
f 3198/1335/1236 3197/1336/1237 3196/1337/1238
f 3196/1337/1238 3197/1336/1237 3195/1338/1239
f 3195/1338/1239 3193/1339/1240 3196/1337/1238
f 3194/1340/1241 3193/1339/1240 3195/1338/1239
f 3194/1340/1241 3192/1341/1242 3193/1339/1240
f 3193/1339/1240 3192/1341/1242 3190/1342/1243
f 3192/1341/1242 3191/1343/1244 3190/1342/1243
f 3184/1344/184 3188/1345/1245 3189/1346/1246
f 3189/1346/1246 3188/1345/1245 3187/1347/1247
f 3186/1348/1248 3185/1345/1249 3176/1349/1250
f 3176/1349/1250 3185/1345/1249 3184/1344/1251
f 3112/1350/1252 3123/1219/1253 3114/1351/1254
f 3183/1222/1255 3123/1219/1253 3112/1350/1252
f 3110/1352/1256 3183/1222/1255 3112/1350/1252
f 3182/1224/1257 3183/1222/1255 3110/1352/1256
f 3108/1353/1258 3182/1224/1257 3110/1352/1256
f 3181/1226/1259 3182/1224/1257 3108/1353/1258
f 3105/1354/1260 3181/1226/1259 3108/1353/1258
f 3180/1228/1261 3181/1226/1259 3105/1354/1260
f 3103/1355/1262 3180/1228/1261 3105/1354/1260
f 3179/1230/1263 3180/1228/1261 3103/1355/1262
f 3179/1230/1263 3103/1355/1262 3175/1232/1264
f 3175/1232/1264 3103/1355/1262 3100/1356/1265
f 3100/1356/1265 3174/1357/1266 3175/1232/1264
f 3100/1356/1265 3101/1358/1267 3174/1357/1266
f 3101/1358/1267 3178/1359/1268 3174/1357/1266
f 3174/1357/1266 3178/1359/1268 3172/1360/177
f 3178/1359/1268 3177/1348/1269 3172/1360/177
f 3172/1360/177 3177/1348/1269 3176/1349/1270
f 3175/1232/1264 3174/1357/1266 3173/1234/1271
f 3174/1357/1266 3172/1360/177 3173/1234/1271
f 3173/1234/1271 3172/1360/177 3171/1237/177
f 3170/1361/393 3160/1362/1272 3159/1363/393
f 3170/1361/393 3169/1364/1273 3160/1362/1272
f 3160/1362/1272 3169/1364/1273 3168/1365/1274
f 3168/1365/1274 3161/1366/1275 3160/1362/1272
f 3167/1367/1276 3161/1366/1275 3168/1365/1274
f 3167/1367/1276 3166/1368/1277 3161/1366/1275
f 3161/1366/1275 3166/1368/1277 3158/1369/1278
f 3166/1368/1277 3165/1370/1279 3158/1369/1278
f 3158/1369/1278 3165/1370/1279 3162/1371/1280
f 3158/1369/1278 3162/1371/1280 3157/1372/1281
f 3162/1371/1280 3163/1373/1282 3157/1372/1281
f 3164/1370/1283 3163/1373/1282 3162/1371/1280
f 3161/1366/1275 3158/1369/1278 3160/1362/1272
f 3160/1362/1272 3158/1369/1278 3159/1363/393
f 3159/1363/393 3158/1369/1278 3157/1372/1281
f 3156/693/1284 3149/1374/1285 3151/691/1285
f 3155/1375/1286 3149/1374/1285 3156/693/1284
f 3155/1375/1286 3147/1376/1287 3149/1374/1285
f 3154/1377/1288 3147/1376/1287 3155/1375/1286
f 3154/1377/1288 3153/1378/1062 3147/1376/1287
f 3147/1376/1287 3153/1378/1062 3145/1379/1289
f 3153/1378/1062 3136/1380/1290 3145/1379/1289
f 3152/337/1285 3151/691/1285 3150/340/1285
f 3150/340/1285 3151/691/1285 3149/1374/1285
f 3150/340/1285 3149/1374/1285 3148/342/1287
f 3148/342/1287 3149/1374/1285 3147/1376/1287
f 3147/1376/1287 3146/344/1291 3148/342/1287
f 3145/1379/1289 3146/344/1291 3147/1376/1287
f 3145/1379/1289 3143/345/1292 3146/344/1291
f 3144/1381/1293 3143/345/1292 3145/1379/1289
f 3145/1379/1289 3136/1380/1290 3144/1381/1293
f 3136/1380/1290 3135/1382/1294 3144/1381/1293
f 3144/1381/1293 3135/1382/1294 3143/345/1292
f 3143/345/1292 3135/1382/1294 3142/347/1295
f 3132/1383/1296 3142/347/1295 3135/1382/1294
f 3141/349/1297 3142/347/1295 3132/1383/1296
f 3130/1384/1298 3141/349/1297 3132/1383/1296
f 3139/351/1299 3141/349/1297 3130/1384/1298
f 3139/351/1299 3130/1384/1298 3138/1385/1300
f 3140/353/1301 3139/351/1299 3138/1385/1300
f 3138/1385/1300 3130/1384/1298 3137/358/1302
f 3130/1384/1298 3128/1386/1302 3137/358/1302
f 3128/1386/1302 3127/1387/1303 3137/358/1302
f 3137/358/1302 3127/1387/1303 3126/357/1303
f 3134/1388/1304 3135/1382/1294 3136/1380/1290
f 3135/1382/1294 3134/1388/1304 3132/1383/1296
f 3132/1383/1296 3134/1388/1304 3133/1389/1305
f 3131/1390/1306 3132/1383/1296 3133/1389/1305
f 3130/1384/1298 3132/1383/1296 3131/1390/1306
f 3131/1390/1306 3129/1391/1307 3130/1384/1298
f 3130/1384/1298 3129/1391/1307 3128/1386/1302
f 3129/1391/1307 3121/1392/1308 3128/1386/1302
f 3128/1386/1302 3121/1392/1308 3127/1387/1303
f 3127/1387/1303 3121/1392/1308 3120/1393/1309
f 3120/1393/1309 3126/357/1303 3127/1387/1303
f 3125/1394/1309 3126/357/1303 3120/1393/1309
f 3118/1395/1310 3125/1394/1309 3120/1393/1309
f 3124/1396/1311 3125/1394/1309 3118/1395/1310
f 3116/1397/1312 3124/1396/1311 3118/1395/1310
f 3122/1218/1313 3124/1396/1311 3116/1397/1312
f 3114/1351/1254 3122/1218/1313 3116/1397/1312
f 3123/1219/1253 3122/1218/1313 3114/1351/1254
f 3120/1393/1309 3121/1392/1308 3119/1398/1314
f 3120/1393/1309 3119/1398/1314 3118/1395/1310
f 3118/1395/1310 3119/1398/1314 3117/1399/1315
f 3118/1395/1310 3117/1399/1315 3116/1397/1312
f 3116/1397/1312 3117/1399/1315 3115/1400/1316
f 3116/1397/1312 3115/1400/1316 3114/1351/1254
f 3114/1351/1254 3115/1400/1316 3113/1401/1317
f 3114/1351/1254 3113/1401/1317 3112/1350/1252
f 3112/1350/1252 3113/1401/1317 3111/1402/1318
f 3112/1350/1252 3111/1402/1318 3110/1352/1256
f 3110/1352/1256 3111/1402/1318 3109/1403/1319
f 3110/1352/1256 3109/1403/1319 3108/1353/1258
f 3108/1353/1258 3109/1403/1319 3107/1404/1320
f 3108/1353/1258 3107/1404/1320 3105/1354/1260
f 3105/1354/1260 3107/1404/1320 3106/1405/1321
f 3106/1405/1321 3104/1406/1322 3105/1354/1260
f 3105/1354/1260 3104/1406/1322 3103/1355/1262
f 3104/1406/1322 3102/1407/1323 3103/1355/1262
f 3103/1355/1262 3102/1407/1323 3100/1356/1265
f 3102/1407/1323 3101/1358/1267 3100/1356/1265
f 3099/1408/1324 3098/1409/1324 3097/1410/1324
