# Blender 5.0.0
# www.blender.org
mtllib Untitled.mtl
o Tower_06.smd
v -47.892479 67.184471 -34.688763
v -47.942902 67.389313 -34.848251
v -47.942089 67.522743 -34.573151
v -40.029606 66.445885 -20.856142
v -40.407082 66.437653 -20.856142
v -40.135422 66.684654 -20.856142
v -40.513519 66.685394 -20.856142
v -40.775021 66.462616 -21.425131
v -40.668659 66.214775 -21.425123
v -42.605537 64.903152 -25.408056
v -42.499687 64.654640 -25.407988
v -46.905163 7.153248 -46.188835
v -46.905163 7.289333 -46.188835
v -47.217430 7.153248 -46.188835
v -47.217430 7.289317 -46.188835
v -46.905136 24.815084 -46.188843
v -47.217430 24.815084 -46.188839
v -47.957905 64.669456 -37.368229
v -49.120773 66.201004 -39.177773
v -47.957306 64.946053 -37.267380
v -49.120697 66.473289 -39.076504
v -49.286896 66.419800 -39.436275
v -49.286896 66.691467 -39.334953
v -49.286896 66.731590 -39.650646
v -49.286900 66.445869 -39.792320
v -49.286896 56.066093 -39.792320
v -49.286896 56.092163 -39.436275
v -49.286896 55.780373 -39.650642
v -49.286896 55.820496 -39.334949
v -49.120697 56.038677 -39.076504
v -49.120770 56.310959 -39.177769
v -47.957306 57.565929 -37.267380
v -47.957905 57.842522 -37.368225
v -45.667686 67.478760 -25.418283
v -45.440411 67.485756 -25.409834
v -45.662151 67.242241 -25.531435
v -45.437515 67.197998 -25.531435
v -42.605537 64.903152 -25.408056
v -42.752014 64.672043 -25.531435
v -45.667667 55.033264 -25.418274
v -45.915546 55.025414 -25.587132
v -45.662132 55.269779 -25.531425
v -45.906204 55.269779 -25.707348
v -47.786888 55.025265 -27.061888
v -47.752174 55.269779 -27.162313
v -47.934525 55.010071 -27.156956
v -47.892422 55.269779 -27.270679
v -46.905163 24.815086 -23.486141
v -46.905163 7.289232 -23.486124
v -47.217426 24.815086 -23.486132
v -47.217430 7.289346 -23.486124
v -46.905163 7.153257 -23.486124
v -47.217430 7.153257 -23.486124
v -46.905163 7.153257 -24.168869
v -47.217430 7.153257 -24.168873
v -46.905163 7.153248 -45.624252
v -47.217430 7.153248 -45.622658
v -47.217430 7.153248 -46.188835
v -46.905163 7.153248 -46.188835
v -35.821293 51.333351 -46.188850
v -35.266266 51.384640 -46.188850
v -35.660088 51.906216 -46.188850
v -35.494713 50.674709 -46.188850
v -36.126343 50.759789 -46.188850
v -35.921440 49.929462 -46.188850
v -46.873215 36.899311 -46.188854
v -43.305550 40.362400 -46.188850
v -44.469391 38.854496 -46.188854
v -46.542812 36.231411 -46.188854
v -47.067158 36.546764 -46.188854
v -46.733303 35.902569 -46.188854
v -47.177090 36.317493 -46.188854
v -46.840584 35.646523 -46.188854
v -47.217430 35.934795 -46.188854
v -46.905113 35.174961 -46.188854
v -47.217430 27.047277 -46.188850
v -46.905136 27.047277 -46.188854
v -29.597439 65.778374 -31.055204
v -29.597439 67.707550 -27.523863
v -29.597439 67.744553 -27.633297
v -29.597439 67.613480 -27.480177
v -29.597439 61.420528 -27.480171
v -29.597439 65.532364 -31.106705
v -29.597439 52.100876 -31.106697
v -29.597439 51.719448 -31.023403
v -29.597439 51.405186 -30.833546
v -29.597439 49.519657 -29.017550
v -29.597439 49.205402 -28.837336
v -29.597439 48.784523 -28.744400
v -29.597439 41.494503 -27.480167
v -29.597439 31.659924 -28.744390
v -29.597439 31.361778 -28.643410
v -29.597439 31.195435 -28.438156
v -29.597439 31.659924 -27.480160
v -29.597439 31.195435 -27.786398
v -29.597439 31.337477 -27.547375
v -29.597439 65.672218 -31.106705
v -47.957306 64.946053 -37.267380
v -47.892487 64.680641 -37.074345
v -47.957905 64.669456 -37.368229
v -42.476017 2.483080 -25.037907
v -42.475769 5.306346 -25.037910
v -41.114452 2.483021 -25.037905
v -39.630527 4.129641 -25.037907
v -39.164558 5.305949 -25.037907
v -38.855259 4.131202 -25.037907
v -38.850544 11.330588 -25.037910
v -39.166550 11.330589 -25.037909
v -38.920288 11.618691 -25.037912
v -39.235352 11.618692 -25.037909
v -39.132004 11.906800 -25.037910
v -39.446121 11.906799 -25.037910
v -44.010109 16.727396 -25.037912
v -44.288277 16.727396 -25.037912
v -44.218193 17.015505 -25.037914
v -44.494827 17.015503 -25.037914
v -44.291710 17.303614 -25.037916
v -44.566814 17.303614 -25.037916
v -44.291302 25.302380 -25.037914
v -44.534550 25.485897 -25.037916
v -44.156399 25.728825 -25.037916
v -44.380581 25.935833 -25.037916
v -44.047344 26.209566 -25.037916
v -43.873276 25.979059 -25.037916
v -43.873276 25.979048 -44.637192
v -44.047344 26.209553 -44.637192
v -44.156399 25.728815 -44.637192
v -44.380581 25.935823 -44.637192
v -44.534550 25.485889 -44.637192
v -44.291302 25.302370 -44.637196
v -44.566814 17.303604 -44.637180
v -44.291710 17.303604 -44.637180
v -44.494705 17.015499 -44.637180
v -44.218193 17.015497 -44.637180
v -44.288033 16.727396 -44.637184
v -44.010113 16.727394 -44.637180
v -39.441750 11.906786 -44.637180
v -39.132004 11.906785 -44.637177
v -39.230923 11.618682 -44.637177
v -38.920288 11.618686 -44.637180
v -39.162064 11.330580 -44.637177
v -38.850548 11.330583 -44.637180
v -39.162315 5.305944 -44.637177
v -38.855255 4.131196 -44.637177
v -39.630531 4.131392 -44.637180
v -41.114452 2.482943 -44.637180
v -42.475769 5.306342 -44.637180
v -42.476021 2.482936 -44.637180
v -47.217426 27.049164 -23.486134
v -46.905163 35.174755 -23.486153
v -46.905163 27.049164 -23.486143
v -47.217430 35.935150 -23.486135
v -46.840321 35.646267 -23.486166
v -47.177101 36.317871 -23.486135
v -46.733833 35.902683 -23.486174
v -47.067188 36.546871 -23.486135
v -46.545238 36.231178 -23.486181
v -46.873253 36.899704 -23.486135
v -44.471561 38.854626 -23.486137
v -43.307732 40.362537 -23.486111
v -35.922874 49.930706 -23.485939
v -36.127838 50.760979 -23.485939
v -35.496529 50.675560 -23.485939
v -35.823151 51.334217 -23.485939
v -35.266266 51.384922 -23.485939
v -35.660088 51.906532 -23.485939
v -30.001057 25.979134 -26.907555
v -30.001057 26.209564 -26.907555
v -30.001057 25.979134 -27.155367
v -30.001057 26.209566 -27.155367
v -30.001057 26.209562 -42.519730
v -30.001057 25.979139 -42.519730
v -30.001053 25.979139 -42.767544
v -30.001053 26.209564 -42.767544
v -49.286880 51.067844 -34.977161
v -49.286877 51.257088 -34.691383
v -49.286877 50.923790 -34.691437
v -49.286880 51.391903 -34.967258
v -49.118778 51.723610 -34.676605
v -49.118881 51.858253 -34.952385
v -47.942089 54.989235 -34.573151
v -47.942902 55.122662 -34.848251
v -45.667667 55.033264 -25.418274
v -45.662132 55.269779 -25.531425
v -45.440315 55.026253 -25.409809
v -45.437424 55.314098 -25.531425
v -42.608448 57.608791 -25.408031
v -42.754803 57.839935 -25.531427
v -47.934525 55.010071 -27.156956
v -47.940849 54.992516 -27.376692
v -47.892422 55.269779 -27.270679
v -47.892422 55.269779 -27.503275
v -47.942089 54.989235 -34.573151
v -47.892479 55.327511 -34.688763
v -45.667686 67.478760 -25.418283
v -45.662151 67.242241 -25.531435
v -45.915688 67.486610 -25.587133
v -45.906338 67.242233 -25.707355
v -47.786064 67.486717 -27.061895
v -47.751381 67.242195 -27.162321
v -47.934486 67.501823 -27.157043
v -47.892414 67.242195 -27.270687
v -47.892487 57.831341 -37.074345
v -47.892479 55.327511 -34.688763
v -47.957306 57.565929 -37.267380
v -47.942902 55.122662 -34.848251
v -39.677521 1.016869 -48.076794
v -45.098358 1.016869 -48.076794
v -39.677513 0.339372 -48.076794
v -45.693035 0.339372 -48.076794
v -45.693035 0.339383 -21.598297
v -45.098358 1.016880 -21.598297
v -39.677513 0.339383 -21.598286
v -39.677521 1.016880 -21.598286
v -44.715328 77.913811 -20.786230
v -44.410530 77.913811 -20.786230
v -44.715328 77.609016 -20.786230
v -44.410530 77.609016 -20.786230
v -43.982128 77.913811 -20.786230
v -44.286926 77.913811 -20.786230
v -43.982128 78.836769 -20.786230
v -44.286926 78.836769 -20.786230
v -28.573698 52.110317 -39.589504
v -28.573698 53.329517 -39.589504
v -28.573700 52.110317 -39.894302
v -28.573700 53.329517 -39.894302
v -28.573696 51.234016 -39.589504
v -28.573696 51.538815 -39.589504
v -28.573698 51.234016 -39.894302
v -28.573698 51.538815 -39.894302
v -28.573696 50.776817 -39.589504
v -28.573696 51.081615 -39.589504
v -28.573698 50.776817 -39.894302
v -28.573698 51.081615 -39.894302
v -28.274431 75.918427 -45.255756
v -28.274431 75.918427 -44.950958
v -28.274431 76.530487 -45.255756
v -28.274431 76.530487 -44.950958
v -47.957905 57.842522 -37.368225
v -47.892487 57.831341 -37.074345
v -47.957306 57.565929 -37.267380
v -49.286880 71.588173 -34.691441
v -49.286880 71.254868 -34.691387
v -49.286880 71.444115 -34.977161
v -49.286880 71.120056 -34.967262
v -49.118782 70.788353 -34.676609
v -49.118881 70.653717 -34.952385
v -47.942089 67.522743 -34.573151
v -47.942902 67.389313 -34.848251
v -35.660084 74.222580 -23.486050
v -35.266327 74.222542 -23.486050
v -35.660084 73.873894 -23.486050
v -35.266327 73.865700 -23.486050
v -35.660088 51.906532 -23.485939
v -35.266266 51.384922 -23.485939
v -47.934486 67.501823 -27.157043
v -47.892414 67.242195 -27.270687
v -47.940842 67.519463 -27.376699
v -47.892414 67.242195 -27.503283
v -47.942089 67.522743 -34.573151
v -47.892479 67.184471 -34.688763
v -42.752014 64.672043 -25.531435
v -42.605537 64.903152 -25.408056
v -42.499687 64.654640 -25.407988
v -42.754803 57.839935 -25.531427
v -42.752014 64.672043 -25.531435
v -42.502525 57.857334 -25.407967
v -42.499687 64.654640 -25.407988
v -47.942902 67.389313 -34.848251
v -47.892479 67.184471 -34.688763
v -47.957306 64.946053 -37.267380
v -47.892487 64.680641 -37.074345
v -47.957905 64.669456 -37.368229
v -47.892487 64.680641 -37.074345
v -47.957905 57.842522 -37.368225
v -47.892487 57.831341 -37.074345
v -35.266327 74.222542 -46.188858
v -35.266327 74.222542 -23.486050
v -35.660084 74.222580 -46.188858
v -35.660084 74.222580 -23.486050
v -35.660084 74.222580 -46.188858
v -35.660088 51.906216 -46.188850
v -35.266327 74.222542 -46.188858
v -35.266266 51.384640 -46.188850
v -32.102013 26.209740 -44.661411
v -32.102013 25.979313 -44.661419
v -30.001053 26.209564 -42.767544
v -30.001053 25.979139 -42.767544
v -32.102036 26.209753 -25.062555
v -30.001057 26.209564 -26.907555
v -32.102036 25.979328 -25.062551
v -30.001057 25.979134 -26.907555
v -44.047344 26.209553 -44.637192
v -43.873276 25.979048 -44.637192
v -32.102013 26.209740 -44.661411
v -32.102013 25.979313 -44.661419
v -44.047344 26.209566 -25.037916
v -32.102036 26.209753 -25.062555
v -43.873276 25.979059 -25.037916
v -32.102036 25.979328 -25.062551
v -54.695183 7.556236 -38.397717
v -54.695183 7.556236 -38.702518
v -54.695183 8.775436 -38.397717
v -54.695183 8.775436 -38.702518
v -49.387657 49.323261 -24.358967
v -49.394855 49.323261 -24.543896
v -49.387657 50.333961 -24.358969
v -49.394855 50.333961 -24.543898
v -49.387657 50.499962 -24.358969
v -49.394855 50.499962 -24.543898
v -42.754803 57.839935 -25.531427
v -42.502525 57.857334 -25.407967
v -42.608448 57.608791 -25.408031
v -31.441893 64.091583 -48.777988
v -31.039616 64.091599 -48.489334
v -31.441893 66.063324 -48.777988
v -31.039616 66.063339 -48.489334
v -31.441837 63.478642 -48.778065
v -31.039562 63.478642 -48.489410
v -31.441837 63.971573 -48.778065
v -31.039562 63.971573 -48.489410
v -31.441893 64.091583 -20.897102
v -31.441893 66.063324 -20.897102
v -31.039616 64.091599 -21.185755
v -31.039616 66.063339 -21.185755
v -31.441879 63.478699 -20.897085
v -31.441879 63.971630 -20.897085
v -31.039600 63.478706 -21.185736
v -31.039600 63.971642 -21.185736
v -47.492584 55.665314 -26.765873
v -47.492584 56.593750 -26.765873
v -47.256550 55.665314 -26.573021
v -47.256550 56.593750 -26.573021
v -47.492588 56.884537 -26.765869
v -47.492588 57.178745 -26.765869
v -47.256554 56.884537 -26.573019
v -47.256554 57.178745 -26.573019
v -47.492584 56.675030 -26.765873
v -47.492584 56.778740 -26.765873
v -47.256550 56.675030 -26.573021
v -47.256550 56.778740 -26.573021
v -49.401306 72.936897 -44.917015
v -49.401306 74.782822 -44.917015
v -49.401306 72.936897 -44.307415
v -49.401306 74.782822 -44.307415
v -49.401306 76.003944 -44.307426
v -49.401306 75.394341 -44.307415
v -49.401306 76.003944 -44.917030
v -49.401306 75.394341 -44.917019
v -56.774330 15.289876 -45.514420
v -56.774334 16.218313 -45.514187
v -56.776630 15.289801 -45.209629
v -56.776634 16.218237 -45.209396
v -56.774338 16.509075 -45.514114
v -56.774345 17.123749 -45.513958
v -56.776642 16.508999 -45.209320
v -56.776646 17.123671 -45.209167
v -26.866831 14.072102 -39.910431
v -26.866831 14.376901 -39.910431
v -26.866831 14.072102 -40.215233
v -26.866831 14.376901 -40.215233
v -26.866831 14.834099 -39.910431
v -26.866831 15.138900 -39.910431
v -26.866833 14.834099 -40.215233
v -26.866833 15.138900 -40.215233
v -26.866831 15.291300 -39.910431
v -26.866831 15.596101 -39.910431
v -26.866831 15.291300 -40.215233
v -26.866833 15.596101 -40.215233
v -28.274429 74.394424 -45.255749
v -28.274429 74.394424 -44.950947
v -28.274429 75.613625 -45.255749
v -28.274429 75.613625 -44.950947
v -40.034412 56.066116 -20.856136
v -40.140316 55.827301 -20.856136
v -40.411724 56.074333 -20.856136
v -40.518242 55.826561 -20.856136
v -40.779518 56.049343 -21.425125
v -40.673073 56.297207 -21.425119
v -42.608448 57.608791 -25.408031
v -42.502525 57.857334 -25.407967
v -47.892479 55.327511 -34.688763
v -47.942089 54.989235 -34.573151
v -47.942902 55.122662 -34.848251
v -47.061283 26.813257 -45.132694
v -46.905136 27.047277 -46.188854
v -47.217430 27.047277 -46.188850
v -43.873276 25.979048 -44.637192
v -43.815586 25.826664 -45.260380
v -32.354702 25.826771 -45.260380
v -32.102013 25.979313 -44.661419
v -32.102013 25.826803 -45.260376
v -29.474024 26.361946 -26.907553
v -29.638271 26.361948 -26.751753
v -29.474024 28.258438 -26.907553
v -29.638271 28.258438 -26.751753
v -31.937744 28.258438 -24.570530
v -31.937744 26.362000 -24.570538
v -32.101994 26.362001 -24.414736
v -32.101994 28.258438 -24.414728
v -45.620705 28.258425 -45.260380
v -44.686836 25.511532 -45.260380
v -44.510746 26.026106 -45.260380
v -44.101906 26.361937 -45.260380
v -32.354702 26.361967 -45.260380
v -32.354698 28.258425 -45.260380
v -32.102013 26.361992 -45.260380
v -32.102013 28.258429 -45.260380
v -31.937763 28.258429 -45.104576
v -31.937763 26.361990 -45.104576
v -29.638273 28.258429 -42.923336
v -29.638273 26.361944 -42.923336
v -29.474024 28.258425 -42.767532
v -29.474024 26.361940 -42.767532
v -29.474024 26.361938 -42.519722
v -29.474024 28.258429 -42.519722
v -29.474024 28.258438 -27.155365
v -29.474024 26.361948 -27.155365
v -29.638273 1.875501 -26.751740
v -29.638271 25.826754 -26.751753
v -29.474024 1.875502 -26.907541
v -31.937748 1.875485 -24.570526
v -31.937744 25.826797 -24.570536
v -32.101994 25.826799 -24.414736
v -32.101997 1.875483 -24.414726
v -44.138920 25.278837 -45.260380
v -32.354748 1.875496 -45.260361
v -44.023842 25.642597 -45.260380
v -43.815586 25.826664 -45.260380
v -32.354702 25.826771 -45.260380
v -32.102013 1.875488 -45.260361
v -32.102013 25.826803 -45.260376
v -31.937763 1.875488 -45.104561
v -31.937763 25.826799 -45.104572
v -29.638273 1.875498 -42.923309
v -29.638273 25.826754 -42.923336
v -29.474024 1.875498 -42.767506
v -29.474024 25.826748 -42.767532
v -29.474024 25.826748 -42.519722
v -29.474024 1.875498 -42.519695
v -29.474024 1.875502 -27.155354
v -29.474024 25.826754 -27.155365
v -29.474024 25.826750 -26.907553
v -43.893211 16.825802 -45.260365
v -44.139324 17.322735 -45.260365
v -44.077702 17.081240 -45.260365
v -39.015545 12.005650 -45.260365
v -38.779381 11.684272 -45.260365
v -38.698151 11.348716 -45.260365
v -38.702972 3.978773 -45.260361
v -41.033539 2.330515 -45.260361
v -39.549625 3.978988 -45.260361
v -42.628418 2.330511 -45.260361
v -45.676933 1.875498 -45.260361
v -42.628143 5.458745 -45.260365
v -39.314449 11.312627 -45.260365
v -39.314697 5.458348 -45.260365
v -39.372002 11.553438 -45.260365
v -39.558464 11.808247 -45.260365
v -44.405254 16.629368 -45.260365
v -44.635471 16.950296 -45.260365
v -44.719273 17.285118 -45.260365
v -46.099346 1.875498 -45.260361
v -46.030140 28.258425 -45.260380
v -46.099342 1.875497 -44.934647
v -46.030140 28.258425 -44.934666
v -46.030140 28.258434 -24.740446
v -46.099342 1.875504 -24.740435
v -46.099346 1.875505 -24.414719
v -46.030140 28.258438 -24.414728
v -45.676933 1.875506 -24.414719
v -45.620705 28.258434 -24.414736
v -44.686836 25.511539 -24.414728
v -44.719273 17.285160 -24.414736
v -42.630486 5.455057 -24.414719
v -39.318928 11.312620 -24.414728
v -39.316998 5.458183 -24.414726
v -39.376442 11.553468 -24.414728
v -39.562866 11.808288 -24.414728
v -44.405533 16.629419 -24.414736
v -44.635620 16.950354 -24.414736
v -44.510750 26.026115 -24.414736
v -44.101906 26.361950 -24.414728
v -32.354698 28.258434 -24.414728
v -32.354702 26.361971 -24.414736
v -32.101994 28.258438 -24.414728
v -32.101994 26.362001 -24.414736
v -38.702972 3.979125 -24.414726
v -41.033470 2.330552 -24.414726
v -39.549500 3.977417 -24.414726
v -32.354748 1.875502 -24.414719
v -42.628311 2.330585 -24.414726
v -44.138920 25.278847 -24.414736
v -44.023846 25.642607 -24.414736
v -43.815586 25.826674 -24.414728
v -32.354702 25.826775 -24.414728
v -32.101997 1.875483 -24.414726
v -32.101994 25.826799 -24.414736
v -44.139324 17.322744 -24.414736
v -43.893211 16.825809 -24.414728
v -44.077698 17.081249 -24.414736
v -39.015545 12.005661 -24.414721
v -38.779377 11.684274 -24.414728
v -38.698147 11.348721 -24.414728
v -33.556751 4.695762 -22.739227
v -31.380440 4.427244 -24.059284
v -33.587349 4.432440 -22.739227
v -33.704922 4.695716 -22.649263
v -33.569351 4.958389 -22.649265
v -33.735291 4.432782 -22.649263
v -33.735291 3.219933 -22.649263
v -33.587349 3.219918 -22.739227
v -31.380440 3.219679 -24.059284
v -31.065166 4.426502 -24.247864
v -31.065166 3.219644 -24.247864
v -31.380459 2.993088 -24.059284
v -33.587498 2.993088 -22.739229
v -33.735451 2.993088 -22.649265
v -31.065166 2.993088 -24.247864
v -27.937304 9.212754 -24.247860
v -27.937304 13.065699 -24.247871
v -27.937304 9.212752 -24.573143
v -28.237825 13.065699 -24.059296
v -28.237867 9.212755 -24.059284
v -30.341475 13.065699 -22.739260
v -30.341808 9.212763 -22.739254
v -30.481953 13.065699 -22.649271
v -30.482311 9.212763 -22.649265
v -30.548428 8.647681 -22.739658
v -30.701172 8.647615 -22.649263
v -30.872566 8.138582 -22.739876
v -31.028294 8.138579 -22.649263
v -33.421490 4.958389 -22.739229
v -31.352703 4.696460 -24.059284
v -28.263695 8.648680 -24.059338
v -28.578079 8.138587 -24.059370
v -31.188156 4.958389 -24.059284
v -31.037840 4.696560 -24.247864
v -28.250294 8.138587 -24.247871
v -27.937304 8.648821 -24.247864
v -30.869106 4.958389 -24.247864
v -28.250294 8.138587 -24.573143
v -30.869106 4.958389 -24.247864
v -28.250294 8.138587 -24.247871
v -27.937304 8.648821 -24.573143
v -31.065166 2.993088 -24.573143
v -31.065166 2.993088 -24.247864
v -31.065166 3.219644 -24.573143
v -31.065166 3.219644 -24.247864
v -31.065166 4.426502 -24.573143
v -31.065166 4.426502 -24.247864
v -31.037840 4.696559 -24.573143
v -31.037840 4.696560 -24.247864
v -30.869106 4.958389 -24.573143
v -28.250278 8.138577 -45.100586
v -27.937304 8.648811 -45.100586
v -27.937304 9.212753 -45.100586
v -31.065166 2.993088 -24.573143
v -31.065166 2.993082 -45.100586
v -31.065166 3.219638 -45.100586
v -31.065166 4.426496 -45.100586
v -31.037840 4.696547 -45.100586
v -30.869118 4.958382 -45.100586
v -31.065166 3.219638 -45.394638
v -31.065166 2.993082 -45.394638
v -31.065166 4.426496 -45.394638
v -31.037840 4.696547 -45.394638
v -30.869118 4.958382 -45.394638
v -28.250278 8.138577 -45.394638
v -27.937304 8.648811 -45.394638
v -27.937304 8.648811 -45.100586
v -27.937304 9.212753 -45.394638
v -27.937304 13.065689 -45.100586
v -27.937304 13.065699 -24.573149
v -27.937304 13.065689 -45.394638
v -28.237825 13.065689 -45.585415
v -28.237867 9.212753 -45.585415
v -30.341475 13.065689 -46.920849
v -30.341808 9.212753 -46.920849
v -30.482311 9.212753 -47.009815
v -30.549959 8.647671 -46.920849
v -30.702805 8.647606 -47.009815
v -30.877201 8.138574 -46.920849
v -31.033241 8.138570 -47.009815
v -33.421494 4.958382 -46.920849
v -33.569351 4.958382 -47.009815
v -33.556751 4.695753 -46.920849
v -33.704922 4.695708 -47.009815
v -33.587349 4.432433 -46.920849
v -33.735291 4.432775 -47.009815
v -33.587349 3.219909 -46.920849
v -33.735291 3.219925 -47.009815
v -33.587498 2.993079 -46.920849
v -33.735451 2.993079 -47.009815
v -30.481953 13.065689 -47.009815
v -28.263885 8.648669 -45.585415
v -28.578644 8.138577 -45.585415
v -31.188164 4.958382 -45.585415
v -31.352703 4.696448 -45.585415
v -31.380440 4.427238 -45.585415
v -31.380440 3.219672 -45.585415
v -31.380459 2.993082 -45.585415
v -31.065166 2.993082 -45.394638
v -31.065166 3.219638 -45.394638
v -31.065166 4.426496 -45.394638
v -31.037840 4.696547 -45.394638
v -30.869118 4.958382 -45.394638
v -28.250278 8.138577 -45.394638
v -32.354702 26.361967 -45.260380
v -44.101906 26.361937 -45.260380
v -44.047344 26.209553 -44.637192
v -32.102013 26.209740 -44.661411
v -32.102013 26.361992 -45.260380
v -39.674065 22.046051 -22.649269
v -30.656876 22.247814 -22.791609
v -30.656876 22.046051 -22.649269
v -39.889729 22.247814 -22.791611
v -39.999428 21.818609 -22.649269
v -40.214542 22.019785 -22.791613
v -40.422276 21.656073 -22.791613
v -40.207714 21.455481 -22.649269
v -40.420128 17.866886 -22.791622
v -40.203316 17.866888 -22.649267
v -40.399857 17.396160 -22.791628
v -40.182163 17.396160 -22.649267
v -40.196251 16.904808 -22.791636
v -39.977081 16.904808 -22.649267
v -38.347893 15.307578 -22.791636
v -38.262184 15.513344 -22.649267
v -30.656876 15.513346 -22.649267
v -30.483307 15.307588 -22.845816
v -30.482140 15.513346 -22.649271
v -30.341646 22.046041 -46.920853
v -28.237846 22.046041 -45.585419
v -30.351055 22.247805 -46.741920
v -28.353054 22.247805 -45.413765
v -28.067627 22.247805 -45.224026
v -27.937304 22.046041 -45.394642
v -27.937304 22.046041 -45.100590
v -28.067627 22.247805 -44.858875
v -27.937304 22.046051 -24.573153
v -28.067627 22.247814 -24.816195
v -28.067627 22.247814 -24.451044
v -27.937304 22.046051 -24.247873
v -28.353054 22.247814 -24.261309
v -28.237846 22.046051 -24.059298
v -30.351055 22.247814 -22.933153
v -30.341646 22.046051 -22.739260
v -30.483307 22.247814 -22.845789
v -30.482140 22.046051 -22.649271
v -38.262184 15.513337 -47.009819
v -39.977081 16.904799 -47.009819
v -38.347893 15.307569 -46.883461
v -40.196251 16.904799 -46.883461
v -40.182163 17.396151 -47.009819
v -40.399857 17.396151 -46.883461
v -40.203316 17.866879 -47.009819
v -40.420128 17.866877 -46.883461
v -40.207714 21.455471 -47.009819
v -40.422276 21.656063 -46.883465
v -39.999428 21.818600 -47.009819
v -40.214542 22.019775 -46.883465
v -39.889729 22.247805 -46.883465
v -39.674065 22.046041 -47.009819
v -30.656876 22.247805 -46.883465
v -30.656876 22.046041 -47.009819
v -30.482140 22.046041 -47.009819
v -30.483307 22.247805 -46.829285
v -30.341646 15.513346 -22.739260
v -30.483307 15.307588 -22.845816
v -30.482140 15.513346 -22.649271
v -28.353054 15.307597 -24.261332
v -28.237846 15.513348 -24.059298
v -27.937304 15.513348 -24.247873
v -28.067627 15.307599 -24.451067
v -27.937304 15.513348 -24.573151
v -28.067627 15.307570 -44.858875
v -27.937304 15.513337 -45.100586
v -28.067627 15.307569 -45.224026
v -27.937304 15.513337 -45.394638
v -28.237846 15.513337 -45.585419
v -28.353054 15.307569 -45.413761
v -30.341646 15.513337 -46.920853
v -30.483307 15.307569 -46.829285
v -30.482140 15.513337 -47.009819
v -30.656876 15.513337 -47.009819
v -31.471394 58.814373 -22.883512
v -31.544264 58.626431 -21.308849
v -31.830317 58.787113 -21.069492
v -44.101906 26.361937 -45.260380
v -44.510746 26.026106 -45.260380
v -44.047344 26.209553 -44.637192
v -44.380581 25.935823 -44.637192
v -44.686836 25.511532 -45.260380
v -44.534550 25.485889 -44.637192
v -44.719273 17.285118 -45.260365
v -44.566814 17.303604 -44.637180
v -44.494705 17.015499 -44.637180
v -44.635471 16.950296 -45.260365
v -44.405254 16.629368 -45.260365
v -44.288033 16.727396 -44.637184
v -39.558464 11.808247 -45.260365
v -39.441750 11.906786 -44.637180
v -39.372002 11.553438 -45.260365
v -39.230923 11.618682 -44.637177
v -39.162064 11.330580 -44.637177
v -39.314449 11.312627 -45.260365
v -39.314697 5.458348 -45.260365
v -39.162315 5.305944 -44.637177
v -56.647469 31.913626 -35.044834
v -55.667934 32.314831 -35.526722
v -56.647469 32.282829 -34.893421
v -56.647469 31.740925 -35.369625
v -55.667934 32.145790 -35.908737
v -56.647469 31.740917 -45.816586
v -55.667934 32.145790 -46.170750
v -56.647469 31.740917 -46.170750
v -49.286873 47.542259 -34.893444
v -48.307343 50.441509 -35.392822
v -49.286880 50.505909 -34.895832
v -48.307343 47.542259 -35.392559
v -49.390751 46.815548 -34.893444
v -48.511353 46.477779 -35.392471
v -49.591022 46.140011 -34.893444
v -48.990215 45.497547 -35.392395
v -49.969753 45.497547 -34.893444
v -55.020981 38.239174 -35.391899
v -56.000515 38.239174 -34.893375
v -55.455685 37.633087 -35.391857
v -56.435200 37.633087 -34.893375
v -55.667934 36.819111 -35.391788
v -56.647469 36.819111 -34.893375
v -55.667934 36.305252 -35.391743
v -56.647469 36.252075 -34.893383
v -55.667934 32.708263 -35.391430
v -30.859592 63.705334 -21.651640
v -30.859589 65.903069 -21.651640
v -30.562366 63.633236 -21.402643
v -30.562365 66.019241 -21.402643
v -30.859592 63.705753 -48.008511
v -30.562366 63.633141 -48.258778
v -30.859589 65.903061 -48.008511
v -30.562366 66.019249 -48.258778
v -31.226862 58.787113 -21.069492
v -31.544264 58.626431 -21.308849
v -31.471394 58.814373 -22.883512
v -26.967793 16.522705 -41.031296
v -27.068960 16.410944 -41.130108
v -26.967793 16.264536 -41.031296
v -27.068960 16.671436 -41.130108
v -27.675980 17.289392 -41.722969
v -27.675980 17.563828 -41.722969
v -27.068958 -0.000013 -41.130104
v -27.675972 -0.000013 -41.722965
v -27.777142 -0.000013 -41.821774
v -27.777149 17.435801 -41.821777
v -27.777149 17.712559 -41.821777
v -27.977493 17.435801 -41.821777
v -27.977482 -0.000013 -41.821774
v -39.589943 -0.000013 -41.821774
v -27.977493 17.712559 -41.821777
v -27.777149 17.712559 -41.821777
v -27.977493 17.712559 -41.494392
v -27.977493 17.712559 -41.821777
v -27.777149 17.712559 -41.494392
v -27.675980 17.563828 -41.722969
v -27.675980 17.563828 -41.400211
v -27.068960 16.671436 -41.130108
v -27.068960 16.671436 -40.835144
v -26.967793 16.522705 -40.740963
v -26.967793 16.264536 -40.740963
v -27.977493 17.712566 -31.699575
v -27.777149 17.712566 -31.701437
v -27.777149 17.712559 -41.494392
v -27.675980 17.563835 -31.753084
v -27.068960 16.671442 -32.035614
v -26.967793 16.522705 -40.740963
v -26.967793 16.522709 -32.077480
v -26.967793 16.264542 -32.076286
v -26.967793 12.260250 -32.076286
v -26.967793 8.569529 -34.837528
v -26.967793 5.774949 -34.837528
v -26.967793 -0.000013 -40.740963
v -26.967793 -0.000013 -41.031296
v -26.967793 3.966036 -32.076294
v -26.967793 -0.000008 -32.076298
v -54.507599 29.839409 -21.431406
v -56.647469 29.592600 -23.504362
v -56.488560 29.839409 -23.990099
v -56.531422 29.592600 -23.341425
v -54.817513 29.592600 -21.124512
v -54.591141 29.592600 -20.856129
v -28.393795 27.448231 -45.963871
v -28.393795 27.448238 -35.422215
v -28.393795 32.076633 -35.422215
v -28.393795 39.476395 -41.266647
v -28.393795 39.476395 -45.963875
v -28.393795 54.411289 -41.266647
v -28.393795 77.943375 -45.963890
v -28.393795 59.571499 -35.449574
v -28.393795 77.943375 -35.422234
v -28.393795 78.290077 -35.422234
v -28.393795 26.961216 -35.422215
v -28.393795 26.961208 -45.963871
v -28.393795 26.961208 -46.322758
v -28.393795 27.448231 -46.322758
v -28.393795 39.476395 -46.322758
v -28.393795 62.897552 -46.322765
v -28.393795 77.943375 -46.322777
v -28.393795 78.290077 -45.963890
v -28.740738 78.487625 -35.422249
v -28.740744 78.487625 -46.257950
v -30.562193 79.524765 -35.422325
v -30.562233 79.524765 -47.801765
v -31.169342 79.870483 -35.422352
v -31.169395 79.870483 -48.316372
v -30.562271 79.524765 -48.258793
v -31.169445 79.870483 -48.800877
v -28.740751 78.487625 -46.632538
v -28.393795 78.290077 -46.322777
v -29.414814 60.815437 -23.300297
v -30.841843 42.111038 -22.016136
v -30.841846 60.815441 -22.016140
v -29.414814 42.111034 -23.300293
v -29.142998 60.815437 -23.544895
v -29.142998 42.111034 -23.544891
v -29.142998 60.813255 -23.826046
v -29.142998 42.110836 -23.826042
v -29.142998 42.110115 -24.810757
v -29.142998 60.805622 -24.810759
v -29.142998 60.805630 -24.920753
v -29.142998 42.110115 -24.920752
v -29.142998 42.110115 -25.030748
v -29.142998 60.805649 -25.030750
v -29.369879 42.110115 -25.208637
v -29.369879 60.805645 -25.208639
v -30.958042 60.805592 -26.453846
v -30.958042 42.110104 -26.453842
v -29.369879 60.805645 -25.208639
v -30.710691 61.420540 -27.067350
v -30.958042 60.805592 -26.453846
v -28.683407 61.420582 -25.477848
v -29.142998 60.805649 -25.030750
v -28.393793 61.420601 -25.250776
v -28.393793 61.420582 -25.110367
v -29.142998 60.805630 -24.920753
v -28.393793 61.420574 -24.969955
v -29.142998 60.805622 -24.810759
v -28.393793 61.428711 -23.712971
v -29.142998 60.813255 -23.826046
v -29.142998 60.815437 -23.544895
v -28.393793 61.431038 -23.354084
v -30.841843 42.111038 -22.016136
v -29.414814 42.111034 -23.300293
v -30.562361 41.495506 -21.402634
v -28.740765 41.495506 -23.041851
v -29.142998 42.111034 -23.544891
v -28.393793 41.495502 -23.354082
v -30.562355 27.430141 -35.048244
v -29.312523 27.430143 -35.048206
v -30.562355 26.961214 -35.422306
v -28.740765 26.961216 -35.422230
v -28.965553 27.430143 -35.048199
v -28.393795 26.961216 -35.422215
v -39.845974 10.842605 -48.800842
v -42.051201 5.889421 -48.800842
v -39.845974 5.889213 -48.800842
v -42.051193 10.842642 -48.800842
v -39.890133 11.063265 -48.800842
v -39.981258 11.283924 -48.800842
v -42.095879 11.063279 -48.800842
v -42.163540 11.283917 -48.800842
v -45.190136 14.571173 -48.800842
v -45.244789 14.655915 -48.800842
v -45.266861 14.744538 -48.800842
v -44.703033 16.200008 -48.800842
v -44.990093 16.585871 -48.800842
v -45.167099 16.956657 -48.800842
v -45.266865 17.342520 -48.800842
v -39.845974 5.642406 -48.800842
v -42.051205 5.642406 -48.800842
v -39.402206 5.642406 -48.800842
v -39.402206 5.888822 -48.800842
v -39.402206 10.842642 -48.800842
v -39.432884 11.063276 -48.800842
v -39.510536 11.283909 -48.800842
v -44.485603 16.342289 -48.800842
v -44.722450 16.666355 -48.800842
v -44.868118 17.018661 -48.800842
v -44.899258 17.342726 -48.800842
v -44.899281 25.769743 -48.800854
v -45.266865 26.072458 -48.800854
v -44.587418 26.442780 -48.800854
v -44.919880 26.843214 -48.800854
v -44.161407 26.768816 -48.800854
v -44.535370 27.218390 -48.800854
v -44.003166 27.471336 -48.800854
v -43.563477 26.961208 -48.800854
v -40.074314 27.454439 -48.800854
v -31.398731 26.961208 -48.800854
v -31.398714 27.448330 -48.800854
v -31.398706 38.957657 -48.800858
v -31.281040 39.120781 -48.800858
v -31.204744 39.293415 -48.800858
v -31.169550 27.448231 -48.800854
v -31.169605 39.464836 -48.800858
v -30.562355 27.448231 -48.258770
v -30.562361 39.464951 -48.258770
v -31.169552 26.961208 -48.800854
v -30.562355 26.961212 -48.258774
v -28.740765 26.961208 -46.632519
v -28.740765 27.448231 -46.632519
v -28.393795 27.448231 -46.322758
v -28.393795 39.476395 -46.322758
v -28.393795 26.961208 -46.322758
v -28.740765 62.897549 -46.632526
v -28.740765 39.476391 -46.632523
v -30.562368 62.897549 -48.258778
v -28.740757 78.140923 -46.632538
v -28.393795 62.897552 -46.322765
v -28.393795 77.943375 -46.322777
v -28.393795 78.290077 -46.322777
v -28.740751 78.487625 -46.632538
v -30.562313 79.178070 -48.258789
v -30.562271 79.524765 -48.258793
v -31.169498 79.523781 -48.800873
v -31.169445 79.870483 -48.800877
v -31.169590 58.737221 -48.800861
v -31.169586 60.066856 -48.800861
v -31.169571 62.897549 -48.800861
v -30.562366 63.633141 -48.258778
v -30.562366 66.019249 -48.258778
v -31.169563 66.761269 -48.800861
v -31.544264 58.626411 -48.348240
v -31.544264 58.515606 -48.478638
v -31.226862 58.787094 -48.587597
v -31.169590 58.737221 -48.800861
v -31.887589 58.737221 -48.800861
v -31.544264 58.515606 -48.478638
v -31.830317 58.787094 -48.587597
v -31.544264 58.626411 -48.348240
v -31.544262 60.177658 -48.348240
v -31.226860 60.016979 -48.587597
v -31.544258 60.288464 -48.478638
v -31.169586 60.066856 -48.800861
v -31.471394 59.989738 -22.883512
v -31.830315 60.016998 -21.069492
v -31.544262 60.177677 -21.308849
v -44.727474 16.670521 -48.431999
v -44.868118 17.018661 -48.800842
v -44.722450 16.666355 -48.800842
v -44.494106 16.351107 -48.431999
v -44.485603 16.342289 -48.800842
v -39.510319 11.283909 -48.431999
v -39.510536 11.283909 -48.800842
v -39.432777 11.063276 -48.431999
v -39.432884 11.063276 -48.800842
v -39.402206 10.842642 -48.431999
v -39.402206 10.842642 -48.800842
v -39.402206 5.888822 -48.800842
v -39.510319 11.283918 -21.242596
v -44.494095 16.351107 -21.242601
v -44.727467 16.670527 -21.242601
v -44.871593 17.023317 -21.242601
v -44.871597 17.023314 -48.431999
v -44.899258 17.342726 -48.800842
v -44.899281 25.769743 -48.800854
v -44.899281 25.769743 -48.432014
v -44.899258 17.342726 -48.431999
v -44.899258 17.342737 -21.242601
v -44.899258 17.342737 -20.856218
v -44.868111 17.018661 -20.856218
v -44.722439 16.666355 -20.856218
v -44.485584 16.342278 -20.856218
v -39.510525 11.283917 -20.856213
v -39.432880 11.063286 -20.856213
v -39.432777 11.063286 -21.242596
v -39.402206 10.842651 -20.856213
v -39.402206 10.842651 -21.242596
v -39.402206 5.888813 -20.856211
v -44.899281 25.769753 -20.856218
v -44.899281 25.769753 -21.242601
v -44.587418 26.442789 -21.242605
v -44.587418 26.442780 -48.432018
v -44.161404 26.768826 -21.242605
v -44.161407 26.768816 -48.432022
v -43.563477 26.961218 -21.242605
v -43.563477 26.961208 -48.432034
v -31.398731 26.961214 -21.299765
v -31.398731 26.961208 -48.374931
v -31.169552 26.961208 -48.317684
v -31.169552 26.961214 -21.356920
v -30.562355 26.961214 -21.872305
v -30.562355 26.961214 -21.402624
v -28.740765 26.961218 -23.041845
v -28.740765 26.961218 -23.418455
v -44.587418 26.442789 -20.856220
v -44.161404 26.768826 -20.856220
v -43.563477 26.961218 -20.856220
v -31.398731 26.961214 -20.856220
v -31.169552 26.961214 -20.856220
v -28.393795 26.961218 -23.354074
v -28.393795 26.961218 -23.712961
v -28.740765 26.961216 -34.611748
v -28.393795 26.961216 -34.611748
v -30.562355 26.961214 -34.611748
v -30.562355 26.961214 -35.422306
v -30.562355 26.961208 -47.802788
v -28.740765 26.961208 -46.258099
v -28.740765 26.961216 -35.422230
v -28.393795 26.961208 -45.963871
v -28.393795 26.961216 -35.422215
v -28.393795 26.961208 -46.322758
v -28.740765 26.961208 -46.632519
v -30.562355 26.961212 -48.258774
v -31.169552 26.961208 -48.800854
v -31.398731 26.961208 -48.800854
v -43.563477 26.961208 -48.800854
v -44.161407 26.768816 -48.800854
v -44.587418 26.442780 -48.800854
v -28.946770 59.523876 -35.064018
v -28.965553 77.943375 -35.052490
v -28.393795 59.571499 -35.449574
v -28.393795 77.943375 -35.422234
v -28.393795 78.290077 -35.422234
v -28.965553 78.290077 -35.052490
v -28.740738 78.487625 -35.422249
v -29.312496 78.487625 -35.052505
v -30.562193 79.524765 -35.422325
v -30.562193 78.982483 -35.052586
v -31.169342 79.328201 -35.052608
v -31.169342 79.870483 -35.422352
v -49.071957 71.588165 -23.339384
v -46.262737 71.921516 -22.202314
v -46.262733 71.588219 -21.124018
v -48.307243 71.921463 -23.667627
v -49.286777 71.588165 -23.504381
v -54.276188 17.332342 -20.856127
v -49.792503 24.450865 -20.856127
v -54.226238 16.955343 -20.856127
v -54.090008 16.575092 -20.856127
v -48.215660 24.450855 -20.856127
v -48.215744 35.893562 -20.856131
v -48.121105 36.542686 -20.856131
v -47.977585 35.945091 -20.856131
v -48.215614 29.839409 -20.856129
v -48.215649 27.482792 -20.856129
v -48.626167 29.592600 -20.856129
v -49.792988 27.482801 -20.856129
v -54.282322 29.592600 -20.856129
v -54.279247 22.885252 -20.856127
v -54.585564 22.674654 -20.856127
v -54.580360 17.307079 -20.856127
v -54.554985 16.923302 -20.856127
v -54.448456 16.553257 -20.856127
v -48.626163 8.932776 -20.856121
v -48.215748 8.428927 -20.856119
v -47.847137 36.575809 -20.856131
v -48.624329 30.086216 -20.856129
v -54.591141 29.592600 -20.856129
v -54.585903 23.055618 -20.856127
v -48.626163 7.572203 -20.856119
v -48.626163 8.105052 -20.856119
v -48.215748 7.815061 -20.856119
v -48.801998 8.357064 -20.856119
v -48.215748 5.807601 -20.856119
v -48.626167 5.807700 -20.856119
v -48.215744 5.641750 -20.856119
v -48.626167 5.641750 -20.856119
v -47.939545 5.807505 -20.856119
v -47.929661 5.641750 -20.856119
v -54.395393 34.505116 -20.856131
v -54.278713 33.697350 -20.856131
v -54.587730 33.802761 -20.856131
v -54.591064 30.086216 -20.856129
v -54.282127 30.086216 -20.856129
v -48.592148 35.792217 -20.856131
v -48.471947 36.434853 -20.856131
v -48.203735 37.038895 -20.856131
v -47.880257 37.161678 -20.856131
v -47.600063 37.209747 -20.856131
v -47.219345 37.793911 -20.856131
v -53.549198 35.141922 -20.856131
v -54.021042 34.423409 -20.856131
v -45.548729 50.923805 -20.856138
v -40.518242 55.826561 -20.856136
v -40.140316 55.827301 -20.856136
v -39.690311 49.076099 -20.856136
v -39.884945 48.413925 -20.856136
v -39.597961 48.445175 -20.856136
v -40.069145 47.722553 -20.856136
v -39.725838 47.844364 -20.856136
v -47.208160 38.067158 -20.856136
v -47.196980 38.310650 -20.856136
v -47.040417 42.640064 -20.856136
v -47.292240 42.877728 -20.856136
v -54.046993 35.104637 -20.856131
v -46.506222 43.831181 -20.856136
v -45.548729 51.257103 -20.856138
v -45.535179 51.728249 -21.425346
v -45.862984 51.729126 -21.426407
v -45.890884 51.257103 -20.856138
v -45.890884 50.923809 -20.856138
v -45.890778 46.102669 -20.856136
v -45.548233 46.025578 -20.856136
v -46.072517 44.870331 -20.856136
v -45.747295 44.739876 -20.856136
v -46.215733 43.636833 -20.856136
v -40.412449 47.600739 -20.856136
v -40.779518 56.049343 -21.425125
v -31.887589 58.737221 -48.800861
v -31.830317 58.787094 -48.587597
v -31.887587 60.066856 -48.800861
v -31.830315 60.016979 -48.587597
v -31.226862 58.787113 -21.069492
v -31.471394 58.814373 -22.883512
v -31.226860 60.016998 -21.069492
v -31.471394 59.989738 -22.883512
v -39.164558 5.305949 -25.037907
v -39.316998 5.458183 -24.414726
v -39.166550 11.330589 -25.037909
v -39.318928 11.312620 -24.414728
v -39.376442 11.553468 -24.414728
v -39.235352 11.618692 -25.037909
v -39.446121 11.906799 -25.037910
v -39.562866 11.808288 -24.414728
v -44.288277 16.727396 -25.037912
v -44.405533 16.629419 -24.414736
v -44.494827 17.015503 -25.037914
v -44.635620 16.950354 -24.414736
v -44.719273 17.285160 -24.414736
v -44.566814 17.303614 -25.037916
v -44.534550 25.485897 -25.037916
v -44.686836 25.511539 -24.414728
v -44.380581 25.935833 -25.037916
v -44.510750 26.026115 -24.414736
v -44.047344 26.209566 -25.037916
v -44.101906 26.361950 -24.414728
v -30.710691 41.494503 -27.067347
v -29.369879 42.110115 -25.208637
v -30.958042 42.110104 -26.453842
v -28.683407 41.494503 -25.477844
v -29.142998 42.110115 -25.030748
v -28.393793 41.494514 -25.250774
v -28.393793 41.494514 -25.110363
v -29.142998 42.110115 -24.920752
v -28.393793 41.494514 -24.969952
v -29.142998 42.110115 -24.810757
v -28.393793 41.495289 -23.712969
v -29.142998 42.110836 -23.826042
v -29.142998 42.111034 -23.544891
v -28.393793 41.495502 -23.354082
v -39.652061 66.588745 -20.856146
v -39.649513 71.921494 -20.856146
v -39.402645 49.116356 -20.856136
v -39.363052 71.921494 -20.856146
v -39.648865 72.289902 -20.856146
v -39.362423 72.289902 -20.856146
v -39.072586 71.921478 -20.856146
v -39.072586 72.289894 -20.856146
v -39.072578 49.213760 -20.856136
v -39.310978 48.536785 -20.856136
v -39.072598 79.513214 -20.856150
v -39.329712 79.513214 -20.856150
v -39.617783 79.513214 -20.856150
v -45.548958 79.513214 -20.856150
v -45.548901 72.289925 -20.856146
v -45.548889 71.921524 -20.856146
v -39.607422 79.871086 -20.856150
v -39.318810 79.871086 -20.856150
v -39.072601 79.871086 -20.856150
v -40.029606 66.445885 -20.856142
v -40.135422 66.684654 -20.856142
v -45.548889 71.588234 -20.856146
v -45.890919 71.921524 -20.856146
v -45.890923 72.289917 -20.856146
v -45.890919 79.513298 -20.856150
v -45.890907 79.871201 -20.856150
v -45.548977 79.871086 -20.856150
v -45.890919 71.588234 -20.856146
v -40.034412 56.066116 -20.856136
v -40.407082 66.437653 -20.856142
v -40.411724 56.074333 -20.856136
v -40.668659 66.214775 -21.425123
v -40.673073 56.297207 -21.425119
v -40.513519 66.685394 -20.856142
v -45.548885 71.254936 -20.856146
v -45.890919 71.254936 -20.856146
v -45.863014 70.782913 -21.426414
v -45.535324 70.783791 -21.425356
v -40.775021 66.462616 -21.425131
v -54.580399 17.307058 -48.800831
v -54.555023 16.923262 -48.800831
v -54.276188 17.332327 -48.800831
v -54.591194 29.592590 -48.800846
v -54.282322 29.592590 -48.800846
v -48.626163 8.933131 -48.800831
v -54.448498 16.553217 -48.800831
v -48.802002 8.357025 -48.800831
v -48.215748 8.429008 -48.800831
v -48.215660 24.450846 -48.800835
v -47.977585 35.945110 -48.800846
v -48.215649 27.482782 -48.800846
v -48.215614 29.839399 -48.800846
v -48.626167 29.592590 -48.800846
v -49.792988 27.482792 -48.800846
v -49.792503 24.450855 -48.800835
v -54.226231 16.955330 -48.800831
v -54.089996 16.575077 -48.800831
v -48.215748 7.815115 -48.800831
v -48.215748 5.807589 -48.800831
v -47.939522 5.807491 -48.800831
v -48.215744 5.641737 -48.800831
v -47.929661 5.641737 -48.800831
v -48.626167 5.641737 -48.800831
v -48.626167 5.807686 -48.800831
v -48.626163 7.572167 -48.800831
v -48.626163 8.105012 -48.800831
v -48.215744 35.893574 -48.800846
v -48.624329 30.086206 -48.800846
v -48.592148 35.792229 -48.800846
v -54.278709 33.697334 -48.800846
v -54.591114 30.086206 -48.800846
v -54.282127 30.086206 -48.800846
v -54.590279 31.741005 -48.800846
v -54.281063 32.079395 -48.800846
v -54.589863 32.504757 -48.800846
v -54.587776 33.802807 -48.800846
v -54.395176 34.505112 -48.800846
v -54.020771 34.423393 -48.800846
v -48.471889 36.434879 -48.800846
v -48.121063 36.542717 -48.800846
v -47.847111 36.575840 -48.800846
v -47.600033 37.209774 -48.800846
v -47.219284 37.793957 -48.800846
v -47.880215 37.161709 -48.800846
v -48.203678 37.038929 -48.800846
v -53.548973 35.141994 -48.800846
v -47.040550 42.638626 -48.800846
v -47.196945 38.310509 -48.800846
v -40.412457 47.600533 -48.800846
v -46.215832 43.635361 -48.800846
v -45.548958 79.513214 -48.800865
v -45.548977 79.871086 -48.800865
v -45.890919 79.513298 -48.800865
v -45.890778 46.101223 -48.800846
v -45.548901 72.289925 -48.800854
v -45.548233 46.024052 -48.800846
v -45.747356 44.738380 -48.800846
v -46.506332 43.829781 -48.800846
v -47.292370 42.876366 -48.800846
v -54.046867 35.104706 -48.800846
v -45.890907 79.871201 -48.800865
v -46.072601 44.868916 -48.800846
v -39.884945 48.413906 -48.800846
v -39.690311 49.076080 -48.800846
v -39.648865 72.289902 -48.800854
v -39.617783 79.513214 -48.800865
v -39.362423 72.289902 -48.800854
v -39.329712 79.513214 -48.800865
v -39.402645 49.116337 -48.800846
v -39.597961 48.445156 -48.800846
v -40.069145 47.722439 -48.800846
v -47.208115 38.067112 -48.800846
v -39.725838 47.844345 -48.800846
v -39.310978 48.536766 -48.800846
v -39.072578 49.213741 -48.800846
v -39.072586 72.289894 -48.800854
v -39.072598 79.513214 -48.800865
v -39.318810 79.871086 -48.800865
v -39.607422 79.871086 -48.800865
v -39.072601 79.871086 -48.800865
v -31.226860 60.016998 -21.069492
v -31.471394 59.989738 -22.883512
v -31.544262 60.177677 -21.308849
v -49.286926 77.335213 -45.816605
v -49.286926 76.976761 -45.816605
v -49.286926 77.335213 -46.170769
v -49.286892 76.976761 -23.858545
v -49.286926 77.335213 -23.858545
v -49.073151 77.504074 -45.974987
v -49.073151 77.504074 -23.700045
v -46.262554 79.587555 -48.094696
v -46.262554 79.587555 -21.578756
v -45.890892 79.871201 -48.354271
v -45.890892 79.871201 -21.310879
v -45.557053 79.871193 -48.357738
v -45.561882 79.871193 -21.306402
v -39.607384 79.871086 -48.419552
v -39.607422 79.871086 -21.242548
v -39.318810 79.871086 -21.242548
v -39.318810 79.871086 -48.422550
v -49.072548 77.504066 -46.334709
v -46.262653 79.587540 -48.549156
v -45.890907 79.871201 -48.800865
v -45.548977 79.871086 -48.800865
v -39.607422 79.871086 -48.800865
v -39.318810 79.871086 -48.800865
v -39.072601 79.871086 -48.800865
v -39.072601 79.871086 -48.422550
v -39.072601 79.871086 -21.242548
v -39.072601 79.871086 -20.856150
v -39.318810 79.871086 -20.856150
v -39.607422 79.871086 -20.856150
v -45.548977 79.871086 -20.856150
v -45.890907 79.871201 -20.856150
v -46.262657 79.587540 -21.124250
v -49.072548 77.504066 -23.340322
v -49.286926 77.335213 -23.504381
v -49.286888 76.976761 -23.504381
v -49.286777 72.289856 -23.504381
v -49.286785 72.281624 -23.858543
v -49.286858 72.285866 -35.501389
v -45.890907 79.871201 -20.856150
v -45.890919 79.513298 -20.856150
v -46.262657 79.587540 -21.124250
v -46.262733 79.232948 -21.124132
v -49.072060 77.145653 -23.339849
v -49.071842 72.289864 -23.339384
v -45.890923 72.289917 -20.856146
v -46.262753 72.289909 -21.124018
v -45.890919 71.921524 -20.856146
v -49.286903 67.403656 -40.447945
v -49.286900 54.716663 -40.447952
v -49.286926 47.542255 -45.816589
v -49.286880 47.542259 -35.789494
v -49.390755 46.815548 -35.789494
v -49.390785 46.815548 -45.816589
v -49.591026 46.140011 -35.789494
v -49.591042 46.140007 -45.816589
v -49.969753 45.497543 -35.789490
v -49.969753 45.497543 -45.816589
v -56.000515 38.239174 -35.789490
v -56.000515 38.239174 -45.816586
v -56.435230 37.633083 -35.789490
v -56.435562 37.633087 -45.816586
v -56.647469 36.819111 -35.789490
v -56.647469 36.819107 -45.816586
v -56.647469 36.279919 -35.789455
v -56.647469 36.279831 -45.816586
v -49.286880 50.247852 -35.789494
v -56.435574 37.633087 -46.170750
v -56.000515 38.239170 -46.170750
v -49.969753 45.497543 -46.170750
v -49.591042 46.140003 -46.170750
v -49.390785 46.815548 -46.170750
v -49.286926 47.542255 -46.170750
v -49.286926 76.976761 -46.170769
v -49.072098 77.145653 -46.335182
v -46.262733 79.232948 -48.549274
v -46.262653 79.587540 -48.549156
v -45.890919 79.513298 -48.800865
v -45.890907 79.871201 -48.800865
v -46.261784 46.258839 -48.549374
v -45.890778 46.101223 -48.800846
v -55.871025 38.049969 -46.335835
v -56.308052 37.437588 -46.335278
v -54.273472 35.435806 -48.549427
v -47.585209 43.163059 -48.549473
v -49.802414 45.333721 -46.336010
v -46.843723 44.082462 -48.549500
v -49.398247 45.995613 -46.336117
v -46.435528 45.081829 -48.549458
v -49.183399 46.693878 -46.335949
v -49.077702 47.452190 -46.335625
v -56.647469 36.819107 -46.170750
v -46.072601 44.868916 -48.800846
v -46.506332 43.829781 -48.800846
v -47.292370 42.876366 -48.800846
v -54.046867 35.104706 -48.800846
v -54.618343 34.847233 -48.549286
v -56.531212 36.630589 -46.333771
v -56.647469 36.279831 -46.170750
v -56.647469 36.819107 -45.816586
v -54.395176 34.505112 -48.800846
v -54.814507 34.132713 -48.548908
v -54.587776 33.802807 -48.800846
v -56.647469 32.505585 -35.789223
v -56.647469 32.504910 -45.816586
v -56.647469 32.504910 -46.170750
v -56.531345 32.504837 -46.333641
v -54.816383 32.504757 -48.548878
v -54.589863 32.504757 -48.800846
v -31.471394 58.814373 -22.883512
v -31.830317 58.787113 -21.069492
v -31.471394 59.989738 -22.883512
v -31.830315 60.016998 -21.069492
v -31.830317 58.787113 -21.069492
v -31.887589 58.737240 -20.856232
v -31.830315 60.016998 -21.069492
v -31.887587 60.066875 -20.856232
v -31.544264 58.626431 -21.308849
v -31.544264 58.515625 -21.178453
v -31.830317 58.787113 -21.069492
v -31.887589 58.737240 -20.856232
v -31.169590 58.737240 -20.856232
v -31.544264 58.515625 -21.178453
v -31.226862 58.787113 -21.069492
v -31.544264 58.626431 -21.308849
v -31.169586 60.066875 -20.856232
v -31.169590 58.737240 -20.856232
v -31.226860 60.016998 -21.069492
v -31.226862 58.787113 -21.069492
v -31.830317 58.787094 -48.587597
v -31.544264 58.626411 -48.348240
v -31.593622 58.814354 -46.773579
v -28.393795 26.961218 -23.354074
v -28.740765 26.961218 -23.041845
v -28.393795 27.448240 -23.354074
v -28.740765 27.448240 -23.041845
v -30.562355 26.961214 -21.402624
v -31.169552 26.961214 -20.856220
v -30.562355 27.448235 -21.402624
v -30.562361 41.495506 -21.402634
v -28.740765 41.495506 -23.041851
v -28.393793 41.495502 -23.354082
v -30.562313 79.178070 -21.402645
v -31.169548 72.289894 -20.856237
v -31.169498 79.523781 -20.856241
v -30.562351 72.289894 -21.402643
v -28.740757 78.140923 -23.041864
v -28.740763 72.289894 -23.041862
v -30.562365 66.019241 -21.402643
v -28.740765 61.431042 -23.041855
v -30.562366 63.633236 -21.402643
v -30.562366 61.431042 -21.402636
v -31.169571 62.897568 -20.856232
v -31.169586 60.066875 -20.856232
v -31.169590 58.737240 -20.856232
v -31.169605 39.464870 -20.856228
v -31.169550 27.448235 -20.856220
v -31.398714 27.448338 -20.856220
v -31.398731 26.961214 -20.856220
v -31.169563 66.761269 -20.856237
v -31.204746 39.293446 -20.856228
v -31.281044 39.120804 -20.856228
v -31.398706 38.957699 -20.856228
v -40.074314 27.454449 -20.856220
v -43.563477 26.961218 -20.856220
v -44.003170 27.471069 -20.856220
v -44.161404 26.768826 -20.856220
v -44.535431 27.218321 -20.856220
v -44.919983 26.843191 -20.856220
v -44.587418 26.442789 -20.856220
v -45.266865 26.072468 -20.856218
v -44.899281 25.769753 -20.856218
v -45.266865 17.342531 -20.856218
v -44.899258 17.342737 -20.856218
v -45.167099 16.956667 -20.856218
v -44.868111 17.018661 -20.856218
v -44.990093 16.585880 -20.856218
v -44.722439 16.666355 -20.856218
v -44.703033 16.200018 -20.856218
v -44.485584 16.342278 -20.856218
v -39.981258 11.283934 -20.856213
v -45.266861 14.744548 -20.856218
v -45.244789 14.655926 -20.856218
v -45.190136 14.571183 -20.856216
v -42.163536 11.283927 -20.856213
v -42.095875 11.063290 -20.856213
v -42.051189 10.842651 -20.856213
v -39.890133 11.063274 -20.856213
v -39.845974 10.842614 -20.856213
v -42.051205 5.889434 -20.856211
v -39.845974 5.889225 -20.856211
v -39.510525 11.283917 -20.856213
v -39.432880 11.063286 -20.856213
v -39.402206 10.842651 -20.856213
v -39.402206 5.888813 -20.856211
v -39.402206 5.642419 -20.856211
v -39.845974 5.642419 -20.856211
v -42.051205 5.642419 -20.856211
v -31.593622 58.814354 -46.773579
v -31.544264 58.626411 -48.348240
v -31.226862 58.787094 -48.587597
v -30.562271 79.524765 -21.402645
v -31.169445 79.870483 -20.856241
v -28.740751 78.487625 -23.041864
v -28.393795 78.290077 -23.354094
v -28.393795 77.943375 -23.354094
v -28.393795 72.289894 -23.354094
v -28.393793 61.431038 -23.354084
v -31.593620 59.989716 -46.773579
v -31.593622 58.814354 -46.773579
v -31.226860 60.016979 -48.587597
v -31.226862 58.787094 -48.587597
v -31.593620 59.989716 -46.773579
v -31.226860 60.016979 -48.587597
v -31.544262 60.177658 -48.348240
v -42.051205 5.642406 -48.800842
v -42.051201 5.889421 -48.800842
v -42.276257 5.788657 -48.478619
v -42.276257 6.035690 -48.478619
v -42.051193 10.842642 -48.800842
v -42.276257 10.842642 -48.478619
v -42.095879 11.063279 -48.800842
v -42.320141 11.063283 -48.478619
v -42.163540 11.283917 -48.800842
v -42.387001 11.283924 -48.478619
v -45.190136 14.571173 -48.800842
v -45.344334 14.544583 -48.478619
v -45.244789 14.655915 -48.800842
v -45.409187 14.642132 -48.478622
v -45.266861 14.744538 -48.800842
v -45.440285 14.744538 -48.478622
v -45.266865 17.342520 -48.800842
v -45.440922 26.200943 -48.478634
v -45.266865 26.072458 -48.800854
v -44.919880 26.843214 -48.800854
v -45.076263 27.013067 -48.478634
v -44.535370 27.218390 -48.800854
v -44.676941 27.417200 -48.478634
v -44.110794 27.664301 -48.478634
v -44.003166 27.471336 -48.800854
v -40.197819 27.680672 -48.478634
v -40.074314 27.454439 -48.800854
v -31.398706 38.957657 -48.800858
v -31.668774 38.943668 -48.478634
v -31.281040 39.120781 -48.800858
v -31.585951 39.118320 -48.478634
v -31.204744 39.293415 -48.800858
v -31.544287 39.292973 -48.478634
v -31.169605 39.464836 -48.800858
v -31.544264 58.515606 -48.478638
v -31.169590 58.737221 -48.800861
v -31.593620 59.989716 -46.773579
v -31.544262 60.177658 -48.348240
v -31.830315 60.016979 -48.587597
v -44.535431 27.218321 -20.856220
v -45.076424 27.013025 -21.178442
v -44.677040 27.417093 -21.178442
v -44.110802 27.663881 -21.178442
v -44.003170 27.471069 -20.856220
v -40.201904 27.675247 -21.178442
v -40.074314 27.454449 -20.856220
v -31.398706 38.957699 -20.856228
v -31.668774 38.943687 -21.178452
v -31.281044 39.120804 -20.856228
v -31.585951 39.118340 -21.178452
v -31.204746 39.293446 -20.856228
v -31.544287 39.292992 -21.178452
v -31.169605 39.464870 -20.856228
v -31.544264 58.515625 -21.178453
v -31.169590 58.737240 -20.856232
v -42.276257 5.788669 -21.178432
v -42.051205 5.889434 -20.856211
v -42.051205 5.642419 -20.856211
v -42.276257 6.035704 -21.178432
v -42.051189 10.842651 -20.856213
v -42.276257 10.842651 -21.178434
v -42.095875 11.063290 -20.856213
v -42.320141 11.063293 -21.178434
v -42.163536 11.283927 -20.856213
v -42.387001 11.283936 -21.178434
v -45.190136 14.571183 -20.856216
v -45.397934 14.643762 -21.178442
v -45.244789 14.655926 -20.856218
v -45.266861 14.744548 -20.856218
v -45.440922 26.200953 -21.178442
v -45.266865 17.342531 -20.856218
v -45.266865 26.072468 -20.856218
v -44.919983 26.843191 -20.856220
v -29.474024 25.826750 -26.907553
v -30.001057 25.979134 -26.907555
v -29.474024 25.826754 -27.155365
v -30.001057 25.979134 -27.155367
v -30.001057 25.979139 -42.519730
v -29.474024 25.826748 -42.519722
v -29.474024 25.826748 -42.767532
v -30.001053 25.979139 -42.767544
v -46.262737 71.921516 -22.202314
v -49.071842 72.289864 -23.339384
v -46.262753 72.289909 -21.124018
v -48.307243 71.921463 -23.667627
v -49.286777 72.289856 -23.504381
v -54.812553 22.674702 -21.124401
v -54.204609 22.885231 -21.433207
v -54.585564 22.674654 -20.856127
v -55.950504 22.885221 -23.504362
v -56.531075 22.675085 -23.340986
v -56.647469 22.675125 -23.504362
v -56.647469 20.770315 -31.401064
v -56.647469 14.943936 -31.401064
v -55.950504 20.933140 -31.560003
v -55.908474 14.592079 -31.591543
v -56.647484 14.600887 -31.401064
v -56.521362 14.231424 -31.401064
v -50.895905 5.899452 -31.401035
v -50.198940 5.899452 -31.591516
v -50.720341 5.641745 -31.591516
v -31.169563 66.761269 -48.800861
v -30.859589 65.903061 -48.008511
v -30.562366 66.019249 -48.258778
v -31.544228 66.761269 -48.478638
v -31.544197 79.262718 -48.478653
v -31.169498 79.523781 -48.800873
v -31.544168 79.609413 -48.478653
v -31.169445 79.870483 -48.800877
v -48.366081 27.329073 -48.800846
v -49.642159 24.604565 -48.800835
v -48.366093 24.604557 -48.800835
v -49.642551 27.329081 -48.800846
v -48.335041 27.350323 -48.800846
v -49.673592 27.350330 -48.800846
v -49.673180 24.583315 -48.800835
v -48.335052 24.583307 -48.800835
v -44.332611 38.371468 -45.785263
v -43.191704 39.849663 -45.785263
v -44.469391 38.854496 -46.188854
v -43.305550 40.362400 -46.188850
v -40.672470 37.768703 -48.294628
v -40.610401 38.142326 -48.800858
v -39.526180 39.266197 -48.294632
v -39.441071 39.669922 -48.800858
v -40.672256 37.768425 -21.362370
v -39.526348 39.265514 -21.362377
v -40.610188 38.142040 -20.856228
v -39.441242 39.669224 -20.856228
v -44.334759 38.371628 -23.889341
v -44.471561 38.854626 -23.486137
v -43.193863 39.849823 -23.889313
v -43.307732 40.362537 -23.486111
v -35.660088 77.830452 -48.044235
v -35.660088 77.830452 -21.628944
v -39.072590 78.421837 -48.044235
v -39.072590 78.421837 -21.628944
v -35.660084 74.223938 -48.044224
v -35.660084 74.223938 -21.628944
v -35.660088 77.830452 -48.044235
v -35.660088 77.830452 -21.628944
v -39.072586 72.289894 -48.044220
v -39.072586 72.289894 -21.628942
v -35.660084 74.223938 -48.044224
v -35.660084 74.223938 -21.628944
v -35.266327 74.222542 -48.047760
v -35.266327 74.222542 -21.629007
v -33.963566 72.289894 -48.047756
v -33.963566 72.289894 -21.629005
v -35.266338 77.832298 -48.047771
v -35.266338 77.832298 -21.629007
v -35.266327 74.222542 -48.047760
v -35.266327 74.222542 -21.629007
v -33.963970 78.421860 -48.047771
v -33.963970 78.421860 -21.629007
v -35.266338 77.832298 -48.047771
v -35.266338 77.832298 -21.629007
v -30.958042 60.805592 -26.453846
v -30.710691 61.420540 -27.067350
v -30.958042 42.110104 -26.453842
v -30.710691 41.494503 -27.067347
v -30.562366 63.633141 -48.258778
v -30.859592 63.705753 -48.008511
v -31.169571 62.897549 -48.800861
v -31.544237 62.897549 -48.478638
v -31.544258 60.288464 -48.478638
v -31.169586 60.066856 -48.800861
v -49.673592 27.350340 -20.856129
v -48.335041 27.350332 -20.856129
v -49.642551 27.329090 -20.856129
v -49.673180 24.583324 -20.856127
v -49.642159 24.604574 -20.856127
v -48.335052 24.583317 -20.856127
v -48.366093 24.604567 -20.856127
v -48.366081 27.329082 -20.856129
v -31.544117 79.609413 -34.620197
v -31.169342 79.870483 -34.620430
v -31.544144 79.609413 -21.612432
v -31.169394 79.870483 -21.358282
v -31.544168 79.609413 -21.178463
v -31.169445 79.870483 -20.856241
v -30.841846 60.815441 -22.016140
v -30.562366 61.431042 -21.402636
v -29.414814 60.815437 -23.300297
v -28.740765 61.431042 -23.041855
v -29.142998 60.815437 -23.544895
v -28.393793 61.431038 -23.354084
v -40.716759 37.919186 -21.331434
v -39.526348 39.265514 -21.362377
v -40.672256 37.768425 -21.362370
v -39.557667 39.428902 -21.331436
v -39.632744 39.504101 -21.471649
v -40.835537 37.947311 -21.463402
v -43.193863 39.849823 -23.889313
v -44.334759 38.371628 -23.889341
v -28.393795 51.771961 -33.866440
v -28.393795 51.449776 -33.711620
v -28.393795 51.449776 -33.571209
v -28.683407 51.771961 -33.670845
v -28.683407 51.449776 -33.375618
v -28.683407 52.163040 -33.800365
v -28.683407 65.561249 -33.800369
v -28.393795 52.163044 -33.995960
v -28.393795 51.771961 -34.006847
v -28.393795 51.449776 -33.852032
v -28.393795 49.516674 -31.303541
v -28.393795 49.516674 -31.163130
v -28.393795 49.516674 -31.022718
v -28.683407 49.516674 -30.827126
v -28.393795 70.013313 -25.250784
v -28.393793 61.420582 -25.110367
v -28.393795 70.184059 -25.110373
v -28.393795 70.239250 -25.322947
v -28.683407 69.985405 -25.549490
v -28.393795 70.340233 -25.497339
v -28.683407 70.085815 -25.726351
v -28.393795 65.884148 -33.863171
v -28.683407 65.849052 -33.669041
v -28.683407 65.727547 -33.763851
v -28.393795 65.769699 -33.954227
v -28.393795 65.600128 -33.995960
v -28.393795 52.163067 -34.136368
v -28.393795 51.771957 -34.147259
v -28.393795 51.449776 -34.611748
v -28.393795 27.448238 -34.611748
v -28.393795 26.961216 -34.611748
v -28.393795 26.961218 -23.712961
v -28.393795 29.595160 -25.446146
v -28.393795 27.448240 -23.712961
v -28.393795 26.961218 -23.354074
v -28.393795 27.448240 -23.354074
v -28.393793 41.495289 -23.712969
v -28.393793 41.495502 -23.354082
v -28.393793 41.494514 -24.969952
v -28.393795 30.327003 -25.110355
v -28.393793 41.494514 -25.110363
v -28.393795 30.071363 -24.969946
v -28.393795 29.729952 -25.152948
v -28.393795 29.974787 -25.321968
v -28.393795 29.595158 -30.402580
v -28.393795 29.765699 -30.721754
v -28.393795 29.829189 -25.643778
v -28.393795 30.247013 -25.490988
v -28.393795 30.610039 -25.250765
v -28.393793 41.494514 -25.250774
v -28.683407 30.714733 -25.477839
v -28.683407 41.494503 -25.477844
v -28.393795 30.011684 -30.559093
v -28.393795 29.829187 -30.217669
v -28.393795 30.090611 -25.841406
v -28.683407 30.355764 -25.701097
v -28.393795 30.285061 -30.396431
v -28.393795 30.090609 -30.032757
v -28.683407 30.200710 -26.054174
v -28.683407 30.718756 -30.402369
v -28.683407 30.392170 -30.206402
v -28.683407 30.200708 -29.848289
v -30.710691 31.447605 -27.067339
v -30.710691 41.494503 -27.067347
v -30.710691 31.117025 -27.171862
v -28.683407 30.355764 -25.701097
v -28.683407 30.200710 -26.054174
v -30.710691 30.971401 -27.543543
v -30.710691 30.971401 -28.557018
v -30.710691 31.141943 -28.876192
v -28.683407 30.392170 -30.206402
v -30.710691 31.447603 -29.033220
v -28.683407 48.763000 -30.402378
v -30.710691 48.763000 -29.033230
v -30.710691 49.194492 -29.177738
v -28.683407 49.194492 -30.546886
v -30.710691 49.516674 -29.457977
v -28.683407 49.516674 -30.827126
v -30.710691 51.449776 -32.006470
v -28.683407 51.449776 -33.375618
v -30.710691 51.771961 -32.301697
v -28.683407 51.771961 -33.670845
v -30.710691 52.163010 -32.431217
v -28.683407 52.163040 -33.800365
v -30.710691 65.289116 -32.431221
v -28.683407 65.561249 -33.800369
v -30.710691 65.432503 -32.431221
v -28.683407 65.727547 -33.763851
v -30.710691 65.603386 -32.310150
v -30.710691 68.304878 -27.329439
v -28.683407 70.085815 -25.726351
v -30.710691 68.208473 -27.135294
v -28.683407 69.757072 -25.477856
v -30.710691 67.963394 -27.067358
v -28.393793 61.420601 -25.250776
v -28.683407 69.757072 -25.477856
v -28.683407 61.420582 -25.477848
v -30.710691 67.963394 -27.067358
v -30.710691 61.420540 -27.067350
v -31.169394 79.870483 -21.358282
v -30.562271 79.524765 -21.402645
v -31.169445 79.870483 -20.856241
v -30.562233 79.524765 -21.873371
v -31.169342 79.870483 -34.620430
v -30.562193 79.524765 -34.620403
v -28.740744 78.487625 -23.418642
v -28.740738 78.487625 -34.620327
v -28.393795 78.290077 -23.712980
v -28.393795 78.290077 -23.354094
v -28.393795 77.943375 -23.712980
v -28.393795 77.943375 -23.354094
v -28.393795 72.289894 -23.354094
v -28.393795 72.289894 -23.712980
v -28.393793 61.431038 -23.354084
v -28.393793 61.428711 -23.712971
v -28.393795 70.394058 -24.969963
v -28.393793 61.420574 -24.969955
v -28.740751 78.487625 -23.041864
v -28.393795 77.943375 -34.620312
v -28.393795 78.290077 -34.620312
v -28.393795 70.579964 -25.322950
v -28.393795 70.440941 -25.165548
v -28.393795 70.682274 -25.008148
v -28.393795 70.819695 -25.148561
v -28.393795 66.761269 -34.611752
v -28.393795 66.202660 -34.134155
v -28.393795 66.085648 -34.235050
v -28.393795 66.043404 -33.998661
v -28.393795 65.927673 -34.094639
v -28.393795 65.755630 -34.136372
v -28.393795 52.163082 -34.276779
v -28.393795 65.911148 -34.276783
v -30.841843 42.111038 -22.016136
v -30.562361 41.495506 -21.402634
v -30.841846 60.815441 -22.016140
v -30.562366 61.431042 -21.402636
v -31.544117 79.067131 -35.052376
v -31.169342 79.328201 -35.052608
v -31.544117 79.609413 -34.620197
v -31.169342 79.870483 -34.620430
v -39.845974 5.642419 -20.856211
v -42.051205 5.642421 -21.242580
v -42.051205 5.642419 -20.856211
v -39.402206 5.888813 -21.242594
v -39.402206 5.642419 -20.856211
v -39.402206 5.642419 -21.242594
v -39.845974 5.642419 -21.242586
v -42.051205 5.642406 -48.431328
v -39.845974 5.642406 -48.431557
v -39.845974 5.642406 -48.800842
v -39.402206 5.642406 -48.800842
v -39.402206 5.642406 -48.431999
v -39.402206 5.888822 -48.431999
v -42.051205 5.642406 -48.800842
v -28.946758 32.327869 -35.048199
v -28.393795 32.076633 -35.422215
v -28.965553 27.917166 -35.048199
v -28.393795 27.448238 -35.422215
v -28.965553 27.430143 -35.048199
v -28.393795 26.961216 -35.422215
v -39.438614 0.208376 -20.864435
v -39.438622 1.147888 -20.864435
v -28.445881 -0.000007 -20.864435
v -53.998638 -0.000007 -20.864435
v -46.138725 0.208376 -20.864435
v -52.731335 1.629465 -20.864435
v -45.314064 1.147888 -20.864435
v -28.445887 1.629465 -20.864435
v -27.969593 -0.000008 -20.864435
v -27.969593 1.629465 -20.864435
v -28.445889 2.054893 -20.864435
v -27.969593 2.054892 -20.864435
v -27.969593 2.054892 -21.360886
v -27.969593 1.629465 -20.864435
v -27.969593 1.629463 -21.360886
v -27.969593 -0.000008 -21.360886
v -27.969593 -0.000019 -48.363834
v -27.969593 1.629453 -48.363834
v -27.969593 -0.000019 -48.810650
v -27.969593 1.629453 -48.810650
v -27.969593 -0.000008 -20.864435
v -52.349373 2.054893 -20.864435
v -54.474358 -0.000006 -20.864435
v -53.195267 1.629465 -20.864435
v -52.861320 2.054894 -20.864435
v -52.349373 2.054893 -21.360886
v -28.445889 2.054893 -21.360886
v -27.969593 2.054883 -48.363834
v -27.969593 2.054881 -48.810650
v -28.445889 2.054883 -48.363834
v -52.349373 2.054883 -48.363834
v -52.861320 2.054893 -21.360886
v -52.861320 2.054883 -48.363834
v -53.195267 1.629464 -21.360886
v -53.195267 1.629454 -48.363834
v -54.474358 -0.000007 -21.360886
v -54.474358 -0.000018 -48.363834
v -53.195267 1.629453 -48.810650
v -54.474358 -0.000019 -48.810650
v -28.445889 2.054881 -48.810650
v -27.969593 1.629453 -48.810650
v -52.861320 2.054883 -48.363834
v -52.349373 2.054881 -48.810650
v -28.445887 1.629453 -48.810650
v -28.445881 -0.000019 -48.810650
v -27.969593 -0.000019 -48.810650
v -52.861320 2.054881 -48.810650
v -52.731335 1.629453 -48.810650
v -39.438622 1.147876 -48.810650
v -39.438614 0.208365 -48.810650
v -53.998638 -0.000019 -48.810650
v -46.138725 0.208365 -48.810650
v -45.314064 1.147876 -48.810650
v -54.474358 -0.000019 -48.810650
v -53.195267 1.629453 -48.810650
v -28.393795 39.476395 -41.266647
v -28.393795 32.076633 -35.422215
v -28.946865 39.509705 -40.682850
v -28.946758 32.327869 -35.048199
v -28.946865 54.411289 -40.681320
v -28.393795 54.411289 -41.266647
v -28.946865 39.509705 -40.682850
v -28.393795 39.476395 -41.266647
v -28.393795 54.411289 -41.266647
v -28.946865 54.411289 -40.681320
v -28.393795 59.571499 -35.449574
v -28.946770 59.523876 -35.064018
v -31.169342 79.870483 -35.422352
v -31.169342 79.328201 -35.052608
v -31.544117 79.609413 -35.422119
v -31.544117 79.067131 -35.052376
v -30.562365 66.019241 -21.402643
v -30.859589 65.903069 -21.651640
v -31.169563 66.761269 -20.856237
v -31.544228 66.761269 -21.178461
v -31.169548 72.289894 -20.856237
v -31.544205 72.289894 -21.178461
v -31.544197 79.262718 -21.178463
v -31.169498 79.523781 -20.856241
v -31.544168 79.609413 -21.178463
v -31.169445 79.870483 -20.856241
v -27.937304 13.065689 -45.100586
v -28.067654 13.239013 -45.135479
v -27.937304 13.065689 -45.394638
v -28.067654 13.239013 -44.773445
v -27.937304 13.065699 -24.573149
v -28.067654 13.239022 -24.901648
v -28.067654 13.239022 -24.539610
v -27.937304 13.065699 -24.247871
v -28.353058 13.239022 -24.351511
v -28.067654 13.239022 -24.539610
v -28.237825 13.065699 -24.059296
v -30.483109 13.239022 -22.948198
v -30.341475 13.065699 -22.739260
v -30.481953 13.065699 -22.649271
v -30.341475 13.065689 -46.920849
v -30.483109 13.239013 -46.726898
v -30.481953 13.065689 -47.009815
v -28.237825 13.065689 -45.585415
v -28.353058 13.239013 -45.323582
v -28.067654 13.239013 -45.135479
v -55.667934 32.314831 -35.526722
v -55.667934 32.145790 -35.908737
v -56.647469 32.505585 -35.789223
v -56.647469 32.504910 -45.816586
v -55.667934 32.145790 -46.170750
v -56.647469 32.504910 -46.170750
v -48.307343 47.542259 -35.392559
v -49.286880 50.247852 -35.789494
v -48.307343 50.441509 -35.392822
v -49.286880 47.542259 -35.789494
v -49.390755 46.815548 -35.789494
v -48.511353 46.477779 -35.392471
v -49.591026 46.140011 -35.789494
v -48.990215 45.497547 -35.392395
v -49.969753 45.497543 -35.789490
v -55.020981 38.239174 -35.391899
v -56.000515 38.239174 -35.789490
v -55.455685 37.633087 -35.391857
v -56.435230 37.633083 -35.789490
v -55.667934 36.819111 -35.391788
v -56.647469 36.819111 -35.789490
v -55.667934 36.305252 -35.391743
v -56.647469 36.279919 -35.789455
v -55.667934 32.708263 -35.391430
v -54.589863 32.504757 -48.800846
v -54.412128 32.145798 -47.925476
v -54.281063 32.079395 -48.800846
v -50.720341 5.641745 -31.591516
v -50.895905 5.899452 -31.401035
v -50.720341 5.641747 -23.858475
v -50.235687 5.641747 -23.487627
v -47.929661 5.641737 -48.302509
v -48.215748 5.641737 -48.294262
v -47.929661 5.641750 -21.362631
v -48.215748 5.641750 -21.370872
v -48.626602 5.641750 -21.379116
v -48.626167 5.641750 -20.856119
v -48.893169 5.641750 -21.145830
v -48.893169 5.641748 -21.812790
v -50.235687 5.641747 -22.979229
v -50.720341 5.641747 -23.504311
v -50.895905 5.899454 -23.858475
v -56.521362 14.231423 -23.858522
v -56.521362 14.231424 -31.401064
v -56.647484 14.600886 -23.858522
v -56.647484 14.600887 -31.401064
v -56.647469 14.943934 -23.858522
v -56.647469 14.943936 -31.401064
v -56.647469 22.675127 -23.858524
v -56.647469 22.675125 -29.496256
v -56.647469 20.770315 -31.401064
v -48.215744 5.641750 -20.856119
v -47.929661 5.641750 -20.856119
v -50.895882 5.899424 -23.504314
v -50.613171 5.800852 -23.340361
v -56.520729 14.233686 -23.504358
v -56.647484 14.608554 -23.504358
v -50.787960 6.058109 -23.340366
v -56.390385 14.397947 -23.340536
v -49.067684 8.089328 -21.124245
v -48.893162 7.836916 -21.124245
v -50.232368 5.801494 -22.835958
v -48.893166 7.370244 -21.130390
v -48.893169 5.805989 -21.147327
v -56.647469 14.954824 -23.504362
v -56.503139 14.786524 -23.340555
v -54.671459 16.296394 -21.124289
v -48.801998 8.357064 -20.856119
v -48.626163 8.105052 -20.856119
v -48.626163 7.572203 -20.856119
v -48.626167 5.807700 -20.856119
v -48.893169 5.641750 -21.145830
v -50.235687 5.641747 -22.979229
v -48.626167 5.641750 -20.856119
v -56.647469 22.675125 -23.504362
v -56.530743 15.151392 -23.340567
v -54.784561 16.695023 -21.124294
v -54.448456 16.553257 -20.856127
v -56.531075 22.675085 -23.340986
v -54.807907 17.077282 -21.124296
v -54.554985 16.923302 -20.856127
v -54.812553 22.674702 -21.124401
v -54.580360 17.307079 -20.856127
v -54.585564 22.674654 -20.856127
v -33.746704 2.993088 -23.114418
v -31.380465 2.993082 -45.273460
v -33.746704 2.993079 -46.560696
v -36.724834 2.993088 -23.045193
v -36.724834 2.993079 -46.629940
v -37.132233 2.993079 -46.629940
v -37.132233 2.993088 -23.045197
v -37.132233 2.993088 -23.045197
v -37.132233 2.993088 -22.649261
v -36.724834 2.993088 -22.649261
v -33.917061 2.993088 -22.649261
v -33.735451 2.993088 -22.649265
v -33.587498 2.993088 -22.739229
v -31.380459 2.993088 -24.059284
v -31.380465 2.993088 -24.400444
v -31.065166 2.993088 -24.573143
v -31.065166 2.993082 -45.100586
v -31.065166 2.993082 -45.394638
v -31.380459 2.993082 -45.585415
v -33.587498 2.993079 -46.920849
v -33.735451 2.993079 -47.009815
v -33.917061 2.993079 -47.009815
v -36.724834 2.993079 -47.009815
v -37.132233 2.993079 -46.629940
v -37.132233 2.993079 -47.009815
v -31.065166 2.993088 -24.247864
v -31.065166 2.993088 -24.573143
v -39.977081 16.904799 -47.009819
v -38.262184 15.513337 -47.009819
v -30.656876 15.513337 -47.009819
v -40.182163 17.396151 -47.009819
v -40.203316 17.866879 -47.009819
v -40.207714 21.455471 -47.009819
v -39.999428 21.818600 -47.009819
v -39.674065 22.046041 -47.009819
v -30.656876 22.046041 -47.009819
v -30.482140 22.046041 -47.009819
v -30.482140 15.513337 -47.009819
v -30.341646 15.513337 -46.920853
v -30.341646 22.046041 -46.920853
v -28.237846 22.046041 -45.585419
v -28.237846 15.513337 -45.585419
v -27.937304 15.513337 -45.394638
v -27.937304 22.046041 -45.394642
v -27.937304 15.513337 -45.100586
v -27.937304 22.046041 -45.100590
v -27.937304 15.513348 -24.573151
v -27.937304 22.046051 -24.573153
v -27.937304 15.513348 -24.247873
v -27.937304 22.046051 -24.247873
v -28.237846 15.513348 -24.059298
v -28.237846 22.046051 -24.059298
v -30.341646 15.513346 -22.739260
v -30.341646 22.046051 -22.739260
v -30.482140 15.513346 -22.649271
v -30.482140 22.046051 -22.649271
v -30.656876 22.046051 -22.649269
v -30.656876 15.513346 -22.649267
v -38.262184 15.513344 -22.649267
v -39.977081 16.904808 -22.649267
v -40.182163 17.396160 -22.649267
v -40.203316 17.866888 -22.649267
v -39.674065 22.046051 -22.649269
v -39.999428 21.818609 -22.649269
v -40.207714 21.455481 -22.649269
v -55.667934 32.145790 -46.170750
v -56.531345 32.504837 -46.333641
v -56.647469 32.504910 -46.170750
v -54.638626 32.145794 -47.673504
v -54.816383 32.504757 -48.548878
v -54.412128 32.145798 -47.925476
v -54.589863 32.504757 -48.800846
v -54.279247 22.885252 -20.856127
v -54.585564 22.674654 -20.856127
v -54.204609 22.885231 -21.433207
v -54.585903 23.055618 -20.856127
v -33.735291 4.432775 -47.009815
v -33.917061 3.219941 -47.009815
v -33.735291 3.219925 -47.009815
v -33.917061 2.993079 -47.009815
v -36.724834 2.993079 -47.009815
v -33.735451 2.993079 -47.009815
v -33.917061 4.432975 -47.009815
v -36.724834 3.220218 -47.009815
v -37.132233 3.220218 -47.009815
v -37.132233 2.993079 -47.009815
v -33.879414 4.695678 -47.009815
v -33.779446 4.958382 -47.009815
v -36.724834 10.927272 -47.009815
v -37.132233 10.927272 -47.009815
v -31.249199 8.138570 -47.009815
v -30.901047 8.647564 -47.009815
v -30.657612 9.212753 -47.009815
v -36.753269 11.105929 -47.009815
v -37.152695 11.105913 -47.009815
v -38.901863 13.065689 -47.009815
v -37.244873 11.308175 -47.009815
v -38.505798 13.065689 -47.009815
v -36.882954 11.308177 -47.009815
v -30.656887 13.065689 -47.009815
v -30.481953 13.065689 -47.009815
v -30.482311 9.212753 -47.009815
v -30.702805 8.647606 -47.009815
v -31.033241 8.138570 -47.009815
v -33.569351 4.958382 -47.009815
v -33.704922 4.695708 -47.009815
v -54.412128 32.145798 -47.925476
v -54.590279 31.741005 -48.800846
v -54.281063 32.079395 -48.800846
v -38.901863 13.065699 -22.649267
v -37.244873 11.308185 -22.649261
v -38.901863 13.065699 -23.045158
v -37.244884 11.308185 -23.045158
v -37.152695 11.105912 -23.045158
v -37.152695 11.105922 -22.649261
v -37.132233 10.927281 -23.045158
v -37.132233 10.927281 -22.649261
v -37.132233 3.220226 -23.045191
v -37.132233 3.220226 -22.649261
v -37.132233 2.993088 -23.045197
v -37.132233 2.993088 -22.649261
v -38.901863 13.065699 -23.045158
v -38.901863 13.065689 -46.629940
v -37.244884 11.308175 -46.629940
v -37.152695 11.105902 -46.629940
v -37.152695 11.105912 -23.045158
v -37.132233 10.927272 -46.629940
v -37.132233 10.927281 -23.045158
v -37.132233 3.220218 -46.629940
v -37.132233 2.993079 -46.629940
v -37.132233 2.993088 -23.045197
v -37.244873 11.308175 -47.009815
v -38.901863 13.065689 -47.009815
v -37.244884 11.308175 -46.629940
v -37.152695 11.105913 -47.009815
v -37.152695 11.105902 -46.629940
v -37.132233 10.927272 -47.009815
v -37.132233 3.220218 -47.009815
v -37.132233 2.993079 -47.009815
v -37.132233 2.993079 -46.629940
v -31.169586 60.066875 -20.856232
v -31.544258 60.288483 -21.178453
v -31.169571 62.897568 -20.856232
v -31.544237 62.897568 -21.178455
v -30.859592 63.705334 -21.651640
v -30.562366 63.633236 -21.402643
v -36.724834 3.220226 -22.649261
v -33.917061 4.432982 -22.649261
v -33.917061 3.219950 -22.649261
v -33.879414 4.695686 -22.649261
v -33.779446 4.958389 -22.649261
v -36.724903 10.927094 -22.649261
v -31.249199 8.138579 -22.649261
v -33.569351 4.958389 -22.649265
v -33.704922 4.695716 -22.649263
v -33.735291 4.432782 -22.649263
v -33.735291 3.219933 -22.649263
v -33.735451 2.993088 -22.649265
v -33.917061 2.993088 -22.649261
v -36.724834 2.993088 -22.649261
v -37.132233 3.220226 -22.649261
v -37.132233 10.927281 -22.649261
v -36.753254 11.105960 -22.649261
v -30.657612 9.212763 -22.649261
v -30.656887 13.065699 -22.649267
v -30.901047 8.647573 -22.649261
v -37.132233 2.993088 -22.649261
v -30.481953 13.065699 -22.649271
v -30.482311 9.212763 -22.649265
v -30.701172 8.647615 -22.649263
v -31.028294 8.138579 -22.649263
v -37.152695 11.105922 -22.649261
v -36.882954 11.308185 -22.649261
v -38.505798 13.065699 -22.649267
v -37.244873 11.308185 -22.649261
v -38.901863 13.065699 -22.649267
v -56.647469 32.282913 -23.504364
v -56.531208 36.630600 -23.341223
v -56.531425 30.086216 -23.341431
v -56.647469 30.086216 -23.504362
v -56.647469 36.252094 -23.504364
v -56.647469 36.819122 -23.858526
v -56.647469 36.819122 -23.504364
v -56.647472 36.252094 -23.858526
v -56.647472 32.282906 -23.858526
v -56.647469 30.086216 -23.858526
v -56.647469 30.086206 -45.816586
v -56.307358 37.437599 -23.339716
v -56.434822 37.633099 -23.504364
v -56.434837 37.633099 -23.858526
v -56.647469 36.819111 -34.893375
v -56.647469 36.252075 -34.893383
v -56.647469 32.282829 -34.893421
v -56.647469 31.913626 -35.044834
v -56.647469 31.740925 -35.369625
v -56.647469 31.740917 -45.816586
v -56.647469 31.740917 -46.170750
v -56.647469 30.086206 -46.170750
v -56.531372 31.740936 -46.333614
v -56.435200 37.633087 -34.893375
v -54.817459 30.086216 -21.124512
v -54.814468 34.132679 -21.124462
v -54.618454 34.847237 -21.124086
v -54.273582 35.435745 -21.123945
v -55.871033 38.049980 -23.339165
v -56.000515 38.239185 -23.504372
v -56.000515 38.239185 -23.858532
v -56.000515 38.239174 -34.893375
v -49.969753 45.497562 -23.858534
v -49.969753 45.497547 -34.893444
v -49.591022 46.140011 -34.893444
v -49.286823 47.542274 -23.858534
v -49.286793 50.923801 -23.858536
v -49.286823 47.542282 -23.504372
v -49.286873 47.542259 -34.893444
v -49.390751 46.815548 -34.893444
v -49.390720 46.815559 -23.858534
v -49.591003 46.140026 -23.858534
v -49.969753 45.497570 -23.504372
v -49.802406 45.333824 -23.338995
v -47.585091 43.164272 -21.123911
v -47.292240 42.877728 -20.856136
v -54.046993 35.104637 -20.856131
v -54.395393 34.505116 -20.856131
v -54.587730 33.802761 -20.856131
v -54.591064 30.086216 -20.856129
v -49.286880 50.505909 -34.895832
v -46.506222 43.831181 -20.856136
v -46.843620 44.083710 -21.123882
v -49.398205 45.995724 -23.338886
v -49.591003 46.140026 -23.504372
v -49.390717 46.815563 -23.504372
v -49.077599 47.452305 -23.339376
v -49.073326 50.923805 -23.339375
v -46.262505 50.923809 -21.124008
v -49.073307 51.257099 -23.339375
v -46.262508 51.257103 -21.124008
v -46.219139 51.728146 -21.681898
v -49.183331 46.693985 -23.339054
v -46.435444 45.083092 -21.123924
v -46.072517 44.870331 -20.856136
v -46.261787 46.260124 -21.124008
v -45.890778 46.102669 -20.856136
v -45.890884 50.923809 -20.856138
v -45.890884 51.257103 -20.856138
v -45.862984 51.729126 -21.426407
v -45.667667 55.033264 -25.418274
v -45.915546 55.025414 -25.587132
v -48.912502 51.728123 -23.804689
v -49.286789 51.257099 -23.504372
v -49.286789 50.923801 -23.504372
v -49.286793 51.257099 -23.858536
v -49.117756 51.726227 -23.960945
v -47.786888 55.025265 -27.061888
v -47.934525 55.010071 -27.156956
v -49.118549 51.724030 -24.298306
v -49.286877 51.257088 -34.691383
v -49.286877 50.923790 -34.691437
v -47.940849 54.992516 -27.376692
v -49.118778 51.723610 -34.676605
v -47.942089 54.989235 -34.573151
v -49.286880 51.067844 -34.977161
v -49.286900 55.439541 -39.929676
v -49.286896 55.780373 -39.650642
v -49.286896 56.066093 -39.792320
v -49.286900 66.445869 -39.792320
v -49.286896 56.092163 -39.436275
v -49.286896 66.419800 -39.436275
v -49.120770 56.310959 -39.177769
v -49.120773 66.201004 -39.177773
v -47.957905 64.669456 -37.368229
v -47.957905 57.842522 -37.368225
v -49.286900 66.907005 -39.927731
v -49.286896 66.731590 -39.650646
v -49.286880 71.585075 -35.305180
v -49.286880 71.444115 -34.977161
v -49.286880 71.588173 -34.691441
v -47.957306 57.565929 -37.267380
v -47.942902 55.122662 -34.848251
v -49.120697 56.038677 -39.076504
v -49.118881 51.858253 -34.952385
v -49.286896 55.820496 -39.334949
v -49.286880 51.391903 -34.967258
v -47.957306 64.946053 -37.267380
v -49.120697 66.473289 -39.076504
v -47.942902 67.389313 -34.848251
v -49.118881 70.653717 -34.952385
v -49.286896 66.691467 -39.334953
v -49.286880 71.120056 -34.967262
v -46.262733 71.588219 -21.124018
v -46.262730 71.254929 -21.124018
v -49.071957 71.588165 -23.339384
v -49.071976 71.254868 -23.339384
v -49.286777 71.588165 -23.504381
v -49.286777 71.254868 -23.504381
v -49.286781 71.588165 -23.858543
v -49.286781 71.254868 -23.858543
v -49.286880 71.254868 -34.691387
v -45.890919 71.588234 -20.856146
v -45.890919 71.254936 -20.856146
v -45.863014 70.782913 -21.426414
v -46.219349 70.783882 -21.681906
v -48.911240 70.783852 -23.804697
v -49.117741 70.785736 -23.960964
v -49.118538 70.787949 -24.298313
v -49.118782 70.788353 -34.676609
v -47.940842 67.519463 -27.376699
v -47.942089 67.522743 -34.573151
v -47.934486 67.501823 -27.157043
v -47.786064 67.486717 -27.061895
v -45.915688 67.486610 -25.587133
v -45.667686 67.478760 -25.418283
v -56.647469 22.675127 -23.858524
v -55.950504 22.885221 -23.504362
v -56.647469 22.675125 -23.504362
v -56.647469 22.675125 -29.496256
v -55.950504 22.885145 -29.585455
v -44.101906 26.361950 -24.414728
v -32.354702 26.361971 -24.414736
v -44.047344 26.209566 -25.037916
v -32.102036 26.209753 -25.062555
v -32.101994 26.362001 -24.414736
v -31.544117 79.609413 -35.422119
v -31.544144 79.609413 -48.061897
v -31.169342 79.870483 -35.422352
v -31.169395 79.870483 -48.316372
v -31.544168 79.609413 -48.478653
v -31.169445 79.870483 -48.800877
v -32.102036 25.979328 -25.062551
v -31.937744 25.826797 -24.570536
v -32.101994 25.826799 -24.414736
v -29.638271 25.826754 -26.751753
v -30.001057 25.979134 -26.907555
v -29.474024 25.826750 -26.907553
v -32.102013 26.209740 -44.661411
v -31.937763 26.361990 -45.104576
v -32.102013 26.361992 -45.260380
v -29.638273 26.361944 -42.923336
v -30.001053 26.209564 -42.767544
v -29.474024 26.361940 -42.767532
v -31.937763 25.826799 -45.104572
v -32.102013 25.979313 -44.661419
v -32.102013 25.826803 -45.260376
v -30.001053 25.979139 -42.767544
v -29.638273 25.826754 -42.923336
v -29.474024 25.826748 -42.767532
v -26.967793 3.966036 -32.076294
v -27.178518 5.814462 -34.585304
v -26.967793 5.774949 -34.837528
v -27.178518 4.049388 -31.923168
v -27.178518 -0.000008 -31.923172
v -26.967793 -0.000008 -32.076298
v -48.307320 71.921463 -35.378979
v -49.286858 72.285866 -35.501389
v -49.286785 72.281624 -23.858543
v -48.307243 71.921463 -23.667627
v -49.286777 72.289856 -23.504381
v -48.307320 71.921463 -35.378979
v -49.286880 71.588173 -34.691441
v -49.286880 71.585075 -35.305180
v -49.286781 71.588165 -23.858543
v -48.307243 71.921463 -23.667627
v -49.286777 71.588165 -23.504381
v -56.647469 30.086206 -45.816586
v -56.488560 29.839399 -45.684929
v -56.647469 30.086206 -46.170750
v -56.488560 29.839409 -23.990099
v -56.647469 30.086216 -23.858526
v -56.647469 30.086216 -23.504362
v -38.702972 3.978773 -45.260361
v -38.698151 11.348716 -45.260365
v -38.855255 4.131196 -44.637177
v -38.850548 11.330583 -44.637180
v -38.920288 11.618686 -44.637180
v -38.779381 11.684272 -45.260365
v -39.015545 12.005650 -45.260365
v -39.132004 11.906785 -44.637177
v -43.893211 16.825802 -45.260365
v -44.010113 16.727394 -44.637180
v -44.077702 17.081240 -45.260365
v -44.218193 17.015497 -44.637180
v -44.291710 17.303604 -44.637180
v -44.139324 17.322735 -45.260365
v -44.138920 25.278837 -45.260380
v -44.291302 25.302370 -44.637196
v -44.023842 25.642597 -45.260380
v -44.156399 25.728815 -44.637192
v -43.815586 25.826664 -45.260380
v -43.873276 25.979048 -44.637192
v -54.507652 29.839399 -48.241749
v -56.647469 30.086206 -46.170750
v -56.488560 29.839399 -45.684929
v -56.531425 30.086206 -46.333561
v -54.817505 30.086206 -48.548855
v -54.591114 30.086206 -48.800846
v -54.282127 30.086216 -20.856129
v -54.507599 29.839409 -21.431406
v -54.591064 30.086216 -20.856129
v -48.797462 29.839409 -21.431406
v -48.624329 30.086216 -20.856129
v -54.282322 29.592590 -48.800846
v -54.507652 29.839399 -48.241749
v -54.591194 29.592590 -48.800846
v -48.797462 29.839399 -48.241760
v -48.626167 29.592590 -48.800846
v -56.531425 30.086206 -46.333561
v -54.816757 31.740971 -48.548870
v -54.817505 30.086206 -48.548855
v -54.590279 31.741005 -48.800846
v -54.591114 30.086206 -48.800846
v -54.204609 22.885231 -21.433207
v -54.812847 23.055664 -21.124407
v -54.585903 23.055618 -20.856127
v -55.950504 22.885221 -23.504362
v -56.531090 23.056047 -23.341009
v -56.647469 23.056087 -23.504362
v -56.647469 29.592600 -23.858526
v -56.488560 29.839409 -23.990099
v -56.647469 29.592600 -23.504362
v -56.488560 29.839399 -45.684929
v -56.647469 29.592590 -45.816586
v -56.647469 29.592590 -46.170750
v -52.861320 2.054893 -21.360886
v -53.195267 1.629465 -20.864435
v -54.474358 -0.000006 -20.864435
v -42.051205 5.642419 -20.856211
v -42.051205 5.642421 -21.242580
v -42.276257 5.788669 -21.178432
v -42.276257 5.788669 -21.555893
v -42.276257 5.788657 -48.117607
v -42.051205 5.642406 -48.431328
v -42.276257 5.788657 -48.478619
v -42.051205 5.642406 -48.800842
v -56.647469 14.954824 -46.170734
v -56.503139 14.786546 -46.334423
v -56.530746 15.151431 -46.334408
v -56.647484 14.608555 -46.170734
v -56.390385 14.397952 -46.334435
v -56.520729 14.233679 -46.170734
v -50.787960 6.058109 -46.334564
v -50.895882 5.899416 -46.170731
v -50.613174 5.800853 -46.334564
v -50.720341 5.641740 -46.170731
v -50.235687 5.641740 -46.696877
v -50.232372 5.801494 -46.840549
v -48.893169 5.641737 -48.519623
v -48.893169 5.805977 -48.522171
v -48.626167 5.641737 -48.800831
v -48.626167 5.807686 -48.800831
v -48.893166 7.370214 -48.543003
v -48.626163 7.572167 -48.800831
v -48.893162 7.836880 -48.549095
v -48.626163 8.105012 -48.800831
v -54.784595 16.695024 -48.549061
v -54.807945 17.077322 -48.549057
v -54.671494 16.296373 -48.549065
v -49.067684 8.089293 -48.549095
v -48.802002 8.357025 -48.800831
v -54.448498 16.553217 -48.800831
v -54.555023 16.923262 -48.800831
v -54.580399 17.307058 -48.800831
v -54.817558 29.592590 -48.548855
v -54.591194 29.592590 -48.800846
v -56.531425 29.592590 -46.333565
v -56.647469 29.592590 -46.170750
v -56.647469 29.592590 -45.816586
v -56.647469 14.943929 -45.816574
v -56.647484 14.600882 -45.816570
v -56.521362 14.231416 -45.816570
v -50.895905 5.899446 -45.816570
v -50.720341 5.641740 -45.816570
v -50.235687 5.641740 -46.187866
v -50.235687 5.641740 -46.696877
v -56.647469 29.592600 -23.858526
v -56.647469 14.943933 -31.782026
v -56.647469 21.105997 -31.746771
v -56.647469 23.021734 -29.831097
v -56.647469 23.056089 -23.858524
v -56.647469 23.056087 -23.504362
v -56.647469 29.592600 -23.504362
v -56.531090 23.056047 -23.341009
v -56.531422 29.592600 -23.341425
v -54.812847 23.055664 -21.124407
v -54.817513 29.592600 -21.124512
v -54.585903 23.055618 -20.856127
v -54.591141 29.592600 -20.856129
v -47.929661 5.641737 -48.800831
v -48.215744 5.641737 -48.800831
v -48.626167 5.641737 -48.800831
v -48.626602 5.641737 -48.286018
v -48.893169 5.641737 -47.856815
v -50.895905 5.899452 -31.781998
v -56.521362 14.231421 -31.782024
v -56.647484 14.600884 -31.782024
v -48.893169 5.641737 -48.519623
v -40.672256 37.768425 -21.362370
v -40.610188 38.142040 -20.856228
v -40.716759 37.919186 -21.331434
v -40.721790 38.347084 -20.856228
v -40.905586 38.424408 -21.018475
v -40.835537 37.947311 -21.463402
v -44.471561 38.854626 -23.486137
v -44.334759 38.371628 -23.889341
v -55.950504 22.885221 -23.504362
v -56.647469 23.056089 -23.858524
v -56.647469 23.056087 -23.504362
v -55.950504 22.885145 -29.585455
v -56.647469 23.021734 -29.831097
v -40.672470 37.768703 -48.294628
v -39.526180 39.266197 -48.294632
v -40.721111 37.922344 -48.321407
v -39.561298 39.432892 -48.321407
v -39.636280 39.507973 -48.197800
v -40.839729 37.950443 -48.206039
v -43.191704 39.849663 -45.785263
v -44.332611 38.371468 -45.785263
v -55.950504 22.885145 -29.585455
v -55.950504 20.933140 -31.560003
v -56.647469 23.021734 -29.831097
v -56.647469 21.105997 -31.746771
v -56.647469 20.770315 -31.401064
v -55.950504 20.933140 -31.560003
v -56.647469 22.675125 -29.496256
v -55.950504 22.885145 -29.585455
v -30.562355 26.961214 -35.422306
v -30.562355 26.961214 -34.611748
v -30.562355 27.430141 -35.048244
v -30.001057 26.209564 -26.907555
v -29.474024 26.361946 -26.907553
v -30.001057 26.209566 -27.155367
v -29.474024 26.361948 -27.155365
v -30.001057 26.209562 -42.519730
v -29.474024 26.361938 -42.519722
v -30.001053 26.209564 -42.767544
v -29.474024 26.361940 -42.767532
v -56.647469 29.592590 -46.170750
v -54.507652 29.839399 -48.241749
v -56.488560 29.839399 -45.684929
v -56.531425 29.592590 -46.333565
v -54.817558 29.592590 -48.548855
v -54.591194 29.592590 -48.800846
v -47.061291 25.028288 -24.542295
v -47.061291 26.813267 -24.542295
v -46.905163 24.815086 -23.486141
v -46.905163 27.049164 -23.486143
v -39.072590 78.421837 -48.044235
v -39.072590 78.421837 -21.628944
v -39.072598 79.513214 -48.422550
v -39.072598 79.513214 -21.242548
v -39.072586 72.289894 -48.044220
v -39.072586 72.289894 -48.427223
v -39.072586 72.289894 -48.800854
v -39.072598 79.513214 -48.800865
v -39.072601 79.871086 -48.800865
v -39.072601 79.871086 -48.422550
v -39.072601 79.871086 -21.242548
v -39.072601 79.871086 -20.856150
v -39.072598 79.513214 -20.856150
v -39.072586 72.289894 -20.856146
v -39.072586 72.289894 -21.398430
v -39.072586 72.289894 -21.628942
v -54.507652 29.839399 -48.241749
v -54.282127 30.086206 -48.800846
v -54.591114 30.086206 -48.800846
v -48.797462 29.839399 -48.241760
v -48.624329 30.086206 -48.800846
v -47.061291 26.813267 -24.542295
v -47.217426 27.049164 -23.486134
v -46.905163 27.049164 -23.486143
v -43.873276 25.979059 -25.037916
v -43.815586 25.826674 -24.414728
v -44.156399 25.728825 -25.037916
v -44.023846 25.642607 -24.414736
v -44.291302 25.302380 -25.037914
v -44.138920 25.278847 -24.414736
v -44.291710 17.303614 -25.037916
v -44.139324 17.322744 -24.414736
v -44.077698 17.081249 -24.414736
v -44.218193 17.015505 -25.037914
v -44.010109 16.727396 -25.037912
v -43.893211 16.825809 -24.414728
v -39.132004 11.906800 -25.037910
v -39.015545 12.005661 -24.414721
v -38.920288 11.618691 -25.037912
v -38.779377 11.684274 -24.414728
v -38.698147 11.348721 -24.414728
v -38.850544 11.330588 -25.037910
v -38.855259 4.131202 -25.037907
v -38.702972 3.979125 -24.414726
v -47.061291 25.028288 -24.542295
v -47.217426 24.815086 -23.486132
v -47.061291 26.813267 -24.542295
v -47.217426 27.049164 -23.486134
v -44.332611 38.371468 -45.785263
v -44.469391 38.854496 -46.188854
v -40.839729 37.950443 -48.206039
v -40.905823 38.424507 -48.655514
v -40.721111 37.922344 -48.321407
v -40.722183 38.347206 -48.800858
v -40.610401 38.142326 -48.800858
v -40.672470 37.768703 -48.294628
v -56.647469 30.086216 -23.504362
v -54.507599 29.839409 -21.431406
v -56.488560 29.839409 -23.990099
v -56.531425 30.086216 -23.341431
v -54.817459 30.086216 -21.124512
v -54.591064 30.086216 -20.856129
v -47.061291 25.028288 -24.542295
v -46.905163 24.815086 -23.486141
v -47.217426 24.815086 -23.486132
v -28.393795 49.194489 -31.023302
v -28.393795 49.194492 -30.882891
v -28.393795 49.194492 -30.742479
v -28.683407 49.194492 -30.546886
v -28.393795 48.763000 -30.597971
v -28.393795 30.614634 -30.597961
v -28.393795 30.329302 -30.738373
v -28.393795 30.071362 -30.878784
v -28.393795 48.763000 -30.878792
v -28.393795 48.762997 -30.738380
v -46.262753 72.289909 -21.124018
v -45.890919 71.921524 -20.856146
v -46.262737 71.921516 -22.202314
v -46.262733 71.588219 -21.124018
v -49.286900 54.716663 -40.447952
v -48.307362 55.098709 -40.161770
v -49.286880 50.247852 -35.789494
v -48.307343 50.441509 -35.392822
v -48.307362 55.098709 -40.161770
v -49.286900 55.439541 -39.929676
v -48.307343 50.441509 -35.392822
v -49.286880 50.505909 -34.895832
v -48.307362 55.098709 -40.161770
v -48.307365 67.162560 -40.161751
v -49.286900 55.439541 -39.929676
v -49.286900 66.907005 -39.927731
v -49.286900 66.907005 -39.927731
v -48.307365 67.162560 -40.161751
v -49.286880 71.585075 -35.305180
v -48.307320 71.921463 -35.378979
v -49.286900 54.716663 -40.447952
v -49.286903 67.403656 -40.447945
v -48.307362 55.098709 -40.161770
v -48.307365 67.162560 -40.161751
v -48.307365 67.162560 -40.161751
v -49.286903 67.403656 -40.447945
v -48.307320 71.921463 -35.378979
v -49.286858 72.285866 -35.501389
v -42.499687 64.654640 -25.407988
v -40.668659 66.214775 -21.425123
v -42.502525 57.857334 -25.407967
v -40.673073 56.297207 -21.425119
v -42.605537 64.903152 -25.408056
v -45.440411 67.485756 -25.409834
v -40.775021 66.462616 -21.425131
v -45.535324 70.783791 -21.425356
v -45.667686 67.478760 -25.418283
v -45.863014 70.782913 -21.426414
v -47.061283 25.028278 -45.132683
v -46.905136 24.815084 -46.188843
v -47.061283 26.813257 -45.132694
v -46.905136 27.047277 -46.188854
v -39.526180 39.266197 -48.294632
v -39.441071 39.669922 -48.800858
v -39.561298 39.432892 -48.321407
v -39.539059 39.888115 -48.800858
v -39.678185 40.013348 -48.647121
v -39.636280 39.507973 -48.197800
v -43.305550 40.362400 -46.188850
v -43.191704 39.849663 -45.785263
v -49.673592 27.350340 -20.856129
v -49.733292 27.416571 -20.926701
v -48.335041 27.350332 -20.856129
v -48.275345 27.416563 -20.926701
v -49.732841 24.517094 -20.926699
v -49.733292 27.416571 -20.926701
v -49.673180 24.583324 -20.856127
v -49.673592 27.350340 -20.856129
v -48.335052 24.583317 -20.856127
v -48.275356 24.517086 -20.926699
v -49.673180 24.583324 -20.856127
v -49.732841 24.517094 -20.926699
v -48.335041 27.350332 -20.856129
v -48.275345 27.416563 -20.926701
v -48.335052 24.583317 -20.856127
v -48.275356 24.517086 -20.926699
v -48.335052 24.583307 -48.800835
v -48.275356 24.517076 -48.730259
v -48.335041 27.350323 -48.800846
v -48.275345 27.416553 -48.730274
v -49.732841 24.517084 -48.730259
v -48.275356 24.517076 -48.730259
v -49.673180 24.583315 -48.800835
v -48.335052 24.583307 -48.800835
v -49.673592 27.350330 -48.800846
v -49.733292 27.416561 -48.730274
v -49.673180 24.583315 -48.800835
v -49.732841 24.517084 -48.730259
v -48.335041 27.350323 -48.800846
v -48.275345 27.416553 -48.730274
v -49.673592 27.350330 -48.800846
v -49.733292 27.416561 -48.730274
v -48.215660 24.450855 -20.856127
v -49.792503 24.450865 -20.856127
v -48.275356 24.517086 -20.926699
v -49.732841 24.517094 -20.926699
v -49.732841 24.517094 -20.926699
v -49.792503 24.450865 -20.856127
v -49.733292 27.416571 -20.926701
v -49.792988 27.482801 -20.856129
v -49.792988 27.482801 -20.856129
v -48.215649 27.482792 -20.856129
v -49.733292 27.416571 -20.926701
v -48.275345 27.416563 -20.926701
v -48.275345 27.416563 -20.926701
v -48.215649 27.482792 -20.856129
v -48.275356 24.517086 -20.926699
v -48.215660 24.450855 -20.856127
v -48.215649 27.482782 -48.800846
v -49.792988 27.482792 -48.800846
v -48.275345 27.416553 -48.730274
v -49.733292 27.416561 -48.730274
v -49.733292 27.416561 -48.730274
v -49.792988 27.482792 -48.800846
v -49.732841 24.517084 -48.730259
v -49.792503 24.450855 -48.800835
v -48.215660 24.450846 -48.800835
v -48.275356 24.517076 -48.730259
v -49.792503 24.450855 -48.800835
v -49.732841 24.517084 -48.730259
v -48.275356 24.517076 -48.730259
v -48.215660 24.450846 -48.800835
v -48.275345 27.416553 -48.730274
v -48.215649 27.482782 -48.800846
v -48.626167 29.592590 -48.800846
v -48.215614 29.839399 -48.800846
v -48.797462 29.839399 -48.241760
v -48.624329 30.086206 -48.800846
v -33.963566 72.289894 -21.629005
v -35.266327 74.222542 -21.629007
v -33.963970 78.421860 -21.629007
v -35.266338 77.832298 -21.629007
v -35.266338 77.832298 -48.047771
v -35.266327 74.222542 -48.047760
v -33.963970 78.421860 -48.047771
v -33.963566 72.289894 -48.047756
v -39.072586 72.289894 -21.628942
v -39.072590 78.421837 -21.628944
v -35.660084 74.223938 -21.628944
v -35.660088 77.830452 -21.628944
v -39.072586 72.289894 -48.044220
v -35.660084 74.223938 -48.044224
v -39.072590 78.421837 -48.044235
v -35.660088 77.830452 -48.044235
v -38.901863 13.065689 -47.009815
v -38.505798 13.065689 -47.009815
v -38.699520 13.239013 -46.780773
v -38.326305 13.239013 -46.780773
v -30.656887 13.065689 -47.009815
v -30.481953 13.065689 -47.009815
v -30.483109 13.239013 -46.726898
v -47.061283 25.028278 -45.132683
v -47.217430 24.815084 -46.188839
v -46.905136 24.815084 -46.188843
v -27.777149 17.712566 -31.701437
v -27.962385 17.433630 -31.558315
v -27.977493 17.712566 -31.699575
v -28.156422 17.433630 -31.558315
v -27.777149 17.712566 -31.701437
v -27.675980 17.563835 -31.753084
v -27.962385 17.433630 -31.558315
v -27.864403 17.289583 -31.603922
v -27.068960 16.671442 -32.035614
v -27.276501 16.425297 -31.877558
v -26.967793 16.522709 -32.077480
v -27.178518 16.281248 -31.923162
v -26.967793 16.264542 -32.076286
v -27.178518 16.031212 -31.923162
v -26.967793 12.260250 -32.076286
v -27.178518 12.123088 -31.923161
v -47.061283 25.028278 -45.132683
v -47.061283 26.813257 -45.132694
v -47.217430 24.815084 -46.188839
v -47.217430 27.047277 -46.188850
v -43.193863 39.849823 -23.889313
v -43.307732 40.362537 -23.486111
v -39.632744 39.504101 -21.471649
v -39.678619 40.012489 -21.026875
v -39.557667 39.428902 -21.331436
v -39.539402 39.887146 -20.856228
v -39.441242 39.669224 -20.856228
v -39.526348 39.265514 -21.362377
v -26.967793 8.569529 -34.837528
v -27.178518 8.480749 -34.585300
v -26.967793 12.260250 -32.076286
v -27.178518 12.123088 -31.923161
v -27.178518 5.814462 -34.585304
v -27.178518 8.480749 -34.585300
v -26.967793 5.774949 -34.837528
v -26.967793 8.569529 -34.837528
v -43.815586 25.826674 -24.414728
v -43.873276 25.979059 -25.037916
v -32.354702 25.826775 -24.414728
v -32.102036 25.979328 -25.062551
v -32.101994 25.826799 -24.414736
v -45.098358 1.016869 -48.518322
v -45.314064 1.147876 -48.810650
v -45.693035 0.339372 -48.518322
v -46.138725 0.208365 -48.810650
v -45.098358 1.016869 -48.518322
v -39.677521 1.016869 -48.518322
v -45.314064 1.147876 -48.810650
v -39.438622 1.147876 -48.810650
v -39.677513 0.339372 -48.518322
v -39.438614 0.208365 -48.810650
v -39.677521 1.016869 -48.518322
v -39.438622 1.147876 -48.810650
v -39.677513 0.339372 -48.518322
v -45.693035 0.339372 -48.518322
v -39.438614 0.208365 -48.810650
v -46.138725 0.208365 -48.810650
v -39.677521 1.016880 -21.156761
v -39.438622 1.147888 -20.864435
v -39.677513 0.339383 -21.156761
v -39.438614 0.208376 -20.864435
v -45.098358 1.016880 -21.156769
v -45.314064 1.147888 -20.864435
v -39.677521 1.016880 -21.156761
v -39.438622 1.147888 -20.864435
v -45.098358 1.016880 -21.156769
v -45.693035 0.339383 -21.156769
v -45.314064 1.147888 -20.864435
v -46.138725 0.208376 -20.864435
v -39.677513 0.339383 -21.156761
v -39.438614 0.208376 -20.864435
v -45.693035 0.339383 -21.156769
v -46.138725 0.208376 -20.864435
v -45.098358 1.016869 -48.076794
v -45.098358 1.016869 -48.518322
v -45.693035 0.339372 -48.076794
v -45.693035 0.339372 -48.518322
v -39.677521 1.016869 -48.076794
v -39.677521 1.016869 -48.518322
v -45.098358 1.016869 -48.076794
v -45.098358 1.016869 -48.518322
v -39.677513 0.339372 -48.076794
v -39.677513 0.339372 -48.518322
v -39.677521 1.016869 -48.076794
v -39.677521 1.016869 -48.518322
v -45.693035 0.339372 -48.076794
v -45.693035 0.339372 -48.518322
v -39.677513 0.339372 -48.076794
v -39.677513 0.339372 -48.518322
v -39.677521 1.016880 -21.598286
v -39.677521 1.016880 -21.156761
v -39.677513 0.339383 -21.598286
v -39.677513 0.339383 -21.156761
v -45.098358 1.016880 -21.598297
v -45.098358 1.016880 -21.156769
v -39.677521 1.016880 -21.598286
v -39.677521 1.016880 -21.156761
v -45.693035 0.339383 -21.598297
v -45.693035 0.339383 -21.156769
v -45.098358 1.016880 -21.598297
v -45.098358 1.016880 -21.156769
v -39.677513 0.339383 -21.598286
v -39.677513 0.339383 -21.156761
v -45.693035 0.339383 -21.598297
v -45.693035 0.339383 -21.156769
v -31.169342 79.870483 -34.620430
v -31.169342 79.328201 -35.052608
v -30.562193 79.524765 -34.620403
v -30.562193 78.982483 -35.052586
v -29.312496 78.487625 -35.052505
v -28.740738 78.487625 -34.620327
v -28.965553 78.290077 -35.052490
v -28.393795 78.290077 -34.620312
v -28.393795 77.943375 -34.620312
v -28.965553 77.943375 -35.052490
v -28.393795 66.761269 -34.611752
v -28.946770 59.523876 -35.064018
v -28.393795 51.449776 -34.611748
v -28.946758 32.327869 -35.048199
v -28.965553 27.917166 -35.048199
v -28.393795 27.448238 -34.611748
v -28.965553 27.430143 -35.048199
v -28.393795 26.961216 -34.611748
v -31.937744 26.362000 -24.570538
v -32.102036 26.209753 -25.062555
v -32.101994 26.362001 -24.414736
v -29.638271 26.361948 -26.751753
v -30.001057 26.209564 -26.907555
v -29.474024 26.361946 -26.907553
v -28.393795 26.961216 -34.611748
v -28.965553 27.430143 -35.048199
v -28.740765 26.961216 -34.611748
v -29.312523 27.430143 -35.048206
v -30.562355 26.961214 -34.611748
v -30.562355 27.430141 -35.048244
v -42.608448 57.608791 -25.408031
v -40.779518 56.049343 -21.425125
v -45.440315 55.026253 -25.409809
v -45.535179 51.728249 -21.425346
v -45.667667 55.033264 -25.418274
v -45.862984 51.729126 -21.426407
v -38.699520 13.239022 -22.894323
v -38.505798 13.065699 -22.649267
v -38.901863 13.065699 -22.649267
v -38.326305 13.239022 -22.894323
v -30.656887 13.065699 -22.649267
v -30.483109 13.239022 -22.948198
v -30.481953 13.065699 -22.649271
v -31.830317 58.787094 -48.587597
v -31.593622 58.814354 -46.773579
v -31.830315 60.016979 -48.587597
v -31.593620 59.989716 -46.773579
v -31.226862 58.787094 -48.587597
v -31.169590 58.737221 -48.800861
v -31.226860 60.016979 -48.587597
v -31.169586 60.066856 -48.800861
v -31.887587 60.066856 -48.800861
v -31.830315 60.016979 -48.587597
v -31.544258 60.288464 -48.478638
v -31.544262 60.177658 -48.348240
v -31.544262 60.177677 -21.308849
v -31.830315 60.016998 -21.069492
v -31.544258 60.288483 -21.178453
v -31.887587 60.066875 -20.856232
v -31.169586 60.066875 -20.856232
v -31.226860 60.016998 -21.069492
v -31.544258 60.288483 -21.178453
v -31.544262 60.177677 -21.308849
v -48.626167 29.592600 -20.856129
v -48.797462 29.839409 -21.431406
v -48.215614 29.839409 -20.856129
v -48.624329 30.086216 -20.856129
v -54.507599 29.839409 -21.431406
v -54.282322 29.592600 -20.856129
v -54.591141 29.592600 -20.856129
v -48.797462 29.839409 -21.431406
v -48.626167 29.592600 -20.856129
v -54.590279 31.741005 -48.800846
v -54.412128 32.145798 -47.925476
v -54.816757 31.740971 -48.548870
v -54.638626 32.145794 -47.673504
v -56.531372 31.740936 -46.333614
v -55.667934 32.145790 -46.170750
v -56.647469 31.740917 -46.170750
v -42.628143 5.458745 -45.260365
v -42.628418 2.330511 -45.260361
v -42.475769 5.306342 -44.637180
v -42.476021 2.482936 -44.637180
v -39.162315 5.305944 -44.637177
v -39.314697 5.458348 -45.260365
v -42.475769 5.306342 -44.637180
v -42.628143 5.458745 -45.260365
v -39.630531 4.131392 -44.637180
v -39.549625 3.978988 -45.260361
v -38.855255 4.131196 -44.637177
v -38.702972 3.978773 -45.260361
v -41.033539 2.330515 -45.260361
v -39.549625 3.978988 -45.260361
v -41.114452 2.482943 -44.637180
v -39.630531 4.131392 -44.637180
v -42.628418 2.330511 -45.260361
v -41.033539 2.330515 -45.260361
v -42.476021 2.482936 -44.637180
v -41.114452 2.482943 -44.637180
v -41.114452 2.483021 -25.037905
v -41.033470 2.330552 -24.414726
v -42.476017 2.483080 -25.037907
v -42.628311 2.330585 -24.414726
v -39.630527 4.129641 -25.037907
v -39.549500 3.977417 -24.414726
v -41.114452 2.483021 -25.037905
v -41.033470 2.330552 -24.414726
v -42.628311 2.330585 -24.414726
v -42.630486 5.455057 -24.414719
v -42.476017 2.483080 -25.037907
v -42.475769 5.306346 -25.037910
v -38.702972 3.979125 -24.414726
v -39.549500 3.977417 -24.414726
v -38.855259 4.131202 -25.037907
v -39.630527 4.129641 -25.037907
v -42.630486 5.455057 -24.414719
v -39.316998 5.458183 -24.414726
v -42.475769 5.306346 -25.037910
v -39.164558 5.305949 -25.037907
v -56.647469 21.105997 -31.746771
v -55.950504 20.933140 -31.560003
v -56.647469 14.943933 -31.782026
v -55.908474 14.592079 -31.591543
v -56.647484 14.600884 -31.782024
v -56.521362 14.231421 -31.782024
v -50.895905 5.899452 -31.781998
v -50.198940 5.899452 -31.591516
v -50.720341 5.641745 -31.591516
v -38.699520 13.239013 -46.780773
v -38.901863 13.065689 -46.629940
v -38.901863 13.065689 -47.009815
v -38.699520 13.239013 -46.360893
v -38.901863 13.065699 -23.045158
v -38.699520 13.239022 -23.314203
v -38.699520 13.239022 -22.894323
v -38.901863 13.065699 -22.649267
v -33.791073 79.870483 -34.620281
v -33.965187 79.870483 -35.054047
v -33.791073 79.328201 -35.052464
v -40.610401 38.142326 -48.800858
v -44.188034 27.861414 -48.800854
v -40.355377 27.861687 -48.800854
v -39.441071 39.669922 -48.800858
v -32.002163 38.831287 -48.800858
v -31.924313 39.002625 -48.800858
v -31.887623 39.173962 -48.800858
v -46.019108 5.890273 -48.800842
v -42.476673 10.842605 -48.800842
v -42.520245 11.063261 -48.800842
v -42.586796 11.283917 -48.800842
v -45.556751 14.570388 -48.800842
v -45.610786 14.655510 -48.800842
v -45.632473 14.744538 -48.800842
v -45.632698 26.372538 -48.800854
v -45.984741 30.065062 -48.800854
v -45.240261 27.159588 -48.800854
v -45.854462 31.136229 -48.800854
v -44.759750 27.622509 -48.800854
v -45.598923 31.625046 -48.800854
v -45.239254 32.095047 -48.800854
v -45.415836 32.248917 -48.800858
v -40.722183 38.347206 -48.800858
v -45.489185 32.505505 -48.685474
v -40.905823 38.424507 -48.655514
v -46.542812 36.231411 -46.188854
v -44.469391 38.854496 -46.188854
v -46.733303 35.902569 -46.188854
v -45.811295 32.073868 -48.683979
v -45.750862 31.814310 -48.800854
v -45.987972 31.309258 -48.800854
v -46.109974 30.335234 -48.800854
v -46.180408 5.890428 -48.800842
v -46.036713 31.593147 -48.680614
v -46.197746 30.654831 -48.677822
v -46.261642 6.057842 -48.666313
v -46.840584 35.646523 -46.188854
v -46.905113 35.174961 -46.188854
v -46.905136 27.047277 -46.188854
v -46.905136 24.815084 -46.188843
v -46.905163 7.289333 -46.188835
v -46.905163 7.153248 -46.188835
v -46.262241 5.826764 -48.666206
v -46.180408 5.642406 -48.800842
v -46.019108 5.642406 -48.800842
v -42.476673 5.642406 -48.800842
v -42.476673 5.889666 -48.800842
v -42.476673 5.642406 -48.800842
v -42.476673 5.642406 -48.431057
v -42.276257 5.788657 -48.478619
v -42.276257 5.788657 -48.117607
v -42.276257 5.788669 -21.555893
v -42.476673 5.642419 -21.242577
v -42.276257 5.788669 -21.178432
v -42.476673 5.642419 -20.856211
v -45.397934 14.643762 -21.178442
v -45.610786 14.655519 -20.856218
v -45.632473 14.744548 -20.856218
v -45.440922 26.200953 -21.178442
v -45.632698 26.372547 -20.856222
v -45.076424 27.013025 -21.178442
v -45.240482 27.159533 -20.856220
v -44.677040 27.417093 -21.178442
v -44.759880 27.622358 -20.856220
v -44.110802 27.663881 -21.178442
v -44.188042 27.860838 -20.856220
v -40.353897 27.863663 -20.856222
v -40.201904 27.675247 -21.178442
v -32.002163 38.831306 -20.856232
v -31.668774 38.943687 -21.178452
v -31.924313 39.002644 -20.856228
v -31.585951 39.118340 -21.178452
v -31.887623 39.173981 -20.856228
v -31.544287 39.292992 -21.178452
v -31.544264 58.515625 -21.178453
v -31.887589 58.737240 -20.856232
v -35.266327 74.222542 -46.188858
v -35.266266 51.384640 -46.188850
v -34.086800 72.471901 -48.645203
v -34.812218 45.717201 -48.800858
v -34.179947 46.706944 -48.800858
v -39.539059 39.888115 -48.800858
v -34.980026 45.840561 -48.800858
v -39.678185 40.013348 -48.647121
v -35.094822 45.946899 -48.617157
v -43.305550 40.362400 -46.188850
v -35.921440 49.929462 -46.188850
v -34.487297 46.942101 -48.617161
v -35.494713 50.674709 -46.188850
v -34.218540 47.798862 -48.617161
v -34.086632 48.902885 -48.617165
v -33.963566 72.289894 -48.800861
v -33.961945 48.826164 -48.800858
v -33.789555 72.289894 -48.800861
v -33.788033 48.718594 -48.800858
v -31.887543 66.761269 -48.800861
v -31.887556 62.897549 -48.800861
v -31.887587 60.066856 -48.800861
v -31.887589 58.737221 -48.800861
v -33.911690 47.533417 -48.800858
v -34.363472 46.859486 -48.800858
v -34.108028 47.649342 -48.800858
v -33.964783 79.523781 -48.800877
v -33.790691 79.523781 -48.800877
v -31.887516 72.289894 -48.800861
v -31.887550 79.523781 -48.800877
v -33.791073 79.870483 -48.800877
v -33.965187 79.870483 -48.800877
v -31.887550 79.870483 -48.800877
v -46.019108 5.642406 -48.430393
v -46.019108 5.642406 -48.800842
v -46.180408 5.642406 -48.430229
v -42.476673 5.642406 -48.431057
v -42.476673 5.642419 -21.242577
v -46.019108 5.642419 -21.242565
v -46.180408 5.642419 -21.242561
v -46.262241 5.826776 -21.581015
v -46.262241 5.826764 -48.079811
v -42.476673 5.642406 -48.800842
v -46.180408 5.642406 -48.800842
v -46.262241 5.826764 -48.666206
v -46.905163 7.153248 -46.188835
v -46.905163 7.153248 -45.624252
v -46.905163 7.153257 -24.168869
v -46.905163 7.153257 -23.486124
v -46.262241 5.826776 -21.000790
v -46.180408 5.642419 -20.856211
v -46.019108 5.642419 -20.856211
v -42.476673 5.642419 -20.856211
v -43.043858 17.866877 -47.009819
v -42.693939 22.449566 -47.009819
v -43.043858 22.449566 -47.009819
v -42.934700 22.781139 -47.009819
v -42.584782 22.781139 -47.009819
v -42.699482 23.124180 -47.009819
v -42.385799 23.044466 -47.009819
v -42.161858 23.416275 -47.009819
v -42.007854 23.219818 -47.009819
v -30.656864 23.416275 -47.009819
v -27.937325 22.449574 -24.247873
v -27.937325 23.219828 -24.573114
v -27.937325 22.449574 -24.573153
v -27.937325 22.449564 -45.100590
v -27.937325 23.219818 -45.100647
v -27.937325 23.219818 -45.394642
v -27.937326 23.416275 -45.394642
v -28.238228 23.219818 -45.586021
v -28.238884 23.416275 -45.586300
v -30.344536 23.219818 -46.925697
v -30.349792 23.416275 -46.927902
v -30.482084 23.219818 -47.009819
v -30.479420 23.416275 -47.009819
v -30.656876 23.219818 -47.009819
v -40.107479 22.449566 -47.009819
v -40.433006 22.222124 -47.009819
v -27.937326 23.416285 -24.573057
v -27.937326 23.416275 -45.100719
v -27.937325 22.449564 -45.394642
v -28.237801 22.449564 -45.585419
v -30.341122 22.449564 -46.920853
v -30.481579 22.449564 -47.009819
v -30.656876 22.449564 -47.009819
v -40.641453 21.858995 -47.009819
v -42.693939 17.866877 -47.009819
v -43.024471 17.396149 -47.009819
v -42.674553 17.396149 -47.009819
v -42.822338 16.904799 -47.009819
v -42.472420 16.904799 -47.009819
v -39.225555 13.444174 -47.009815
v -38.829491 13.444174 -47.009815
v -40.419933 16.904799 -47.009819
v -38.438114 15.160650 -47.009819
v -30.656887 13.444174 -47.009815
v -30.656887 15.160650 -47.009819
v -30.482048 15.160650 -47.009819
v -30.481876 13.444174 -47.009815
v -30.341402 13.444174 -46.920849
v -30.341560 15.160650 -46.920853
v -40.641453 17.866877 -47.009819
v -40.622066 17.396149 -47.009819
v -28.237816 13.444174 -45.585415
v -28.237835 15.160650 -45.585419
v -27.937304 13.444174 -45.394638
v -27.937304 15.160650 -45.394638
v -27.937304 13.444172 -45.100586
v -27.937304 15.160651 -45.100586
v -27.937304 13.444182 -24.573149
v -27.937304 15.160696 -24.573151
v -27.937304 13.444183 -24.247871
v -27.937304 15.160697 -24.247873
v -28.237816 13.444182 -24.059296
v -28.237835 15.160696 -24.059298
v -30.341560 15.160680 -22.739260
v -30.341402 13.444182 -22.739260
v -30.481876 13.444182 -22.649271
v -30.482048 15.160680 -22.649271
v -30.656887 15.160679 -22.649267
v -30.656887 13.444182 -22.649267
v -38.438114 15.160661 -22.649267
v -38.829491 13.444182 -22.649267
v -40.419933 16.904808 -22.649267
v -42.472420 16.904808 -22.649267
v -40.622066 17.396158 -22.649267
v -42.674553 17.396158 -22.649267
v -40.641453 17.866886 -22.649267
v -42.693939 17.866886 -22.649267
v -40.641453 21.859005 -22.649269
v -42.693939 22.449575 -22.649269
v -42.584782 22.781149 -22.649269
v -42.934700 22.781149 -22.649269
v -43.043858 22.449575 -22.649269
v -43.043858 17.866886 -22.649267
v -43.024471 17.396158 -22.649267
v -42.822338 16.904808 -22.649267
v -39.225555 13.444182 -22.649267
v -40.433006 22.222134 -22.649269
v -42.699482 23.124189 -22.649269
v -42.385799 23.044476 -22.649269
v -40.107479 22.449575 -22.649269
v -42.007854 23.219828 -22.649269
v -30.656876 23.219828 -22.649269
v -30.656864 23.416285 -22.649269
v -30.482143 23.219828 -22.649271
v -30.479422 23.416285 -22.649273
v -30.349794 23.416285 -22.732176
v -30.344593 23.219828 -22.734579
v -28.238886 23.416285 -24.058428
v -28.238234 23.219828 -24.058722
v -27.937326 23.416285 -24.247892
v -27.937325 23.219828 -24.247887
v -27.937326 23.416285 -24.573057
v -42.161858 23.416285 -22.649269
v -30.656876 22.449574 -22.649269
v -30.481579 22.449574 -22.649271
v -30.341122 22.449574 -22.739260
v -28.237801 22.449574 -24.059298
v -44.471561 38.854626 -23.486137
v -40.905586 38.424408 -21.018475
v -46.545238 36.231178 -23.486181
v -45.489353 32.489925 -20.988474
v -40.721790 38.347084 -20.856228
v -45.415855 32.247833 -20.856222
v -40.610188 38.142040 -20.856228
v -45.239269 32.094070 -20.856220
v -45.751106 31.814018 -20.856220
v -45.811558 32.073627 -20.990103
v -46.036865 31.593229 -20.980474
v -46.840321 35.646267 -23.486166
v -46.905163 35.174755 -23.486153
v -46.733833 35.902683 -23.486174
v -35.922874 49.930706 -23.485939
v -35.094852 45.946968 -21.056870
v -43.307732 40.362537 -23.486111
v -39.678619 40.012489 -21.026875
v -34.979965 45.840549 -20.856228
v -39.539402 39.887146 -20.856228
v -34.812160 45.717201 -20.856232
v -39.441242 39.669224 -20.856228
v -31.887623 39.173981 -20.856228
v -31.924313 39.002644 -20.856228
v -32.002163 38.831306 -20.856232
v -40.353897 27.863663 -20.856222
v -44.188042 27.860838 -20.856220
v -45.599148 31.624781 -20.856220
v -45.988388 31.309151 -20.856220
v -46.197746 30.653578 -20.968634
v -34.179909 46.706944 -20.856228
v -46.109974 30.335243 -20.856220
v -46.261597 6.074666 -21.000469
v -46.180408 5.890439 -20.856213
v -45.854839 31.136131 -20.856222
v -45.984741 30.065071 -20.856222
v -46.019108 5.890285 -20.856213
v -45.610786 14.655519 -20.856218
v -45.632473 14.744548 -20.856218
v -45.632698 26.372547 -20.856222
v -45.240482 27.159533 -20.856220
v -44.759880 27.622358 -20.856220
v -46.905163 27.049164 -23.486143
v -46.905163 24.815086 -23.486141
v -46.905163 7.289232 -23.486124
v -46.905163 7.153257 -23.486124
v -46.262241 5.826776 -21.000790
v -46.180408 5.642419 -20.856211
v -46.019108 5.642419 -20.856211
v -42.476673 5.642419 -20.856211
v -42.476673 5.889678 -20.856211
v -42.476673 10.842614 -20.856215
v -42.520245 11.063271 -20.856215
v -42.586796 11.283927 -20.856215
v -45.556751 14.570396 -20.856218
v -52.732067 3.966382 -38.978104
v -52.610493 3.966387 -30.696981
v -52.610493 3.966382 -38.978104
v -52.732067 3.966382 -39.254143
v -52.610493 3.966382 -39.254143
v -44.951401 3.966382 -39.254143
v -44.951401 3.966382 -38.978104
v -44.951401 3.966386 -30.696981
v -52.843624 4.147801 -39.254143
v -54.357632 6.869109 -30.420944
v -54.464687 6.784068 -30.420944
v -54.516979 6.869109 -30.420944
v -54.516708 6.966329 -30.420944
v -54.516708 6.966328 -30.696981
v -54.516979 6.869109 -30.696981
v -54.516708 6.966325 -38.978104
v -54.516979 6.869106 -38.978104
v -54.516708 6.966325 -39.254143
v -54.516979 6.869105 -39.254143
v -54.357632 6.869105 -39.254143
v -54.464687 6.784064 -39.254143
v -54.464687 6.784065 -38.978104
v -52.843624 4.147802 -38.978104
v -52.732067 3.966387 -30.696981
v -52.610493 3.966387 -30.420944
v -44.951401 3.966386 -30.420944
v -54.464687 6.784068 -30.696981
v -52.732067 3.966387 -30.420944
v -52.843624 4.147806 -30.696981
v -52.843624 4.147806 -30.420944
v -54.357365 6.966325 -39.254143
v -54.323601 13.246939 -39.254143
v -54.482376 13.246939 -39.254143
v -44.950050 4.147801 -39.254143
v -54.310265 6.789891 -39.254143
v -52.841816 4.334272 -39.254143
v -52.843624 4.147801 -39.254143
v -52.730309 4.147801 -39.254143
v -52.732067 3.966382 -39.254143
v -52.610493 3.966382 -39.254143
v -52.608742 4.147801 -39.254143
v -44.951401 3.966382 -39.254143
v -44.908150 13.246939 -39.254143
v -52.608742 4.147806 -30.420944
v -52.610493 3.966387 -30.420944
v -52.730309 4.147806 -30.420944
v -52.732067 3.966387 -30.420944
v -52.843624 4.147806 -30.420944
v -52.841816 4.334276 -30.420944
v -54.310265 6.789895 -30.420944
v -44.950050 4.147806 -30.420944
v -54.357365 6.966329 -30.420944
v -54.323601 13.246943 -30.420952
v -54.482376 13.246943 -30.420952
v -54.482376 13.246943 -30.696989
v -54.482376 13.246939 -38.978107
v -44.908150 13.246943 -30.420952
v -44.951401 3.966386 -30.420944
v -26.967793 -0.000008 -28.934103
v -26.967793 4.066129 -31.695333
v -26.967793 -0.000008 -31.695337
v -26.967793 8.367545 -34.431515
v -26.967793 12.198402 -31.695326
v -26.967793 16.264544 -28.934090
v -26.967793 16.264542 -31.695328
v -26.967793 16.522709 -31.694130
v -26.967793 16.522711 -28.934088
v -27.068960 16.671442 -31.641821
v -27.068960 16.671444 -28.839911
v -27.675980 17.563835 -31.359285
v -27.675980 17.563837 -28.274841
v -27.777149 17.712566 -31.316755
v -27.777149 17.712568 -28.180662
v -27.977493 17.712568 -28.180662
v -27.977493 17.712568 -27.853275
v -27.777149 17.712568 -27.853275
v -27.675980 17.563837 -27.952085
v -27.977493 17.712566 -31.318615
v -26.967793 5.902160 -34.431515
v -27.068960 16.671444 -28.544947
v -26.967793 16.522711 -28.643755
v -26.967793 16.522711 -28.934088
v -26.967793 16.264544 -28.643755
v -26.967793 -0.000008 -28.643770
v -27.068958 -0.000008 -28.544962
v -27.068960 16.410954 -28.544947
v -27.675972 -0.000008 -27.952114
v -27.675980 17.289400 -27.952085
v -27.777142 -0.000008 -27.853306
v -27.777149 17.435810 -27.853277
v -27.977493 17.435810 -27.853277
v -27.777149 17.712568 -27.853275
v -27.977493 17.712568 -27.853275
v -39.589943 -0.000008 -27.853321
v -27.977482 -0.000008 -27.853310
v -27.675980 17.563837 -27.952085
v -33.963566 72.289894 -48.800861
v -33.963566 72.289894 -48.493011
v -34.086800 72.471901 -48.645203
v -35.266327 74.222542 -46.188858
v -33.963566 72.289894 -48.047756
v -35.266327 74.222542 -23.486050
v -33.963566 72.289894 -21.629005
v -33.963566 72.289894 -21.193991
v -34.086800 72.471901 -21.021811
v -33.963566 72.289894 -20.856237
v -31.887550 79.523781 -48.800877
v -31.544168 79.609413 -48.478653
v -31.887550 79.870483 -48.800877
v -31.544197 79.262718 -48.478653
v -31.887516 72.289894 -48.800861
v -31.544228 66.761269 -48.478638
v -31.887543 66.761269 -48.800861
v -31.544237 62.897549 -48.478638
v -31.887556 62.897549 -48.800861
v -31.544258 60.288464 -48.478638
v -31.887587 60.066856 -48.800861
v -31.544117 79.609413 -34.620197
v -31.544144 79.609413 -21.612432
v -31.887550 79.870483 -34.620419
v -31.887550 79.870483 -21.242626
v -31.544168 79.609413 -21.178463
v -31.887550 79.870483 -20.856241
v -43.024471 17.396158 -23.045149
v -43.043858 17.866886 -22.649267
v -43.024471 17.396158 -22.649267
v -42.822338 16.904808 -23.045156
v -42.822338 16.904808 -22.649267
v -39.225555 13.444182 -23.045156
v -39.225555 13.444182 -22.649267
v -42.822338 16.904808 -23.045156
v -43.024471 17.396149 -46.629940
v -42.822338 16.904799 -46.629940
v -39.225555 13.444172 -46.629940
v -43.043858 17.866877 -46.629940
v -43.043858 17.866886 -23.045145
v -43.043858 22.449575 -22.649269
v -43.043858 22.449575 -23.045135
v -42.934700 22.781149 -22.649269
v -42.934700 22.781149 -23.045124
v -42.699482 23.124189 -22.649269
v -42.699482 23.124189 -23.045115
v -42.161858 23.416285 -22.649269
v -42.161858 23.416285 -23.050970
v -30.656864 23.416285 -22.649269
v -41.797253 23.416285 -23.053038
v -30.494535 23.416285 -23.117100
v -41.797253 23.416275 -46.618729
v -42.161858 23.416275 -46.620800
v -28.238886 23.416285 -24.058428
v -30.349794 23.416285 -22.732176
v -30.479422 23.416285 -22.649273
v -30.494534 23.416275 -46.554558
v -28.238735 23.416285 -24.400072
v -27.937326 23.416285 -24.247892
v -27.937326 23.416285 -24.573057
v -30.656864 23.416275 -47.009819
v -30.479420 23.416275 -47.009819
v -30.349792 23.416275 -46.927902
v -28.238884 23.416275 -45.586300
v -28.238735 23.416275 -45.273426
v -27.937326 23.416275 -45.394642
v -27.937326 23.416275 -45.100719
v -27.937326 23.416285 -24.573057
v -39.225555 13.444174 -47.009815
v -42.822338 16.904799 -46.629940
v -42.822338 16.904799 -47.009819
v -43.024471 17.396149 -47.009819
v -43.043858 17.866877 -47.009819
v -43.043858 22.449566 -46.629940
v -43.043858 22.449566 -47.009819
v -42.934700 22.781139 -46.629944
v -42.934700 22.781139 -47.009819
v -42.699482 23.124180 -46.629940
v -42.699482 23.124180 -47.009819
v -42.161858 23.416275 -47.009819
v -42.161858 23.416275 -46.620800
v -42.699482 23.124180 -46.629940
v -42.934700 22.781149 -23.045124
v -42.934700 22.781139 -46.629944
v -43.043858 22.449566 -46.629940
v -43.043858 22.449575 -23.045135
v -34.086800 72.471901 -21.021811
v -33.963566 72.289894 -20.856237
v -34.086796 72.103638 -21.022249
v -35.266327 73.865700 -23.486050
v -35.266266 51.384922 -23.485939
v -35.266327 74.222542 -23.486050
v -33.789555 72.289894 -20.856237
v -33.790691 79.523781 -20.856241
v -33.964783 79.523781 -20.856241
v -33.965187 79.870483 -20.856243
v -33.791073 79.870483 -20.856241
v -31.887550 79.870483 -20.856241
v -31.887550 79.523781 -20.856243
v -31.887516 72.289894 -20.856237
v -31.887543 66.761269 -20.856241
v -33.789528 71.921486 -20.856237
v -33.963543 71.921486 -20.856241
v -34.086632 48.902920 -21.049829
v -34.218521 47.798889 -21.056870
v -35.496529 50.675560 -23.485939
v -34.487373 46.942150 -21.056870
v -34.363430 46.859478 -20.856228
v -34.108009 47.649353 -20.856232
v -33.961945 48.826183 -20.856232
v -33.788033 48.718613 -20.856232
v -31.887556 62.897568 -20.856232
v -31.887587 60.066875 -20.856232
v -31.887589 58.737240 -20.856232
v -33.911671 47.533428 -20.856232
v -27.178518 12.123088 -31.923161
v -26.967793 12.198402 -31.695326
v -27.178518 16.031212 -31.923162
v -26.967793 16.264542 -31.695328
v -27.178518 16.281248 -31.923162
v -26.967793 16.522709 -31.694130
v -27.276501 16.425297 -31.877558
v -27.068960 16.671442 -31.641821
v -27.864403 17.289583 -31.603922
v -27.675980 17.563835 -31.359285
v -27.962385 17.433630 -31.558315
v -27.777149 17.712566 -31.316755
v -33.791073 79.328201 -35.052464
v -33.965187 79.870483 -35.054047
v -33.791073 79.870483 -35.422207
v -33.963566 72.289894 -48.493011
v -33.964783 79.523781 -48.800877
v -33.964783 79.523781 -48.432034
v -33.963566 72.289894 -48.800861
v -33.963970 78.421860 -48.047771
v -33.963566 72.289894 -48.047756
v -33.963970 78.421860 -21.629007
v -33.964783 79.523781 -21.242624
v -33.963566 72.289894 -21.193991
v -33.963566 72.289894 -20.856237
v -33.964783 79.523781 -20.856241
v -33.965187 79.870483 -20.856243
v -33.965187 79.870483 -21.242624
v -33.965187 79.870483 -35.054047
v -33.965187 79.870483 -48.432034
v -33.965187 79.870483 -48.800877
v -33.963566 72.289894 -21.629005
v -31.887587 60.066875 -20.856232
v -31.887556 62.897568 -20.856232
v -31.544258 60.288483 -21.178453
v -31.544237 62.897568 -21.178455
v -31.887543 66.761269 -20.856241
v -31.544228 66.761269 -21.178461
v -31.887516 72.289894 -20.856237
v -31.544205 72.289894 -21.178461
v -31.544197 79.262718 -21.178463
v -31.887550 79.523781 -20.856243
v -31.544168 79.609413 -21.178463
v -31.887550 79.870483 -20.856241
v -39.072586 72.289894 -20.856146
v -39.072586 72.289894 -21.398430
v -38.755905 72.471085 -21.068190
v -38.755905 72.471085 -48.597057
v -35.660084 74.222580 -23.486050
v -39.072586 72.289894 -21.628942
v -39.072586 72.289894 -48.044220
v -39.072586 72.289894 -48.427223
v -39.072586 72.289894 -48.800854
v -35.660084 74.222580 -46.188858
v -35.660084 73.873894 -23.486050
v -35.660088 51.906532 -23.485939
v -38.756496 72.109962 -21.068848
v -38.793793 49.359447 -21.110226
v -35.823151 51.334217 -23.485939
v -38.904331 48.744072 -21.110226
v -36.127838 50.760979 -23.485939
v -39.134327 48.237888 -21.107603
v -46.873253 36.899704 -23.486135
v -47.154453 37.666023 -21.196121
v -47.500149 37.120537 -21.196121
v -47.067188 36.546871 -23.486135
v -39.310978 48.536785 -20.856136
v -39.072578 49.213760 -20.856136
v -39.072586 71.921478 -20.856146
v -39.072586 72.289894 -20.856146
v -38.755905 72.471085 -21.068190
v -35.660084 74.222580 -23.486050
v -47.777370 6.021490 -21.311016
v -47.929661 5.641750 -20.856119
v -47.939545 5.807505 -20.856119
v -47.781998 6.183125 -21.303198
v -47.217430 7.153257 -23.486124
v -47.217430 7.289346 -23.486124
v -47.838375 35.995632 -21.196121
v -47.217426 24.815086 -23.486132
v -47.217426 27.049164 -23.486134
v -47.217430 35.935150 -23.486135
v -47.177101 36.317871 -23.486135
v -47.721504 36.579853 -21.196121
v -47.600063 37.209747 -20.856131
v -47.219345 37.793911 -20.856131
v -39.725838 47.844364 -20.856136
v -47.977585 35.945091 -20.856131
v -47.847137 36.575809 -20.856131
v -30.859592 63.705753 -48.008511
v -30.859589 65.903061 -48.008511
v -31.544237 62.897549 -48.478638
v -31.544228 66.761269 -48.478638
v -31.544228 66.761269 -21.178461
v -30.859589 65.903069 -21.651640
v -31.544237 62.897568 -21.178455
v -30.859592 63.705334 -21.651640
v -31.887550 79.870483 -34.620419
v -33.791073 79.870483 -34.620281
v -31.887550 79.328201 -35.052601
v -33.791073 79.328201 -35.052464
v -31.544117 79.067131 -35.052376
v -31.544117 79.609413 -34.620197
v -31.887550 79.328201 -35.052601
v -31.887550 79.870483 -34.620419
v -31.887550 79.870483 -35.422344
v -31.544117 79.609413 -35.422119
v -31.887550 79.328201 -35.052601
v -31.544117 79.067131 -35.052376
v -31.887550 79.328201 -35.052601
v -33.791073 79.328201 -35.052464
v -31.887550 79.870483 -35.422344
v -33.791073 79.870483 -35.422207
v -28.946865 54.411289 -40.681320
v -28.946865 39.509705 -40.682850
v -28.946770 59.523876 -35.064018
v -28.946758 32.327869 -35.048199
v -33.791073 79.870483 -21.242628
v -33.965187 79.870483 -21.242624
v -33.791073 79.870483 -34.620281
v -33.965187 79.870483 -35.054047
v -33.965187 79.870483 -20.856243
v -33.791073 79.870483 -20.856241
v -31.887550 79.870483 -20.856241
v -31.887550 79.870483 -21.242626
v -31.887550 79.870483 -34.620419
v -31.887550 79.870483 -35.422344
v -33.791073 79.870483 -35.422207
v -31.887550 79.870483 -48.432190
v -33.791073 79.870483 -48.432053
v -33.791073 79.870483 -48.800877
v -33.965187 79.870483 -48.800877
v -33.965187 79.870483 -48.432034
v -31.887550 79.870483 -48.800877
v -30.481579 22.449564 -47.009819
v -30.483307 22.247805 -46.829285
v -30.341122 22.449564 -46.920853
v -30.656876 22.247805 -46.883465
v -30.656876 22.449564 -47.009819
v -39.889729 22.247805 -46.883465
v -40.107479 22.449566 -47.009819
v -40.214542 22.019775 -46.883465
v -40.433006 22.222124 -47.009819
v -40.641453 21.858995 -47.009819
v -40.422276 21.656063 -46.883465
v -40.641453 17.866877 -47.009819
v -40.420128 17.866877 -46.883461
v -40.622066 17.396149 -47.009819
v -40.399857 17.396151 -46.883461
v -40.419933 16.904799 -47.009819
v -40.196251 16.904799 -46.883461
v -38.438114 15.160650 -47.009819
v -38.347893 15.307569 -46.883461
v -30.656887 15.160650 -47.009819
v -30.483307 15.307569 -46.829285
v -30.482048 15.160650 -47.009819
v -30.341560 15.160650 -46.920853
v -28.353054 15.307569 -45.413761
v -28.237835 15.160650 -45.585419
v -28.067627 15.307569 -45.224026
v -27.937304 15.160650 -45.394638
v -27.937304 15.160651 -45.100586
v -28.067627 15.307570 -44.858875
v -27.937304 15.160696 -24.573151
v -28.067627 15.307599 -24.451067
v -27.937304 15.160697 -24.247873
v -28.353054 15.307597 -24.261332
v -28.237835 15.160696 -24.059298
v -30.341560 15.160680 -22.739260
v -30.483307 15.307588 -22.845816
v -30.482048 15.160680 -22.649271
v -47.929661 5.641737 -48.302509
v -47.777370 6.021477 -48.316360
v -47.929661 5.641737 -48.800831
v -47.777370 6.021490 -22.015106
v -47.929661 5.641750 -21.362631
v -47.777370 6.021478 -47.668091
v -47.217430 7.153248 -46.188835
v -47.217430 7.153248 -45.622658
v -47.217430 7.153257 -24.168873
v -47.217430 7.153257 -23.486124
v -47.777370 6.021490 -21.311016
v -47.929661 5.641750 -20.856119
v -47.892479 55.327511 -34.688763
v -47.892487 57.831341 -37.074345
v -47.892487 64.680641 -37.074345
v -47.892479 67.184471 -34.688763
v -47.892414 67.242195 -27.503283
v -47.892422 55.269779 -27.503275
v -47.892422 55.269779 -27.270679
v -47.892414 67.242195 -27.270687
v -47.751381 67.242195 -27.162321
v -47.752174 55.269779 -27.162313
v -45.906204 55.269779 -25.707348
v -45.906338 67.242233 -25.707355
v -45.662132 55.269779 -25.531425
v -45.662151 67.242241 -25.531435
v -45.437515 67.197998 -25.531435
v -45.437424 55.314098 -25.531425
v -42.754803 57.839935 -25.531427
v -42.752014 64.672043 -25.531435
v -31.887550 79.870483 -48.800877
v -31.544168 79.609413 -48.478653
v -31.887550 79.870483 -48.432190
v -31.544144 79.609413 -48.061897
v -31.887550 79.870483 -35.422344
v -31.544117 79.609413 -35.422119
v -26.967793 -0.000008 -31.695337
v -27.178518 4.049388 -31.923168
v -27.178518 -0.000008 -31.923172
v -26.967793 4.066129 -31.695333
v -26.967793 5.902160 -34.431515
v -27.178518 5.814462 -34.585304
v -30.656887 15.160679 -22.649267
v -30.483307 15.307588 -22.845816
v -30.482048 15.160680 -22.649271
v -38.347893 15.307578 -22.791636
v -38.438114 15.160661 -22.649267
v -40.196251 16.904808 -22.791636
v -40.419933 16.904808 -22.649267
v -40.399857 17.396160 -22.791628
v -40.622066 17.396158 -22.649267
v -40.420128 17.866886 -22.791622
v -40.641453 17.866886 -22.649267
v -40.422276 21.656073 -22.791613
v -40.641453 21.859005 -22.649269
v -40.214542 22.019785 -22.791613
v -40.433006 22.222134 -22.649269
v -40.107479 22.449575 -22.649269
v -39.889729 22.247814 -22.791611
v -30.656876 22.449574 -22.649269
v -30.656876 22.247814 -22.791609
v -30.481579 22.449574 -22.649271
v -30.483307 22.247814 -22.845789
v -30.341122 22.449574 -22.739260
v -30.351055 22.247814 -22.933153
v -28.237801 22.449574 -24.059298
v -28.353054 22.247814 -24.261309
v -27.937325 22.449574 -24.247873
v -28.067627 22.247814 -24.451044
v -27.937325 22.449574 -24.573153
v -28.067627 22.247814 -24.816195
v -28.067627 22.247805 -44.858875
v -27.937325 22.449564 -45.100590
v -28.067627 22.247805 -45.224026
v -27.937325 22.449564 -45.394642
v -28.237801 22.449564 -45.585419
v -28.353054 22.247805 -45.413765
v -30.351055 22.247805 -46.741920
v -42.476673 5.642419 -20.856211
v -42.476673 5.889678 -20.856211
v -42.276257 5.788669 -21.178432
v -42.276257 6.035704 -21.178432
v -42.476673 10.842614 -20.856215
v -42.276257 10.842651 -21.178434
v -42.320141 11.063293 -21.178434
v -42.520245 11.063271 -20.856215
v -42.387001 11.283936 -21.178434
v -42.586796 11.283927 -20.856215
v -45.397934 14.643762 -21.178442
v -45.556751 14.570396 -20.856218
v -47.777370 6.021477 -48.316360
v -47.939522 5.807491 -48.800831
v -47.929661 5.641737 -48.800831
v -47.781860 6.178286 -48.328003
v -47.217430 7.153248 -46.188835
v -47.217430 7.289317 -46.188835
v -47.838375 35.995579 -48.477337
v -47.217430 24.815084 -46.188839
v -47.217430 27.047277 -46.188850
v -47.217430 35.934795 -46.188854
v -47.177090 36.317493 -46.188854
v -47.721481 36.579803 -48.477341
v -47.067158 36.546764 -46.188854
v -47.500118 37.120491 -48.477341
v -46.873215 36.899311 -46.188854
v -47.154396 37.665985 -48.477341
v -47.600033 37.209774 -48.800846
v -47.219284 37.793957 -48.800846
v -39.725838 47.844345 -48.800846
v -39.134045 48.237648 -48.565868
v -47.847111 36.575840 -48.800846
v -47.977585 35.945110 -48.800846
v -36.126343 50.759789 -46.188850
v -38.904156 48.743973 -48.555004
v -35.821293 51.333351 -46.188850
v -38.793793 49.359402 -48.555004
v -35.660088 51.906216 -46.188850
v -39.310978 48.536766 -48.800846
v -39.072578 49.213741 -48.800846
v -39.072586 72.289894 -48.800854
v -38.755905 72.471085 -48.597057
v -35.660084 74.222580 -46.188858
v -45.632473 14.744538 -48.800842
v -45.610786 14.655510 -48.800842
v -45.440285 14.744538 -48.478622
v -45.409187 14.642132 -48.478622
v -45.556751 14.570388 -48.800842
v -45.344334 14.544583 -48.478619
v -42.586796 11.283917 -48.800842
v -42.387001 11.283924 -48.478619
v -42.520245 11.063261 -48.800842
v -42.320141 11.063283 -48.478619
v -42.476673 10.842605 -48.800842
v -42.276257 10.842642 -48.478619
v -42.276257 6.035690 -48.478619
v -42.476673 5.889666 -48.800842
v -42.276257 5.788657 -48.478619
v -42.476673 5.642406 -48.800842
v -31.887589 58.737221 -48.800861
v -31.887623 39.173962 -48.800858
v -31.544264 58.515606 -48.478638
v -31.544287 39.292973 -48.478634
v -31.585951 39.118320 -48.478634
v -31.924313 39.002625 -48.800858
v -31.668774 38.943668 -48.478634
v -32.002163 38.831287 -48.800858
v -40.197819 27.680672 -48.478634
v -40.355377 27.861687 -48.800854
v -44.110794 27.664301 -48.478634
v -44.188034 27.861414 -48.800854
v -44.759750 27.622509 -48.800854
v -44.676941 27.417200 -48.478634
v -45.240261 27.159588 -48.800854
v -45.076263 27.013067 -48.478634
v -45.632698 26.372538 -48.800854
v -45.440922 26.200943 -48.478634
v -29.597439 31.659924 -27.480160
v -30.710691 41.494503 -27.067347
v -29.597439 41.494503 -27.480167
v -30.710691 31.447605 -27.067339
v -29.597439 31.337477 -27.547375
v -30.710691 31.117025 -27.171862
v -29.597439 51.719448 -31.023403
v -29.597439 52.100876 -31.106697
v -30.710691 51.771961 -32.301697
v -30.710691 52.163010 -32.431217
v -30.710691 65.289116 -32.431221
v -29.597439 65.532364 -31.106705
v -30.710691 65.432503 -32.431221
v -29.597439 65.672218 -31.106705
v -30.710691 65.603386 -32.310150
v -29.597439 65.778374 -31.055204
v -30.710691 68.304878 -27.329439
v -29.597439 67.744553 -27.633297
v -29.597439 67.707550 -27.523863
v -30.710691 68.208473 -27.135294
v -30.710691 67.963394 -27.067358
v -29.597439 67.613480 -27.480177
v -30.710691 61.420540 -27.067350
v -29.597439 61.420528 -27.480171
v -29.597439 31.337477 -27.547375
v -30.710691 30.971401 -27.543543
v -30.710691 31.117025 -27.171862
v -29.597439 31.195435 -27.786398
v -30.710691 30.971401 -28.557018
v -29.597439 31.195435 -28.438156
v -29.597439 31.361778 -28.643410
v -30.710691 31.141943 -28.876192
v -30.710691 31.447603 -29.033220
v -29.597439 31.659924 -28.744390
v -30.710691 48.763000 -29.033230
v -29.597439 48.784523 -28.744400
v -29.597439 49.205402 -28.837336
v -30.710691 49.194492 -29.177738
v -29.597439 49.519657 -29.017550
v -30.710691 49.516674 -29.457977
v -29.597439 51.405186 -30.833546
v -30.710691 51.449776 -32.006470
v -28.156422 17.433630 -31.558315
v -27.962385 17.433630 -31.558315
v -27.977493 17.712566 -31.318615
v -27.777149 17.712566 -31.316755
v -27.178518 8.480749 -34.585300
v -26.967793 8.367545 -34.431515
v -27.178518 12.123088 -31.923161
v -26.967793 12.198402 -31.695326
v -26.967793 5.902160 -34.431515
v -26.967793 8.367545 -34.431515
v -27.178518 5.814462 -34.585304
v -27.178518 8.480749 -34.585300
v -39.225555 13.444182 -22.649267
v -38.829491 13.444182 -22.649267
v -38.699520 13.239022 -22.894323
v -38.326305 13.239022 -22.894323
v -30.656887 13.444182 -22.649267
v -30.481876 13.444182 -22.649271
v -30.483109 13.239022 -22.948198
v -38.699520 13.239013 -46.780773
v -38.829491 13.444174 -47.009815
v -39.225555 13.444174 -47.009815
v -38.326305 13.239013 -46.780773
v -30.656887 13.444174 -47.009815
v -30.483109 13.239013 -46.726898
v -30.481876 13.444174 -47.009815
v -30.341402 13.444174 -46.920849
v -28.237816 13.444174 -45.585415
v -28.353058 13.239013 -45.323582
v -27.937304 13.444174 -45.394638
v -28.067654 13.239013 -45.135479
v -27.937304 13.444172 -45.100586
v -28.067654 13.239013 -44.773445
v -27.937304 13.444182 -24.573149
v -28.067654 13.239022 -24.901648
v -28.067654 13.239022 -24.539610
v -27.937304 13.444183 -24.247871
v -28.353058 13.239022 -24.351511
v -28.237816 13.444182 -24.059296
v -30.483109 13.239022 -22.948198
v -30.341402 13.444182 -22.739260
v -30.481876 13.444182 -22.649271
v -38.699520 13.239022 -22.894323
v -39.225555 13.444182 -23.045156
v -39.225555 13.444182 -22.649267
v -38.699520 13.239022 -23.314203
v -39.225555 13.444172 -46.629940
v -38.699520 13.239013 -46.360893
v -38.699520 13.239013 -46.780773
v -39.225555 13.444174 -47.009815
vn -0.9809 0.1737 0.0871
vn -0.7966 0.3407 0.4993
vn -0.7972 0.3396 0.4992
vn -0.7960 0.3419 0.4995
vn -0.4597 0.1975 0.8659
vn -0.4596 0.1976 0.8659
vn -0.0000 -0.0000 1.0000
vn 1.0000 -0.0000 -0.0000
vn -1.0000 -0.0000 -0.0075
vn -1.0000 -0.0000 -0.0076
vn -1.0000 -0.0000 -0.0000
vn -0.6327 -0.0000 0.7744
vn 0.5830 -0.0000 0.8125
vn 0.5830 -0.0000 -0.8125
vn -0.4421 0.1882 0.8770
vn -0.9992 -0.0000 0.0389
vn 0.0021 -0.0000 1.0000
vn 0.0011 0.0009 1.0000
vn 0.0007 0.0005 1.0000
vn -0.0021 -0.0000 -1.0000
vn -0.0011 -0.0008 -1.0000
vn -0.0007 -0.0005 -1.0000
vn 0.6598 -0.0000 0.7514
vn 0.6599 -0.0000 0.7514
vn 0.6695 -0.0000 -0.7428
vn 0.6696 -0.0000 -0.7428
vn -0.0000 -0.0000 -1.0000
vn 0.0001 1.0000 -0.0000
vn -0.9761 -0.0000 0.2173
vn -0.9804 -0.1358 0.1425
vn -0.9809 -0.1339 0.1409
vn -0.9808 -0.1343 0.1413
vn -0.9812 -0.1327 0.1398
vn -0.4395 0.0002 0.8983
vn -0.4396 0.0002 0.8982
vn -0.4420 -0.1880 0.8771
vn -0.3569 -0.2885 0.8885
vn -0.3658 -0.2472 0.8973
vn -0.9894 -0.1455 0.0012
vn -0.9866 -0.1633 0.0004
vn -0.9873 -0.1588 0.0006
vn -0.9854 -0.1700 0.0056
vn -0.9235 -0.2724 0.2701
vn -0.7580 -0.3518 0.5492
vn -0.9300 -0.3299 0.1622
vn -0.9301 -0.3300 0.1615
vn -0.9299 -0.3298 0.1627
vn -0.9301 -0.3300 0.1614
vn -0.9686 -0.2235 0.1093
vn -0.9922 -0.1117 0.0546
vn -0.9725 0.0779 0.2195
vn -0.9812 0.1327 0.1398
vn -0.9809 0.1341 0.1411
vn -0.9808 0.1344 0.1413
vn -0.9804 0.1358 0.1425
vn -0.9235 -0.2725 0.2700
vn -0.5518 -0.3911 0.7366
vn -0.7580 -0.3518 0.5493
vn -0.5572 -0.3818 0.7374
vn -0.5615 -0.3826 0.7337
vn -0.5472 -0.3814 0.7451
vn -0.3014 -0.4101 0.8608
vn -0.2853 -0.4191 0.8620
vn -0.9873 0.1588 0.0006
vn -0.9866 0.1632 0.0004
vn -0.9894 0.1455 0.0012
vn -0.9854 0.1700 0.0056
vn -0.9238 0.2722 0.2692
vn -0.7591 0.3517 0.5478
vn -0.2861 0.3039 0.9087
vn -0.2351 0.3566 0.9042
vn -0.3121 0.3370 0.8883
vn -0.1462 0.4007 0.9045
vn -0.3014 0.4100 0.8609
vn -0.2852 0.4191 0.8620
vn -0.9299 0.3298 0.1627
vn -0.9300 0.3298 0.1622
vn -0.9300 0.3300 0.1619
vn -0.9301 0.3300 0.1614
vn -0.9686 0.2234 0.1093
vn -0.9922 0.1117 0.0546
vn 0.0001 -0.0000 1.0000
vn -0.0009 -0.0007 -1.0000
vn -0.0012 -0.0009 -1.0000
vn 0.0012 0.0009 1.0000
vn 0.0009 0.0007 1.0000
vn -0.9725 -0.0779 0.2194
vn -0.0000 -1.0000 -0.0000
vn -0.0000 -0.8944 0.4473
vn -0.0000 -0.4473 0.8944
vn -0.9238 0.2722 0.2694
vn -0.7591 0.3515 0.5480
vn -0.5530 0.3910 0.7358
vn -0.5577 0.3818 0.7371
vn -0.5615 0.3826 0.7337
vn -0.5473 0.3814 0.7450
vn -0.3016 0.4100 0.8608
vn -0.2855 0.4190 0.8619
vn -0.3657 -0.2472 0.8973
vn -0.3568 -0.2886 0.8885
vn -0.2349 -0.3567 0.9042
vn -0.1461 -0.4007 0.9045
vn -0.3012 -0.4101 0.8609
vn -0.2851 -0.4191 0.8620
vn -0.8860 0.1572 0.4363
vn -0.8863 0.1594 0.4348
vn -0.8862 0.1592 0.4351
vn -0.8865 0.1612 0.4337
vn -0.9712 0.0832 0.2234
vn -0.9712 0.0833 0.2233
vn -0.9712 -0.0831 0.2233
vn -0.9712 -0.0833 0.2233
vn -0.8865 -0.1612 0.4337
vn -0.8863 -0.1597 0.4347
vn -0.8862 -0.1592 0.4351
vn -0.8859 -0.1572 0.4363
vn -0.7971 -0.3394 0.4994
vn -0.7960 -0.3415 0.4997
vn -0.7965 -0.3408 0.4995
vn -0.7960 -0.3416 0.4997
vn -0.4596 -0.1973 0.8659
vn -0.4596 -0.1974 0.8659
vn -0.9809 -0.1737 0.0871
vn -0.3614 0.8755 0.3208
vn -0.6506 0.7595 -0.0000
vn -0.6505 0.7595 -0.0000
vn -0.3630 0.8688 -0.3367
vn -0.2472 0.0542 0.9674
vn -0.2326 0.4706 0.8511
vn -0.2603 0.1585 0.9524
vn -0.2459 -0.0817 0.9658
vn -0.2324 -0.1152 0.9658
vn -0.2498 -0.0427 0.9674
vn -0.2540 -0.0040 0.9672
vn -0.2566 -0.0060 0.9665
vn -0.2601 -0.0055 0.9656
vn -0.0001 -0.9714 0.2373
vn 0.0004 -0.9720 0.2351
vn 0.0004 -0.9721 0.2347
vn 0.0009 -0.9726 0.2323
vn -0.0020 0.9714 0.2375
vn 0.9705 -0.0001 0.2410
vn 0.9709 0.0002 0.2395
vn 0.9711 0.0004 0.2388
vn 0.9714 0.0007 0.2376
vn -0.7189 0.6478 0.2519
vn -0.7189 0.6479 0.2518
vn -0.7189 0.6479 0.2517
vn -0.0000 0.9713 0.2377
vn -0.0000 0.9714 0.2376
vn -0.0000 0.9714 -0.2376
vn -0.7193 0.6475 -0.2517
vn -0.7193 0.6475 -0.2518
vn 0.0002 0.9714 -0.2375
vn -0.0001 -0.9714 -0.2375
vn 0.9714 -0.0001 -0.2375
vn -0.3686 0.8917 -0.2626
vn -0.3698 0.8925 -0.2583
vn -0.3821 0.8816 -0.2771
vn -0.3811 0.8748 -0.2991
vn -0.3782 0.8672 -0.3241
vn -0.4978 0.8213 -0.2785
vn -0.5614 0.7887 -0.2505
vn -0.0000 0.9190 0.3943
vn -0.4581 -0.7586 0.4633
vn -0.7031 0.0010 0.7111
vn -0.7031 0.0005 0.7111
vn -0.4569 0.7600 0.4621
vn -0.6581 -0.5738 0.4875
vn -0.6697 -0.6173 0.4129
vn -0.6762 -0.6561 0.3351
vn 0.7126 -0.6162 0.3355
vn 0.7063 -0.5832 0.4013
vn 0.7063 -0.5832 0.4012
vn 0.6962 -0.5470 0.4648
vn 0.6962 -0.5470 -0.4648
vn 0.7063 -0.5832 -0.4012
vn 0.7063 -0.5832 -0.4013
vn 0.7126 -0.6162 -0.3355
vn -0.9658 -0.0000 -0.2594
vn 0.9916 -0.0000 -0.1294
vn -0.0000 0.8651 0.5016
vn 0.0018 0.8647 0.5024
vn 0.0012 0.8494 0.5278
vn 0.0012 0.8331 0.5531
vn -0.0000 0.8164 0.5774
vn -0.2098 0.7582 0.6173
vn -0.3028 0.7374 0.6038
vn -0.4021 0.7095 0.5787
vn -0.5773 0.6350 0.5133
vn -0.5783 0.6338 0.5137
vn -0.0000 -0.6813 -0.7320
vn 0.2666 -0.9219 0.2810
vn 0.2462 -0.9317 0.2669
vn 0.2630 -0.9208 0.2881
vn 0.2280 -0.9416 0.2477
vn 0.2121 -0.9513 0.2236
vn 0.6068 -0.0000 -0.7949
vn 0.6316 -0.0010 -0.7753
vn 0.6375 -0.0008 -0.7705
vn 0.6546 -0.0017 -0.7560
vn 0.6289 0.0002 -0.7775
vn 0.6202 0.0002 -0.7844
vn 0.6101 0.0002 -0.7923
vn 0.6030 -0.0003 -0.7977
vn 0.5537 0.3959 -0.7326
vn 0.5537 0.3958 -0.7326
vn 0.4140 0.7270 -0.5477
vn 0.3595 0.6934 -0.6245
vn 0.3331 0.6313 -0.7003
vn 0.2874 0.5969 -0.7490
vn 0.3345 0.5874 -0.7370
vn 0.3345 0.5873 -0.7370
vn -0.0000 1.0000 -0.0000
vn 0.7515 -0.6597 -0.0000
vn -0.0000 0.9126 0.4090
vn 0.5726 -0.5026 0.6477
vn -0.0000 -0.9125 0.4090
vn -0.0000 -0.9126 0.4090
vn -0.7743 -0.0000 0.6328
vn -0.0000 0.9126 -0.4090
vn -0.7743 -0.0000 -0.6328
vn -0.0000 -0.9126 -0.4090
vn 0.5726 -0.5026 -0.6477
vn -0.0001 0.9734 0.2292
vn 0.0003 0.9733 0.2293
vn 0.0001 0.9728 0.2318
vn -0.2265 0.9418 0.2483
vn -0.4534 0.8552 0.2511
vn 0.7674 -0.0000 0.6411
vn 0.7674 -0.0000 0.6412
vn 0.6965 -0.4234 0.5793
vn 0.7349 -0.4030 0.5454
vn 0.7349 -0.4031 0.5454
vn 0.7710 -0.3815 0.5099
vn -0.8757 -0.3092 0.3709
vn -0.8707 -0.3353 0.3599
vn -0.9082 -0.2391 0.3435
vn -0.8354 -0.3793 0.3979
vn -0.7632 -0.4551 0.4587
vn -0.6480 -0.5354 0.5418
vn -0.4874 -0.6019 0.6326
vn -0.4869 -0.6042 0.6308
vn 0.9892 -0.0000 -0.1463
vn 0.5878 -0.0000 0.8090
vn 0.5879 0.0007 0.8089
vn 0.5669 0.0301 0.8232
vn 0.5428 0.0674 0.8372
vn 0.5226 0.0973 0.8470
vn 0.5255 0.0996 0.8450
vn 0.5303 0.0939 0.8426
vn 0.5327 0.0873 0.8418
vn 0.5340 0.0839 0.8413
vn 0.5376 0.0740 0.8400
vn -0.0000 0.4518 0.8921
vn 0.0041 0.4520 0.8920
vn 0.0042 0.4520 0.8920
vn 0.0083 0.4521 0.8919
vn -0.0000 0.9802 -0.1979
vn 0.2319 0.8392 -0.4920
vn 0.1069 0.8303 -0.5470
vn 0.0009 0.8120 -0.5837
vn -0.0000 0.7973 -0.6036
vn -0.0000 0.7974 -0.6034
vn -0.3630 0.8688 -0.3368
vn -0.4552 -0.7539 -0.4738
vn -0.6929 0.0005 -0.7211
vn -0.6929 0.0012 -0.7211
vn -0.4541 0.7553 -0.4726
vn -0.7635 -0.0000 -0.6458
vn -0.0000 0.7292 -0.6843
vn 0.7636 0.0001 -0.6457
vn 0.7635 0.0001 -0.6458
vn -0.0000 -0.7292 -0.6843
vn -0.7635 -0.0000 0.6458
vn -0.0000 -0.7292 0.6843
vn 0.7635 0.0001 0.6458
vn 0.7636 0.0001 0.6457
vn -0.0000 0.7292 0.6843
vn -0.7637 -0.0001 -0.6456
vn -0.7635 -0.0001 -0.6458
vn 0.7635 -0.0000 -0.6458
vn 0.7635 -0.0000 0.6458
vn -0.7635 -0.0001 0.6458
vn -0.7636 -0.0001 0.6457
vn -0.4863 -0.6040 -0.6314
vn -0.6402 -0.5400 -0.5464
vn -0.4862 -0.6046 -0.6309
vn -0.7501 -0.4659 -0.4693
vn -0.8623 -0.3450 -0.3706
vn -0.8278 -0.3872 -0.4060
vn -0.8735 -0.3123 -0.3734
vn -0.9043 -0.2464 -0.3486
vn -0.9892 -0.0000 -0.1463
vn -0.2098 -0.7580 0.6175
vn -0.3025 -0.7373 0.6041
vn -0.2097 -0.7582 0.6173
vn -0.4017 -0.7096 0.5788
vn -0.5775 -0.6350 0.5131
vn -0.5779 -0.6340 0.5138
vn -0.9087 0.0004 0.4175
vn -0.9086 0.0004 0.4176
vn -0.3325 -0.6712 0.6625
vn -0.3441 -0.6669 0.6609
vn -0.3441 -0.6669 0.6610
vn -0.3557 -0.6625 0.6592
vn -0.2804 -0.0000 0.9599
vn -0.2843 0.6796 -0.6762
vn -0.3088 0.6714 -0.6737
vn -0.3331 0.6627 -0.6707
vn -0.2324 0.0002 -0.9726
vn -0.2323 0.0002 -0.9726
vn -0.2306 -0.0000 -0.9730
vn -0.2306 -0.0000 -0.9731
vn -0.3731 -0.6626 -0.6494
vn -0.3780 -0.6618 -0.6474
vn -0.3779 -0.6618 -0.6475
vn -0.3829 -0.6609 -0.6454
vn -0.3907 0.6586 0.6432
vn -0.4132 0.6543 0.6334
vn -0.4355 0.6496 0.6232
vn -0.7303 0.6526 0.2017
vn -0.9636 0.0245 0.2662
vn -0.7603 -0.6147 0.2100
vn 0.9363 0.0932 0.3386
vn 0.7864 0.1002 0.6095
vn 0.8650 0.2795 0.4168
vn 0.9250 0.2528 0.2836
vn 0.5973 0.2106 0.7739
vn 0.5546 0.1349 0.8211
vn 0.5180 0.3785 0.7671
vn 0.4306 0.6387 0.6376
vn 0.8390 0.4106 0.3570
vn -0.0000 0.9802 0.1979
vn -0.3774 -0.8696 0.3183
vn -0.3842 -0.8692 0.3111
vn -0.3769 -0.8787 0.2930
vn -0.3655 -0.8901 0.2723
vn -0.3689 -0.8878 0.2751
vn -0.3985 -0.8637 0.3085
vn 0.8416 0.3903 0.3734
vn 0.7493 0.4884 0.4473
vn 0.8712 0.3379 0.3562
vn 0.7312 0.5113 0.4515
vn 0.5919 0.5970 0.5414
vn 0.5405 0.6179 0.5710
vn 0.4899 0.6357 0.5966
vn 0.4897 0.6365 0.5959
vn 0.9892 -0.0000 0.1462
vn -0.9714 0.0006 0.2375
vn -0.9642 -0.1147 0.2391
vn -0.8797 -0.4094 0.2420
vn -0.7514 -0.6154 0.2380
vn -0.7180 -0.6541 0.2379
vn -0.7198 -0.6521 0.2380
vn -0.7548 -0.6112 0.2381
vn -0.8789 -0.4113 0.2415
vn -0.9634 -0.1210 0.2393
vn -0.9634 -0.1209 0.2393
vn -0.9658 0.0987 0.2399
vn -0.9505 0.1973 0.2399
vn -0.8579 0.4517 0.2450
vn -0.7607 0.6011 0.2450
vn -0.4535 0.8552 0.2511
vn -0.2266 0.9418 0.2483
vn -0.0000 -0.9760 0.2180
vn -0.0000 -0.9148 -0.4038
vn 0.5558 -0.0004 0.8313
vn 0.5547 -0.0000 0.8321
vn 0.6665 0.6669 0.3333
vn 0.8320 0.5548 -0.0000
vn 0.5547 0.8320 -0.0001
vn 0.6666 0.6667 -0.3333
vn 0.4473 0.0002 -0.8944
vn 0.6657 -0.0005 -0.7462
vn -0.9892 -0.0000 0.1462
vn -0.3666 0.8701 -0.3293
vn -0.3793 0.8696 -0.3162
vn -0.3741 0.8790 -0.2958
vn -0.3653 0.8902 -0.2723
vn -0.3687 0.8879 -0.2752
vn -0.3983 0.8638 -0.3086
vn 0.2777 -0.9607 -0.0000
vn 0.2778 -0.9607 -0.0000
vn -0.2911 0.6804 -0.6726
vn -0.3007 0.6763 -0.6724
vn -0.3103 0.6722 -0.6722
vn -0.3428 -0.6643 0.6643
vn -0.3519 -0.6638 0.6600
vn -0.3610 -0.6632 0.6556
vn -0.4949 0.3820 -0.7805
vn -0.4938 0.3833 -0.7805
vn -0.5198 0.4041 -0.7527
vn -0.5569 0.4321 -0.7094
vn -0.2460 0.1908 -0.9503
vn -0.2577 0.1979 -0.9457
vn 0.1592 -0.1220 -0.9797
vn 0.1579 -0.1208 -0.9800
vn -0.1942 -0.9809 0.0056
vn -0.2162 -0.9763 0.0028
vn -0.2235 -0.9747 0.0019
vn -0.2381 -0.9712 -0.0000
vn 0.4908 0.6337 -0.5979
vn 0.5550 0.6109 -0.5646
vn 0.4902 0.6362 -0.5958
vn 0.6149 0.5838 -0.5301
vn 0.7649 0.4752 -0.4348
vn 0.7434 0.5009 -0.4432
vn 0.8445 0.3865 -0.3707
vn 0.8758 0.3307 -0.3515
vn -0.3045 -0.6335 -0.7113
vn -0.4919 -0.7698 -0.4068
vn -0.4326 -0.8318 -0.3479
vn -0.9760 -0.2180 -0.0000
vn -0.9864 -0.1641 -0.0015
vn -0.8954 -0.4454 -0.0022
vn -0.8748 -0.4845 -0.0000
vn -0.8276 -0.5613 -0.0000
vn -0.8272 -0.5619 -0.0000
vn -0.4674 -0.8840 -0.0000
vn -0.4673 -0.8841 -0.0000
vn -0.0000 -0.7070 -0.7072
vn 0.6374 -0.7705 -0.0000
vn 0.7051 -0.4972 -0.5056
vn -0.4216 -0.0006 0.9068
vn -0.7732 -0.0006 0.6342
vn -0.4211 -0.0003 0.9070
vn -0.7818 -0.0004 0.6235
vn -0.7988 -0.0002 0.6016
vn -0.8066 -0.0000 0.5911
vn -0.9149 -0.0000 0.4037
vn -0.9794 -0.0000 0.2020
vn -0.5951 -0.7518 -0.2841
vn -0.7576 -0.5135 -0.4029
vn -0.8191 -0.3958 -0.4152
vn -0.9095 -0.1319 -0.3942
vn -0.9439 -0.0103 -0.3300
vn -0.9148 -0.0000 -0.4040
vn -0.7891 -0.0273 -0.6137
vn -0.7983 -0.0003 -0.6022
vn -0.7556 -0.0231 -0.6546
vn -0.7593 -0.0006 -0.6507
vn -0.4799 -0.0106 -0.8772
vn -0.2685 -0.0004 -0.9633
vn -0.3743 -0.0496 -0.9260
vn -0.7055 -0.1185 -0.6988
vn -0.2701 -0.1078 -0.9568
vn -0.5917 -0.2706 -0.7594
vn -0.2493 -0.1719 -0.9530
vn -0.5031 -0.3448 -0.7924
vn -0.2843 -0.1132 -0.9520
vn -0.6593 -0.1545 -0.7358
vn -0.7358 -0.0070 -0.6772
vn -0.7474 -0.0076 -0.6643
vn -0.7813 -0.1588 -0.6037
vn -0.6620 -0.3015 -0.6862
vn -0.5446 -0.3693 -0.7530
vn -0.5996 -0.2836 -0.7483
vn -0.7195 -0.1161 -0.6848
vn -0.3722 -0.0018 -0.9281
vn -0.4624 -0.0020 -0.8866
vn -0.3044 -0.6337 -0.7112
vn -0.4917 -0.7700 -0.4067
vn -0.8023 -0.4929 -0.3366
vn -0.5449 -0.8385 -0.0000
vn -0.8023 -0.4929 -0.3367
vn -0.8023 -0.4929 0.3366
vn -0.8023 -0.4930 0.3366
vn -0.7036 0.5523 0.4472
vn -0.7866 0.6175 -0.0000
vn -0.5561 0.4366 0.7072
vn -0.5755 0.8178 -0.0000
vn -0.2323 0.7729 0.5905
vn -0.8408 0.5414 -0.0000
vn -0.2348 -0.9576 0.1670
vn -0.2187 -0.9611 0.1688
vn -0.2328 -0.9570 0.1731
vn -0.2037 -0.9648 0.1666
vn -0.1900 -0.9686 0.1603
vn -0.1899 -0.9686 0.1605
vn -0.7600 0.0004 -0.6500
vn -0.4072 0.0002 -0.9133
vn -0.4074 0.0003 -0.9132
vn -0.7756 0.0002 -0.6312
vn -0.7989 0.0001 -0.6015
vn -0.8066 -0.0000 -0.5911
vn -0.9148 -0.0000 -0.4039
vn -0.0000 0.9148 -0.4039
vn -0.0000 0.9148 -0.4038
vn -0.0000 -0.9190 0.3943
vn -0.3666 -0.8701 -0.3294
vn -0.3741 -0.8790 -0.2958
vn -0.3795 -0.8696 -0.3159
vn -0.3653 -0.8902 -0.2723
vn -0.3687 -0.8879 -0.2752
vn -0.3983 -0.8638 -0.3086
vn -0.2269 0.9402 -0.2542
vn -0.4535 0.8551 -0.2511
vn -0.7607 0.6011 -0.2450
vn -0.8579 0.4517 -0.2450
vn -0.9505 0.1973 -0.2399
vn -0.9658 0.0987 -0.2399
vn -0.9634 -0.1209 -0.2393
vn -0.8789 -0.4113 -0.2415
vn -0.7548 -0.6113 -0.2381
vn -0.7198 -0.6521 -0.2380
vn -0.7180 -0.6541 -0.2379
vn -0.7514 -0.6154 -0.2381
vn -0.8797 -0.4094 -0.2420
vn -0.9642 -0.1147 -0.2391
vn -0.9714 0.0006 -0.2375
vn -0.8408 -0.5414 -0.0000
vn -0.3221 0.9467 -0.0000
vn -0.3231 0.9463 -0.0016
vn -0.3232 0.9463 -0.0018
vn -0.3251 0.9457 -0.0048
vn -0.3488 -0.9370 0.0218
vn -0.3475 -0.9376 0.0071
vn -0.3470 -0.9378 0.0110
vn -0.3469 -0.9379 -0.0002
vn -0.3486 -0.9373 -0.0003
vn 0.6478 0.3573 0.6728
vn 0.6374 0.3640 0.6791
vn 0.6107 0.6612 0.4358
vn 0.6307 0.6491 0.4253
vn 0.2666 0.9219 -0.2810
vn 0.2511 0.9299 -0.2687
vn 0.2382 0.9371 -0.2551
vn 0.2237 0.9441 -0.2420
vn 0.2279 0.9436 -0.2403
vn 0.2666 -0.9219 -0.2810
vn 0.2642 -0.9212 -0.2858
vn 0.2521 -0.9291 -0.2706
vn 0.2391 -0.9364 -0.2569
vn 0.2276 -0.9438 -0.2399
vn 0.2276 -0.9437 -0.2399
vn 0.2666 0.9220 0.2810
vn 0.2630 0.9208 0.2881
vn 0.2463 0.9317 0.2670
vn 0.2283 0.9415 0.2480
vn 0.2124 0.9512 0.2239
vn -0.7385 0.4952 -0.4576
vn -0.5716 0.8205 -0.0000
vn 0.0001 -0.9735 0.2288
vn 0.0002 -0.9727 0.2319
vn 0.0004 -0.9735 0.2289
vn 0.3262 -0.9119 0.2491
vn 0.3260 -0.9113 0.2514
vn -0.2885 0.9575 -0.0000
vn -0.2886 0.9574 -0.0000
vn -0.2099 -0.7582 0.6173
vn -0.4255 -0.7075 0.5643
vn -0.2100 -0.7580 0.6175
vn -0.4309 -0.7057 0.5624
vn -0.4367 -0.7033 0.5610
vn -0.4362 -0.7033 0.5613
vn -0.7570 -0.5749 0.3104
vn -0.8404 -0.5019 0.2045
vn -0.9408 -0.3390 -0.0000
vn -0.9734 -0.2290 -0.0000
vn -0.9851 -0.1721 -0.0000
vn -0.8621 -0.3411 0.3748
vn -0.5678 -0.3800 0.7302
vn -0.5568 -0.3840 0.7366
vn -0.3591 -0.3370 0.8703
vn -0.5933 -0.0000 0.8050
vn -0.2453 -0.0000 0.9694
vn -0.8136 -0.0000 0.5814
vn -0.6160 -0.0000 0.7877
vn -0.9884 -0.1067 0.1082
vn -0.9531 -0.2125 0.2156
vn -0.8955 -0.3124 0.3169
vn -0.8967 -0.3101 0.3158
vn -0.8961 -0.3107 0.3169
vn -0.8971 -0.3082 0.3167
vn -0.9884 0.1067 0.1082
vn -0.9531 0.2125 0.2156
vn -0.8957 0.3121 0.3166
vn -0.8967 0.3101 0.3158
vn -0.8964 0.3100 0.3169
vn -0.8971 0.3082 0.3167
vn -0.8413 -0.0000 0.5406
vn -0.9276 -0.0000 0.3737
vn -0.9824 -0.0000 0.1869
vn -0.9891 0.1474 -0.0000
vn -0.9364 -0.0000 0.3510
vn -0.7813 0.3384 0.5244
vn -0.9408 0.3390 -0.0000
vn -0.9734 0.2290 -0.0000
vn -0.8407 0.5015 0.2041
vn -0.7577 0.5744 0.3097
vn -0.4371 0.7032 0.5608
vn -0.4375 0.7031 0.5605
vn -0.4307 0.7058 0.5625
vn -0.9239 0.0587 0.3782
vn -0.6154 0.0002 0.7882
vn -0.5702 0.3800 0.7283
vn -0.4255 0.7075 0.5643
vn -0.2100 0.7582 0.6173
vn -0.5507 0.3840 0.7412
vn -0.2265 0.3372 0.9138
vn -0.4075 -0.0000 0.9132
vn -0.6076 0.0001 0.7942
vn -0.5895 0.0425 0.8067
vn -0.6069 0.0423 0.7937
vn -0.5759 0.1272 0.8075
vn -0.8700 0.1951 0.4528
vn -0.7714 0.3193 0.5505
vn -0.2981 0.0289 0.9541
vn -0.2730 0.0868 0.9581
vn -0.5528 0.1419 0.8212
vn -0.2007 0.1336 0.9705
vn -0.4857 0.2736 0.8302
vn -0.5240 0.2434 0.8162
vn -0.9770 0.2135 -0.0000
vn -0.9169 0.3990 -0.0000
vn -0.7386 0.4925 0.4604
vn -0.4663 0.3496 0.8126
vn -0.4359 0.3634 0.8234
vn -0.2206 0.1881 0.9570
vn -0.9989 0.0473 -0.0000
vn -0.9964 0.0851 -0.0000
vn -0.4717 0.0382 0.8809
vn -0.7732 0.0006 0.6342
vn -0.2776 0.0004 0.9607
vn -0.7204 0.0899 0.6877
vn -0.3166 0.1146 0.9416
vn -0.5920 0.2436 0.7683
vn -0.2547 0.1700 0.9520
vn -0.4768 0.3507 0.8060
vn -0.4762 0.3694 0.7980
vn -0.7285 0.5668 0.3847
vn -0.8113 0.5847 -0.0000
vn -0.9819 0.1895 -0.0000
vn -0.7958 0.6056 -0.0000
vn -0.8179 0.5753 -0.0000
vn -0.7841 0.6207 -0.0000
vn -0.8774 0.4797 -0.0000
vn -0.9163 0.4006 -0.0000
vn -0.7663 0.3824 0.5162
vn -0.5966 0.2637 0.7580
vn -0.7567 0.0799 0.6489
vn -0.8029 0.0002 0.5961
vn -0.9919 0.1272 -0.0000
vn -0.9794 -0.0000 -0.2021
vn -0.9948 0.1019 -0.0000
vn -0.9190 0.1564 0.3620
vn -0.9700 -0.0000 0.2432
vn -0.9525 -0.0000 0.3046
vn -0.9794 0.0001 0.2020
vn -0.6607 -0.4441 0.6052
vn -0.6867 -0.1521 0.7108
vn -0.5146 -0.4851 0.7070
vn -0.5991 -0.0227 0.8004
vn 0.2595 -0.1577 0.9528
vn 0.2501 -0.1868 0.9500
vn 0.2550 -0.1412 0.9566
vn 0.3271 -0.0809 0.9415
vn 0.2809 -0.0000 0.9598
vn -0.4082 -0.8165 0.4083
vn -0.0000 -0.4472 0.8944
vn -0.7072 -0.0000 0.7070
vn -0.0000 -0.8320 0.5547
vn 0.1474 -0.5677 0.8099
vn 0.3081 -0.0001 0.9514
vn 0.2152 -0.0124 0.9765
vn 0.2672 -0.0658 0.9614
vn -0.3317 0.7235 0.6054
vn -0.3978 0.7167 0.5728
vn -0.5707 0.3889 0.7233
vn -0.6026 0.3819 0.7007
vn -0.6520 -0.0000 0.7582
vn -0.8164 -0.4084 -0.4083
vn -0.4473 -0.8944 -0.0000
vn -0.6000 -0.0000 -0.8000
vn -0.9971 -0.0760 -0.0000
vn -0.5532 -0.0315 -0.8325
vn -0.7674 -0.2130 -0.6048
vn -0.9635 -0.2676 -0.0000
vn -0.8594 -0.5113 -0.0000
vn -0.5608 -0.4236 -0.7114
vn -0.7276 -0.6860 -0.0000
vn -0.5145 -0.4850 -0.7072
vn -0.7070 -0.7072 -0.0000
vn -0.9993 -0.0380 -0.0000
vn -0.9763 -0.2165 -0.0000
vn -0.9481 -0.3179 -0.0000
vn -0.8299 -0.5579 -0.0000
vn -0.4083 -0.8165 0.4082
vn -0.7070 -0.0000 0.7072
vn -0.8944 -0.4472 -0.0001
vn -0.5990 -0.0228 0.8004
vn -0.9971 -0.0759 -0.0000
vn -0.6864 -0.1522 0.7112
vn -0.6607 -0.4440 0.6052
vn -0.5143 -0.4849 0.7073
vn -0.7287 0.6659 -0.1596
vn -0.5617 0.7885 -0.2504
vn -0.4980 0.8212 -0.2785
vn 0.2288 -0.0088 -0.9734
vn 0.2647 -0.0653 -0.9621
vn 0.2576 -0.1563 -0.9535
vn 0.2469 -0.1849 -0.9512
vn 0.2514 -0.1404 -0.9577
vn 0.3618 -0.0669 -0.9299
vn 0.1846 -0.0000 -0.9828
vn -0.7674 -0.2131 -0.6047
vn -0.5609 -0.4238 -0.7111
vn -0.5145 -0.4851 -0.7071
vn -0.5532 -0.0316 -0.8324
vn -0.6001 -0.0000 -0.7999
vn -0.0000 -0.6001 -0.7999
vn -0.8164 -0.4083 -0.4084
vn -0.0000 -0.7072 -0.7070
vn 0.2672 -0.0001 -0.9637
vn 0.1856 -0.7203 -0.6684
vn -0.9906 -0.0477 -0.1281
vn -0.9906 -0.0478 -0.1281
vn -0.4847 -0.8724 -0.0627
vn -0.5650 0.8218 -0.0731
vn -0.5981 -0.7768 -0.1971
vn -0.5121 -0.8262 -0.2348
vn -0.3455 -0.8908 -0.2951
vn -0.3468 -0.8975 -0.2723
vn -0.3473 -0.9033 -0.2519
vn -0.3353 -0.9125 -0.2342
vn -0.3343 -0.9119 -0.2379
vn 0.2810 -0.0000 0.9597
vn 0.5369 -0.0000 0.8436
vn 0.5339 -0.0000 0.8455
vn 0.5315 -0.0000 0.8471
vn 0.7729 -0.0000 0.6345
vn 0.9483 -0.0000 0.3174
vn 0.9487 -0.0000 -0.3160
vn 0.7752 -0.0000 -0.6317
vn 0.5359 -0.0000 -0.8443
vn 0.5355 -0.0000 -0.8446
vn 0.2785 -0.0000 -0.9604
vn 0.7072 -0.7070 0.0001
vn 0.7560 -0.6016 0.2582
vn 0.4107 -0.6001 0.6865
vn -0.8165 -0.4083 -0.4082
vn -0.0000 -0.6000 -0.8000
vn -0.4472 -0.8944 -0.0001
vn 0.1855 -0.7201 -0.6686
vn 0.4619 -0.4475 -0.7658
vn 0.2872 -0.8320 -0.4746
vn 0.6118 -0.6011 -0.5141
vn 0.8944 -0.4473 -0.0000
vn 0.4472 -0.8944 -0.0000
vn 0.4298 -0.5549 0.7123
vn 0.1474 -0.5676 0.8100
vn -0.4085 -0.8164 0.4082
vn -0.8944 -0.4473 -0.0000
vn -0.7072 -0.7070 -0.0000
vn -0.2772 -0.0002 0.9608
vn -0.7722 -0.0007 0.6354
vn -0.4965 -0.0110 0.8679
vn -0.7658 -0.0235 0.6426
vn -0.3885 -0.0516 0.9200
vn -0.7983 -0.0002 0.6023
vn -0.7161 -0.1209 0.6874
vn -0.2814 -0.1125 0.9530
vn -0.7888 -0.0273 0.6141
vn -0.9148 -0.0000 0.4038
vn -0.6019 -0.2761 0.7493
vn -0.2610 -0.1800 0.9484
vn -0.7197 -0.1161 0.6845
vn -0.9440 -0.0104 0.3298
vn -0.4550 -0.0002 0.8905
vn -0.5726 -0.6635 0.4815
vn -0.2093 -0.8534 0.4774
vn -0.5948 -0.7520 0.2841
vn -0.4328 -0.8316 0.3480
vn -0.6615 -0.3022 0.6864
vn -0.7821 -0.1559 0.6033
vn -0.7606 -0.0006 0.6492
vn -0.7475 -0.0063 0.6642
vn -0.3866 -0.0017 0.9222
vn -0.6687 -0.1569 0.7268
vn -0.2970 -0.1187 0.9475
vn -0.5129 -0.3517 0.7831
vn -0.5997 -0.2837 0.7482
vn -0.9096 -0.1319 0.3940
vn -0.5448 -0.3694 0.7528
vn -0.8192 -0.3959 0.4150
vn -0.7577 -0.5136 0.4025
vn -0.9761 -0.2175 0.0018
vn -0.8748 -0.4845 0.0015
vn 0.7011 -0.4963 0.5120
vn -0.0000 -0.6000 0.8000
vn 0.4780 -0.8784 -0.0000
vn -0.2092 -0.8535 0.4773
vn -0.9940 -0.1089 -0.0000
vn -0.9143 -0.4051 -0.0000
vn -0.8274 -0.5615 -0.0000
vn -0.5576 -0.8301 -0.0000
vn -0.5728 -0.6633 0.4816
vn -0.8069 -0.5858 -0.0764
vn -0.5124 -0.8261 -0.2347
vn -0.5983 -0.7767 -0.1970
vn -0.3892 -0.6378 0.6646
vn -0.3126 -0.6437 0.6986
vn -0.3555 -0.1045 0.9288
vn -0.3762 0.0001 0.9265
vn -0.3760 0.0326 0.9261
vn -0.3754 0.0652 0.9246
vn -0.3718 0.1523 0.9157
vn -0.3680 0.2068 0.9065
vn -0.3618 0.2733 0.8913
vn -0.3603 0.2852 0.8882
vn -0.3616 0.2713 0.8920
vn -0.3725 0.2354 0.8977
vn -0.3774 0.1728 0.9098
vn -0.3841 0.1255 0.9147
vn -0.3784 0.0795 0.9222
vn -0.3783 0.0320 0.9251
vn -0.3754 0.0268 0.9265
vn -0.3754 0.0001 0.9269
vn -0.3442 -0.9389 -0.0000
vn -0.3273 -0.9356 0.1320
vn 0.6668 0.7295 -0.1525
vn 0.4831 0.8192 -0.3090
vn 0.2839 0.8538 -0.4363
vn 0.2942 0.8389 -0.4580
vn 0.2320 0.8391 -0.4920
vn 0.3138 0.8103 -0.4949
vn 0.1072 0.8303 -0.5469
vn 0.3054 0.8243 0.4768
vn 0.3032 0.8242 0.4782
vn 0.2925 0.8406 0.4559
vn 0.2774 0.8566 0.4352
vn 0.2655 0.8731 0.4090
vn 0.4699 0.8338 0.2899
vn 0.6607 0.7369 0.1426
vn 0.4700 0.8337 0.2898
vn 0.7992 0.6011 -0.0000
vn 0.6608 0.7369 0.1426
vn 0.7992 0.6010 -0.0000
vn 0.6668 0.7295 -0.1524
vn 0.4832 0.8192 -0.3090
vn -0.7385 0.4953 0.4575
vn -0.6520 0.0001 0.7582
vn -0.6521 -0.0000 0.7582
vn -0.6325 -0.2432 0.7354
vn -0.5029 -0.4989 0.7059
vn -0.3766 -0.6992 0.6077
vn -0.2727 -0.7051 0.6545
vn -0.3649 0.5245 0.7693
vn -0.3649 0.5245 0.7692
vn 0.4704 -0.6526 0.5940
vn 0.5235 -0.6336 0.5696
vn 0.5236 -0.6336 0.5696
vn 0.5747 -0.6122 0.5431
vn 0.7260 -0.0000 0.6877
vn 0.7265 -0.0000 0.6872
vn 0.7262 -0.0000 0.6875
vn 0.7269 -0.0001 0.6868
vn 0.6306 0.4791 0.6106
vn 0.6426 0.4739 0.6020
vn 0.6427 0.4739 0.6020
vn 0.6545 0.4686 0.5933
vn -0.2925 0.6014 -0.7435
vn -0.6293 0.4939 -0.6000
vn -0.5563 0.4366 -0.7071
vn -0.0000 0.7999 -0.6001
vn -0.4373 0.8993 -0.0000
vn -0.6293 0.4939 -0.6001
vn 0.4472 -0.0000 -0.8944
vn 0.8944 -0.0000 -0.4473
vn -0.0000 0.5548 -0.8320
vn 0.6666 0.6667 -0.3334
vn -0.5561 0.4366 -0.7072
vn -0.2879 0.9577 -0.0000
vn 0.7071 0.7071 -0.0000
vn 0.4473 -0.0000 -0.8944
vn -0.0000 0.7999 0.6001
vn -0.0000 0.5548 0.8320
vn -0.5563 0.4367 0.7070
vn -0.7035 0.5523 0.4473
vn 0.7999 -0.0000 0.6001
vn 0.4473 -0.0000 0.8944
vn 0.8944 -0.0001 -0.4472
vn 0.5774 0.5773 0.5774
vn 0.8000 -0.0000 0.6000
vn 0.4472 -0.0000 0.8944
vn 0.5474 -0.0000 0.8369
vn 0.5513 -0.0008 0.8343
vn 0.5534 -0.0012 0.8329
vn 0.5595 -0.0024 0.8288
vn 0.4473 -0.8944 -0.0000
vn 0.9989 0.0459 -0.0000
vn 0.9792 0.2030 0.0001
vn 0.9634 0.2681 -0.0002
vn 0.8650 0.5018 0.0002
vn 0.9969 0.0787 -0.0000
vn 0.8944 -0.0000 -0.4472
vn 0.3331 -0.6666 -0.6668
vn -0.0000 -0.7999 0.6001
vn 0.6667 -0.3332 0.6667
vn 0.7070 -0.0000 0.7072
vn -0.0000 -0.7070 0.7072
vn -0.3986 0.5716 -0.7172
vn 0.9100 -0.0000 -0.4146
vn 0.9276 -0.3713 -0.0410
vn 0.8091 -0.4537 0.3734
vn 0.9292 -0.0443 0.3668
vn 0.8841 -0.1728 0.4341
vn 0.9741 -0.1393 -0.1779
vn 0.4948 0.8690 -0.0000
vn 0.8645 0.5026 -0.0000
vn 0.8841 0.3551 0.3037
vn 0.7133 0.5326 0.4557
vn 0.7133 0.5325 0.4557
vn 0.9634 -0.0010 0.2682
vn 0.9135 -0.0000 0.4068
vn 0.8738 -0.0000 0.4863
vn 0.6170 -0.0000 -0.7870
vn 0.6170 -0.0000 -0.7869
vn 0.8176 -0.0000 -0.5758
vn 0.9186 -0.0773 -0.3876
vn 0.7042 -0.1897 -0.6842
vn 0.7574 -0.4053 -0.5119
vn 0.7082 -0.2017 -0.6766
vn 0.7571 -0.4033 -0.5140
vn 0.6868 -0.7238 -0.0662
vn 0.5518 -0.8067 0.2115
vn 0.4619 -0.6833 0.5655
vn 0.4694 -0.6658 0.5800
vn 0.5556 -0.3072 0.7726
vn 0.5487 -0.3582 0.7554
vn 0.5613 -0.0595 0.8255
vn 0.5597 -0.0000 0.8287
vn 0.5575 0.0889 0.8254
vn 0.5508 0.1779 0.8155
vn 0.5167 0.3842 0.7651
vn 0.4849 0.4994 0.7179
vn 0.4247 0.6514 0.6288
vn 0.4020 0.6958 0.5952
vn 0.4051 0.6900 0.5999
vn 0.4307 0.6387 0.6377
vn 0.4892 0.4857 0.7244
vn 0.5181 0.3784 0.7671
vn 0.5545 0.1350 0.8211
vn 0.5948 0.1978 0.7792
vn 0.5966 0.5191 0.6120
vn 0.5739 0.6355 0.5164
vn 0.4591 0.8644 0.2048
vn 0.4591 0.8645 0.2048
vn 0.4199 0.9015 -0.1051
vn 0.4820 0.8480 -0.2204
vn 0.6166 0.5786 -0.5339
vn 0.6025 0.6099 -0.5148
vn 0.6438 0.2143 -0.7345
vn 0.6322 0.0768 -0.7710
vn 0.4257 0.8975 -0.1150
vn 0.7390 0.6555 0.1554
vn 0.5708 0.6476 0.5048
vn 0.5861 0.6676 -0.4591
vn 0.8655 0.4829 -0.1330
vn 0.9307 0.2557 -0.2617
vn 0.9446 0.0929 -0.3147
vn 0.8176 0.0001 -0.5758
vn 0.8858 -0.0000 0.4640
vn 0.9135 -0.0000 0.4069
vn 0.7810 -0.5854 0.2176
vn 0.7070 -0.7072 -0.0000
vn 0.8835 0.0502 0.4658
vn 0.5637 -0.0942 0.8206
vn 0.5393 -0.4193 0.7303
vn 0.5566 -0.8063 0.2001
vn 0.4019 0.6959 0.5952
vn 0.8446 0.3852 0.3718
vn 0.8731 0.2188 0.4357
vn 0.4849 0.4995 0.7179
vn -0.4948 0.3819 0.7806
vn -0.5328 0.4140 0.7381
vn -0.4940 0.3829 0.7806
vn -0.5803 0.4498 0.6789
vn -0.2550 0.1978 0.9465
vn -0.2656 0.2039 0.9423
vn 0.1898 -0.1455 0.9710
vn 0.1880 -0.1439 0.9716
vn 0.5694 -0.7766 0.2696
vn 0.4626 -0.7223 0.5141
vn 0.5694 -0.7765 0.2699
vn -0.7385 0.4953 0.4576
vn -0.7385 0.4952 0.4576
vn -0.6520 -0.0000 -0.7582
vn -0.5712 0.3880 -0.7234
vn -0.6028 0.3811 -0.7010
vn -0.3993 0.7153 -0.5734
vn -0.3338 0.7221 -0.6059
vn 0.9275 -0.0000 0.3739
vn -0.4124 0.9110 -0.0000
vn -0.8292 -0.5589 -0.0000
vn -0.8292 -0.5590 -0.0000
vn 0.4931 -0.8700 -0.0000
vn 0.1708 0.9853 -0.0000
vn 0.5596 -0.4319 0.7073
vn -0.7492 0.5735 -0.3314
vn -0.7492 0.5735 0.3314
vn 0.5599 -0.4321 -0.7070
vn 0.0001 -0.0000 -1.0000
vn -0.0001 -0.0000 -1.0000
vn -0.7385 0.4953 -0.4575
vn -0.6520 0.0001 -0.7582
vn -0.5581 -0.3765 -0.7395
vn -0.6065 -0.3673 -0.7052
vn -0.3785 -0.6980 -0.6079
vn -0.2759 -0.7039 -0.6545
vn -0.2326 0.4706 -0.8511
vn -0.2472 0.0542 -0.9674
vn -0.2603 0.1585 -0.9524
vn -0.2451 -0.0798 -0.9662
vn -0.2324 -0.1152 -0.9658
vn -0.2498 -0.0426 -0.9674
vn -0.2400 0.0011 -0.9708
vn -0.2353 0.0016 -0.9719
vn -0.2223 -0.0000 -0.9750
vn -0.2827 0.9378 0.2016
vn -0.2805 0.9369 0.2085
vn -0.2640 0.9427 0.2041
vn -0.2467 0.9478 0.2021
vn -0.2310 0.9532 0.1950
vn -0.2308 0.9532 0.1954
vn -0.2755 -0.8917 0.3590
vn -0.2716 -0.8900 0.3662
vn -0.2636 -0.8994 0.3488
vn -0.2575 -0.9031 0.3435
vn -0.2470 -0.9170 0.3133
vn 0.2778 0.9606 -0.0000
vn 0.2778 0.9607 -0.0000
vn -0.4580 0.6638 0.5912
vn -0.6398 0.5009 0.5829
vn -0.7049 0.4269 0.5665
vn -0.8580 0.1389 0.4946
vn -0.8356 0.1746 0.5209
vn -0.8799 -0.0000 0.4752
vn -0.9003 -0.0745 0.4289
vn -0.8514 -0.3512 0.3896
vn -0.8361 -0.3633 0.4111
vn -0.7157 -0.5816 0.3867
vn -0.7367 -0.5044 0.4505
vn -0.7632 -0.3696 0.5300
vn -0.8017 -0.2158 0.5574
vn -0.8055 -0.1898 0.5613
vn -0.8153 -0.1086 0.5688
vn -0.8186 -0.0548 0.5718
vn -0.8198 -0.0000 0.5726
vn -0.6636 0.0467 0.7467
vn -0.6728 0.1007 0.7329
vn -0.6868 0.2033 0.6979
vn -0.6888 0.2657 0.6745
vn -0.6896 0.3757 0.6192
vn -0.6823 0.4433 0.5814
vn -0.6652 0.4949 0.5591
vn -0.3543 0.7216 0.5948
vn -0.3448 0.7051 0.6197
vn -0.1196 0.8224 0.5562
vn -0.2292 0.7917 0.5663
vn -0.4507 0.6576 0.6037
vn 0.5400 -0.8376 -0.0830
vn -0.6636 0.0468 -0.7466
vn -0.6729 0.1009 -0.7329
vn -0.6868 0.2033 -0.6979
vn -0.6888 0.2656 -0.6745
vn -0.6895 0.3757 -0.6192
vn -0.6823 0.4433 -0.5814
vn -0.6652 0.4949 -0.5591
vn -0.3545 0.7194 -0.5973
vn -0.3445 0.7011 -0.6243
vn -0.1200 0.8200 -0.5597
vn -0.2298 0.7913 -0.5666
vn -0.4583 0.6637 -0.5912
vn -0.4511 0.6573 -0.6037
vn -0.6399 0.5009 -0.5828
vn -0.7049 0.4270 -0.5664
vn -0.8356 0.1743 -0.5210
vn -0.8355 0.1746 -0.5210
vn -0.8804 -0.0000 -0.4742
vn -0.8772 -0.0867 -0.4722
vn -0.8715 -0.1590 -0.4640
vn -0.8335 -0.3295 -0.4436
vn -0.8061 -0.4095 -0.4272
vn -0.7393 -0.5418 -0.3998
vn -0.7049 -0.5751 -0.4152
vn -0.7272 -0.4988 -0.4716
vn -0.7632 -0.3696 -0.5300
vn -0.8017 -0.2158 -0.5573
vn -0.8055 -0.1898 -0.5613
vn -0.8153 -0.1086 -0.5688
vn -0.8186 -0.0548 -0.5718
vn -0.8198 -0.0000 -0.5726
vn -0.5176 -0.8475 -0.1174
vn -0.9802 -0.0000 -0.1982
vn 0.9134 -0.0000 0.4070
vn 0.6689 -0.0000 0.7433
vn 0.9633 -0.0011 0.2683
vn 0.8737 -0.0000 0.4865
vn 0.7132 0.5327 0.4556
vn 0.7133 0.5326 0.4556
vn 0.6689 -0.0001 0.7433
vn -0.5176 0.8475 -0.1174
vn -0.0000 -0.8000 0.6000
vn -0.0000 -0.7072 0.7070
vn 0.6667 -0.3333 0.6666
vn 0.7072 -0.0000 0.7070
vn 0.8279 0.0764 0.5556
vn 0.6798 0.1894 0.7086
vn 0.4626 0.2886 0.8382
vn 0.5275 0.4705 0.7074
vn 0.6020 0.3704 0.7074
vn 0.6762 0.2034 0.7081
vn 0.7065 0.0429 0.7064
vn 0.7745 -0.1708 0.6091
vn 0.5069 -0.4797 0.7162
vn 0.2049 -0.3916 0.8970
vn 0.1452 -0.6883 0.7107
vn 0.2858 -0.0000 0.9583
vn 0.5279 -0.0000 0.8493
vn 0.2792 -0.6264 0.7278
vn 0.6689 -0.0000 0.7434
vn 0.8858 -0.0000 0.4641
vn 0.4729 -0.7072 0.5256
vn 0.4730 -0.7072 0.5255
vn 0.7810 -0.5854 0.2174
vn 0.5400 0.8376 -0.0830
vn -0.9658 -0.0000 0.2594
vn -0.6581 0.5737 0.4876
vn -0.6697 0.6172 0.4129
vn -0.6697 0.6173 0.4128
vn -0.6762 0.6561 0.3350
vn 0.7126 0.6162 0.3354
vn 0.7063 0.5832 0.4013
vn 0.7063 0.5832 0.4012
vn 0.6962 0.5470 0.4648
vn 0.9658 -0.0000 0.2594
vn 0.9810 -0.0000 0.1941
vn -0.2684 0.0004 -0.9633
vn -0.7595 0.0010 -0.6505
vn -0.4547 0.0369 -0.8899
vn -0.7092 0.0877 -0.6995
vn -0.7986 0.0003 -0.6018
vn -0.7565 0.0797 -0.6491
vn -0.9699 -0.0000 -0.2434
vn -0.3029 0.1096 -0.9467
vn -0.5812 0.2384 -0.7781
vn -0.2429 0.1622 -0.9564
vn -0.7984 0.6021 -0.0000
vn -0.7931 0.4290 -0.4324
vn -0.9299 0.3679 -0.0000
vn -0.9413 0.1335 -0.3100
vn -0.9919 0.1270 -0.0000
vn -0.5964 0.2634 -0.7582
vn -0.4672 0.3435 -0.8147
vn -0.2100 0.1791 -0.9612
vn -0.4265 0.3556 -0.8316
vn -0.1910 0.1272 -0.9733
vn -0.4751 0.2679 -0.8381
vn -0.2601 0.0826 -0.9621
vn -0.5410 0.1392 -0.8294
vn -0.2864 0.0207 -0.9579
vn -0.5878 0.0417 -0.8079
vn -0.4757 0.3692 -0.7984
vn -0.7001 0.5543 -0.4501
vn -0.4660 0.3493 -0.8129
vn -0.7385 0.4924 -0.4606
vn -0.5238 0.2432 -0.8164
vn -0.8270 0.3210 -0.4615
vn -0.5756 0.1271 -0.8078
vn -0.8756 0.1683 -0.4528
vn -0.6044 0.0419 -0.7956
vn -0.9344 0.0503 -0.3526
vn -0.8503 -0.0000 -0.5263
vn -0.6134 0.0001 -0.7898
vn -0.5902 0.0002 -0.8073
vn -0.2933 0.0001 -0.9560
vn -0.3298 0.7901 -0.5167
vn -0.7202 0.4858 -0.4953
vn -0.7358 0.4815 -0.4762
vn -0.8938 0.3151 -0.3190
vn -0.9967 0.0811 -0.0000
vn -0.9715 0.2372 -0.0000
vn -0.8999 0.4362 -0.0000
vn -0.8022 0.5970 -0.0000
vn -0.9964 0.0846 -0.0000
vn -0.9856 0.1693 -0.0000
vn -0.8773 0.4799 -0.0000
vn -0.7841 0.6206 -0.0000
vn -0.8331 0.5531 -0.0000
vn -0.9325 0.3612 -0.0000
vn -0.6020 -0.0000 0.7985
vn -0.2452 -0.0000 0.9695
vn -0.3074 -0.0000 0.9516
vn -0.6123 -0.0000 0.7906
vn -0.6137 0.0001 0.7896
vn -0.6022 0.0002 0.7983
vn -0.9567 -0.0001 0.2910
vn -0.8967 -0.0000 0.4427
vn -0.8398 0.3816 0.3862
vn -0.7359 0.4814 0.4761
vn -0.7273 0.4840 0.4866
vn -0.2878 0.6754 0.6790
vn -0.9000 0.4359 -0.0000
vn -0.6077 0.7941 0.0003
vn -0.6011 0.7992 -0.0000
vn -0.3202 0.9474 -0.0000
vn -0.2878 0.6750 0.6794
vn 0.0001 1.0000 0.0001
vn 0.0001 0.7069 0.7073
vn -0.0000 0.5547 0.8321
vn -0.0000 0.7070 0.7072
vn 0.6667 0.6666 0.3333
vn 0.8320 0.5547 -0.0000
vn 0.6667 0.6666 -0.3333
vn -0.0000 0.5547 -0.8320
vn -0.0000 0.7070 -0.7072
vn 0.0001 0.5999 -0.8001
vn 0.0001 1.0000 -0.0001
vn -0.3299 0.7900 -0.5168
vn -0.4241 0.9056 -0.0000
vn -0.5994 0.8005 -0.0001
vn -0.6118 0.7910 -0.0003
vn -0.9378 0.3471 -0.0000
vn -0.4976 -0.8637 0.0801
vn 0.4472 0.0002 -0.8944
vn 0.6667 0.6666 -0.3334
vn 0.0001 0.6000 -0.8000
vn -0.0000 0.7072 -0.7070
vn 0.6658 -0.0005 -0.7461
vn 0.3449 -0.0586 -0.9368
vn 0.2992 -0.1359 -0.9445
vn 0.3426 -0.2436 -0.9074
vn 0.3005 -0.2096 -0.9305
vn -0.2862 0.0206 -0.9580
vn -0.2595 0.0826 -0.9622
vn -0.1907 0.1271 -0.9734
vn -0.3300 0.7900 -0.5167
vn -0.2930 0.0001 -0.9561
vn -0.2428 0.1621 -0.9565
vn -0.3026 0.1095 -0.9468
vn -0.2099 0.1790 -0.9612
vn 0.5495 -0.1449 -0.8228
vn 0.6528 -0.3359 -0.6790
vn 0.2657 -0.0179 -0.9639
vn -0.4546 0.0368 -0.8899
vn -0.2682 0.0004 -0.9634
vn -0.4070 0.0002 -0.9134
vn -0.4073 0.0002 -0.9133
vn -0.2491 -0.1719 -0.9531
vn -0.2842 -0.1131 -0.9521
vn -0.0003 -0.0000 -1.0000
vn -0.3720 -0.0018 -0.9282
vn -0.4622 -0.0020 -0.8868
vn -0.3046 -0.6336 -0.7111
vn 0.5807 0.0124 -0.8140
vn 0.7051 -0.4971 -0.5056
vn -0.2699 -0.1078 -0.9568
vn -0.3741 -0.0496 -0.9261
vn -0.2682 -0.0004 -0.9634
vn -0.4797 -0.0106 -0.8774
vn -0.5772 -0.6351 0.5133
vn -0.3315 -0.3653 0.8699
vn -0.1091 -0.4112 0.9050
vn -0.3588 -0.3370 0.8704
vn -0.2448 -0.0000 0.9696
vn -0.7036 0.0003 0.7106
vn -0.3520 0.0002 0.9360
vn 0.0001 0.7071 0.7071
vn -0.0000 0.5547 0.8320
vn -0.2878 0.6753 0.6791
vn -0.3070 -0.0000 0.9517
vn -0.3069 -0.0000 0.9518
vn 0.3093 -0.1431 0.9401
vn 0.3533 -0.2509 0.9012
vn -0.0000 0.7072 0.7070
vn 0.5547 -0.0000 0.8320
vn 0.6666 0.6667 0.3334
vn 0.5558 -0.0005 0.8313
vn 0.3525 -0.0600 0.9339
vn 0.3149 -0.0004 0.9491
vn 0.5703 0.7769 0.2668
vn 0.6349 0.7726 -0.0005
vn 0.6349 0.7726 -0.0006
vn 0.6348 0.7727 -0.0003
vn 0.6348 0.7727 -0.0002
vn 0.6349 0.7726 -0.0000
vn 0.5566 0.7798 -0.2864
vn 0.4293 0.7182 -0.5476
vn 0.3264 -0.9112 0.2514
vn 0.7410 -0.6251 0.2453
vn 0.3265 -0.9118 0.2491
vn 0.8451 -0.4750 0.2453
vn 0.9470 -0.2133 0.2402
vn 0.9646 -0.1086 0.2402
vn 0.9639 0.1167 0.2393
vn 0.8807 0.4075 0.2416
vn 0.7569 0.6086 0.2381
vn 0.7222 0.6495 0.2380
vn 0.7201 0.6518 0.2379
vn 0.7530 0.6134 0.2380
vn 0.8807 0.4071 0.2420
vn 0.9643 0.1137 0.2391
vn 0.9714 0.0003 0.2375
vn -0.9910 -0.0000 0.1336
vn 0.9658 -0.0000 -0.2594
vn -0.3318 0.3652 0.8698
vn -0.5775 0.6349 0.5132
vn -0.2004 0.1335 0.9706
vn -0.2725 0.0868 0.9582
vn -0.2980 0.0289 0.9541
vn -0.4074 -0.0000 0.9133
vn -0.2260 0.3372 0.9139
vn -0.1310 0.4937 0.8597
vn -0.2204 0.1880 0.9571
vn -0.3164 0.1145 0.9417
vn -0.2545 0.1699 0.9520
vn 0.3039 -0.2120 0.9288
vn 0.6600 -0.3398 0.6700
vn 0.5559 -0.1466 0.8182
vn -0.4716 0.0382 0.8810
vn -0.0000 -0.6001 0.7999
vn 0.5725 0.0137 0.8198
vn 0.2667 -0.0181 0.9636
vn -0.2092 -0.8534 0.4774
vn -0.3864 -0.0018 0.9223
vn 0.0002 -0.0000 1.0000
vn -0.2608 -0.1799 0.9485
vn -0.2813 -0.1124 0.9530
vn -0.2968 -0.1187 0.9475
vn -0.4216 -0.0004 0.9068
vn -0.3882 -0.0516 0.9201
vn -0.4963 -0.0110 0.8681
vn -0.2771 -0.0003 0.9609
vn -0.2541 0.9088 0.3308
vn -0.2427 0.9154 0.3211
vn -0.2505 0.9073 0.3378
vn -0.2370 0.9186 0.3162
vn -0.2268 0.9305 0.2876
vn 0.3054 0.5364 0.7867
vn 0.3076 0.5825 0.7524
vn 0.2619 0.5437 0.7974
vn 0.3379 0.6499 0.6807
vn 0.3930 0.6902 0.6077
vn 0.4730 0.4913 0.7314
vn 0.5264 0.2457 0.8140
vn 0.5503 -0.0003 0.8350
vn 0.5430 -0.0006 0.8397
vn 0.5576 -0.0006 0.8301
vn 0.5719 0.0001 0.8203
vn 0.5328 -0.1174 -0.8381
vn 0.5783 -0.3903 -0.7164
vn 0.9693 -0.2459 -0.0000
vn 0.7264 -0.6873 -0.0000
vn 0.3056 -0.5104 -0.8038
vn 0.4121 -0.9111 -0.0000
vn 0.1452 -0.6880 -0.7110
vn 0.1032 -0.9947 -0.0000
vn 0.1884 -0.8488 -0.4940
vn 0.4710 -0.7069 -0.5276
vn 0.5328 -0.6000 -0.5968
vn 0.7806 -0.5855 -0.2188
vn 0.7072 -0.7070 -0.0000
vn 0.7811 -0.5853 0.2175
vn 0.4730 -0.7071 0.5257
vn 0.2793 -0.6263 0.7279
vn 0.1550 -0.9879 -0.0000
vn 0.1451 -0.6879 0.7111
vn 0.4855 -0.8742 -0.0000
vn 0.2050 -0.3916 0.8970
vn 0.5068 -0.4794 0.7165
vn 0.8288 -0.5595 -0.0000
vn 0.7744 -0.1707 0.6092
vn 0.9851 -0.1720 -0.0000
vn 0.9994 0.0345 -0.0000
vn 0.9991 0.0432 -0.0000
vn 0.7063 0.0430 0.7066
vn 0.8279 0.0763 0.5556
vn 0.6794 0.1892 0.7090
vn 0.4626 0.2886 0.8383
vn 0.5273 0.4704 0.7076
vn 0.7627 0.6468 -0.0010
vn 0.6019 0.3701 0.7076
vn 0.8728 0.4880 -0.0026
vn 0.6760 0.2033 0.7083
vn 0.9719 0.2353 -0.0018
vn 0.9824 0.1870 0.0020
vn 0.7995 0.0366 -0.5995
vn 0.6761 0.2032 -0.7082
vn 0.8918 0.4524 0.0028
vn 0.7778 0.6285 0.0014
vn 0.8070 0.5906 -0.0003
vn 0.5525 0.0383 -0.8327
vn 0.6907 0.1434 -0.7088
vn 0.6190 0.3250 -0.7150
vn 0.5272 0.4705 -0.7076
vn 0.6020 0.3702 -0.7075
vn 0.5626 -0.8174 0.1236
vn -0.6762 -0.6561 -0.3350
vn -0.6697 -0.6173 -0.4129
vn -0.6581 -0.5737 -0.4876
vn 0.6962 0.5470 -0.4648
vn 0.7063 0.5832 -0.4013
vn 0.7063 0.5832 -0.4012
vn 0.7126 0.6162 -0.3354
vn -0.6762 0.6561 -0.3350
vn -0.6697 0.6173 -0.4129
vn -0.6581 0.5737 -0.4876
vn 0.6660 -0.0000 -0.7460
vn 0.6660 -0.0001 -0.7460
vn 0.6659 -0.0000 -0.7460
vn 0.6659 -0.0000 -0.7461
vn 0.5252 -0.0000 -0.8510
vn 0.7119 0.5329 -0.4574
vn 0.7118 0.5329 -0.4575
vn 0.7118 0.5330 -0.4574
vn 0.8233 0.4307 -0.3697
vn 0.9369 -0.0000 -0.3496
vn 0.8725 -0.0000 -0.4886
vn 0.7806 -0.5857 -0.2182
vn 0.5328 -0.6001 -0.5967
vn 0.9127 -0.0000 -0.4087
vn 0.4708 -0.7073 -0.5274
vn 0.3050 -0.0000 -0.9524
vn 0.1453 -0.6883 -0.7107
vn 0.3058 -0.5105 -0.8037
vn 0.5785 -0.3904 -0.7162
vn 0.7996 0.0367 -0.5994
vn 0.6762 0.2035 -0.7080
vn 0.6020 0.3705 -0.7073
vn 0.5273 0.4707 -0.7074
vn 0.6193 0.3250 -0.7148
vn 0.6910 0.1433 -0.7085
vn 0.5525 0.0382 -0.8327
vn 0.3334 -0.6667 -0.6666
vn -0.0000 -0.6236 0.7818
vn -0.0000 -0.6236 0.7817
vn 0.5703 0.7768 0.2670
vn 0.5703 0.7769 0.2669
vn 0.4626 0.7224 0.5140
vn 0.5695 -0.7766 0.2695
vn 0.5695 -0.7765 0.2697
vn 0.6346 -0.7728 0.0064
vn 0.6342 -0.7731 0.0060
vn 0.6346 -0.7729 0.0042
vn 0.6347 -0.7728 0.0019
vn 0.6344 -0.7730 -0.0001
vn 0.5563 -0.7801 -0.2863
vn 0.4291 -0.7186 -0.5473
vn 0.9576 -0.0001 -0.2881
vn 0.9633 -0.0001 0.2684
vn 0.8439 -0.0000 0.5365
vn 0.8232 0.4308 -0.3697
vn 0.9370 -0.0000 -0.3495
vn 0.7119 0.5328 -0.4576
vn 0.7119 0.5328 -0.4575
vn 0.7119 0.5327 -0.4576
vn 0.9443 0.3290 -0.0000
vn 0.8726 -0.0000 -0.4885
vn 0.8726 -0.0000 -0.4884
vn 0.9127 -0.0000 -0.4086
vn 0.7805 -0.5857 -0.2184
vn -0.3774 0.8696 0.3183
vn -0.3768 0.8787 0.2929
vn -0.3848 0.8692 0.3104
vn -0.3655 0.8901 0.2722
vn -0.3689 0.8878 0.2751
vn -0.3985 0.8637 0.3085
vn 0.6987 -0.0000 -0.7154
vn 0.9432 -0.0000 -0.3321
vn 0.9216 -0.0000 -0.3881
vn 0.9557 0.2943 -0.0000
vn 0.9557 0.2942 0.0001
vn 0.8268 0.5624 -0.0000
vn 0.4677 0.8839 -0.0000
vn 0.9808 0.1951 -0.0000
vn 0.9122 0.2533 -0.3222
vn 0.8588 0.3166 -0.4027
vn 0.6141 0.7892 -0.0000
vn 0.3781 0.6352 -0.6734
vn -0.0000 0.4473 -0.8944
vn 0.3783 0.6354 -0.6732
vn 0.0001 0.4472 -0.8944
vn 0.3772 -0.0000 -0.9261
vn 0.4511 -0.0000 -0.8925
vn 0.8588 0.3166 -0.4028
vn -0.4976 0.8637 0.0801
vn -0.6441 -0.0000 -0.7649
vn -0.6422 -0.0000 0.7666
vn -0.4831 0.0929 -0.8706
vn -0.5468 0.5651 -0.6178
vn -0.5068 0.2024 -0.8380
vn -0.4534 -0.0000 -0.8913
vn -0.4535 -0.0001 -0.8913
vn -0.4531 0.0392 -0.8906
vn -0.4521 0.0784 -0.8885
vn -0.4460 0.1821 -0.8763
vn -0.4396 0.2464 -0.8637
vn -0.4291 0.3238 -0.8432
vn -0.4268 0.3389 -0.8385
vn -0.4298 0.3215 -0.8438
vn -0.4440 0.2800 -0.8512
vn -0.4523 0.2069 -0.8675
vn -0.4614 0.1504 -0.8744
vn -0.4563 0.0958 -0.8846
vn -0.4578 0.0513 -0.8876
vn -0.4534 0.0213 -0.8911
vn -0.4528 -0.0006 -0.8916
vn -0.4525 -0.0007 -0.8918
vn -0.3820 0.9242 -0.0000
vn -0.4340 0.8932 -0.1177
vn -0.4788 0.8399 -0.2555
vn -0.5388 0.5663 -0.6237
vn 0.9714 -0.0000 -0.2375
vn 0.9643 0.1136 -0.2391
vn 0.8807 0.4073 -0.2420
vn 0.7529 0.6136 -0.2380
vn 0.7199 0.6521 -0.2379
vn 0.7219 0.6498 -0.2380
vn 0.7567 0.6088 -0.2381
vn 0.8805 0.4078 -0.2416
vn 0.9639 0.1169 -0.2393
vn 0.9646 -0.1086 -0.2402
vn 0.9470 -0.2133 -0.2402
vn 0.8451 -0.4751 -0.2453
vn 0.7410 -0.6251 -0.2453
vn 0.3263 -0.9107 -0.2534
vn 0.3265 -0.9112 -0.2514
vn 0.5626 0.8174 0.1236
vn -0.1917 -0.5322 -0.8246
vn -0.1628 -0.4662 -0.8696
vn 0.0017 -0.6152 -0.7884
vn 0.2248 -0.6448 -0.7306
vn 0.2200 -0.6441 -0.7327
vn 0.4175 -0.6371 -0.6479
vn 0.4046 -0.6743 -0.6178
vn 0.3801 -0.7127 -0.5895
vn 0.6640 -0.6769 -0.3177
vn 0.6598 -0.6811 -0.3175
vn 0.8448 -0.5351 -0.0000
vn 0.7316 -0.6539 0.1929
vn 0.5566 -0.7314 0.3940
vn 0.3744 -0.7242 0.5791
vn 0.3523 -0.7487 0.5615
vn 0.4018 -0.6712 0.6230
vn 0.4245 -0.6293 0.6510
vn 0.4196 -0.6282 0.6552
vn 0.4170 0.6466 -0.6387
vn 0.4291 0.6082 -0.6678
vn 0.3653 0.6243 -0.6906
vn 0.2218 0.6069 -0.7632
vn 0.0570 0.5649 -0.8232
vn -0.0000 0.5308 -0.8475
vn -0.0774 0.4685 -0.8801
vn -0.1551 0.4004 -0.9031
vn -0.2918 0.2652 -0.9190
vn -0.2918 0.2651 -0.9190
vn -0.4060 0.1347 -0.9039
vn -0.4574 0.0672 -0.8867
vn -0.5049 -0.0076 -0.8632
vn -0.5030 -0.0149 -0.8642
vn -0.5008 -0.0829 -0.8616
vn -0.4959 -0.1440 -0.8563
vn -0.4763 -0.3062 -0.8243
vn -0.4187 -0.3707 -0.8290
vn -0.0000 0.5765 0.8171
vn 0.2154 0.6428 0.7351
vn 0.0549 0.6069 0.7929
vn 0.3548 0.6549 0.6672
vn 0.4159 0.6386 0.6475
vn 0.3995 0.6803 0.6145
vn 0.3740 0.7194 0.5853
vn 0.3555 0.7591 0.5453
vn 0.5515 0.7378 0.3893
vn 0.7260 0.6608 0.1905
vn 0.8400 0.5426 -0.0000
vn 0.6585 0.6839 -0.3140
vn 0.6543 0.6880 -0.3139
vn 0.3920 0.6941 -0.6038
vn 0.3867 0.7156 -0.5817
vn -0.0000 -0.6907 0.7231
vn 0.0017 -0.6512 0.7589
vn 0.0032 -0.6893 0.7245
vn -0.2070 -0.5711 0.7943
vn -0.1779 -0.5087 0.8424
vn -0.4529 -0.4003 0.7967
vn -0.5151 -0.3296 0.7912
vn -0.5397 -0.1565 0.8272
vn -0.5456 -0.0902 0.8332
vn -0.5483 -0.0162 0.8361
vn -0.5502 -0.0083 0.8350
vn -0.5006 0.0742 0.8625
vn -0.4459 0.1488 0.8826
vn -0.3216 0.2932 0.9003
vn -0.3218 0.2930 0.9003
vn -0.1715 0.4395 0.8817
vn -0.0855 0.5117 0.8549
vn 0.0001 -0.9692 -0.2464
vn -0.0003 -0.9692 -0.2462
vn -0.0001 -0.9699 -0.2435
vn 0.3261 -0.9108 -0.2534
vn 0.3260 -0.9113 -0.2514
vn 0.8267 -0.2669 -0.4953
vn 0.7188 -0.5206 -0.4607
vn 0.5005 -0.1880 -0.8451
vn 0.4740 -0.3424 -0.8112
vn 0.7241 -0.5235 -0.4491
vn 0.4806 -0.3468 -0.8055
vn 0.8344 -0.2735 -0.4785
vn 0.5095 -0.1736 -0.8428
vn 0.8283 -0.0337 -0.5592
vn 0.5176 -0.0268 -0.8552
vn 0.5177 -0.0000 -0.8556
vn 0.9207 -0.0000 -0.3903
vn 0.6117 -0.6012 -0.5142
vn 0.4619 -0.4474 -0.7658
vn 0.5165 -0.0002 -0.8563
vn 0.5158 -0.0359 -0.8560
vn 0.5100 -0.1585 -0.8455
vn 0.4841 -0.3255 -0.8122
vn 0.4718 -0.3420 -0.8127
vn 0.4930 -0.2473 -0.8341
vn 0.5276 -0.0805 -0.8457
vn 0.5307 -0.0080 -0.8475
vn 0.9114 -0.0000 -0.4116
vn 0.1849 0.0001 -0.9827
vn 0.5355 -0.0000 -0.8445
vn 0.3620 -0.0669 -0.9298
vn 0.2678 -0.0001 -0.9635
vn 0.1855 -0.7203 -0.6683
vn 0.2291 -0.0088 -0.9734
vn 0.2650 -0.0653 -0.9620
vn 0.2579 -0.1564 -0.9534
vn 0.2471 -0.1851 -0.9511
vn 0.2516 -0.1405 -0.9576
vn 0.5360 -0.0000 -0.8442
vn 0.8763 -0.0000 -0.4817
vn 0.9483 -0.0001 0.3174
vn 0.9836 -0.1803 0.0001
vn 0.8141 -0.5807 -0.0000
vn 0.8076 -0.5897 -0.0000
vn 0.9145 -0.4046 -0.0000
vn 0.8344 -0.2736 -0.4785
vn 0.9987 -0.0504 -0.0000
vn 0.8283 -0.0337 -0.5593
vn 0.8944 -0.4472 -0.0000
vn 0.6117 -0.6011 -0.5144
vn 0.8189 -0.5739 -0.0000
vn 0.9672 -0.2539 -0.0000
vn 0.9994 -0.0336 -0.0000
vn 0.7826 -0.1953 0.5911
vn 0.5264 -0.0079 0.8502
vn 0.4965 -0.1864 0.8478
vn 0.8751 -0.0000 0.4840
vn 0.9624 -0.2717 -0.0000
vn 0.8005 -0.5994 -0.0000
vn 0.7102 -0.5402 0.4514
vn 0.8014 -0.3572 0.4797
vn 0.8258 -0.0501 0.5618
vn 0.8699 -0.0000 0.4933
vn 0.7558 -0.6016 0.2585
vn 0.7329 -0.4987 0.4628
vn 0.4769 -0.3444 0.8087
vn 0.4707 -0.3394 0.8144
vn 0.7329 -0.4986 0.4628
vn 0.5053 -0.1722 0.8456
vn 0.8258 -0.0502 0.5618
vn 0.4844 -0.3261 0.8118
vn 0.4732 -0.3418 0.8119
vn 0.4940 -0.2462 0.8339
vn 0.5291 -0.0668 0.8459
vn 0.5133 -0.0000 0.8582
vn 0.5132 -0.0274 0.8578
vn 0.5099 -0.1581 0.8456
vn 0.2600 -0.1579 0.9526
vn 0.2502 -0.1869 0.9500
vn 0.2554 -0.1413 0.9564
vn 0.3274 -0.0809 0.9414
vn 0.2811 -0.0000 0.9597
vn 0.5340 -0.0000 0.8455
vn 0.5315 -0.0000 0.8470
vn 0.7560 -0.6016 0.2581
vn 0.4106 -0.6001 0.6865
vn 0.4297 -0.5549 0.7123
vn 0.3082 -0.0001 0.9513
vn 0.5153 -0.0001 0.8570
vn 0.5162 -0.0299 0.8559
vn 0.2155 -0.0124 0.9764
vn 0.2675 -0.0659 0.9613
vn -0.0001 -0.0000 1.0000
vn 0.2445 -0.0001 0.9696
vn 0.4896 0.0001 0.8719
vn 0.4897 -0.0000 0.8719
vn 0.2447 -0.0000 0.9696
vn -0.4475 0.0012 0.8943
vn -0.8944 0.0023 0.4473
vn -1.0000 0.0026 -0.0000
vn -0.8944 0.0023 -0.4473
vn -0.4473 0.0012 -0.8944
vn 0.9188 -0.0000 0.3948
vn 0.6882 -0.0000 0.7255
vn 0.9187 -0.0000 -0.3949
vn 0.9188 -0.0000 -0.3948
vn 0.6882 -0.0000 -0.7255
vn 0.4895 -0.0000 -0.8720
vn 0.2450 -0.0000 -0.9695
vn 0.2448 -0.0000 0.9696
vn 0.8536 -0.0000 0.5209
vn 0.9654 -0.0000 0.2608
vn 0.3704 -0.0000 -0.9289
vn 0.3705 -0.0000 -0.9288
vn -0.0001 0.9691 -0.2468
vn -0.0002 0.9698 -0.2438
vn 0.0005 0.9690 -0.2470
vn -0.2264 0.9402 -0.2543
vn -0.4534 0.8552 -0.2511
vn -0.0000 -0.9763 -0.2163
vn -0.1975 -0.9109 -0.3624
vn -0.1974 -0.9109 -0.3623
vn -0.3634 -0.9317 -0.0000
vn -0.1963 -0.9172 0.3466
vn -0.1962 -0.9172 0.3466
vn 0.3403 -0.7760 0.5311
vn 0.3273 -0.7953 0.5102
vn 0.3378 -0.7759 0.5328
vn 0.3119 -0.8144 0.4894
vn 0.3004 -0.8341 0.4626
vn 0.5152 -0.7906 0.3310
vn 0.7114 -0.6837 0.1629
vn 0.8440 -0.5363 -0.0000
vn 0.8441 -0.5363 -0.0000
vn 0.7176 -0.6746 -0.1731
vn 0.5288 -0.7729 -0.3507
vn 0.3200 -0.8105 -0.4906
vn 0.3292 -0.7932 -0.5123
vn 0.2079 -0.8010 -0.5614
vn 0.3482 -0.7597 -0.5492
vn 0.1768 -0.7972 -0.5773
vn 0.0014 -0.7885 -0.6150
vn 0.0014 -0.7669 -0.6417
vn -0.0000 -0.7449 -0.6672
vn -0.1973 -0.9108 -0.3626
vn -0.1974 -0.9108 -0.3625
vn 0.0039 -0.8245 0.5659
vn 0.0020 -0.7966 0.6045
vn 0.0010 -0.7819 0.6234
vn -0.0000 -0.7664 0.6423
vn -0.0000 -0.7668 0.6419
vn -0.1962 -0.9172 0.3468
vn -0.1962 -0.9172 0.3467
vn 0.5895 -0.0000 -0.8077
vn 0.5895 -0.0000 -0.8078
vn 0.5578 0.4824 -0.6754
vn 0.6163 0.4610 -0.6385
vn 0.6715 0.4373 -0.5982
vn 0.0070 0.6520 -0.7582
vn 0.0038 0.6519 -0.7583
vn 0.0035 0.6519 -0.7583
vn -0.0000 0.6517 -0.7584
vn 0.7176 -0.2970 -0.6299
vn 0.6886 -0.3566 -0.6314
vn 0.6098 -0.5368 -0.5831
vn 0.4971 -0.5936 -0.6329
vn 0.3641 -0.6661 -0.6509
vn 0.2761 -0.5950 -0.7548
vn 0.2799 -0.4768 -0.8332
vn 0.2658 -0.3338 -0.9044
vn 0.2606 -0.1296 -0.9567
vn 0.2516 -0.1051 -0.9621
vn 0.2682 -0.1034 -0.9578
vn 0.2753 -0.2537 -0.9273
vn 0.2719 -0.6155 -0.7398
vn 0.2763 -0.6744 -0.6847
vn 0.2288 -0.9326 -0.2793
vn 0.2198 -0.9198 -0.3251
vn 0.2297 -0.9585 0.1689
vn 0.2613 -0.9216 0.2870
vn 0.3537 -0.5971 0.7200
vn 0.3562 -0.6420 0.6789
vn 0.3477 -0.0000 0.9376
vn 0.3803 0.1295 0.9158
vn 0.4015 0.2111 0.8912
vn 0.4881 0.5990 0.6348
vn 0.4849 0.5506 0.6795
vn 0.4484 0.8911 -0.0692
vn 0.4234 0.8995 -0.1077
vn 0.4715 0.6882 -0.5514
vn 0.5900 0.5453 -0.5954
vn 0.7129 0.2576 -0.6522
vn 0.7432 0.1506 -0.6519
vn 0.7655 -0.0000 -0.6434
vn 0.7578 -0.0886 -0.6465
vn 0.7588 -0.1058 -0.6427
vn 0.3562 -0.6418 0.6791
vn 0.3538 -0.5969 0.7201
vn 0.3615 -0.1581 0.9189
vn 0.3576 -0.0634 0.9317
vn 0.8570 0.0686 -0.5108
vn 0.8270 -0.1103 -0.5513
vn 0.8467 0.1527 -0.5096
vn 0.7905 -0.2368 -0.5649
vn 0.6932 -0.4304 -0.5781
vn 0.6456 -0.5247 -0.5549
vn 0.5061 -0.6547 -0.5614
vn 0.4167 -0.7187 -0.5566
vn 0.1664 -0.8250 -0.5401
vn 0.1634 -0.8237 -0.5430
vn 0.2303 -0.7883 -0.5706
vn 0.4733 -0.6694 -0.5726
vn 0.6812 -0.4446 -0.5816
vn 0.7030 -0.3930 -0.5928
vn 0.7120 -0.2712 -0.6477
vn 0.7096 -0.2194 -0.6695
vn 0.6979 -0.0802 -0.7117
vn 0.6973 -0.0844 -0.7118
vn 0.6843 -0.0000 -0.7292
vn 0.8304 -0.4663 -0.3049
vn 0.8491 -0.0000 -0.5282
vn 0.8463 0.0832 -0.5262
vn 0.8462 0.0836 -0.5263
vn 0.8333 0.1940 -0.5177
vn 0.8286 0.2212 -0.5143
vn 0.7873 0.3762 -0.4885
vn 0.7392 0.5004 -0.4507
vn 0.7005 0.5745 -0.4233
vn 0.7276 0.5305 -0.4349
vn 0.7797 0.4106 -0.4727
vn 0.8131 0.3138 -0.4903
vn 0.6384 -0.0656 -0.7669
vn 0.5870 -0.0017 -0.8096
vn 0.6140 -0.0000 -0.7893
vn 0.6454 -0.0740 -0.7602
vn 0.3453 -0.0587 -0.9367
vn 0.6766 -0.2391 -0.6965
vn 0.2994 -0.1360 -0.9444
vn 0.6774 -0.4282 -0.5981
vn 0.3426 -0.2437 -0.9073
vn 0.7069 -0.2389 -0.6657
vn 0.7523 -0.4377 -0.4925
vn 0.7924 -0.5354 -0.2922
vn 0.7527 -0.5230 -0.3999
vn 0.2658 -0.0179 -0.9639
vn 0.9538 0.0022 -0.3005
vn 0.5806 0.0124 -0.8141
vn 0.9518 -0.0741 -0.2976
vn 0.5494 -0.1450 -0.8229
vn 0.9004 -0.3105 -0.3047
vn 0.8420 -0.4404 -0.3114
vn 0.3003 -0.2096 -0.9305
vn 0.8701 -0.4162 -0.2641
vn 0.9362 -0.2387 -0.2579
vn 0.9635 -0.0511 -0.2628
vn 0.9651 -0.0000 -0.2619
vn 0.9663 0.0002 -0.2575
vn 0.9647 -0.2274 -0.1331
vn 0.9683 -0.1934 -0.1583
vn 0.7905 0.3396 0.5097
vn 0.7031 0.5351 0.4684
vn 0.7665 0.3879 0.5119
vn 0.7321 0.4917 0.4715
vn 0.7879 0.3745 0.4888
vn 0.8286 0.2212 0.5143
vn 0.8333 0.1939 0.5178
vn 0.8463 0.0833 0.5262
vn 0.8462 0.0835 0.5263
vn 0.8491 -0.0000 0.5282
vn 0.8304 -0.4663 0.3049
vn 0.8304 -0.4663 0.3048
vn 0.4168 -0.6471 -0.6384
vn 0.3651 -0.6249 -0.6901
vn 0.4291 -0.6089 -0.6672
vn 0.3920 -0.6943 -0.6036
vn 0.3866 -0.7157 -0.5816
vn 0.6586 -0.6839 -0.3140
vn 0.6543 -0.6880 -0.3139
vn 0.8400 -0.5425 -0.0000
vn 0.7260 -0.6607 0.1905
vn 0.5515 -0.7378 0.3893
vn 0.3556 -0.7590 0.5453
vn 0.3740 -0.7197 0.5850
vn 0.3993 -0.6807 0.6142
vn 0.4159 -0.6393 0.6468
vn 0.3546 -0.6555 0.6668
vn 0.2152 -0.6431 0.7349
vn 0.0734 -0.6167 0.7838
vn -0.0000 -0.5765 0.8171
vn 0.0854 -0.5112 0.8552
vn 0.1706 -0.4379 0.8827
vn 0.3184 -0.2909 0.9022
vn 0.3180 -0.2913 0.9022
vn 0.4397 -0.1472 0.8860
vn 0.4933 -0.0732 0.8668
vn 0.5422 0.0076 0.8402
vn 0.5404 0.0154 0.8413
vn 0.5379 0.0878 0.8384
vn 0.5320 0.1530 0.8328
vn 0.5092 0.3221 0.7981
vn 0.4726 0.4124 0.7788
vn 0.3006 0.5828 0.7550
vn 0.1458 0.6811 0.7175
vn 0.0014 0.7675 0.6411
vn 0.0018 0.8002 0.5997
vn -0.0000 0.8010 0.5987
vn 0.6001 -0.6667 -0.4420
vn 0.5781 -0.6788 -0.4528
vn 0.7051 -0.3646 -0.6082
vn 0.6949 -0.3719 -0.6154
vn 0.7341 -0.0000 -0.6790
vn 0.6052 0.7961 -0.0000
vn 0.7668 0.4733 -0.4337
vn 0.7668 0.4733 -0.4336
vn -0.3072 -0.0000 0.9516
vn -0.3071 -0.0000 0.9517
vn -0.5963 -0.0000 0.8028
vn -0.6078 -0.0000 0.7941
vn -0.6146 -0.0000 0.7888
vn -0.6152 -0.0000 0.7883
vn -0.8972 -0.0000 0.4416
vn -0.8970 -0.0000 0.4420
vn 0.4779 -0.8784 -0.0000
vn 0.9675 -0.1916 0.1652
vn 0.9129 -0.4081 -0.0000
vn 0.9653 -0.2258 0.1313
vn 0.8963 -0.4434 -0.0000
vn 0.9075 -0.4200 -0.0000
vn 0.9646 -0.2278 -0.1330
vn 0.9682 -0.1936 -0.1582
vn 0.6373 -0.7706 -0.0000
vn 0.3572 0.7492 0.5577
vn 0.3365 0.7841 0.5215
vn 0.3612 0.7502 0.5539
vn 0.3061 0.8261 0.4732
vn 0.2840 0.8453 0.4526
vn 0.4634 0.8298 0.3110
vn 0.6256 0.7652 0.1519
vn 0.7481 0.6636 -0.0000
vn 0.5623 0.7867 -0.2547
vn 0.5582 0.7899 -0.2538
vn 0.3115 0.8182 -0.4832
vn 0.3382 0.7869 -0.5162
vn 0.3548 0.7557 -0.5504
vn 0.1925 0.7630 -0.6171
vn 0.1885 0.7624 -0.6191
vn 0.0015 0.7363 -0.6767
vn 0.1353 0.6439 -0.7531
vn 0.2795 0.5428 -0.7920
vn 0.4379 0.3833 -0.8132
vn 0.4702 0.2987 -0.8305
vn 0.4886 0.1406 -0.8611
vn 0.4932 0.0806 -0.8662
vn 0.4952 0.0141 -0.8686
vn 0.4970 0.0068 -0.8677
vn 0.4503 -0.0662 -0.8904
vn 0.4003 -0.1327 -0.9067
vn 0.2887 -0.2631 -0.9205
vn 0.2885 -0.2635 -0.9205
vn 0.1542 -0.3991 -0.9039
vn 0.0773 -0.4679 -0.8804
vn -0.0000 -0.5308 -0.8475
vn 0.0768 -0.5762 -0.8137
vn 0.2217 -0.6072 -0.7630
vn -0.0000 0.6000 -0.8000
vn -0.7076 0.7066 0.0001
vn -0.7076 0.7066 -0.0000
vn -0.4087 0.8162 -0.4084
vn -0.6671 0.6662 0.3335
vn -0.7076 0.7066 -0.0001
vn 0.0001 0.5633 0.8262
vn 0.3932 0.5180 0.7597
vn 0.4285 0.5631 -0.7066
vn -0.0001 0.6233 -0.7820
vn -0.0001 0.6232 -0.7820
vn 0.5686 -0.0000 0.8226
vn 0.5661 -0.0000 -0.8244
vn 0.5558 -0.1466 0.8183
vn 0.9027 -0.3113 0.2969
vn 0.6600 -0.3397 0.6700
vn 0.9536 -0.0742 0.2917
vn 0.2668 -0.0181 0.9636
vn 0.9532 0.0047 0.3022
vn 0.5724 0.0137 0.8199
vn 0.6850 -0.4366 0.5832
vn 0.3095 -0.1432 0.9401
vn 0.3534 -0.2510 0.9012
vn 0.7572 -0.5262 0.3871
vn 0.8440 -0.4413 0.3049
vn 0.8701 -0.4162 0.2639
vn 0.9362 -0.2388 0.2577
vn 0.9636 -0.0502 0.2626
vn 0.9651 -0.0000 0.2617
vn 0.9671 0.0003 0.2543
vn 0.9653 -0.2256 0.1314
vn 0.9675 -0.1914 0.1653
vn 0.5969 -0.0015 0.8023
vn 0.6155 -0.0001 0.7882
vn 0.6155 -0.0000 0.7881
vn 0.5858 -0.0016 0.8104
vn 0.5557 -0.0004 0.8314
vn 0.3152 -0.0004 0.9490
vn 0.6532 -0.0750 0.7535
vn 0.3527 -0.0600 0.9338
vn 0.6836 -0.2454 0.6873
vn 0.7926 -0.5354 0.2918
vn 0.7530 -0.4413 0.4881
vn 0.7086 -0.2402 0.6635
vn 0.6403 -0.0666 0.7653
vn -0.4953 0.8687 -0.0000
vn -0.4924 0.8704 -0.0000
vn -0.4966 0.8680 -0.0000
vn 0.6843 -0.0000 0.7292
vn 0.7668 0.4733 0.4336
vn 0.7667 0.4734 0.4336
vn 0.6844 -0.0000 0.7291
vn 0.6844 -0.0000 0.7292
vn -1.0000 -0.0001 -0.0000
vn -1.0000 -0.0004 -0.0009
vn -0.4084 0.8163 -0.4084
vn -0.7999 -0.0006 -0.6001
vn -0.7074 0.7068 -0.0000
vn -1.0000 -0.0008 0.0001
vn -0.7075 0.7067 -0.0000
vn -1.0000 -0.0008 -0.0001
vn -0.6670 0.6662 0.3336
vn -0.5547 -0.0003 0.8320
vn -0.5704 -0.0002 0.8214
vn -1.0000 -0.0004 0.0009
vn -0.5298 -0.0000 -0.8481
vn 0.8679 0.2798 0.4104
vn 0.3427 0.4803 -0.8074
vn 0.3445 0.4777 -0.8082
vn 0.3498 0.4697 -0.8106
vn 0.3391 0.4857 -0.8057
vn 0.3326 0.4908 -0.8053
vn 0.3298 0.4893 -0.8073
vn 0.4848 0.3451 -0.8037
vn 0.6290 0.1696 -0.7587
vn 0.7342 0.0015 -0.6789
vn -0.4731 0.0375 0.8802
vn -0.4466 0.1117 0.8877
vn -0.3998 0.2018 0.8941
vn -0.5481 -0.0002 0.8364
vn -0.8460 0.0384 0.5319
vn -0.7900 0.1671 0.5899
vn -0.6868 0.3040 0.6602
vn -0.5932 0.4063 0.6950
vn -0.3374 0.2397 0.9103
vn -0.5431 0.3505 0.7630
vn -0.6765 0.2649 0.6872
vn -0.8533 0.0838 0.5147
vn -0.8561 -0.0004 0.5168
vn -0.5703 -0.0002 0.8215
vn -0.5548 -0.0003 0.8320
vn -0.6670 0.6661 0.3337
vn -0.9020 -0.0000 0.4318
vn -0.8725 -0.0004 0.4886
vn -0.9020 -0.0000 0.4317
vn -0.9999 -0.0153 -0.0000
vn -0.9944 0.1054 -0.0000
vn -0.9997 -0.0251 -0.0000
vn -0.9775 0.2108 -0.0000
vn -0.8963 0.4435 -0.0000
vn -0.7268 0.6868 -0.0000
vn -0.6082 0.7938 -0.0000
vn -0.3272 0.9450 -0.0000
vn -0.1636 0.9865 0.0005
vn -0.2281 0.6588 -0.7169
vn -0.6697 0.7426 -0.0000
vn -0.3642 0.4039 -0.8392
vn -0.6154 0.3418 -0.7103
vn -0.9163 0.4005 -0.0000
vn -0.8105 0.1748 -0.5591
vn -0.7069 -0.0097 -0.7072
vn -0.6935 -0.1098 -0.7121
vn -0.9626 -0.2710 -0.0000
vn -0.6050 -0.3525 -0.7140
vn -0.7854 -0.6190 -0.0000
vn -0.4901 -0.5094 -0.7073
vn -0.6933 -0.7206 -0.0000
vn 0.7072 0.7070 -0.0001
vn 0.7072 0.7070 -0.0000
vn 0.7613 0.4956 -0.4181
vn 0.3793 0.7073 -0.5966
vn 0.4415 0.5551 -0.7050
vn 0.1931 0.7199 -0.6667
vn 0.6187 0.5996 0.5076
vn 0.8944 0.4473 -0.0000
vn 0.3758 0.7078 0.5981
vn 0.1947 0.7200 0.6661
vn 0.4432 0.5547 0.7042
vn -0.1636 0.9865 -0.0000
vn -0.0000 1.0000 -0.0002
vn -0.2281 0.6588 0.7169
vn -0.5075 0.4795 0.7159
vn -0.8742 0.4856 -0.0000
vn -0.6450 0.2819 0.7103
vn -0.8245 0.0874 0.5591
vn -0.7066 -0.0195 0.7073
vn -0.9877 -0.1564 -0.0000
vn -0.8268 -0.5626 -0.0000
vn -0.3102 -0.3223 0.8944
vn -0.5499 -0.4333 0.7141
vn -0.8641 -0.5034 -0.0000
vn -0.6759 -0.1903 0.7120
vn 0.6844 -0.0000 -0.7292
vn 0.6844 -0.0000 -0.7291
vn 0.7667 0.4734 -0.4336
vn 0.8280 0.5607 -0.0000
vn 0.8286 0.5599 0.0005
vn 0.8283 0.5603 0.0007
vn 0.8288 0.5595 0.0007
vn 0.8292 0.5590 -0.0000
vn 0.8292 0.5589 -0.0000
vn 0.8287 0.5596 -0.0000
vn 0.8283 0.5603 -0.0007
vn 0.9122 0.2533 0.3222
vn 0.6987 -0.0000 0.7154
vn 0.9432 -0.0000 0.3321
vn 0.8588 0.3166 0.4027
vn 0.4511 -0.0000 0.8925
vn 0.4378 0.4484 0.7793
vn 0.3772 -0.0000 0.9261
vn -0.0000 0.7073 0.7069
vn 0.9216 -0.0000 0.3881
vn 0.9808 0.1952 -0.0000
vn 0.4677 0.8839 -0.0004
vn 0.9207 0.3903 -0.0000
vn -0.0000 -0.7073 0.7069
vn -0.7074 0.0029 0.7068
vn -1.0000 0.0041 -0.0000
vn -0.8944 0.0049 -0.4473
vn -0.6001 0.0022 -0.7999
vn -1.0000 0.0055 -0.0000
vn -0.4473 0.0027 0.8944
vn -0.6023 -0.3704 0.7071
vn -0.4725 -0.2906 0.8320
vn -0.5115 -0.6148 0.6004
vn -0.0000 -0.7071 -0.7071
vn -0.0000 -0.5547 -0.8320
vn -0.2559 -0.7577 -0.6004
vn -0.6815 -0.4190 -0.6000
vn -0.3810 -0.2343 -0.8944
vn -0.8518 -0.5238 -0.0000
vn -0.4880 -0.8729 -0.0000
vn -0.5115 -0.6147 0.6005
vn -0.8098 -0.1471 0.5679
vn -0.9626 -0.2708 -0.0000
vn -0.7677 -0.2967 -0.5679
vn -0.6814 -0.4190 -0.6001
vn -0.2557 -0.7576 -0.6006
vn -0.4303 0.0007 0.9027
vn -0.5332 -0.7189 0.4460
vn -0.9517 -0.2176 0.2165
vn -0.9253 0.0014 0.3793
vn -0.9657 -0.2249 0.1298
vn -0.9681 -0.0000 0.2506
vn -0.9650 0.0007 0.2622
vn -0.8731 0.0553 0.4844
vn -0.9627 -0.0000 0.2705
vn -0.9021 0.0913 0.4218
vn -0.7182 0.2134 0.6623
vn -0.4302 0.0160 0.9026
vn -0.3558 0.0862 0.9306
vn -0.2684 0.1517 0.9513
vn -0.1899 0.1454 0.9710
vn -0.5531 0.4284 0.7146
vn -0.4908 0.3809 0.7836
vn -0.7384 0.2410 0.6298
vn -0.5414 0.3214 0.7769
vn -0.5882 0.3342 0.7364
vn -0.4909 0.3602 0.7933
vn -0.5216 0.3689 0.7693
vn -0.2236 0.1718 0.9594
vn -0.3272 0.2536 0.9103
vn -0.4972 0.3896 0.7752
vn -0.4921 0.3889 0.7789
vn 0.8753 -0.0001 0.4837
vn 0.5317 -0.0002 0.8470
vn 0.5321 -0.0001 0.8467
vn 0.5345 -0.0019 0.8452
vn 0.5314 0.0005 0.8471
vn 0.3683 -0.0012 0.9297
vn 0.2366 -0.0005 0.9716
vn -0.5076 0.4796 0.7157
vn -0.2281 0.6590 0.7167
vn 0.8944 0.4472 -0.0000
vn 0.6186 0.5997 0.5076
vn 0.3758 0.7079 0.5980
vn 0.1947 0.7203 0.6658
vn -0.6452 0.2820 0.7101
vn -0.3101 -0.3223 0.8944
vn -0.5500 -0.4336 0.7138
vn -0.6761 -0.1905 0.7118
vn -0.7069 -0.0195 0.7071
vn -0.8246 0.0872 0.5590
vn 0.5355 -0.0000 0.8446
vn 0.5355 0.0001 0.8445
vn 0.9488 -0.0000 -0.3160
vn 0.5363 -0.0000 -0.8440
vn 0.2786 -0.0000 -0.9604
vn -0.4903 -0.5096 -0.7071
vn -0.6053 -0.3526 -0.7137
vn -0.6937 -0.1098 -0.7119
vn -0.7071 -0.0097 -0.7071
vn 0.2749 -0.0007 -0.9615
vn 0.2735 -0.0005 -0.9619
vn 0.5312 0.0007 -0.8472
vn 0.5358 -0.0027 -0.8443
vn 0.5364 -0.0000 -0.8439
vn 0.5360 -0.0004 -0.8442
vn 0.7755 -0.0002 -0.6313
vn 0.9238 0.0001 -0.3828
vn 0.7070 0.7072 -0.0000
vn 0.7069 0.7073 0.0002
vn 0.1929 0.7200 -0.6666
vn 0.4415 0.5551 -0.7049
vn 0.3792 0.7074 -0.5965
vn -0.2282 0.6589 -0.7168
vn -0.6154 0.3421 -0.7101
vn -0.8105 0.1748 -0.5590
vn -0.6486 -0.7611 -0.0001
vn -0.9517 -0.2178 0.2163
vn -0.9071 -0.4210 -0.0000
vn -0.9657 -0.2250 0.1298
vn -0.8999 -0.4362 -0.0000
vn -0.9047 -0.4261 -0.0000
vn -0.8999 -0.4361 -0.0000
vn -0.9656 -0.2252 -0.1302
vn -0.9492 -0.2184 -0.2266
vn -0.5451 -0.8384 -0.0000
vn -0.5227 -0.4153 -0.7445
vn -0.0000 -0.8944 -0.4472
vn -0.0000 -0.4473 -0.8944
vn -0.0000 0.6001 -0.7999
vn -0.8000 -0.0005 -0.6000
vn -0.4083 0.8163 -0.4085
vn -0.5296 -0.0002 -0.8482
vn -0.3829 0.1933 -0.9033
vn -0.4286 0.1071 -0.8971
vn -0.4598 0.0371 -0.8872
vn -0.7790 0.1657 -0.6047
vn -0.8366 0.0394 -0.5464
vn -0.6738 0.2987 -0.6759
vn -0.5807 0.3981 -0.7101
vn -0.3205 0.2276 -0.9195
vn -0.8665 -0.0004 -0.4992
vn -0.8526 0.0842 -0.5157
vn -0.6772 0.2644 -0.6867
vn -0.5432 0.3506 -0.7629
vn -0.4908 0.3808 -0.7837
vn -0.5350 0.4146 -0.7361
vn -0.1775 0.1360 -0.9747
vn -0.9015 -0.0000 -0.4329
vn 0.6979 -0.0802 0.7117
vn 0.6973 -0.0844 0.7118
vn 0.7097 -0.2193 0.6695
vn 0.7120 -0.2713 0.6477
vn 0.7030 -0.3930 0.5928
vn 0.6812 -0.4446 0.5816
vn 0.4725 -0.6659 0.5774
vn 0.2299 -0.7849 0.5754
vn 0.1660 -0.8228 0.5435
vn 0.1635 -0.8239 0.5426
vn 0.4163 -0.7190 0.5565
vn 0.5060 -0.6548 0.5614
vn 0.6455 -0.5247 0.5549
vn 0.6933 -0.4303 0.5781
vn 0.7905 -0.2367 0.5649
vn 0.8097 -0.1092 0.5766
vn 0.8340 0.0680 0.5476
vn 0.7666 0.3876 0.5120
vn 0.7905 0.3394 0.5098
vn 0.5895 -0.8078 -0.0000
vn -0.0001 -0.4472 -0.8944
vn -0.0000 -0.8944 -0.4473
vn -0.5226 -0.4154 -0.7445
vn -0.4907 0.0008 -0.8713
vn -0.9492 -0.2183 -0.2267
vn -0.9239 0.0016 -0.3825
vn -0.9657 -0.2248 -0.1303
vn -0.9679 -0.0000 -0.2514
vn -0.9644 0.0008 -0.2644
vn -0.8789 0.0535 -0.4740
vn -0.9619 -0.0000 -0.2734
vn -0.9026 0.0887 -0.4213
vn -0.7166 0.2023 -0.6675
vn -0.7420 0.2371 -0.6270
vn -0.5290 0.3013 -0.7934
vn -0.5902 0.3334 -0.7352
vn -0.4717 0.3423 -0.8126
vn -0.4393 0.0169 -0.8982
vn -0.3604 0.0844 -0.9290
vn -0.2535 0.1385 -0.9574
vn -0.1979 0.1500 -0.9687
vn -0.5211 0.3700 -0.7691
vn -0.4862 0.3818 -0.7860
vn -0.4921 0.3890 -0.7788
vn -0.2945 0.2288 -0.9279
vn 0.8896 0.2846 -0.3571
vt -2.427734 6.429688
vt -2.447266 6.429688
vt -2.435547 6.410156
vt -2.425781 7.738281
vt -2.447266 8.046875
vt -2.447266 7.738281
vt -2.425781 8.046875
vt -2.447266 8.093750
vt -2.425781 8.093750
vt -2.425781 8.109375
vt -2.447266 8.109375
vt -2.232422 -0.246704
vt -2.232422 -0.003273
vt -2.291016 -0.246704
vt -2.291016 -0.003273
vt -1.737305 -0.125854
vt -1.679688 -0.125854
vt -1.737305 -0.185913
vt -1.679688 -0.185913
vt -1.737305 -0.002045
vt -1.679688 -0.002045
vt -1.737305 -0.060242
vt -1.679688 -0.060242
vt -1.737305 -0.187134
vt -1.679688 -0.187134
vt -1.737305 -0.247314
vt -1.679688 -0.247314
vt -2.232422 -0.125977
vt -2.291016 -0.125977
vt -2.232422 -0.188599
vt -2.291016 -0.188599
vt -1.679688 -0.061646
vt -1.738281 -0.061646
vt -1.679688 -0.001355
vt -1.738281 -0.001355
vt -1.679688 -0.246704
vt -1.738281 -0.246704
vt -1.679688 -0.062408
vt -1.738281 -0.062408
vt -2.156250 -0.062012
vt -2.212891 -0.062012
vt -2.156250 -0.003273
vt -2.212891 -0.003273
vt -2.156250 -0.188599
vt -2.212891 -0.188599
vt -1.739258 -0.124939
vt -1.678711 -0.124939
vt -1.739258 -0.185913
vt -1.678711 -0.185913
vt -1.679688 -0.003273
vt -1.738281 -0.003273
vt -2.437500 7.718750
vt -2.156250 -0.124512
vt -2.156250 -0.062317
vt -2.212891 -0.124512
vt -2.212891 -0.062317
vt -1.606445 -0.246704
vt -1.606445 -0.003273
vt -1.664063 -0.246704
vt -1.664063 -0.003273
vt -1.068359 3.621094
vt -1.059570 3.621094
vt -1.068359 3.181641
vt -1.059570 3.173828
vt -1.068359 4.468750
vt -1.068359 4.906250
vt -1.059570 4.468750
vt -1.059570 4.914063
vt -1.068359 3.746094
vt -1.059570 3.746094
vt -1.068359 4.343750
vt -1.059570 4.343750
vt -1.426758 11.500000
vt -1.450195 11.468750
vt -1.426758 10.148438
vt -1.449219 10.148438
vt -1.449219 8.820313
vt -1.426758 8.820313
vt -2.427734 3.593750
vt -2.427734 4.019531
vt -2.445313 3.593750
vt -2.445313 4.015625
vt -2.427734 3.375000
vt -2.427734 3.574219
vt -2.445313 3.378906
vt -2.445313 3.576172
vt -2.425781 6.097656
vt -2.447266 6.097656
vt -2.425781 5.488281
vt -2.447266 5.488281
vt -2.425781 6.785156
vt -2.447266 6.785156
vt -2.437500 6.769531
vt -2.425781 2.974609
vt -2.425781 3.351563
vt -2.447266 2.978516
vt -2.447266 3.355469
vt -2.425781 3.363281
vt -2.447266 3.367188
vt -1.426758 7.507813
vt -1.426758 8.796875
vt -1.449219 7.535156
vt -1.449219 8.796875
vt -2.425781 5.191406
vt -2.447266 5.417969
vt -2.447266 5.183594
vt -2.425781 5.425781
vt -2.447266 5.449219
vt -2.425781 5.460938
vt -2.447266 5.472656
vt -2.425781 5.480469
vt -2.447266 4.687500
vt -2.439453 4.664063
vt -2.427734 4.679688
vt -2.232422 -0.125488
vt -2.291016 -0.125488
vt -2.291016 -0.001472
vt -2.230469 -0.001472
vt -2.291016 -0.062500
vt -2.230469 -0.062500
vt -2.291016 -0.064148
vt -2.230469 -0.064148
vt -2.291016 -0.125122
vt -2.230469 -0.125122
vt -2.232422 -0.062408
vt -2.291016 -0.062408
vt -2.232422 -0.061646
vt -2.232422 -0.001355
vt -2.291016 -0.061646
vt -2.291016 -0.001355
vt -0.697266 2.988281
vt -0.696777 2.785156
vt -0.722168 2.988281
vt -0.722168 2.763672
vt -2.425781 4.250000
vt -2.447266 4.250000
vt -2.425781 4.035156
vt -2.447266 4.031250
vt -2.425781 7.496094
vt -2.425781 7.507813
vt -2.447266 7.500000
vt -2.447266 7.515625
vt -2.425781 7.683594
vt -2.447266 7.691406
vt -2.425781 7.707031
vt -2.447266 7.714844
vt -2.427734 4.265625
vt -2.449219 4.640625
vt -2.449219 4.261719
vt -2.427734 4.644531
vt -2.449219 4.652344
vt -2.427734 4.656250
vt -2.447266 8.390625
vt -2.447266 8.117188
vt -2.425781 8.390625
vt -2.425781 8.117188
vt -2.425781 6.664063
vt -2.447266 6.664063
vt -2.427734 6.699219
vt -2.447266 6.699219
vt -2.427734 6.722656
vt -2.447266 6.722656
vt -1.059570 4.335938
vt -1.068359 4.335938
vt -1.068359 3.755859
vt -1.059570 3.755859
vt -1.448242 2.685547
vt -1.448242 2.667969
vt -1.425781 2.679688
vt -1.425781 2.654297
vt -1.448242 2.644531
vt -1.425781 2.625000
vt -1.448242 2.029297
vt -1.425781 2.203125
vt -1.425781 2.136719
vt -1.425781 2.017578
vt -1.448242 2.017578
vt -1.425781 2.007813
vt -1.448242 2.007813
vt -1.425781 1.998047
vt -1.448242 1.997070
vt -1.425781 1.983398
vt -1.448242 1.756836
vt -1.425781 1.763672
vt -1.134766 2.259766
vt -1.134766 2.369141
vt -1.196289 2.259766
vt -1.267578 2.369141
vt -1.245117 2.320313
vt -1.279297 2.320313
vt -1.279297 2.595703
vt -1.267578 2.595703
vt -1.276367 2.607422
vt -1.264648 2.607422
vt -1.268555 2.619141
vt -1.255859 2.619141
vt -1.074219 2.796875
vt -1.063477 2.796875
vt -1.066406 2.808594
vt -1.055664 2.806641
vt -1.063477 2.818359
vt -1.052734 2.818359
vt -1.063477 3.121094
vt -1.054688 3.126953
vt -1.069336 3.136719
vt -1.060547 3.144531
vt -1.073242 3.154297
vt -1.080078 3.146484
vt -2.447266 4.937500
vt -2.433594 4.921875
vt -2.427734 4.941406
vt -1.371094 1.289063
vt -1.366211 1.296875
vt -1.371094 1.279297
vt -1.006836 -1.242188
vt -1.030273 -1.252930
vt -1.000000 -1.218750
vt -1.093750 -1.252930
vt -1.000977 -0.493408
vt -1.113281 -1.240234
vt -1.123047 -1.218750
vt -1.123047 0.044281
vt -1.000977 0.976563
vt -1.131836 0.075317
vt -1.148438 0.098511
vt -1.345703 0.237183
vt -1.363281 0.260254
vt -1.371094 0.288330
vt -1.000977 1.433594
vt -1.004883 1.440430
vt -1.015625 1.443359
vt -1.428711 2.576172
vt -1.447266 2.759766
vt -1.447266 2.576172
vt -1.428711 2.777344
vt -1.447266 2.771484
vt -1.428711 2.783203
vt -1.447266 2.781250
vt -1.428711 2.789063
vt -1.447266 2.789063
vt -1.428711 2.798828
vt -1.447266 2.886719
vt -1.447266 2.941406
vt -1.447266 3.285156
vt -1.428711 3.298828
vt -1.447266 3.306641
vt -1.428711 3.320313
vt -1.447266 3.328125
vt -1.428711 3.339844
vt -1.449219 6.136719
vt -1.449219 6.089844
vt -1.425781 6.136719
vt -1.425781 6.101563
vt -1.425781 4.566406
vt -1.446289 4.566406
vt -1.425781 4.515625
vt -1.446289 4.515625
vt -1.425781 4.480469
vt -1.446289 4.484375
vt -1.425781 3.375000
vt -1.446289 3.375000
vt -2.447266 7.234375
vt -2.425781 7.242188
vt -2.447266 7.250000
vt -2.425781 7.253906
vt -2.447266 7.445313
vt -2.425781 7.457031
vt -2.447266 7.472656
vt -2.425781 7.480469
vt -2.423828 6.406250
vt -2.447266 6.406250
vt -2.423828 6.121094
vt -2.447266 6.121094
vt -2.423828 6.101563
vt -2.447266 6.101563
vt -2.427734 4.867188
vt -2.447266 4.871094
vt -2.427734 4.890625
vt -2.447266 4.898438
vt -2.447266 4.914063
vt -2.427734 4.910156
vt -2.447266 5.160156
vt -2.447266 5.140625
vt -2.427734 5.164063
vt -2.427734 5.148438
vt -2.427734 5.121094
vt -2.447266 5.117188
vt -1.425781 7.457031
vt -1.449219 7.457031
vt -1.425781 6.175781
vt -1.449219 6.179688
vt -2.425781 7.148438
vt -2.447266 7.148438
vt -2.425781 7.199219
vt -2.447266 7.199219
vt -2.447266 7.222656
vt -2.425781 7.222656
vt -2.437500 5.167969
vt 3.296875 4.351563
vt 3.281250 4.367188
vt 3.273438 4.351563
vt 3.257813 4.367188
vt 1.912109 4.367188
vt 1.896484 4.351563
vt 1.887695 4.367188
vt 1.875000 4.351563
vt 1.900391 0.441406
vt 1.913086 0.424561
vt 1.913086 0.441406
vt 1.913086 1.005859
vt 1.900391 0.982422
vt 1.900391 1.005859
vt 1.900391 1.028320
vt 1.915039 1.416992
vt 1.903320 1.428711
vt 4.562500 2.126953
vt 4.523438 2.136719
vt 4.476563 1.956055
vt 4.437500 1.964844
vt 4.558594 1.629883
vt 4.523438 1.607422
vt 4.582031 1.585938
vt 4.546875 1.558594
vt 4.476563 1.791992
vt 4.437500 1.782227
vt 4.480469 1.691406
vt 4.515625 1.714844
vt 4.710938 1.721680
vt 4.742188 1.691406
vt 4.742188 1.786133
vt 4.785156 1.782227
vt 4.664063 1.629883
vt 4.699219 1.606445
vt 4.675781 1.558594
vt 4.640625 1.585938
vt 4.785156 1.964844
vt 4.699219 2.136719
vt 4.746094 1.956055
vt 4.660156 2.126953
vt 0.966797 2.119141
vt 0.966797 2.144531
vt 0.956055 2.119141
vt 0.778809 2.144531
vt 0.720703 2.111328
vt 0.745605 2.144531
vt 0.688477 2.119141
vt 5.496094 0.581055
vt 5.484375 0.596680
vt 5.140625 0.581055
vt 5.128906 0.596680
vt 5.121094 0.581055
vt 5.496094 0.612305
vt 5.519531 0.596680
vt 4.406250 9.234375
vt 4.437500 9.210938
vt 4.406250 9.281250
vt 4.480469 9.218750
vt 4.335938 9.218750
vt 4.375000 9.210938
vt 4.136719 9.210938
vt 4.167969 9.187500
vt 4.136719 9.250000
vt 4.203125 9.195313
vt 4.082031 9.187500
vt 4.082031 9.062500
vt 4.101563 9.187500
vt 4.101563 9.070313
vt 4.136719 9.148438
vt 4.136719 9.109375
vt 4.167969 9.070313
vt 4.550781 8.015625
vt 4.550781 8.039063
vt 4.539063 8.015625
vt 4.089844 8.031250
vt 4.082031 8.015625
vt 4.070313 8.031250
vt 4.058594 8.015625
vt 5.328125 1.847656
vt 5.347656 1.847656
vt 5.250000 2.156250
vt 5.261719 2.158203
vt 5.644531 2.117188
vt 5.437500 2.318359
vt 6.921875 6.277344
vt 6.921875 6.339844
vt 6.894531 6.265625
vt 6.890625 6.371094
vt 6.921875 6.355469
vt 6.894531 6.390625
vt 3.777344 5.488281
vt 3.765625 5.496094
vt 3.746094 5.472656
vt 3.591797 5.593750
vt 3.617188 5.621094
vt 3.605469 5.628906
vt 6.484375 6.582031
vt 6.457031 6.582031
vt 6.457031 6.550781
vt 6.484375 6.609375
vt 6.457031 8.062500
vt 6.484375 6.882813
vt 6.484375 8.562500
vt 6.457031 9.007813
vt 6.484375 9.703125
vt 6.457031 9.703125
vt 6.484375 9.718750
vt 6.457031 9.718750
vt 6.457031 9.742188
vt 6.484375 9.765625
vt 6.457031 9.882813
vt 6.484375 9.867188
vt 6.484375 9.921875
vt 6.457031 9.921875
vt 4.347656 2.794922
vt 4.347656 2.460938
vt 4.375000 2.794922
vt 4.375000 2.460938
vt 4.343750 3.365234
vt 4.343750 3.312500
vt 4.367188 3.365234
vt 4.367188 3.312500
vt 4.343750 3.166016
vt 4.343750 2.849609
vt 4.371094 3.166016
vt 4.371094 2.849609
vt 4.343750 3.255859
vt 4.343750 3.216797
vt 4.367188 3.255859
vt 4.367188 3.216797
vt 4.320313 3.291016
vt 4.320313 3.363281
vt 4.328125 2.810547
vt 4.328125 2.447266
vt 4.324219 3.179688
vt 4.324219 2.837891
vt 4.320313 3.263672
vt 4.320313 3.208984
vt 6.457031 -0.198364
vt 6.445313 -0.161255
vt 6.441406 -0.198364
vt 5.753906 -0.162720
vt 5.757813 -0.198364
vt 1.098633 7.914063
vt 1.080078 7.906250
vt 1.099609 7.750000
vt 1.081055 7.757813
vt 0.922363 8.117188
vt 0.937500 8.125000
vt 2.699219 8.000000
vt 2.722656 7.984375
vt 2.730469 7.988281
vt 2.685547 8.000000
vt 2.681641 7.984375
vt 2.718750 7.972656
vt 2.679688 7.726563
vt 2.718750 7.722656
vt 4.546875 9.054688
vt 4.582031 9.132813
vt 4.546875 9.281250
vt 4.582031 9.226563
vt 0.920410 8.351563
vt 0.936035 8.359375
vt 0.919434 8.367188
vt 0.936523 8.375000
vt 0.913574 8.375000
vt 0.934082 8.390625
vt 0.896484 8.445313
vt 0.917969 8.453125
vt 0.895020 8.460938
vt 0.915039 8.460938
vt 0.887207 8.476563
vt 0.914551 8.476563
vt 4.617188 9.281250
vt 4.687500 8.031250
vt 4.687500 8.015625
vt 5.144531 8.031250
vt 4.699219 8.015625
vt 5.156250 8.015625
vt 5.167969 8.031250
vt 5.179688 8.015625
vt 1.848633 8.406250
vt 1.848633 8.617188
vt 1.649414 8.375000
vt 1.649414 8.726563
vt 3.390625 8.406250
vt 3.589844 8.375000
vt 3.390625 8.617188
vt 3.589844 8.726563
vt 4.765625 0.269775
vt 4.691406 0.157104
vt 4.765625 -0.087952
vt 4.691406 -0.053558
vt 3.148438 -0.053558
vt 3.148438 0.157104
vt 3.072266 -0.087952
vt 3.072266 0.269775
vt 6.968750 0.501953
vt 6.945313 0.487793
vt 6.976563 0.487793
vt 6.968750 0.473389
vt 6.945313 0.349365
vt 6.945313 0.171265
vt 6.949219 0.345459
vt 6.949219 0.175171
vt 7.035156 0.175171
vt 7.035156 0.171265
vt 7.035156 0.349365
vt 7.035156 0.345459
vt 5.519531 0.259277
vt 5.519531 0.449219
vt 5.515625 0.263428
vt 5.515625 0.445068
vt 5.425781 0.445068
vt 5.421875 0.449219
vt 5.421875 0.259277
vt 5.425781 0.263428
vt 7.031250 0.341553
vt 6.949219 0.341553
vt 7.031250 0.179077
vt 6.949219 0.179077
vt 5.511719 0.267578
vt 5.511719 0.440918
vt 5.429688 0.267578
vt 5.429688 0.440918
vt 2.324219 7.937500
vt 2.365234 7.691406
vt 2.363281 7.941406
vt 2.328125 7.679688
vt 2.367188 7.683594
vt 2.332031 7.667969
vt 2.343750 7.660156
vt 2.376953 7.679688
vt 4.617188 9.054688
vt 5.347656 2.921875
vt 5.449219 3.230469
vt 5.425781 3.230469
vt 5.363281 2.917969
vt 5.746094 2.960938
vt 5.539063 2.759766
vt 5.808594 2.193359
vt 5.808594 2.814453
vt 5.535156 2.291016
vt 5.535156 2.716797
vt 1.659180 4.750000
vt 1.337891 4.433594
vt 1.666992 4.726563
vt 1.356445 4.417969
vt 1.356445 3.636719
vt 1.337891 3.611328
vt 1.671875 4.707031
vt 1.372070 4.402344
vt 1.372070 3.658203
vt 1.698242 3.337891
vt 1.666016 3.333984
vt 1.636719 3.320313
vt 2.720703 4.707031
vt 2.734375 4.726563
vt 2.652344 4.726563
vt 2.701172 4.757813
vt 6.226563 7.898438
vt 6.226563 6.742188
vt 6.218750 6.761719
vt 6.218750 7.898438
vt 6.210938 6.777344
vt 6.210938 7.898438
vt 6.218750 7.925781
vt 6.226563 7.925781
vt 6.234375 7.925781
vt 6.218750 6.726563
vt 6.207031 6.738281
vt 6.195313 6.757813
vt 6.195313 6.785156
vt 6.195313 7.898438
vt 6.207031 7.925781
vt 6.222656 7.945313
vt 6.234375 7.945313
vt 6.246094 7.945313
vt 6.253906 7.945313
vt 6.410156 8.062500
vt 4.687500 9.054688
vt 4.757813 9.054688
vt 4.718750 9.132813
vt 2.695313 2.011719
vt 2.666016 2.011719
vt 2.683594 1.996094
vt 2.449219 2.011719
vt 2.437500 2.011719
vt 2.406250 1.996094
vt 2.492188 7.714844
vt 2.466797 7.730469
vt 2.472656 7.726563
vt 2.505859 7.718750
vt 2.505859 7.734375
vt 2.466797 7.742188
vt 2.498047 7.988281
vt 2.460938 7.992188
vt 4.687500 9.281250
vt 4.718750 9.226563
vt 7.148438 1.932617
vt 7.148438 2.382813
vt 7.109375 1.941406
vt 7.109375 2.380859
vt 7.109375 2.398438
vt 7.148438 2.404297
vt 7.148438 2.423828
vt 7.109375 2.416016
vt 7.148438 2.718750
vt 7.109375 2.710938
vt 7.148438 2.734375
vt 7.109375 2.728516
vt 7.109375 2.746094
vt 7.148438 2.748047
vt 7.148438 3.234375
vt 7.109375 3.236328
vt 7.148438 3.257813
vt 7.109375 3.261719
vt 7.148438 3.267578
vt 7.109375 3.277344
vt 4.757813 9.281250
vt 7.300781 0.501953
vt 7.312500 0.487793
vt 7.320313 0.501953
vt 3.878906 9.062500
vt 3.884766 9.421875
vt 3.865234 9.062500
vt 3.863281 9.484375
vt 3.833984 9.062500
vt 3.841797 9.484375
vt 3.841797 9.507813
vt 3.863281 9.507813
vt 5.449219 9.460938
vt 5.449219 9.484375
vt 5.472656 9.484375
vt 5.472656 9.460938
vt 5.464844 9.039063
vt 5.441406 9.039063
vt 5.425781 9.398438
vt 5.421875 9.039063
vt 0.688477 1.979492
vt 0.705078 1.979492
vt 0.725098 1.996094
vt 0.956055 1.979492
vt 0.966797 1.979492
vt 0.998047 1.996094
vt 3.777344 4.582031
vt 3.777344 4.593750
vt 3.746094 4.593750
vt 3.746094 4.609375
vt 3.777344 5.472656
vt 3.746094 5.460938
vt 6.945313 6.269531
vt 2.042969 1.543945
vt 2.048828 1.530273
vt 1.925781 1.407227
vt 2.027344 1.552734
vt 2.414063 1.555664
vt 2.437500 1.543945
vt 2.437500 1.555664
vt 2.855469 7.675781
vt 2.820313 7.925781
vt 2.816406 7.675781
vt 2.859375 7.933594
vt 2.822266 7.933594
vt 2.859375 7.949219
vt 2.847656 7.953125
vt 2.826172 7.941406
vt 0.799805 0.289307
vt 0.833496 0.289307
vt 0.818359 0.306396
vt 0.860840 0.306396
vt 0.936035 0.393311
vt 0.968750 0.393311
vt 0.989746 1.005859
vt 0.989746 0.982422
vt 0.989746 0.441406
vt 0.991211 0.424561
vt 2.435547 0.393311
vt 2.544922 0.306396
vt 2.572266 0.289307
vt 0.832520 0.262695
vt 0.799805 0.262695
vt 0.832031 0.244263
vt 0.799805 0.244263
vt 2.695313 1.979492
vt 2.666016 1.979492
vt 2.695313 1.555664
vt 2.666016 1.555664
vt 2.449219 1.979492
vt 2.449219 1.555664
vt 2.437500 1.979492
vt 2.414063 1.979492
vt 0.989746 1.028320
vt 0.989746 1.979492
vt 0.968262 0.424561
vt 0.966797 0.441406
vt 0.966797 0.982422
vt 0.966797 1.006836
vt 0.966797 1.029297
vt 0.956055 1.041992
vt 0.705078 1.166992
vt 0.688477 1.181641
vt 0.688477 1.157227
vt 0.705078 1.142578
vt 0.688477 1.132813
vt 0.705078 1.116211
vt 0.688477 0.601074
vt 0.705078 0.583496
vt 0.688477 0.584473
vt 0.705078 0.566895
vt 0.705566 0.536621
vt 0.706543 0.435303
vt 0.922852 0.435059
vt 0.956055 0.435059
vt 0.956055 0.451660
vt 0.956055 0.993164
vt 0.956055 1.018555
vt 0.688477 0.549805
vt 0.688477 0.435303
vt 0.686035 0.426270
vt 0.707520 0.419922
vt 0.932617 0.424561
vt 7.726563 3.939453
vt 7.707031 3.939453
vt 7.710938 3.923828
vt 7.691406 3.923828
vt 6.113281 3.939453
vt 6.132813 3.923828
vt 6.109375 3.923828
vt 6.093750 3.939453
vt 5.789063 4.074219
vt 5.761719 4.195313
vt 5.761719 4.074219
vt 5.789063 4.195313
vt 5.761719 4.226563
vt 5.789063 4.226563
vt 5.761719 4.257813
vt 2.683594 1.543945
vt 0.719238 2.017578
vt 0.688477 2.011719
vt 0.956055 2.011719
vt 0.966797 2.011719
vt 7.300781 0.473389
vt 7.320313 0.473389
vt 5.140625 0.612305
vt 5.121094 0.612305
vt 6.968750 3.236328
vt 6.929688 3.228516
vt 6.968750 3.220703
vt 6.929688 3.216797
vt 6.968750 3.195313
vt 6.929688 3.193359
vt 6.968750 2.707031
vt 6.929688 2.707031
vt 6.929688 2.693359
vt 6.968750 2.689453
vt 6.968750 2.671875
vt 6.929688 2.677734
vt 6.968750 2.376953
vt 6.929688 2.382813
vt 6.968750 2.359375
vt 6.929688 2.363281
vt 6.929688 2.341797
vt 6.968750 2.341797
vt 6.968750 1.901367
vt 6.929688 1.891602
vt 2.414063 2.011719
vt 0.989746 2.011719
vt 2.437500 4.707031
vt 2.427734 4.726563
vt 2.414063 4.707031
vt 1.711914 4.707031
vt 2.437500 4.750000
vt 2.414063 4.750000
vt 0.937500 7.417969
vt 0.937500 7.644531
vt 0.922363 7.417969
vt 0.922363 7.652344
vt 6.628906 0.850586
vt 6.617188 0.859375
vt 6.597656 0.836914
vt 6.468750 0.984375
vt 6.445313 0.959473
vt 6.457031 0.993652
vt 3.765625 4.570313
vt 3.591797 4.472656
vt 3.617188 4.445313
vt 3.605469 4.437500
vt 6.628906 -0.055237
vt 6.597656 -0.041779
vt 6.617188 -0.064148
vt 6.468750 -0.189331
vt 7.312500 9.921875
vt 7.292969 9.953125
vt 7.285156 9.921875
vt 7.269531 9.953125
vt 6.507813 9.921875
vt 6.507813 9.953125
vt 3.591797 5.628906
vt 2.892578 5.593750
vt 2.890625 5.628906
vt 2.414063 1.530273
vt 2.437500 1.530273
vt 2.701172 4.652344
vt 2.685547 4.652344
vt 2.441406 4.437500
vt 2.431641 4.437500
vt 2.417969 4.652344
vt 2.207031 4.437500
vt 2.408203 4.652344
vt 2.201172 4.441406
vt 2.386719 4.652344
vt 2.185547 4.441406
vt 1.719727 4.441406
vt 1.712891 4.652344
vt 1.711914 4.683594
vt 2.414063 4.683594
vt 2.437500 4.683594
vt 2.449219 4.683594
vt 2.720703 4.683594
vt 2.734375 4.683594
vt 2.734375 4.707031
vt 2.449219 4.707031
vt 1.693359 4.695313
vt 1.389648 4.390625
vt 1.694336 4.675781
vt 1.410156 4.386719
vt 1.695313 4.644531
vt 1.426758 4.375000
vt 1.702148 4.433594
vt 1.544922 4.273438
vt 1.693359 3.375000
vt 1.694336 3.394531
vt 1.389648 3.679688
vt 1.410156 3.683594
vt 1.695313 3.425781
vt 1.426758 3.697266
vt 1.702148 3.636719
vt 1.544922 3.796875
vt 1.380859 4.371094
vt 1.538086 4.257813
vt 1.420898 3.714844
vt 1.538086 3.814453
vt 1.420898 4.355469
vt 1.403320 4.371094
vt 1.403320 3.701172
vt 1.380859 3.699219
vt 1.711914 3.365234
vt 2.414063 3.365234
vt 2.414063 3.386719
vt 2.437500 3.365234
vt 2.437500 3.386719
vt 1.712891 3.416016
vt 2.185547 3.628906
vt 1.719727 3.628906
vt 1.711914 3.386719
vt 2.386719 3.416016
vt 2.201172 3.630859
vt 2.408203 3.416016
vt 2.207031 3.630859
vt 2.417969 3.416016
vt 2.396484 3.695313
vt 2.437500 3.144531
vt 2.449219 3.365234
vt 2.449219 3.386719
vt 2.628906 3.458984
vt 2.416016 3.703125
vt 2.650391 3.468750
vt 2.660156 3.421875
vt 2.691406 3.429688
vt 2.695313 3.404297
vt 2.666016 3.400391
vt 2.666016 3.117188
vt 2.449219 3.138672
vt 2.449219 3.089844
vt 2.437500 3.097656
vt 2.437500 3.054688
vt 2.695313 3.111328
vt 2.695313 3.066406
vt 2.666016 3.068359
vt 2.695313 3.025391
vt 2.666016 3.023438
vt 2.449219 3.044922
vt 2.414063 3.097656
vt 2.414063 3.054688
vt 2.437500 3.011719
vt 2.449219 3.001953
vt 2.666016 2.970703
vt 2.695313 2.968750
vt 1.699219 3.144531
vt 2.414063 3.144531
vt 2.695313 2.251953
vt 2.666016 2.273438
vt 2.695313 2.298828
vt 2.666016 2.320313
vt 2.695313 2.337891
vt 2.666016 2.359375
vt 2.449219 2.529297
vt 2.437500 2.541016
vt 2.414063 3.011719
vt 1.699219 3.054688
vt 1.699219 3.097656
vt 2.414063 2.541016
vt 1.699219 3.011719
vt 1.699219 2.541016
vt 1.699219 2.501953
vt 2.414063 2.501953
vt 2.437500 2.501953
vt 2.449219 2.488281
vt 2.449219 2.435547
vt 1.699219 2.449219
vt 0.989746 2.119141
vt 1.667969 2.119141
vt 2.414063 2.156250
vt 1.688477 2.130859
vt 1.699219 2.152344
vt 1.699219 2.412109
vt 2.414063 2.412109
vt 2.414063 2.449219
vt 2.437500 2.449219
vt 2.437500 2.412109
vt 2.437500 2.156250
vt 4.156250 7.914063
vt 4.160156 7.902344
vt 4.175781 7.914063
vt 4.183594 7.902344
vt 4.160156 7.890625
vt 4.503906 7.730469
vt 4.371094 7.542969
vt 4.519531 7.730469
vt 4.527344 7.757813
vt 4.539063 7.757813
vt 4.539063 7.792969
vt 4.550781 7.792969
vt 4.164063 7.429688
vt 4.187500 7.429688
vt 4.164063 7.441406
vt 4.183594 7.890625
vt 4.187500 7.441406
vt 4.351563 7.441406
vt 4.351563 7.429688
vt 4.359375 7.429688
vt 4.359375 7.441406
vt 4.351563 7.511719
vt 4.359375 7.511719
vt 4.351563 7.527344
vt 4.363281 7.527344
vt 4.359375 7.542969
vt 3.753906 2.958984
vt 3.732422 2.962891
vt 3.712891 2.910156
vt 3.687500 2.910156
vt 3.687500 2.734375
vt 3.712891 2.718750
vt 1.896484 3.740234
vt 1.875000 3.726563
vt 1.896484 3.726563
vt 1.875000 3.740234
vt 1.896484 4.187500
vt 1.875000 4.187500
vt 1.875000 4.199219
vt 1.896484 4.199219
vt 1.896484 4.210938
vt 1.875000 4.210938
vt 3.273438 3.726563
vt 3.273438 3.740234
vt 3.273438 4.187500
vt 3.273438 4.199219
vt 3.273438 4.210938
vt 3.296875 3.726563
vt 3.296875 3.740234
vt 3.296875 4.187500
vt 3.296875 4.199219
vt 3.296875 4.210938
vt 3.273438 4.355469
vt 3.296875 4.355469
vt 7.300781 0.619141
vt 7.320313 0.599609
vt 7.312500 0.622070
vt 5.062500 7.914063
vt 4.890625 7.531250
vt 4.878906 7.515625
vt 4.890625 7.515625
vt 4.878906 7.531250
vt 4.882813 7.546875
vt 4.871094 7.546875
vt 4.734375 7.730469
vt 4.722656 7.730469
vt 4.714844 7.757813
vt 4.703125 7.757813
vt 4.699219 7.792969
vt 4.691406 7.792969
vt 5.054688 7.902344
vt 5.078125 7.902344
vt 5.082031 7.914063
vt 5.078125 7.894531
vt 5.054688 7.894531
vt 5.082031 7.445313
vt 5.058594 7.445313
vt 5.058594 7.429688
vt 5.082031 7.429688
vt 4.886719 7.445313
vt 4.886719 7.429688
vt 4.875000 7.445313
vt 4.875000 7.429688
vt 5.125000 0.161499
vt 5.140625 0.161377
vt 5.121094 0.171997
vt 5.121094 0.148193
vt 0.688477 2.169922
vt 0.721680 2.177734
vt 0.956055 2.169922
vt 0.966797 2.169922
vt 0.914063 9.421875
vt 0.901855 9.398438
vt 0.902344 9.187500
vt 0.933105 9.429688
vt 1.459961 9.429688
vt 0.903809 9.156250
vt 0.916016 9.132813
vt 1.016602 9.046875
vt 1.460938 9.054688
vt 1.470703 9.054688
vt 1.469727 9.429688
vt 1.479492 9.429688
vt 1.479492 9.054688
vt 1.625000 9.429688
vt 1.625000 9.054688
vt 1.644531 9.429688
vt 1.644531 9.054688
vt 1.663086 9.429688
vt 1.663086 9.046875
vt 2.861328 9.429688
vt 2.861328 9.046875
vt 2.878906 9.429688
vt 2.878906 9.046875
vt 2.898438 9.429688
vt 2.898438 9.054688
vt 3.042969 9.046875
vt 3.042969 9.429688
vt 3.052734 9.429688
vt 3.052734 9.054688
vt 3.062500 9.054688
vt 3.062500 9.429688
vt 3.593750 9.429688
vt 3.613281 9.421875
vt 3.625000 9.398438
vt 3.625000 9.187500
vt 3.623047 9.156250
vt 3.611328 9.132813
vt 3.511719 9.046875
vt 3.943359 9.945313
vt 3.923828 9.945313
vt 3.933594 9.929688
vt 3.914063 9.929688
vt 5.207031 9.578125
vt 5.207031 9.601563
vt 5.183594 9.578125
vt 5.183594 9.601563
vt 5.207031 9.773438
vt 5.179688 9.781250
vt 5.207031 9.789063
vt 5.203125 9.796875
vt 5.125000 9.929688
vt 5.109375 9.929688
vt 5.117188 9.945313
vt 5.097656 9.945313
vt 3.861328 9.781250
vt 3.839844 9.796875
vt 3.833984 9.789063
vt 3.833984 9.773438
vt 3.857422 9.601563
vt 3.833984 9.601563
vt 3.833984 9.578125
vt 3.857422 9.578125
vt 2.695313 1.530273
vt 2.666016 1.530273
vt 2.695313 1.181641
vt 2.666016 1.166992
vt 2.695313 1.157227
vt 2.449219 1.530273
vt 2.666016 1.142578
vt 2.695313 1.132813
vt 2.449219 1.041992
vt 2.666016 1.116211
vt 2.695313 0.601074
vt 2.449219 1.018555
vt 2.437500 1.029297
vt 2.695313 0.435303
vt 2.666016 0.424561
vt 2.695313 0.424561
vt 2.435547 0.424561
vt 2.472656 0.424561
vt 2.449219 0.435059
vt 2.480469 0.435059
vt 2.666016 0.435303
vt 2.666016 0.536621
vt 2.695313 0.549805
vt 2.666016 0.566895
vt 2.695313 0.584473
vt 2.666016 0.583496
vt 2.449219 0.993164
vt 2.437500 1.006836
vt 2.414063 1.028320
vt 2.449219 0.451660
vt 2.437500 0.982422
vt 2.437500 0.441406
vt 2.414063 1.005859
vt 2.414063 0.982422
vt 2.414063 0.441406
vt 2.605469 0.244263
vt 2.605469 0.262695
vt 2.574219 0.244263
vt 2.572266 0.262695
vt 2.605469 0.289307
vt 1.925781 1.028320
vt 1.925781 1.005859
vt 1.925781 0.982422
vt 1.925781 0.441406
vt 2.414063 0.424561
vt 2.468750 0.393311
vt 2.587891 0.306396
vt 7.320313 0.645508
vt 1.636719 2.169922
vt 1.657227 2.156250
vt 1.666016 2.181641
vt 1.636719 2.414063
vt 1.666016 2.416016
vt 1.636719 2.449219
vt 1.666016 2.449219
vt 1.636719 2.501953
vt 1.666016 2.501953
vt 1.636719 2.541016
vt 1.666016 2.541016
vt 1.636719 3.011719
vt 1.666016 3.011719
vt 1.636719 3.054688
vt 1.666016 3.076172
vt 1.636719 3.097656
vt 1.666016 3.144531
vt 1.636719 3.144531
vt 0.989746 2.169922
vt 1.632813 2.144531
vt 5.199219 8.890625
vt 5.203125 8.867188
vt 5.218750 8.890625
vt 5.222656 8.867188
vt 5.371094 8.890625
vt 5.371094 8.867188
vt 5.378906 8.867188
vt 3.820313 8.867188
vt 3.830078 8.867188
vt 3.830078 8.890625
vt 3.974609 8.867188
vt 3.978516 8.890625
vt 3.994141 8.867188
vt 3.998047 8.890625
vt 4.011719 8.867188
vt 4.011719 8.890625
vt 4.031250 8.890625
vt 5.167969 8.890625
vt 5.183594 8.867188
vt 5.187500 8.890625
vt 3.687500 4.031250
vt 3.712891 4.023438
vt 3.712891 4.046875
vt 3.687500 4.007813
vt 3.712891 3.541016
vt 3.687500 3.541016
vt 3.687500 3.167969
vt 3.712891 3.167969
vt 3.732422 3.111328
vt 3.753906 3.119141
vt 6.484375 9.953125
vt 6.832031 8.250000
vt 6.507813 8.562500
vt 6.867188 8.250000
vt 6.867188 7.324219
vt 6.832031 7.328125
vt 6.507813 6.867188
vt 4.160156 4.230469
vt 4.132813 4.238281
vt 4.132813 4.210938
vt 4.039063 4.167969
vt 4.039063 4.140625
vt 4.105469 4.671875
vt 4.105469 5.011719
vt 4.050781 4.625000
vt 4.050781 5.015625
vt 4.039063 5.652344
vt 4.132813 5.652344
vt 4.160156 4.261719
vt 4.183594 4.230469
vt 4.160156 4.199219
vt 4.183594 4.199219
vt 4.132813 5.679688
vt 4.039063 5.679688
vt 4.160156 5.652344
vt 4.183594 5.652344
vt 4.183594 4.261719
vt 4.160156 5.683594
vt 4.183594 4.078125
vt 4.156250 4.078125
vt 5.761719 5.656250
vt 4.183594 5.683594
vt 4.183594 5.707031
vt 4.160156 5.707031
vt 5.761719 5.710938
vt 5.761719 5.683594
vt 5.789063 5.656250
vt 5.789063 4.257813
vt 5.816406 4.234375
vt 5.816406 4.210938
vt 5.910156 4.164063
vt 5.910156 4.136719
vt 5.816406 5.656250
vt 5.761719 5.804688
vt 5.789063 5.710938
vt 5.789063 5.804688
vt 4.160156 5.800781
vt 4.183594 5.800781
vt 5.789063 5.683594
vt 5.816406 5.683594
vt 5.910156 5.683594
vt 5.910156 5.656250
vt 5.843750 5.015625
vt 5.843750 4.667969
vt 5.898438 4.625000
vt 5.898438 5.015625
vt 6.507813 6.550781
vt 6.507813 6.582031
vt 7.726563 4.066406
vt 6.113281 4.070313
vt 7.707031 4.070313
vt 6.117188 4.093750
vt 7.707031 4.093750
vt 6.117188 4.109375
vt 7.707031 4.109375
vt 6.117188 4.398438
vt 6.117188 4.410156
vt 7.707031 4.410156
vt 6.117188 4.425781
vt 7.707031 4.398438
vt 7.726563 4.109375
vt 7.726563 4.093750
vt 6.093750 4.070313
vt 6.093750 4.093750
vt 6.093750 4.109375
vt 6.457031 9.953125
vt 3.753906 2.810547
vt 3.753906 1.471680
vt 3.792969 2.767578
vt 3.794922 1.512695
vt 6.437500 8.960938
vt 6.429688 8.945313
vt 6.437500 8.109375
vt 6.425781 8.960938
vt 6.433594 8.968750
vt 6.429688 8.085938
vt 6.429688 8.109375
vt 5.875000 9.234375
vt 5.882813 9.242188
vt 5.863281 9.250000
vt 5.871094 9.257813
vt 6.429688 8.976563
vt 6.417969 8.968750
vt 5.894531 9.234375
vt 6.410156 8.953125
vt 6.417969 8.937500
vt 6.417969 8.945313
vt 5.785156 9.351563
vt 5.863281 9.234375
vt 5.871094 9.218750
vt 5.882813 9.226563
vt 5.777344 9.718750
vt 5.785156 9.703125
vt 5.757813 9.718750
vt 5.757813 9.750000
vt 5.734375 9.750000
vt 5.660156 9.882813
vt 5.632813 9.882813
vt 5.863281 8.679688
vt 5.871094 8.679688
vt 5.785156 8.679688
vt 5.761719 8.679688
vt 5.761719 9.351563
vt 5.761719 9.703125
vt 5.628906 9.921875
vt 5.597656 9.921875
vt 5.992188 8.679688
vt 5.992188 9.085938
vt 5.894531 8.679688
vt 5.894531 9.195313
vt 5.878906 8.679688
vt 5.878906 9.210938
vt 5.996094 9.101563
vt 5.898438 9.210938
vt 5.906250 9.218750
vt 6.007813 9.101563
vt 6.398438 8.953125
vt 6.316406 8.937500
vt 6.324219 8.929688
vt 6.406250 8.945313
vt 6.406250 8.937500
vt 6.324219 8.921875
vt 6.406250 8.109375
vt 6.324219 8.109375
vt 6.398438 8.085938
vt 6.316406 8.085938
vt 6.382813 8.062500
vt 6.296875 8.062500
vt 6.140625 7.945313
vt 6.121094 7.925781
vt 6.113281 7.898438
vt 6.113281 6.828125
vt 6.183594 6.765625
vt 6.101563 6.808594
vt 6.164063 6.750000
vt 6.082031 6.800781
vt 6.019531 6.800781
vt 5.929688 6.750000
vt 5.996094 6.808594
vt 5.906250 6.761719
vt 5.894531 6.785156
vt 5.992188 6.828125
vt 5.894531 7.449219
vt 5.992188 7.449219
vt 6.175781 6.746094
vt 5.914063 6.746094
vt 6.187500 6.730469
vt 5.894531 6.753906
vt 5.878906 6.777344
vt 5.902344 6.730469
vt 6.195313 6.714844
vt 5.878906 7.449219
vt 5.871094 7.449219
vt 5.871094 6.757813
vt 5.882813 6.738281
vt 5.890625 6.714844
vt 5.863281 6.742188
vt 5.871094 6.722656
vt 5.785156 6.582031
vt 5.863281 7.449219
vt 5.785156 7.449219
vt 5.761719 6.582031
vt 5.761719 7.449219
vt 5.761719 6.550781
vt 5.785156 6.550781
vt 6.421875 8.085938
vt 6.417969 8.109375
vt 6.394531 8.062500
vt 6.402344 8.062500
vt 6.410156 8.085938
vt 3.898438 2.810547
vt 3.875000 2.810547
vt 3.847656 2.769531
vt 3.830078 2.769531
vt 5.617188 9.953125
vt 5.644531 9.953125
vt 5.511719 0.269043
vt 5.511719 0.439697
vt 5.433594 0.269043
vt 5.433594 0.439697
vt 4.160156 2.611328
vt 4.136719 2.781250
vt 4.136719 2.597656
vt 4.160156 2.781250
vt 4.117188 2.833984
vt 4.097656 2.830078
vt 5.953125 7.488281
vt 5.953125 8.640625
vt 3.148438 -0.136963
vt 4.691406 -0.136963
vt 3.148438 0.293213
vt 4.691406 0.293213
vt 3.390625 8.843750
vt 1.848633 8.843750
vt 3.390625 8.203125
vt 1.848633 8.203125
vt 2.685547 7.699219
vt 2.787109 7.652344
vt 2.726563 8.023438
vt 2.826172 7.976563
vt 2.371094 7.640625
vt 2.472656 7.691406
vt 2.330078 7.964844
vt 2.429688 8.007813
vt 6.953125 0.340332
vt 6.953125 0.180298
vt 7.027344 0.180298
vt 7.027344 0.340332
vt 4.136719 3.884766
vt 4.136719 3.863281
vt 4.160156 3.867188
vt 4.160156 3.845703
vt 4.136719 3.033203
vt 4.160156 3.033203
vt 4.117188 2.976563
vt 4.097656 2.984375
vt 2.449219 4.750000
vt 6.597656 0.823242
vt 6.628906 0.836426
vt 6.628906 -0.041077
vt 6.597656 -0.028061
vt 2.814453 0.513184
vt 2.777344 0.499512
vt 2.789063 0.488037
vt 2.753906 0.444824
vt 2.765625 0.436279
vt 2.765625 -0.150024
vt 2.765625 -0.324463
vt 2.755859 -0.331299
vt 2.767578 -0.330566
vt 2.769531 -0.336182
vt 2.958984 -0.556641
vt 2.974609 -0.556641
vt 2.962891 -0.571777
vt 2.978516 -0.571777
vt 2.966797 -0.586426
vt 2.980469 -0.586426
vt 2.966797 -0.909180
vt 2.980469 -0.919434
vt 2.966797 -0.925781
vt 2.980469 -0.936035
vt 3.687500 2.615234
vt 3.712891 1.335938
vt 3.712891 2.628906
vt 3.687500 1.324219
vt 3.710938 1.324219
vt 3.683594 1.312500
vt 3.705078 1.312500
vt 3.679688 1.300781
vt 3.697266 1.301758
vt 3.105469 0.543945
vt 3.113281 0.528809
vt 2.849609 0.530273
vt 2.843750 0.542969
vt 2.804688 0.526367
vt 4.136719 1.259766
vt 4.160156 2.496094
vt 4.136719 2.511719
vt 4.160156 1.248047
vt 4.140625 1.248047
vt 4.164063 1.237305
vt 4.144531 1.237305
vt 4.171875 1.225586
vt 4.152344 1.226563
vt 4.722656 0.493896
vt 4.714844 0.479248
vt 4.972656 0.480469
vt 4.980469 0.492920
vt 5.007813 0.463867
vt 5.015625 0.476807
vt 5.042969 0.450684
vt 5.031250 0.439697
vt 5.066406 0.397949
vt 5.054688 0.389404
vt 5.054688 -0.177612
vt 5.066406 -0.346436
vt 5.054688 -0.346436
vt 5.062500 -0.353027
vt 5.050781 -0.352295
vt 5.058594 -0.359375
vt 5.050781 -0.357666
vt 4.867188 -0.571289
vt 4.851563 -0.571289
vt 4.863281 -0.585449
vt 4.847656 -0.585449
vt 4.859375 -0.600098
vt 4.843750 -0.600098
vt 4.859375 -0.912109
vt 4.843750 -0.921875
vt 4.859375 -0.928223
vt 4.843750 -0.937988
vt 3.898438 3.541016
vt 3.875000 3.541016
vt 3.898438 3.919922
vt 3.875000 3.933594
vt 3.898438 3.943359
vt 3.875000 3.957031
vt 3.753906 4.000000
vt 3.753906 4.023438
vt 4.136719 9.046875
vt 3.128906 -0.936035
vt 3.128906 -0.919434
vt 3.160156 -0.936035
vt 3.160156 -0.919434
vt 3.128906 -0.586426
vt 3.160156 -0.586426
vt 3.158203 -0.571777
vt 3.126953 -0.571777
vt 3.152344 -0.556641
vt 3.121094 -0.556641
vt 2.818359 -0.217163
vt 2.802734 -0.226807
vt 2.783203 -0.200806
vt 2.771484 -0.175903
vt 2.802734 -0.195435
vt 2.792969 -0.171753
vt 2.789063 -0.150024
vt 2.789063 0.416016
vt 2.810547 0.461182
vt 2.839844 0.482910
vt 2.878906 0.495850
vt 3.697266 0.495850
vt 3.697266 0.528320
vt 3.712891 0.528320
vt 3.753906 3.541016
vt 3.712891 0.495850
vt 3.753906 0.528320
vt 3.875000 1.471680
vt 3.898438 0.528320
vt 3.898438 1.471680
vt 3.875000 0.528320
vt 3.753906 0.495850
vt 3.875000 0.495850
vt 3.898438 0.495850
vt 4.437500 9.101563
vt 4.457031 9.101563
vt 4.457031 9.218750
vt 4.406250 9.078125
vt 4.406250 9.031250
vt 4.480469 9.093750
vt 4.335938 9.093750
vt 4.375000 9.101563
vt 4.355469 9.218750
vt 4.355469 9.093750
vt 4.406250 9.171875
vt 4.406250 9.140625
vt 0.688477 2.251953
vt 0.727051 2.273438
vt 0.956055 2.435547
vt 0.966797 2.414063
vt 0.989746 2.414063
vt 0.688477 2.298828
vt 0.727051 2.318359
vt 0.688477 2.337891
vt 0.989746 2.541016
vt 0.966797 2.501953
vt 0.989746 2.501953
vt 0.966797 2.449219
vt 0.989746 2.449219
vt 0.956055 2.488281
vt 0.721191 2.357422
vt 0.688477 2.841797
vt 0.717773 2.859375
vt 0.688477 2.904297
vt 0.711426 2.921875
vt 0.688477 2.970703
vt 0.711914 2.986328
vt 0.688477 3.050781
vt 0.717773 3.062500
vt 0.956055 2.529297
vt 0.966797 2.541016
vt 0.956055 3.001953
vt 0.966797 3.011719
vt 0.956055 3.044922
vt 0.966797 3.054688
vt 0.956055 3.089844
vt 0.966797 3.097656
vt 0.956055 3.138672
vt 0.966797 3.144531
vt 0.964355 5.042969
vt 0.947266 5.054688
vt 0.723633 5.203125
vt 0.695313 5.222656
vt 0.696289 5.246094
vt 0.725098 5.226563
vt 0.950195 5.074219
vt 0.964355 5.062500
vt 0.985840 5.039063
vt 0.989746 3.144531
vt 0.989746 3.097656
vt 0.989746 3.054688
vt 0.989746 3.011719
vt 2.734375 4.750000
vt 2.462891 5.046875
vt 2.701172 5.218750
vt 2.734375 5.238281
vt 2.447266 5.035156
vt 2.447266 5.054688
vt 2.460938 5.070313
vt 2.699219 5.242188
vt 2.734375 5.265625
vt 2.427734 5.031250
vt 2.429688 5.050781
vt 2.441406 5.066406
vt 2.601563 5.269531
vt 2.630859 5.265625
vt 2.623047 5.300781
vt 2.650391 5.292969
vt 2.626953 5.316406
vt 2.654297 5.312500
vt 2.632813 5.722656
vt 2.660156 5.722656
vt 2.660156 5.742188
vt 2.632813 5.742188
vt 2.660156 5.757813
vt 2.632813 5.757813
vt 0.782715 5.761719
vt 0.782715 5.742188
vt 0.756348 5.761719
vt 0.756348 5.742188
vt 0.756348 5.722656
vt 0.782715 5.722656
vt 0.761230 5.316406
vt 0.787109 5.320313
vt 0.764160 5.296875
vt 0.790527 5.300781
vt 0.783203 5.269531
vt 0.811035 5.273438
vt 0.972656 5.074219
vt 0.984375 5.058594
vt 6.406250 3.404297
vt 6.421875 3.425781
vt 6.406250 3.425781
vt 6.789063 3.404297
vt 6.789063 3.425781
vt 6.437500 3.404297
vt 6.437500 3.425781
vt 6.421875 3.404297
vt 6.425781 2.980469
vt 6.406250 2.980469
vt 6.406250 1.625977
vt 6.425781 1.620117
vt 6.421875 1.585938
vt 6.437500 1.580078
vt 6.445313 1.544922
vt 6.464844 1.538086
vt 6.886719 0.955078
vt 6.886719 0.971191
vt 6.925781 0.917969
vt 6.882813 0.985352
vt 6.945313 0.910645
vt 6.484375 1.531250
vt 6.453125 1.579102
vt 6.441406 1.617188
vt 6.441406 2.980469
vt 6.789063 2.980469
vt 6.808594 1.442383
vt 6.789063 1.438477
vt 6.816406 1.370117
vt 6.800781 1.362305
vt 6.843750 1.309570
vt 6.808594 3.425781
vt 6.808594 3.404297
vt 7.285156 0.796875
vt 7.285156 0.756836
vt 7.308594 0.761719
vt 7.257813 0.799316
vt 6.890625 1.252930
vt 6.875000 1.239258
vt 6.828125 1.297852
vt 6.960938 0.875000
vt 6.937500 0.881348
vt 6.921875 0.883301
vt 6.906250 0.920410
vt 6.929688 0.846191
vt 6.945313 0.843262
vt 6.964844 0.837402
vt 7.300781 0.714355
vt 7.320313 0.720703
vt 6.980469 -0.773926
vt 6.945313 -0.769531
vt 6.968750 -0.788574
vt 6.945313 -0.805664
vt 6.968750 -0.819824
vt 6.945313 -0.923828
vt 6.968750 -0.923828
vt 6.968750 -0.933594
vt 6.945313 -0.933594
vt 6.929688 -0.923828
vt 6.925781 -0.933594
vt 7.289063 -0.291260
vt 7.296875 -0.268799
vt 6.968750 -0.740234
vt 7.308594 -0.292480
vt 7.316406 -0.270752
vt 7.300781 -0.246826
vt 7.316406 -0.248291
vt 5.972656 2.878906
vt 6.003906 2.904297
vt 5.675781 3.144531
vt 5.687500 3.189453
vt 5.656250 3.150391
vt 5.667969 3.193359
vt 5.667969 3.210938
vt 5.687500 3.210938
vt 6.027344 2.904297
vt 5.968750 2.271484
vt 6.007813 2.238281
vt 5.972656 2.855469
vt 6.011719 2.886719
vt 6.035156 2.238281
vt 6.035156 2.888672
vt 6.054688 1.800781
vt 6.027344 2.222656
vt 5.667969 3.230469
vt 5.687500 3.728516
vt 6.058594 3.707031
vt 6.058594 3.728516
vt 5.687500 3.707031
vt 5.667969 3.728516
vt 5.667969 3.707031
vt 5.687500 3.253906
vt 5.667969 3.253906
vt 5.687500 3.230469
vt 6.058594 3.230469
vt 6.058594 2.896484
vt 6.074219 1.803711
vt 6.062500 1.761719
vt 6.078125 1.767578
vt 6.050781 1.723633
vt 6.078125 3.728516
vt 6.093750 3.707031
vt 6.093750 3.728516
vt 6.078125 3.707031
vt 6.058594 3.253906
vt 6.074219 3.253906
vt 6.093750 3.253906
vt 6.093750 1.809570
vt 6.074219 3.230469
vt 6.093750 3.230469
vt 5.773438 7.488281
vt 5.789063 7.488281
vt 5.851563 7.488281
vt 5.859375 7.488281
vt 5.863281 7.488281
vt 5.875000 7.488281
vt 4.523438 3.419922
vt 4.523438 3.398438
vt 4.562500 3.410156
vt 4.562500 3.392578
vt 4.523438 3.367188
vt 4.562500 3.365234
vt 4.523438 2.861328
vt 4.562500 2.863281
vt 4.562500 2.845703
vt 4.523438 2.841797
vt 4.523438 2.822266
vt 4.562500 2.828125
vt 4.523438 2.525391
vt 4.562500 2.533203
vt 4.523438 2.509766
vt 4.562500 2.513672
vt 4.562500 2.496094
vt 4.523438 2.496094
vt 4.187500 9.187500
vt 4.187500 9.062500
vt 5.675781 1.980469
vt 6.003906 2.222656
vt 5.972656 2.250000
vt 5.644531 1.459961
vt 6.007813 1.708984
vt 5.675781 1.529297
vt 5.687500 1.610352
vt 5.687500 1.916016
vt 6.042969 1.759766
vt 6.031250 1.715820
vt 5.585938 1.111328
vt 5.585938 1.126953
vt 5.593750 1.397461
vt 5.628906 1.472656
vt 5.656250 1.538086
vt 5.667969 1.615234
vt 5.667969 1.915039
vt 5.667969 1.933594
vt 5.687500 1.936523
vt 5.656250 1.975586
vt 5.578125 1.413086
vt 5.132813 0.888672
vt 5.140625 0.838379
vt 5.156250 0.883789
vt 5.156250 0.926270
vt 5.187500 0.928711
vt 5.523438 1.046875
vt 5.542969 1.054688
vt 5.582031 1.094727
vt 5.496094 0.969238
vt 5.503906 1.009766
vt 5.558594 1.057617
vt 5.542969 1.018555
vt 5.527344 1.016602
vt 5.519531 0.975586
vt 5.121094 0.844727
vt 5.519531 -0.907715
vt 5.519531 -0.917969
vt 5.539063 -0.907715
vt 5.539063 -0.917969
vt 5.535156 0.979004
vt 5.496094 -0.907715
vt 5.496094 -0.917969
vt 5.496094 -0.797363
vt 5.519531 -0.781738
vt 5.519531 -0.743652
vt 5.484375 -0.748047
vt 5.496094 -0.711914
vt 5.128906 -0.234985
vt 5.496094 -0.763672
vt 5.152344 -0.233643
vt 5.144531 -0.209839
vt 5.125000 -0.211792
vt 5.140625 -0.186157
vt 5.121094 -0.187744
vt 6.507813 9.882813
vt 6.507813 9.742188
vt 6.507813 9.718750
vt 6.507813 9.703125
vt 7.726563 5.398438
vt 7.726563 5.441406
vt 7.703125 5.398438
vt 7.703125 5.441406
vt 7.726563 5.472656
vt 7.703125 5.472656
vt 7.726563 5.507813
vt 7.703125 5.507813
vt 7.726563 6.218750
vt 7.699219 6.218750
vt 7.726563 6.234375
vt 7.695313 6.234375
vt 7.691406 6.269531
vt 7.667969 6.269531
vt 7.597656 6.375000
vt 7.574219 6.375000
vt 7.578125 6.394531
vt 7.558594 6.394531
vt 6.949219 6.371094
vt 6.949219 6.390625
vt 6.152344 6.265625
vt 6.242188 6.371094
vt 6.261719 6.394531
vt 6.238281 6.394531
vt 6.222656 6.371094
vt 6.093750 6.230469
vt 6.121094 6.230469
vt 6.125000 6.265625
vt 6.121094 6.218750
vt 6.093750 6.218750
vt 6.117188 5.507813
vt 6.093750 5.507813
vt 6.117188 5.472656
vt 6.093750 5.472656
vt 6.093750 5.441406
vt 6.117188 5.441406
vt 6.093750 5.394531
vt 6.117188 5.394531
vt 7.707031 4.906250
vt 6.117188 4.902344
vt 6.093750 4.902344
vt 6.093750 4.398438
vt 6.093750 4.410156
vt 6.093750 4.425781
vt 6.093750 4.839844
vt 6.117188 4.839844
vt 6.093750 4.863281
vt 6.117188 4.863281
vt 6.093750 4.886719
vt 6.117188 4.886719
vt 7.707031 4.886719
vt 7.726563 4.906250
vt 7.726563 4.886719
vt 7.707031 4.863281
vt 7.707031 4.839844
vt 7.707031 4.425781
vt 7.726563 4.398438
vt 7.726563 4.410156
vt 7.726563 4.425781
vt 7.726563 4.839844
vt 7.726563 4.863281
vt 4.066406 9.195313
vt 4.136719 9.007813
vt 4.203125 9.062500
vt 4.066406 9.062500
vt 4.097656 3.839844
vt 3.980469 3.773438
vt 4.097656 2.781250
vt 4.097656 1.259766
vt 4.097656 3.863281
vt 3.980469 3.794922
vt 3.958984 3.781250
vt 3.958984 3.759766
vt 3.980469 2.781250
vt 3.958984 2.781250
vt 3.980469 1.259766
vt 3.958984 1.259766
vt 3.980469 0.479004
vt 4.097656 0.479004
vt 3.958984 0.447266
vt 3.980469 0.447266
vt 3.958984 0.479004
vt 4.097656 0.447266
vt 4.136719 0.479004
vt 4.136719 0.447266
vt 4.152344 0.447266
vt 4.152344 0.479004
vt 4.941406 0.447266
vt 4.980469 0.434814
vt 5.007813 0.413574
vt 5.031250 0.369873
vt 5.031250 -0.177612
vt 5.046875 -0.202759
vt 5.027344 -0.198730
vt 5.035156 -0.226807
vt 5.019531 -0.221558
vt 5.015625 -0.251953
vt 5.003906 -0.242676
vt 4.710938 -0.571289
vt 4.679688 -0.571289
vt 4.703125 -0.585449
vt 4.675781 -0.585449
vt 4.703125 -0.600098
vt 4.671875 -0.600098
vt 4.703125 -0.921875
vt 4.671875 -0.921875
vt 4.671875 -0.937988
vt 4.703125 -0.937988
vt 3.847656 1.513672
vt 3.830078 1.513672
vt 5.773438 8.640625
vt 5.789063 8.640625
vt 5.851563 8.640625
vt 5.859375 8.640625
vt 5.863281 8.640625
vt 5.875000 8.640625
vt 5.496094 5.976563
vt 5.496094 7.066406
vt 5.378906 5.976563
vt 5.378906 7.066406
vt 5.363281 7.066406
vt 5.363281 5.976563
vt 5.355469 7.066406
vt 5.355469 5.976563
vt 5.347656 5.976563
vt 5.347656 7.066406
vt 5.292969 7.066406
vt 5.292969 5.976563
vt 5.277344 5.976563
vt 5.277344 7.066406
vt 5.253906 5.976563
vt 5.253906 7.066406
vt 5.140625 5.976563
vt 5.140625 7.066406
vt 7.179688 9.726563
vt 7.156250 9.726563
vt 7.179688 9.703125
vt 7.171875 9.750000
vt 7.195313 9.750000
vt 7.253906 9.882813
vt 7.281250 9.882813
vt 7.160156 9.703125
vt 7.160156 7.324219
vt 7.179688 8.773438
vt 7.179688 7.324219
vt 7.179688 6.582031
vt 7.160156 6.582031
vt 7.179688 6.550781
vt 7.160156 6.550781
vt 1.440430 7.417969
vt 1.465820 8.375000
vt 1.458008 8.359375
vt 1.473633 7.417969
vt 1.467773 7.417969
vt 1.440430 8.359375
vt 1.440430 8.375000
vt 1.446289 8.390625
vt 1.478516 8.453125
vt 1.483398 8.460938
vt 1.483398 8.476563
vt 1.458008 8.375000
vt 1.462891 8.390625
vt 1.497070 8.453125
vt 1.502930 8.460938
vt 1.502930 8.476563
vt 1.523438 8.445313
vt 1.535156 8.429688
vt 1.535156 8.445313
vt 2.218750 7.417969
vt 1.535156 7.417969
vt 1.523438 7.417969
vt 1.523438 8.429688
vt 1.515625 8.437500
vt 1.515625 8.421875
vt 1.515625 7.417969
vt 1.465820 8.382813
vt 4.660156 2.496094
vt 4.699219 2.496094
vt 4.699219 2.509766
vt 4.660156 2.513672
vt 4.660156 2.533203
vt 4.699219 2.525391
vt 4.660156 2.828125
vt 4.699219 2.822266
vt 4.660156 2.845703
vt 4.699219 2.841797
vt 4.699219 2.861328
vt 4.660156 2.863281
vt 4.660156 3.365234
vt 4.699219 3.367188
vt 4.660156 3.392578
vt 4.699219 3.398438
vt 4.660156 3.410156
vt 4.699219 3.419922
vt 3.515625 9.031250
vt 3.050781 9.031250
vt 2.898438 9.031250
vt 2.873047 9.031250
vt 2.847656 9.031250
vt 1.656250 9.031250
vt 1.626953 9.031250
vt 1.472656 9.031250
vt 3.039063 9.445313
vt 3.050781 9.445313
vt 3.062500 9.445313
vt 3.605469 9.445313
vt 3.626953 9.429688
vt 3.640625 9.414063
vt 3.640625 9.187500
vt 3.638672 9.156250
vt 3.626953 9.132813
vt 1.459961 9.445313
vt 1.473633 9.445313
vt 1.485352 9.445313
vt 1.625977 9.445313
vt 1.652344 9.445313
vt 1.677734 9.445313
vt 2.847656 9.445313
vt 2.873047 9.445313
vt 2.898438 9.445313
vt 1.010742 9.031250
vt 0.900879 9.125000
vt 0.888184 9.156250
vt 0.887207 9.187500
vt 0.887207 9.406250
vt 0.899902 9.429688
vt 0.920410 9.445313
vt 3.591797 4.437500
vt 2.892578 4.472656
vt 2.890625 4.437500
vt 5.199219 8.609375
vt 5.214844 8.570313
vt 5.222656 8.609375
vt 5.238281 8.570313
vt 5.355469 8.351563
vt 5.378906 8.351563
vt 5.363281 8.335938
vt 5.386719 8.335938
vt 5.363281 8.320313
vt 5.386719 8.320313
vt 5.390625 8.242188
vt 5.367188 8.242188
vt 5.367188 8.226563
vt 5.390625 8.226563
vt 5.554688 8.226563
vt 5.554688 8.242188
vt 5.550781 8.320313
vt 5.550781 8.335938
vt 5.542969 8.351563
vt 5.406250 8.570313
vt 5.386719 8.601563
vt 5.375000 8.640625
vt 5.222656 8.640625
vt 5.203125 8.640625
vt 5.382813 8.640625
vt 5.562500 8.242188
vt 5.562500 8.226563
vt 5.562500 8.320313
vt 5.562500 8.335938
vt 5.554688 8.351563
vt 5.417969 8.570313
vt 5.398438 8.601563
vt 4.011719 8.648438
vt 5.183594 8.640625
vt 5.183594 8.609375
vt 5.183594 8.578125
vt 5.199219 8.578125
vt 5.183594 8.343750
vt 5.199219 8.343750
vt 5.183594 8.320313
vt 5.199219 8.320313
vt 5.183594 8.304688
vt 5.199219 8.304688
vt 5.183594 8.242188
vt 5.199219 8.242188
vt 5.183594 8.226563
vt 5.199219 8.226563
vt 4.011719 8.343750
vt 4.011719 8.328125
vt 4.011719 8.312500
vt 4.011719 8.242188
vt 4.011719 8.226563
vt 3.994141 8.609375
vt 3.974609 8.648438
vt 3.972656 8.609375
vt 3.994141 8.648438
vt 4.011719 8.609375
vt 4.011719 8.578125
vt 3.994141 8.343750
vt 3.994141 8.328125
vt 3.994141 8.312500
vt 3.994141 8.242188
vt 3.994141 8.226563
vt 3.994141 8.578125
vt 3.847656 8.351563
vt 3.826172 8.351563
vt 3.837891 8.335938
vt 3.957031 8.578125
vt 3.978516 8.578125
vt 3.816406 8.335938
vt 3.837891 8.320313
vt 3.671875 8.351563
vt 3.802734 8.578125
vt 3.818359 8.609375
vt 3.830078 8.648438
vt 3.816406 8.250000
vt 3.816406 8.320313
vt 3.666016 8.335938
vt 3.662109 8.351563
vt 3.791016 8.578125
vt 3.808594 8.609375
vt 3.820313 8.648438
vt 3.837891 8.226563
vt 3.837891 8.250000
vt 3.816406 8.226563
vt 3.664063 8.226563
vt 3.654297 8.250000
vt 3.654297 8.226563
vt 3.664063 8.250000
vt 3.664063 8.320313
vt 3.654297 8.320313
vt 3.656250 8.335938
vt 4.695313 5.953125
vt 5.070313 5.828125
vt 4.691406 6.382813
vt 4.687500 6.402344
vt 4.367188 7.199219
vt 4.671875 6.421875
vt 4.382813 6.703125
vt 4.371094 6.730469
vt 4.375000 6.718750
vt 5.058594 7.234375
vt 5.085938 5.828125
vt 5.074219 7.238281
vt 4.382813 7.230469
vt 4.371094 7.218750
vt 4.464844 6.035156
vt 4.289063 5.828125
vt 4.464844 5.855469
vt 4.558594 5.855469
vt 4.644531 5.953125
vt 5.078125 7.250000
vt 5.078125 7.359375
vt 5.066406 7.250000
vt 5.066406 7.359375
vt 4.378906 7.250000
vt 4.289063 7.359375
vt 4.355469 7.230469
vt 4.343750 7.203125
vt 4.343750 6.722656
vt 4.347656 6.703125
vt 4.359375 6.683594
vt 4.644531 6.406250
vt 4.652344 6.390625
vt 4.656250 6.375000
vt 4.660156 6.035156
vt 4.265625 7.359375
vt 4.265625 5.828125
vt 4.246094 7.359375
vt 4.246094 5.828125
vt 3.072266 5.828125
vt 3.072266 7.359375
vt 3.052734 7.359375
vt 3.052734 5.828125
vt 3.029297 7.359375
vt 3.027344 5.828125
vt 2.974609 7.203125
vt 2.974609 6.722656
vt 2.970703 6.703125
vt 2.957031 6.683594
vt 2.673828 6.406250
vt 2.664063 6.390625
vt 2.660156 6.375000
vt 2.851563 6.035156
vt 2.658203 6.035156
vt 2.851563 5.855469
vt 2.253906 5.832031
vt 2.757813 5.855469
vt 2.623047 5.953125
vt 2.673828 5.953125
vt 2.628906 6.382813
vt 2.632813 6.402344
vt 2.953125 7.187500
vt 2.646484 6.421875
vt 2.933594 6.699219
vt 2.947266 6.726563
vt 2.945313 6.710938
vt 1.098633 7.226563
vt 1.085938 7.222656
vt 1.107422 5.820313
vt 1.113281 7.226563
vt 1.122070 5.820313
vt 2.017578 7.226563
vt 2.015625 5.832031
vt 2.031250 5.832031
vt 2.031250 7.226563
vt 2.044922 7.226563
vt 2.042969 5.832031
vt 2.232422 7.226563
vt 2.226563 5.832031
vt 2.246094 7.226563
vt 2.240234 5.832031
vt 2.259766 7.226563
vt 2.933594 7.222656
vt 2.945313 7.210938
vt 0.908691 5.820313
vt 0.886719 7.222656
vt 0.895508 5.820313
vt 0.900391 7.222656
vt 1.094727 5.820313
vt 1.099609 7.359375
vt 1.099609 7.250000
vt 1.114258 7.359375
vt 1.114258 7.250000
vt 2.011719 7.250000
vt 2.011719 7.363281
vt 2.025391 7.363281
vt 2.025391 7.250000
vt 2.039063 7.250000
vt 2.039063 7.363281
vt 2.226563 7.250000
vt 2.226563 7.363281
vt 2.238281 7.250000
vt 2.238281 7.363281
vt 2.253906 7.363281
vt 2.253906 7.250000
vt 2.939453 7.250000
vt 2.964844 7.230469
vt 0.888184 7.359375
vt 0.888184 7.250000
vt 0.901367 7.359375
vt 0.901367 7.250000
vt 1.086914 7.250000
vt 1.085938 7.359375
vt 6.441406 0.993652
vt 5.753906 0.958008
vt 5.757813 0.993652
vt 10.500000 7.027344
vt 10.468750 7.015625
vt 10.500000 7.007813
vt 10.468750 6.988281
vt 10.468750 5.644531
vt 10.500000 5.628906
vt 10.468750 5.621094
vt 10.500000 5.605469
vt 10.406250 7.933594
vt 10.406250 7.917969
vt 10.414063 7.933594
vt 10.554688 7.933594
vt 10.554688 7.917969
vt 10.570313 7.933594
vt 10.578125 7.917969
vt 10.593750 7.933594
vt 10.609375 7.917969
vt 11.742188 7.917969
vt 11.765625 7.933594
vt 11.773438 7.917969
vt 11.781250 7.933594
vt 11.804688 7.917969
vt 11.804688 7.933594
vt 11.960938 7.917969
vt 11.945313 7.933594
vt 11.960938 7.933594
vt 11.976563 7.933594
vt 12.445313 7.917969
vt 12.476563 7.933594
vt 12.468750 7.917969
vt 12.515625 7.953125
vt 9.921875 7.917969
vt 10.398438 7.933594
vt 9.898438 7.933594
vt 9.906250 7.917969
vt 9.867188 7.937500
vt 13.359375 5.750000
vt 13.343750 5.742188
vt 13.359375 5.589844
vt 13.343750 5.597656
vt 13.179688 5.972656
vt 13.203125 5.968750
vt 13.156250 6.312500
vt 13.179688 6.312500
vt 13.156250 6.324219
vt 13.187500 6.324219
vt 10.335938 0.370117
vt 10.335938 0.479492
vt 10.312500 0.382568
vt 10.312500 0.494873
vt 10.125000 0.522949
vt 10.148438 0.604492
vt 10.101563 0.540039
vt 10.117188 0.612793
vt 10.085938 0.550293
vt 10.085938 0.615234
vt 9.125000 0.615723
vt 9.117188 0.551270
vt 9.109375 0.617188
vt 9.093750 0.553711
vt 9.078125 0.559570
vt 9.093750 0.621094
vt 9.062500 0.635254
vt 9.023438 0.581543
vt 9.046875 0.643066
vt 9.007813 0.592285
vt 11.328125 2.146484
vt 11.398438 0.983887
vt 11.398438 2.146484
vt 11.328125 0.983887
vt 11.328125 0.622070
vt 11.398438 0.603516
vt 11.328125 0.615234
vt 11.398438 0.589844
vt 11.390625 0.579102
vt 11.320313 0.608398
vt 11.148438 0.467773
vt 11.140625 0.371338
vt 11.140625 0.465820
vt 11.132813 0.366211
vt 11.132813 0.466064
vt 11.117188 0.366455
vt 10.359375 0.469482
vt 10.367188 0.366455
vt 11.390625 2.751953
vt 11.328125 2.726563
vt 11.398438 2.732422
vt 11.328125 2.716797
vt 12.312500 1.551758
vt 12.281250 2.207031
vt 12.289063 1.551758
vt 12.304688 2.216797
vt 12.265625 2.246094
vt 12.281250 2.259766
vt 12.250000 2.259766
vt 12.257813 2.279297
vt 12.218750 2.263672
vt 12.218750 2.287109
vt 11.984375 2.291016
vt 11.968750 2.271484
vt 11.468750 2.949219
vt 11.437500 2.949219
vt 11.460938 2.958984
vt 11.437500 2.962891
vt 11.460938 2.968750
vt 11.429688 2.976563
vt 11.429688 4.093750
vt 11.460938 4.105469
vt 12.132813 1.028320
vt 12.132813 1.053711
vt 12.109375 1.037109
vt 12.109375 1.061523
vt 12.132813 1.328125
vt 12.109375 1.329102
vt 12.117188 1.344727
vt 12.132813 1.340820
vt 12.117188 1.360352
vt 12.140625 1.353516
vt 12.289063 1.546875
vt 12.304688 1.541992
vt 12.289063 1.549805
vt 12.312500 1.546875
vt 12.531250 3.769531
vt 12.726563 4.980469
vt 12.531250 5.082031
vt 12.726563 3.589844
vt 12.750000 4.968750
vt 12.750000 3.576172
vt 12.710938 3.546875
vt 12.726563 3.515625
vt 12.695313 3.509766
vt 12.718750 3.468750
vt 12.531250 3.734375
vt 12.531250 3.699219
vt 12.531250 2.755859
vt 12.695313 2.783203
vt 12.718750 2.697266
vt 12.695313 1.063477
vt 12.718750 1.055664
vt 12.695313 2.699219
vt 12.718750 2.726563
vt 12.695313 2.726563
vt 12.718750 2.753906
vt 12.695313 2.753906
vt 12.718750 2.785156
vt 12.531250 2.738281
vt 12.531250 2.720703
vt 12.531250 2.699219
vt 12.531250 2.205078
vt 12.531250 2.082031
vt 12.531250 1.126953
vt 12.531250 1.119141
vt 12.695313 1.052734
vt 12.718750 1.046875
vt 10.421875 1.550781
vt 10.429688 1.545898
vt 10.453125 1.550781
vt 10.593750 1.351563
vt 10.617188 1.358398
vt 10.601563 1.338867
vt 10.625000 1.342773
vt 10.601563 1.326172
vt 10.625000 1.326172
vt 10.625000 1.056641
vt 10.601563 1.048828
vt 10.625000 1.032227
vt 10.601563 1.023438
vt 11.945313 8.437500
vt 11.960938 8.437500
vt 11.945313 8.453125
vt 11.804688 8.453125
vt 11.804688 8.437500
vt 11.773438 8.437500
vt 11.781250 8.453125
vt 11.765625 8.453125
vt 11.750000 8.437500
vt 10.593750 8.453125
vt 10.601563 8.437500
vt 10.578125 8.437500
vt 10.570313 8.453125
vt 10.554688 8.437500
vt 10.554688 8.453125
vt 10.414063 8.437500
vt 10.414063 8.453125
vt 10.406250 8.437500
vt 10.406250 8.453125
vt 10.398438 8.437500
vt 10.398438 8.453125
vt 9.828125 8.437500
vt 9.820313 8.453125
vt 9.812500 8.421875
vt 9.796875 8.437500
vt 9.781250 8.414063
vt 9.796875 8.406250
vt 9.781250 8.187500
vt 9.796875 8.187500
vt 9.781250 8.164063
vt 9.796875 8.164063
vt 9.796875 8.132813
vt 9.812500 8.132813
vt 9.921875 8.031250
vt 9.921875 8.046875
vt 10.398438 8.031250
vt 10.406250 8.046875
vt 10.406250 8.031250
vt 13.195313 5.484375
vt 13.179688 5.488281
vt 13.179688 5.246094
vt 13.195313 5.246094
vt 10.335938 5.140625
vt 10.312500 4.367188
vt 10.335938 4.367188
vt 10.304688 5.160156
vt 10.335938 5.164063
vt 10.304688 5.183594
vt 10.890625 9.187500
vt 10.734375 9.335938
vt 10.890625 8.789063
vt 10.734375 8.640625
vt 10.718750 8.640625
vt 10.718750 9.343750
vt 10.703125 9.343750
vt 10.703125 8.640625
vt 10.562500 9.343750
vt 10.562500 8.640625
vt 10.554688 8.640625
vt 10.554688 9.343750
vt 10.539063 9.343750
vt 10.539063 8.640625
vt 10.125000 8.648438
vt 10.125000 9.335938
vt 9.984375 9.187500
vt 9.984375 8.789063
vt 10.507813 7.187500
vt 10.507813 7.210938
vt 10.484375 7.187500
vt 10.546875 7.210938
vt 10.632813 7.285156
vt 10.671875 7.285156
vt 12.046875 7.210938
vt 11.929688 7.285156
vt 11.960938 7.285156
vt 12.085938 7.210938
vt 12.085938 7.187500
vt 12.117188 7.183594
vt 10.414063 8.031250
vt 10.554688 8.046875
vt 10.554688 8.031250
vt 10.570313 8.031250
vt 10.578125 8.046875
vt 10.593750 8.031250
vt 11.750000 8.046875
vt 11.765625 8.031250
vt 11.773438 8.046875
vt 11.781250 8.031250
vt 11.804688 8.031250
vt 11.804688 8.046875
vt 11.945313 8.031250
vt 11.960938 8.046875
vt 11.960938 8.031250
vt 11.976563 8.031250
vt 12.445313 8.046875
vt 12.453125 8.031250
vt 12.562500 8.132813
vt 12.578125 8.132813
vt 12.570313 8.164063
vt 12.585938 8.164063
vt 12.578125 8.187500
vt 12.585938 8.187500
vt 12.578125 8.406250
vt 12.585938 8.414063
vt 12.562500 8.421875
vt 12.578125 8.437500
vt 12.554688 8.453125
vt 12.539063 8.437500
vt 11.976563 8.453125
vt 11.976563 8.437500
vt 11.960938 8.453125
vt 10.187500 5.183594
vt 10.187500 4.339844
vt 10.203125 4.363281
vt 10.179688 5.160156
vt 10.187500 5.160156
vt 10.179688 5.183594
vt 10.203125 4.316406
vt 10.312500 3.546875
vt 10.312500 4.312500
vt 10.203125 3.544922
vt 10.312500 3.523438
vt 10.203125 3.523438
vt 10.187500 3.523438
vt 10.187500 3.544922
vt 9.937500 5.605469
vt 10.265625 6.023438
vt 9.937500 7.191406
vt 10.265625 6.894531
vt 10.210938 4.339844
vt 10.312500 4.339844
vt 10.335938 4.335938
vt 10.335938 4.312500
vt 11.328125 4.406250
vt 11.328125 4.535156
vt 11.289063 4.359375
vt 11.289063 4.582031
vt 11.429688 4.570313
vt 11.390625 4.519531
vt 11.429688 4.347656
vt 11.390625 4.394531
vt 9.812500 2.845703
vt 9.835938 2.843750
vt 9.812500 2.875000
vt 9.835938 2.812500
vt 9.812500 2.812500
vt 9.843750 1.030273
vt 9.812500 1.007813
vt 9.835938 3.757813
vt 9.796875 3.757813
vt 9.812500 3.712891
vt 9.835938 2.902344
vt 9.812500 2.904297
vt 9.835938 2.871094
vt 9.976563 2.855469
vt 9.976563 2.839844
vt 9.976563 2.820313
vt 9.976563 2.277344
vt 9.976563 2.142578
vt 9.976563 1.095703
vt 9.976563 1.087891
vt 9.843750 1.020508
vt 9.812500 0.997559
vt 9.789063 5.304688
vt 9.976563 5.402344
vt 9.976563 5.421875
vt 9.789063 5.281250
vt 9.757813 5.292969
vt 9.765625 5.269531
vt 9.789063 3.833984
vt 9.765625 3.818359
vt 9.812500 3.792969
vt 9.976563 2.875000
vt 9.976563 3.964844
vt 9.976563 3.992188
vt 9.976563 4.015625
vt 10.437500 7.500000
vt 11.898438 7.707031
vt 10.570313 7.707031
vt 10.445313 7.476563
vt 10.421875 7.476563
vt 10.468750 7.476563
vt 12.007813 7.476563
vt 12.023438 7.476563
vt 12.039063 7.500000
vt 12.054688 7.476563
vt 11.265625 5.312500
vt 11.289063 5.320313
vt 11.265625 5.332031
vt 11.289063 5.300781
vt 11.265625 4.906250
vt 11.289063 4.906250
vt 11.265625 4.582031
vt 11.265625 4.359375
vt 11.289063 4.207031
vt 11.265625 4.195313
vt 12.968750 3.232422
vt 13.328125 3.253906
vt 12.968750 3.259766
vt 13.421875 4.828125
vt 13.398438 4.828125
vt 13.421875 4.800781
vt 13.398438 4.800781
vt 13.421875 4.027344
vt 13.421875 3.230469
vt 13.398438 3.232422
vt 13.421875 3.208984
vt 13.382813 3.208984
vt 12.968750 3.208984
vt 13.335938 4.781250
vt 12.968750 4.812500
vt 12.968750 4.785156
vt 12.976563 4.828125
vt 13.156250 6.300781
vt 13.187500 6.300781
vt 13.179688 6.238281
vt 13.203125 6.234375
vt 13.179688 6.230469
vt 13.195313 6.218750
vt 13.179688 6.214844
vt 13.195313 6.199219
vt 11.140625 3.539063
vt 11.132813 3.470703
vt 11.148438 3.533203
vt 11.140625 3.464844
vt 11.117188 3.423828
vt 11.125000 3.414063
vt 11.257813 2.978516
vt 11.265625 4.113281
vt 11.156250 4.882813
vt 11.140625 4.882813
vt 11.125000 3.544922
vt 11.117188 3.480469
vt 11.101563 3.431641
vt 11.062500 3.371094
vt 11.078125 3.361328
vt 11.085938 3.355469
vt 10.953125 3.613281
vt 10.968750 3.648438
vt 10.976563 3.691406
vt 11.132813 4.894531
vt 11.140625 4.906250
vt 11.156250 4.906250
vt 11.156250 5.312500
vt 11.156250 5.332031
vt 11.148438 5.312500
vt 11.148438 5.332031
vt 10.968750 4.996094
vt 11.132813 4.917969
vt 10.968750 5.019531
vt 10.851563 5.628906
vt 11.117188 5.628906
vt 10.851563 7.007813
vt 11.117188 7.007813
vt 11.140625 5.628906
vt 11.140625 7.007813
vt 11.164063 7.007813
vt 11.164063 5.628906
vt 11.195313 7.003906
vt 11.882813 7.000000
vt 11.218750 7.003906
vt 11.882813 5.632813
vt 11.867188 7.027344
vt 11.195313 7.027344
vt 11.164063 7.027344
vt 11.140625 7.027344
vt 11.117188 7.027344
vt 10.851563 7.027344
vt 10.820313 7.027344
vt 10.820313 7.007813
vt 10.789063 7.027344
vt 10.789063 7.007813
vt 12.007813 5.707031
vt 12.007813 6.925781
vt 12.031250 5.718750
vt 12.031250 6.917969
vt 12.031250 6.933594
vt 12.007813 6.945313
vt 11.890625 7.023438
vt 11.882813 7.027344
vt 12.031250 5.699219
vt 12.007813 5.687500
vt 11.867188 5.605469
vt 11.882813 5.605469
vt 11.890625 5.609375
vt 11.195313 5.628906
vt 11.218750 5.628906
vt 11.195313 5.605469
vt 11.164063 5.605469
vt 11.140625 5.605469
vt 11.117188 5.605469
vt 10.851563 5.605469
vt 10.820313 5.628906
vt 10.789063 5.628906
vt 10.789063 5.605469
vt 10.820313 5.605469
vt 10.335938 3.542969
vt 10.335938 3.566406
vt 11.460938 4.183594
vt 11.460938 4.347656
vt 11.429688 4.195313
vt 11.460938 4.570313
vt 11.460938 4.890625
vt 11.429688 5.296875
vt 11.460938 5.308594
vt 11.429688 5.316406
vt 11.460938 5.332031
vt 12.960938 3.226563
vt 12.835938 3.369141
vt 12.835938 4.679688
vt 12.960938 4.820313
vt 13.000000 6.230469
vt 12.992188 6.222656
vt 13.000000 6.214844
vt 12.992188 6.238281
vt 12.937500 6.273438
vt 12.937500 6.292969
vt 12.929688 6.285156
vt 12.929688 6.300781
vt 12.929688 5.246094
vt 12.921875 6.285156
vt 12.921875 5.246094
vt 12.281250 5.246094
vt 12.921875 6.300781
vt 12.937500 5.246094
vt 12.992188 5.246094
vt 13.000000 5.246094
vt 13.015625 5.246094
vt 13.015625 6.214844
vt 13.015625 6.230469
vt 13.007813 6.238281
vt 12.976563 6.304688
vt 12.960938 6.304688
vt 12.968750 6.324219
vt 12.968750 6.312500
vt 12.953125 6.312500
vt 12.953125 6.328125
vt 12.726563 9.140625
vt 12.281250 9.132813
vt 12.726563 9.132813
vt 12.281250 9.140625
vt 12.187500 9.296875
vt 12.273438 9.156250
vt 12.273438 9.140625
vt 12.726563 9.671875
vt 12.179688 9.671875
vt 12.179688 9.304688
vt 12.171875 9.304688
vt 12.179688 9.296875
vt 11.671875 9.304688
vt 11.656250 9.671875
vt 11.656250 9.304688
vt 11.671875 9.671875
vt 12.156250 9.304688
vt 12.156250 9.671875
vt 12.171875 9.671875
vt 12.171875 9.296875
vt 12.273438 9.132813
vt 11.093750 9.671875
vt 11.101563 9.140625
vt 11.648438 9.671875
vt 11.546875 9.140625
vt 11.554688 9.140625
vt 11.562500 9.148438
vt 11.648438 9.296875
vt 11.101563 9.132813
vt 11.546875 9.132813
vt 11.554688 9.132813
vt 11.562500 9.140625
vt 11.656250 9.296875
vt 11.648438 9.304688
vt 11.671875 9.109375
vt 12.156250 9.101563
vt 12.156250 9.109375
vt 12.171875 9.101563
vt 12.171875 9.109375
vt 12.156250 9.296875
vt 11.671875 9.296875
vt 12.171875 9.093750
vt 12.171875 8.648438
vt 12.156250 8.648438
vt 12.156250 9.093750
vt 11.671875 9.101563
vt 11.656250 9.109375
vt 11.656250 9.101563
vt 11.671875 8.648438
vt 11.671875 9.093750
vt 11.656250 8.648438
vt 11.656250 9.093750
vt 10.390625 1.048828
vt 10.390625 1.023438
vt 10.382813 1.048828
vt 10.382813 1.023438
vt 10.367188 1.023438
vt 10.367188 1.038086
vt 10.218750 1.120117
vt 10.226563 1.148438
vt 10.250000 2.152344
vt 10.406250 2.486328
vt 10.250000 2.281250
vt 10.265625 2.775391
vt 10.414063 2.539063
vt 10.523438 2.320313
vt 10.445313 2.542969
vt 10.492188 2.306641
vt 10.429688 2.513672
vt 10.460938 2.281250
vt 10.421875 2.453125
vt 10.437500 2.236328
vt 10.421875 1.555664
vt 10.414063 2.468750
vt 10.421875 2.523438
vt 10.429688 2.552734
vt 10.460938 2.568359
vt 10.750000 2.927734
vt 10.750000 2.320313
vt 10.828125 3.013672
vt 11.250000 2.958984
vt 11.257813 2.968750
vt 10.820313 3.025391
vt 10.812500 3.035156
vt 10.570313 3.074219
vt 10.273438 2.804688
vt 10.421875 2.568359
vt 10.281250 2.822266
vt 10.437500 2.593750
vt 10.296875 2.839844
vt 10.445313 2.578125
vt 10.742188 2.943359
vt 10.726563 2.951172
vt 10.437500 3.019531
vt 10.570313 8.492188
vt 10.554688 8.492188
vt 10.414063 8.492188
vt 10.406250 8.492188
vt 10.398438 8.492188
vt 9.656250 8.484375
vt 9.679688 8.484375
vt 9.687500 8.507813
vt 9.703125 8.492188
vt 10.398438 8.507813
vt 10.593750 8.492188
vt 10.593750 8.507813
vt 10.570313 8.507813
vt 10.554688 8.507813
vt 10.414063 8.507813
vt 10.406250 8.507813
vt 9.664063 8.468750
vt 9.640625 8.468750
vt 9.671875 8.132813
vt 9.648438 8.132813
vt 9.656250 8.164063
vt 9.640625 8.164063
vt 9.656250 8.187500
vt 9.632813 8.187500
vt 9.656250 8.445313
vt 9.632813 8.445313
vt 12.703125 8.132813
vt 12.710938 8.164063
vt 12.710938 8.187500
vt 12.703125 8.117188
vt 12.734375 8.164063
vt 12.734375 8.187500
vt 12.710938 8.453125
vt 12.710938 8.468750
vt 11.976563 8.492188
vt 11.960938 8.492188
vt 11.945313 8.492188
vt 11.804688 8.492188
vt 11.781250 8.492188
vt 11.765625 8.507813
vt 11.765625 8.492188
vt 11.781250 8.507813
vt 12.695313 8.484375
vt 12.671875 8.492188
vt 11.976563 8.507813
vt 11.960938 8.507813
vt 11.945313 8.507813
vt 11.804688 8.507813
vt 12.679688 8.507813
vt 12.710938 8.484375
vt 12.726563 8.468750
vt 12.734375 8.453125
vt 9.570313 5.535156
vt 9.781250 5.535156
vt 9.570313 5.558594
vt 9.781250 5.558594
vt 9.789063 5.535156
vt 9.789063 5.558594
vt 9.796875 5.542969
vt 9.796875 5.578125
vt 9.882813 5.691406
vt 9.882813 5.730469
vt 9.796875 7.128906
vt 9.882813 6.984375
vt 9.882813 7.019531
vt 9.796875 7.164063
vt 9.789063 7.148438
vt 9.789063 7.171875
vt 9.781250 7.171875
vt 9.570313 7.148438
vt 9.570313 7.171875
vt 9.781250 7.148438
vt 11.578125 5.328125
vt 11.585938 5.308594
vt 11.585938 5.328125
vt 11.578125 5.308594
vt 11.578125 4.890625
vt 11.585938 4.890625
vt 11.578125 3.457031
vt 11.609375 3.417969
vt 11.593750 3.464844
vt 11.570313 3.527344
vt 11.585938 3.533203
vt 11.601563 3.474609
vt 11.593750 3.537109
vt 11.625000 3.425781
vt 11.656250 3.365234
vt 11.648438 3.357422
vt 11.593750 3.408203
vt 11.632813 3.351563
vt 11.593750 4.898438
vt 11.742188 3.683594
vt 11.750000 3.640625
vt 11.765625 3.607422
vt 12.156250 3.072266
vt 11.921875 3.027344
vt 11.906250 3.019531
vt 11.906250 3.007813
vt 11.742188 5.000000
vt 11.289063 4.101563
vt 11.289063 2.984375
vt 11.289063 2.972656
vt 11.281250 2.958984
vt 10.765625 2.302734
vt 10.531250 2.296875
vt 10.500000 2.289063
vt 10.476563 2.267578
vt 10.460938 2.224609
vt 10.445313 1.554688
vt 9.554688 5.554688
vt 9.554688 5.578125
vt 9.554688 7.132813
vt 9.554688 7.152344
vt 12.343750 1.055664
vt 12.343750 1.028320
vt 12.351563 1.028320
vt 12.351563 1.055664
vt 12.359375 1.028320
vt 12.359375 1.041992
vt 12.484375 1.120117
vt 12.484375 1.152344
vt 12.484375 2.150391
vt 12.335938 2.460938
vt 12.484375 2.283203
vt 12.484375 2.667969
vt 12.328125 2.501953
vt 12.484375 2.697266
vt 12.320313 2.527344
vt 12.476563 2.714844
vt 12.304688 2.548828
vt 12.328125 2.443359
vt 12.328125 2.492188
vt 12.312500 2.515625
vt 12.320313 2.427734
vt 12.320313 2.482422
vt 12.304688 2.505859
vt 12.281250 2.531250
vt 12.296875 2.537109
vt 12.460938 2.730469
vt 12.000000 2.939453
vt 12.265625 3.003906
vt 11.984375 2.933594
vt 11.976563 2.919922
s 1
usemtl building_glow.002
f 384/1/1 383/2/1 382/3/1
f 380/4/2 379/5/2 381/6/3
f 378/7/4 379/5/2 380/4/2
f 378/7/4 376/8/5 379/5/2
f 377/9/6 376/8/5 378/7/4
f 377/9/6 375/10/7 376/8/5
f 376/8/5 375/10/7 374/11/7
f 373/12/8 371/13/8 372/14/8
f 372/14/8 371/13/8 370/15/8
f 369/16/8 367/17/8 368/18/8
f 368/18/8 367/17/8 366/19/8
f 365/20/8 363/21/8 364/22/8
f 364/22/8 363/21/8 362/23/8
f 361/24/8 359/25/8 360/26/8
f 360/26/8 359/25/8 358/27/8
f 357/28/9 355/29/10 356/13/10
f 356/13/10 355/29/10 354/15/10
f 353/30/9 351/31/9 352/13/9
f 352/13/9 351/31/9 350/15/9
f 349/32/11 347/33/11 348/34/11
f 348/34/11 347/33/11 346/35/11
f 345/36/11 343/37/11 344/38/11
f 344/38/11 343/37/11 342/39/11
f 341/40/12 339/41/12 340/42/12
f 340/42/12 339/41/12 338/43/12
f 337/40/12 335/41/12 336/42/12
f 336/42/12 335/41/12 334/43/12
f 333/44/12 331/45/12 332/42/12
f 332/42/12 331/45/12 330/43/12
f 329/46/13 327/47/13 328/48/13
f 328/48/13 327/47/13 326/49/13
f 325/36/13 323/37/13 324/50/13
f 324/50/13 323/37/13 322/51/13
f 321/46/14 319/48/14 320/47/14
f 320/47/14 319/48/14 318/49/14
f 317/36/14 315/50/14 316/37/14
f 316/37/14 315/50/14 314/51/14
f 313/4/15 312/6/15 311/52/15
f 310/53/16 308/54/16 309/55/16
f 309/55/16 308/54/16 307/56/16
f 308/54/16 306/42/16 307/56/16
f 307/56/16 306/42/16 305/43/16
f 304/57/11 302/58/11 303/59/11
f 303/59/11 302/58/11 301/60/11
f 300/61/17 298/62/17 299/63/18
f 299/63/18 298/62/17 297/64/19
f 296/65/20 294/66/21 295/67/20
f 295/67/20 294/66/21 293/68/22
f 292/69/23 290/70/23 291/61/24
f 291/61/24 290/70/23 289/62/24
f 288/71/25 286/65/26 287/72/25
f 287/72/25 286/65/26 285/67/26
f 284/73/27 282/74/27 283/75/27
f 283/75/27 282/74/27 281/76/27
f 280/77/28 278/78/28 279/76/28
f 279/76/28 278/78/28 277/75/28
f 276/79/29 274/80/29 275/81/29
f 275/81/29 274/80/29 273/82/29
f 272/83/30 270/84/31 271/85/32
f 271/85/32 270/84/31 269/86/33
f 268/87/34 266/88/34 267/89/35
f 267/89/35 266/88/34 265/90/35
f 264/91/36 263/92/37 262/93/38
f 261/94/39 259/95/40 260/96/41
f 260/96/41 259/95/40 258/97/42
f 259/95/40 257/98/43 258/97/42
f 258/97/42 257/98/43 256/99/44
f 255/100/7 253/101/7 254/102/7
f 254/102/7 253/101/7 252/103/7
f 253/101/7 251/78/7 252/103/7
f 252/103/7 251/78/7 250/77/7
f 248/104/45 247/105/46 249/106/47
f 246/107/48 247/105/46 248/104/45
f 246/107/48 245/108/49 247/105/46
f 243/109/50 245/108/49 246/107/48
f 245/108/49 243/109/50 244/110/11
f 244/110/11 243/109/50 242/111/11
f 241/112/51 240/113/51 239/114/51
f 238/115/8 236/13/8 237/116/8
f 237/116/8 236/13/8 235/15/8
f 234/117/8 232/118/8 233/119/8
f 233/119/8 232/118/8 231/120/8
f 230/121/8 228/122/8 229/123/8
f 229/123/8 228/122/8 227/124/8
f 226/12/8 224/14/8 225/13/8
f 225/13/8 224/14/8 223/15/8
f 222/12/7 220/125/7 221/14/7
f 221/14/7 220/125/7 219/126/7
f 218/127/7 216/128/7 217/129/7
f 217/129/7 216/128/7 215/130/7
f 214/131/7 212/132/7 213/133/7
f 213/133/7 212/132/7 211/134/7
f 210/134/27 208/132/27 209/133/27
f 209/133/27 208/132/27 207/131/27
f 206/135/52 204/136/53 205/137/54
f 205/137/54 204/136/53 203/138/55
f 202/139/56 200/140/57 201/141/58
f 201/141/58 200/140/57 199/142/59
f 200/140/57 198/143/60 199/142/59
f 199/142/59 198/143/60 197/144/61
f 198/143/60 196/145/62 197/144/61
f 197/144/61 196/145/62 195/146/63
f 193/147/64 192/148/65 194/149/66
f 190/150/67 192/148/65 193/147/64
f 192/148/65 190/150/67 191/151/68
f 191/151/68 190/150/67 189/152/69
f 188/153/70 186/154/71 187/155/72
f 187/155/72 186/154/71 185/156/73
f 186/154/71 184/11/74 185/156/73
f 185/156/73 184/11/74 183/10/75
f 182/1/76 180/157/77 181/2/78
f 181/2/78 180/157/77 179/158/79
f 178/159/80 179/158/79 180/157/77
f 176/160/81 179/158/79 178/159/80
f 175/161/11 176/160/81 178/159/80
f 177/162/11 176/160/81 175/161/11
f 174/72/8 171/163/8 173/71/8
f 173/71/8 171/163/8 172/164/8
f 172/164/8 171/163/8 169/165/8
f 169/165/8 171/163/8 170/166/8
f 170/166/8 168/70/8 169/165/8
f 169/165/8 168/70/8 167/69/8
f 166/167/7 164/168/7 165/169/7
f 165/169/7 164/168/7 163/170/7
f 162/171/7 163/170/7 164/168/7
f 161/172/7 163/170/7 162/171/7
f 162/171/7 158/173/7 161/172/7
f 161/172/7 158/173/7 160/174/7
f 160/174/7 158/173/7 159/175/7
f 158/173/7 157/176/82 159/175/7
f 158/173/7 156/177/82 157/176/82
f 157/176/82 156/177/82 155/178/82
f 156/177/82 154/179/82 155/178/82
f 155/178/82 154/179/82 153/180/82
f 154/179/82 152/181/82 153/180/82
f 153/180/82 152/181/82 150/182/82
f 149/183/7 150/182/82 152/181/82
f 151/184/7 150/182/82 149/183/7
f 148/185/27 147/186/27 146/187/27
f 147/186/27 143/188/27 146/187/27
f 146/187/27 143/188/27 145/189/27
f 145/189/27 143/188/27 144/190/27
f 144/190/27 143/188/27 142/191/27
f 143/188/27 141/192/27 142/191/27
f 142/191/27 141/192/27 140/193/27
f 140/193/27 141/192/27 139/194/27
f 140/193/27 139/194/27 138/195/27
f 138/195/27 139/194/27 137/196/27
f 138/195/27 137/196/27 136/197/27
f 136/197/27 137/196/27 135/198/27
f 136/197/27 135/198/27 134/199/27
f 134/199/27 135/198/27 133/200/27
f 134/199/27 133/200/27 132/201/27
f 132/201/27 133/200/27 131/202/27
f 132/201/27 131/202/27 130/203/27
f 130/203/27 131/202/27 129/204/27
f 130/203/27 129/204/27 127/205/27
f 127/205/27 129/204/27 128/206/27
f 128/206/27 126/207/83 127/205/27
f 127/205/27 126/207/83 125/208/84
f 124/208/85 123/207/86 121/205/7
f 121/205/7 123/207/86 122/206/7
f 122/206/7 120/204/7 121/205/7
f 121/205/7 120/204/7 119/203/7
f 120/204/7 118/202/7 119/203/7
f 119/203/7 118/202/7 117/201/7
f 118/202/7 116/200/7 117/201/7
f 117/201/7 116/200/7 115/199/7
f 116/200/7 114/198/7 115/199/7
f 115/199/7 114/198/7 113/197/7
f 114/198/7 112/196/7 113/197/7
f 113/197/7 112/196/7 111/195/7
f 112/196/7 110/194/7 111/195/7
f 111/195/7 110/194/7 109/193/7
f 110/194/7 108/192/7 109/193/7
f 109/193/7 108/192/7 107/191/7
f 108/192/7 105/188/7 107/191/7
f 107/191/7 105/188/7 106/190/7
f 106/190/7 105/188/7 104/189/7
f 104/189/7 105/188/7 102/186/7
f 104/189/7 102/186/7 103/187/7
f 103/187/7 102/186/7 101/185/7
f 100/209/87 99/210/87 98/211/87
f 97/212/8 78/213/8 83/214/8
f 96/215/8 95/216/8 94/217/8
f 95/216/8 93/218/8 94/217/8
f 94/217/8 93/218/8 90/219/8
f 93/218/8 92/220/8 90/219/8
f 92/220/8 91/221/8 90/219/8
f 91/221/8 89/222/8 90/219/8
f 90/219/8 89/222/8 82/223/8
f 89/222/8 88/224/8 82/223/8
f 88/224/8 87/225/8 82/223/8
f 87/225/8 86/226/8 82/223/8
f 86/226/8 85/227/8 82/223/8
f 85/227/8 84/228/8 82/223/8
f 84/228/8 83/214/8 82/223/8
f 83/214/8 78/213/8 82/223/8
f 78/213/8 81/229/8 82/223/8
f 79/230/8 81/229/8 78/213/8
f 80/231/8 79/230/8 78/213/8
f 76/232/27 75/233/27 77/234/27
f 74/235/27 75/233/27 76/232/27
f 74/235/27 73/236/27 75/233/27
f 72/237/27 73/236/27 74/235/27
f 72/237/27 71/238/27 73/236/27
f 70/239/27 71/238/27 72/237/27
f 71/238/27 70/239/27 69/240/27
f 69/240/27 70/239/27 66/241/27
f 68/242/27 69/240/27 66/241/27
f 67/243/27 68/242/27 66/241/27
f 65/244/27 67/243/27 66/241/27
f 64/245/27 65/244/27 66/241/27
f 64/245/27 63/246/27 65/244/27
f 60/247/27 63/246/27 64/245/27
f 60/247/27 61/248/27 63/246/27
f 62/249/27 61/248/27 60/247/27
f 59/250/88 56/251/88 58/252/88
f 58/252/88 56/251/88 57/253/88
f 57/253/88 56/251/88 55/254/88
f 55/254/88 56/251/88 54/255/88
f 55/254/88 54/255/88 53/256/89
f 53/256/89 54/255/88 52/257/90
f 53/256/89 52/257/90 51/258/7
f 51/258/7 52/257/90 49/259/7
f 51/258/7 49/259/7 50/260/7
f 50/260/7 49/259/7 48/261/7
f 47/262/91 46/263/92 45/264/93
f 45/264/93 46/263/92 44/265/94
f 45/264/93 44/265/94 43/266/95
f 43/266/95 44/265/94 41/267/96
f 43/266/95 41/267/96 42/268/97
f 42/268/97 41/267/96 40/269/98
f 39/270/99 38/271/100 37/272/101
f 37/272/101 38/271/100 35/273/102
f 37/272/101 35/273/102 36/274/103
f 36/274/103 35/273/102 34/275/104
f 33/114/105 31/276/106 32/112/107
f 32/112/107 31/276/106 30/277/108
f 27/278/109 30/277/108 31/276/106
f 29/279/110 30/277/108 27/278/109
f 29/279/110 27/278/109 28/280/11
f 28/280/11 27/278/109 26/281/11
f 25/282/11 22/283/111 24/284/11
f 24/284/11 22/283/111 23/285/112
f 22/283/111 21/286/113 23/285/112
f 19/287/114 21/286/113 22/283/111
f 21/286/113 19/287/114 20/211/115
f 20/211/115 19/287/114 18/209/116
f 17/288/27 16/289/27 15/290/27
f 15/290/27 16/289/27 13/291/27
f 15/290/27 13/291/27 14/252/27
f 14/252/27 13/291/27 12/250/27
f 11/91/117 9/292/118 10/92/119
f 10/92/119 9/292/118 8/293/120
f 5/294/121 8/293/120 9/292/118
f 7/295/122 8/293/120 5/294/121
f 7/295/122 5/294/121 6/296/7
f 6/296/7 5/294/121 4/297/7
f 3/104/123 2/106/123 1/298/123
usemtl metal.002
f 3034/299/124 3033/300/124 3031/301/125
f 3031/301/125 3033/300/124 3032/302/125
f 3030/303/125 3031/301/125 3032/302/125
f 3028/304/126 3031/301/125 3030/303/125
f 3027/305/127 3028/304/126 3030/303/125
f 3029/306/127 3028/304/126 3027/305/127
f 3024/307/128 3026/308/129 3025/309/130
f 3025/309/130 3021/310/131 3024/307/128
f 3024/307/128 3021/310/131 3023/311/132
f 3023/311/132 3021/310/131 3022/312/133
f 3022/312/133 3021/310/131 3020/313/134
f 3021/310/131 3019/314/135 3020/313/134
f 3020/313/134 3019/314/135 3018/315/136
f 3017/316/137 3015/317/138 3016/318/139
f 3016/318/139 3015/317/138 3014/319/140
f 3013/320/141 3011/321/141 3012/322/141
f 3012/322/141 3011/321/141 3010/323/141
f 3009/318/142 3007/319/143 3008/324/144
f 3008/324/144 3007/319/143 3006/325/145
f 3005/326/146 3003/321/147 3004/327/146
f 3004/327/146 3003/321/147 3002/320/148
f 3001/325/149 2999/326/149 3000/324/149
f 3000/324/149 2999/326/149 2998/327/150
f 2997/328/151 2995/329/151 2996/330/151
f 2996/330/151 2995/329/151 2994/331/151
f 2993/332/152 2991/333/152 2992/328/153
f 2992/328/153 2991/333/152 2990/329/153
f 2989/334/154 2987/333/154 2988/335/154
f 2988/335/154 2987/333/154 2986/332/154
f 2985/336/155 2983/337/155 2984/338/155
f 2984/338/155 2983/337/155 2982/339/155
f 2981/330/156 2979/331/156 2980/338/156
f 2980/338/156 2979/331/156 2978/336/156
f 2977/340/157 2976/341/158 2975/342/159
f 2974/343/160 2975/342/159 2976/341/158
f 2973/344/161 2975/342/159 2974/343/160
f 2974/343/160 2972/345/162 2973/344/161
f 2973/344/161 2972/345/162 2971/346/163
f 2970/347/164 2969/348/164 2967/349/164
f 2966/350/164 2967/349/164 2969/348/164
f 2968/351/164 2967/349/164 2966/350/164
f 2965/352/165 2963/348/166 2964/353/167
f 2964/353/167 2963/348/166 2962/347/168
f 2961/354/169 2959/355/170 2960/356/170
f 2960/356/170 2959/355/170 2958/357/171
f 2957/358/172 2955/359/173 2956/356/174
f 2956/356/174 2955/359/173 2954/354/175
f 2953/360/176 2951/361/177 2952/362/178
f 2952/362/178 2951/361/177 2950/363/179
f 2949/364/180 2947/365/180 2948/366/180
f 2948/366/180 2947/365/180 2946/367/180
f 2945/368/181 2943/369/181 2944/361/181
f 2944/361/181 2943/369/181 2942/370/181
f 2941/371/182 2940/372/183 2939/373/184
f 2938/374/185 2939/373/184 2940/372/183
f 2936/375/186 2939/373/184 2938/374/185
f 2935/376/124 2936/375/186 2938/374/185
f 2937/377/124 2936/375/186 2935/376/124
f 2934/378/187 2932/379/188 2933/380/187
f 2933/380/187 2932/379/188 2931/381/189
f 2932/379/188 2930/382/190 2931/381/189
f 2931/381/189 2930/382/190 2929/383/191
f 2928/384/192 2926/385/192 2927/386/192
f 2927/386/192 2926/385/192 2925/387/192
f 2926/385/192 2924/388/192 2925/387/192
f 2925/387/192 2924/388/192 2923/389/192
f 2922/390/193 2920/391/194 2921/392/195
f 2918/393/196 2921/392/195 2920/391/194
f 2917/394/197 2918/393/196 2920/391/194
f 2919/395/197 2918/393/196 2917/394/197
f 2915/396/198 2914/397/198 2916/398/198
f 2913/399/199 2914/397/198 2915/396/198
f 2914/397/198 2913/399/199 2911/400/200
f 2913/399/199 2912/401/201 2911/400/200
f 2912/401/201 2910/402/202 2911/400/200
f 2911/400/200 2910/402/202 2909/403/203
f 2910/402/202 2908/404/204 2909/403/203
f 2908/404/204 2907/405/205 2909/403/203
f 2905/406/206 2907/405/205 2908/404/204
f 2906/407/207 2907/405/205 2905/406/206
f 2906/407/207 2905/406/206 2904/408/208
f 2904/408/208 2905/406/206 2903/409/209
f 2904/408/208 2903/409/209 2901/410/210
f 2901/410/210 2903/409/209 2902/411/211
f 2902/411/211 2900/412/212 2901/410/210
f 2901/410/210 2900/412/212 2899/413/213
f 2898/414/214 2896/415/214 2897/416/214
f 2897/416/214 2896/415/214 2895/417/214
f 2894/418/215 2892/419/215 2893/420/215
f 2893/420/215 2892/419/215 2891/421/215
f 2890/422/88 2888/423/88 2889/424/88
f 2889/424/88 2888/423/88 2887/425/88
f 2886/426/11 2884/427/11 2885/428/11
f 2885/428/11 2884/427/11 2883/429/11
f 2882/414/214 2880/415/214 2881/416/214
f 2881/416/214 2880/415/214 2879/417/214
f 2878/426/11 2876/427/11 2877/428/11
f 2877/428/11 2876/427/11 2875/429/11
f 2874/422/88 2872/423/88 2873/424/88
f 2873/424/88 2872/423/88 2871/425/88
f 2870/419/215 2868/418/215 2869/430/215
f 2869/430/215 2868/418/215 2867/431/215
f 2866/432/216 2864/433/216 2865/414/216
f 2865/414/216 2864/433/216 2863/415/216
f 2862/430/217 2860/419/217 2861/431/217
f 2861/431/217 2860/419/217 2859/418/217
f 2858/434/218 2856/435/219 2857/422/218
f 2857/422/218 2856/435/219 2855/423/219
f 2854/436/220 2852/437/220 2853/426/220
f 2853/426/220 2852/437/220 2851/427/220
f 2850/433/221 2848/415/221 2849/432/221
f 2849/432/221 2848/415/221 2847/414/221
f 2846/436/222 2844/437/222 2845/426/222
f 2845/426/222 2844/437/222 2843/427/222
f 2842/435/223 2840/423/223 2841/434/223
f 2841/434/223 2840/423/223 2839/422/223
f 2838/421/224 2836/420/224 2837/419/224
f 2837/419/224 2836/420/224 2835/418/224
f 2834/438/225 2833/439/226 2832/440/227
f 2833/439/226 2831/441/228 2832/440/227
f 2832/440/227 2831/441/228 2830/442/229
f 2829/443/230 2827/444/230 2828/445/231
f 2828/445/231 2827/444/230 2826/446/231
f 2825/447/232 2823/444/233 2824/448/234
f 2824/448/234 2823/444/233 2822/443/235
f 2820/449/236 2818/450/237 2821/451/238
f 2819/452/239 2818/450/237 2820/449/236
f 2819/452/239 2817/453/240 2818/450/237
f 2818/450/237 2817/453/240 2816/454/241
f 2817/453/240 2815/455/242 2816/454/241
f 2816/454/241 2815/455/242 2814/456/243
f 2813/457/244 2811/458/244 2812/459/244
f 2812/459/244 2811/458/244 2810/460/244
f 2808/448/245 2807/461/245 2809/447/245
f 2806/462/246 2807/461/245 2808/448/245
f 2807/461/245 2806/462/246 2805/463/247
f 2805/463/247 2806/462/246 2804/464/248
f 2805/463/247 2804/464/248 2803/465/249
f 2803/465/249 2804/464/248 2802/466/250
f 2803/465/249 2802/466/250 2801/467/251
f 2801/467/251 2802/466/250 2799/468/252
f 2801/467/251 2799/468/252 2800/469/253
f 2800/469/253 2799/468/252 2798/470/254
f 2797/471/255 2795/469/256 2796/472/257
f 2796/472/257 2795/469/256 2794/470/258
f 2793/473/259 2792/459/259 2791/460/259
f 2790/474/260 2789/475/261 2787/476/262
f 2788/477/263 2787/476/262 2789/475/261
f 2785/478/264 2787/476/262 2788/477/263
f 2787/476/262 2785/478/264 2786/479/127
f 2786/479/127 2785/478/264 2784/480/265
f 2783/481/27 2781/482/27 2782/483/27
f 2782/483/27 2781/482/27 2780/484/27
f 2779/485/7 2777/486/7 2778/487/7
f 2778/487/7 2777/486/7 2776/488/7
f 2775/489/27 2773/490/27 2774/491/27
f 2774/491/27 2773/490/27 2772/492/27
f 2771/493/7 2769/494/7 2770/495/7
f 2770/495/7 2769/494/7 2768/496/7
f 2767/497/266 2765/498/267 2766/499/268
f 2766/499/268 2765/498/267 2764/500/269
f 2763/501/270 2761/502/270 2762/503/270
f 2762/503/270 2761/502/270 2760/504/270
f 2759/505/271 2757/504/271 2758/506/271
f 2758/506/271 2757/504/271 2756/502/271
f 2755/506/272 2753/507/273 2754/505/272
f 2754/505/272 2753/507/273 2752/508/273
f 2751/508/274 2749/507/274 2750/503/274
f 2750/503/274 2749/507/274 2748/501/274
f 2747/509/275 2745/510/275 2746/511/275
f 2746/511/275 2745/510/275 2744/512/275
f 2743/512/276 2741/510/276 2742/513/276
f 2742/513/276 2741/510/276 2740/514/276
f 2739/514/277 2737/515/278 2738/513/277
f 2738/513/277 2737/515/278 2736/516/278
f 2735/516/279 2733/515/279 2734/511/279
f 2734/511/279 2733/515/279 2732/509/279
f 2731/508/271 2729/503/271 2730/517/271
f 2730/517/271 2729/503/271 2728/518/271
f 2727/505/280 2725/508/281 2726/519/280
f 2726/519/280 2725/508/281 2724/517/281
f 2723/520/274 2721/504/274 2722/519/274
f 2722/519/274 2721/504/274 2720/505/274
f 2719/503/282 2717/504/282 2718/518/282
f 2718/518/282 2717/504/282 2716/520/282
f 2715/511/283 2713/512/283 2714/521/283
f 2714/521/283 2713/512/283 2712/522/283
f 2711/516/276 2709/511/276 2710/523/276
f 2710/523/276 2709/511/276 2708/521/276
f 2707/524/284 2705/513/284 2706/523/285
f 2706/523/285 2705/513/284 2704/516/285
f 2703/512/279 2701/513/279 2702/522/279
f 2702/522/279 2701/513/279 2700/524/279
f 2698/525/286 2697/526/287 2699/527/288
f 2696/528/289 2697/526/287 2698/525/286
f 2696/528/289 2694/529/290 2697/526/287
f 2695/530/291 2694/529/290 2696/528/289
f 2695/530/291 2693/531/292 2694/529/290
f 2694/529/290 2693/531/292 2692/532/293
f 2691/533/294 2689/473/294 2690/458/294
f 2690/458/294 2689/473/294 2688/460/294
f 2686/534/295 2685/535/296 2687/536/297
f 2683/537/298 2685/535/296 2686/534/295
f 2685/535/296 2683/537/298 2684/538/299
f 2684/538/299 2683/537/298 2682/539/300
f 2681/540/301 2679/541/302 2680/542/301
f 2680/542/301 2679/541/302 2678/543/302
f 2677/544/303 2675/545/304 2676/546/305
f 2676/546/305 2675/545/304 2674/547/306
f 2673/547/307 2671/545/307 2672/548/307
f 2672/548/307 2671/545/307 2670/549/307
f 2669/546/308 2667/547/309 2668/550/309
f 2668/550/309 2667/547/309 2666/551/310
f 2665/551/311 2663/547/312 2664/552/313
f 2664/552/313 2663/547/312 2662/548/314
f 2661/553/315 2659/552/316 2660/554/317
f 2660/554/317 2659/552/316 2658/548/318
f 2657/554/319 2655/548/320 2656/555/320
f 2656/555/320 2655/548/320 2654/549/321
f 2653/556/322 2651/557/323 2652/558/323
f 2652/558/323 2651/557/323 2650/559/324
f 2648/560/8 2647/561/8 1714/397/8
f 2647/561/8 2648/560/8 2646/562/8
f 2646/562/8 2648/560/8 2649/563/8
f 2649/563/8 2645/564/325 2646/562/8
f 2644/565/326 2645/564/325 2649/563/8
f 2649/563/8 2642/566/327 2644/565/326
f 2641/567/8 2642/566/327 2649/563/8
f 2649/563/8 2648/560/8 2641/567/8
f 2641/567/8 2648/560/8 2640/568/8
f 2640/568/8 2648/560/8 1714/397/8
f 1730/569/8 1714/397/8 2647/561/8
f 2647/561/8 1737/570/8 1730/569/8
f 2646/562/8 1737/570/8 2647/561/8
f 2646/562/8 1741/571/328 1737/570/8
f 2645/564/325 1741/571/328 2646/562/8
f 1744/572/329 1741/571/328 2645/564/325
f 2644/565/326 1744/572/329 2645/564/325
f 1757/573/330 1744/572/329 2644/565/326
f 2644/565/326 2643/574/331 1757/573/330
f 2642/566/327 2643/574/331 2644/565/326
f 2643/574/331 2642/566/327 1698/575/332
f 1698/575/332 2642/566/327 1697/576/333
f 2641/567/8 1697/576/333 2642/566/327
f 1696/577/8 1697/576/333 2641/567/8
f 2640/568/8 1696/577/8 2641/567/8
f 1695/578/8 1696/577/8 2640/568/8
f 1695/578/8 2640/568/8 1714/397/8
f 1694/579/8 1695/578/8 1714/397/8
f 2639/580/334 2638/581/334 2637/582/334
f 2636/583/335 2635/584/336 2632/585/337
f 2635/584/336 2634/586/338 2632/585/337
f 2631/587/339 2632/585/337 2634/586/338
f 2633/588/340 2632/585/337 2631/587/339
f 2629/589/341 2627/590/342 2630/591/343
f 2628/592/344 2627/590/342 2629/589/341
f 2628/592/344 2626/593/345 2627/590/342
f 2627/590/342 2626/593/345 2625/594/346
f 2626/593/345 2624/595/347 2625/594/346
f 2625/594/346 2624/595/347 2623/596/348
f 2622/597/349 2620/580/349 2621/598/349
f 2621/598/349 2620/580/349 2619/582/349
f 2618/599/350 2615/600/351 2617/601/350
f 2617/601/350 2615/600/351 2616/602/351
f 2616/602/351 2615/600/351 2613/603/352
f 2613/603/352 2615/600/351 2614/604/352
f 2614/604/352 2612/605/353 2613/603/352
f 2613/603/352 2612/605/353 2611/606/354
f 2612/605/353 2610/607/355 2611/606/354
f 2611/606/354 2610/607/355 2609/608/356
f 2610/607/355 2607/609/357 2609/608/356
f 2609/608/356 2607/609/357 2608/610/357
f 2608/610/357 2607/609/357 2605/611/358
f 2605/611/358 2607/609/357 2606/612/359
f 2606/612/359 2604/613/360 2605/611/358
f 2605/611/358 2604/613/360 2603/614/361
f 2604/613/360 2602/615/362 2603/614/361
f 2603/614/361 2602/615/362 2601/616/363
f 2602/615/362 2600/617/364 2601/616/363
f 2601/616/363 2600/617/364 2599/618/365
f 2598/619/366 2597/597/366 2596/598/366
f 2595/497/367 2594/499/367 2592/620/367
f 2594/499/367 2591/621/367 2592/620/367
f 2593/622/367 2592/620/367 2591/621/367
f 2590/623/8 2576/624/8 2589/625/8
f 2589/625/8 2576/624/8 2578/626/8
f 2578/626/8 2588/627/368 2589/625/8
f 2587/628/369 2588/627/368 2578/626/8
f 2587/628/369 2578/626/8 2586/629/370
f 2586/629/370 2578/626/8 2585/630/371
f 2577/631/8 2585/630/371 2578/626/8
f 2584/632/372 2585/630/371 2577/631/8
f 2584/632/372 2577/631/8 2583/633/373
f 2583/633/373 2577/631/8 2582/634/374
f 2577/631/8 2581/635/375 2582/634/374
f 2580/636/8 2581/635/375 2577/631/8
f 2577/631/8 2575/637/8 2580/636/8
f 2580/636/8 2575/637/8 2579/638/8
f 2578/626/8 2576/624/8 2577/631/8
f 2577/631/8 2576/624/8 2575/637/8
f 2574/619/376 2572/598/376 2573/581/376
f 2573/581/376 2572/598/376 2571/582/376
f 2570/639/377 2569/640/378 2566/641/379
f 2566/641/379 2569/640/378 2568/642/380
f 2565/643/381 2566/641/379 2568/642/380
f 2567/644/382 2566/641/379 2565/643/381
f 2564/645/383 2562/646/383 2563/647/384
f 2563/647/384 2562/646/383 2561/648/384
f 2560/649/384 2561/648/384 2562/646/383
f 2559/650/384 2561/648/384 2560/649/384
f 2560/649/384 2558/390/384 2559/650/384
f 2559/650/384 2558/390/384 2557/392/384
f 2556/384/8 2555/386/8 2554/651/8
f 2553/652/385 2551/314/386 2552/653/386
f 2552/653/386 2551/314/386 2550/654/387
f 2549/315/388 2547/314/389 2548/655/389
f 2548/655/389 2547/314/389 2546/652/390
f 2545/596/391 2544/527/392 2543/594/393
f 2543/594/393 2544/527/392 2542/526/394
f 2543/594/393 2542/526/394 2540/590/395
f 2540/590/395 2542/526/394 2541/529/396
f 2541/529/396 2539/532/397 2540/590/395
f 2540/590/395 2539/532/397 2538/591/398
f 2537/655/399 2536/652/400 2534/656/401
f 2534/656/401 2536/652/400 2533/657/402
f 2535/658/402 2534/656/401 2533/657/402
f 2531/659/403 2530/660/404 2532/661/405
f 2529/662/406 2530/660/404 2531/659/403
f 2529/662/406 2527/663/407 2530/660/404
f 2528/664/408 2527/663/407 2529/662/406
f 2528/664/408 2526/665/409 2527/663/407
f 2527/663/407 2526/665/409 2525/666/410
f 2518/667/411 2519/668/88 2524/669/412
f 2524/669/412 2519/668/88 2520/670/88
f 2524/669/412 2520/670/88 2502/671/413
f 2502/671/413 2520/670/88 2501/672/88
f 2523/312/414 2504/313/11 2497/673/415
f 2498/674/416 2523/312/414 2497/673/415
f 2522/311/417 2523/312/414 2498/674/416
f 2498/674/416 2499/675/418 2522/311/417
f 2522/311/417 2499/675/418 2521/307/419
f 2499/675/418 2500/676/420 2521/307/419
f 2521/307/419 2500/676/420 1973/308/421
f 2500/676/420 1976/677/88 1973/308/421
f 2501/672/88 1976/677/88 2500/676/420
f 1976/677/88 2501/672/88 1984/678/88
f 1984/678/88 2501/672/88 2520/670/88
f 1984/678/88 2520/670/88 1981/679/88
f 1981/679/88 2520/670/88 2519/668/88
f 2519/668/88 1978/680/88 1981/679/88
f 2518/667/411 1978/680/88 2519/668/88
f 2517/681/422 1978/680/88 2518/667/411
f 1978/680/88 2517/681/422 1977/682/423
f 1977/682/423 2517/681/422 2516/683/424
f 2515/684/425 2513/685/426 2514/686/427
f 2514/686/427 2513/685/426 2512/687/428
f 2511/688/429 2512/687/428 2513/685/426
f 2510/689/430 2512/687/428 2511/688/429
f 2511/688/429 2509/690/431 2510/689/430
f 2510/689/430 2509/690/431 2508/658/432
f 2509/690/431 2503/691/11 2508/658/432
f 2508/658/432 2503/691/11 2507/656/11
f 2506/655/11 2507/656/11 2503/691/11
f 2505/315/11 2506/655/11 2503/691/11
f 2496/692/11 2505/315/11 2503/691/11
f 2504/313/11 2505/315/11 2496/692/11
f 2497/673/415 2504/313/11 2496/692/11
f 2495/693/11 2496/692/11 2503/691/11
f 2502/671/413 2501/672/88 2472/694/433
f 2472/694/433 2501/672/88 2500/676/420
f 2500/676/420 2499/675/418 2472/694/433
f 2472/694/433 2499/675/418 2470/695/434
f 2498/674/416 2470/695/434 2499/675/418
f 2468/696/435 2470/695/434 2498/674/416
f 2498/674/416 2497/673/415 2468/696/435
f 2468/696/435 2497/673/415 2466/697/436
f 2496/692/11 2466/697/436 2497/673/415
f 2463/698/437 2466/697/436 2496/692/11
f 2496/692/11 2495/693/11 2463/698/437
f 2463/698/437 2495/693/11 2494/643/438
f 2494/643/438 2465/699/439 2463/698/437
f 2493/642/440 2465/699/439 2494/643/438
f 2493/642/440 2484/700/441 2465/699/439
f 2491/640/442 2484/700/441 2493/642/440
f 2491/640/442 2490/701/443 2484/700/441
f 2492/639/444 2490/701/443 2491/640/442
f 2490/701/443 2489/702/445 2484/700/441
f 2484/700/441 2489/702/445 2483/703/446
f 2489/702/445 2488/704/447 2483/703/446
f 2483/703/446 2488/704/447 2485/705/448
f 2488/704/447 2487/706/449 2485/705/448
f 2485/705/448 2487/706/449 2486/707/450
f 2482/708/451 2486/707/450 2487/706/449
f 2481/709/452 2486/707/450 2482/708/451
f 2479/710/453 2476/711/454 2474/712/455
f 2479/710/453 2474/712/455 2481/709/452
f 2481/709/452 2474/712/455 2471/713/456
f 2469/714/457 2481/709/452 2471/713/456
f 2486/707/450 2481/709/452 2469/714/457
f 2467/715/458 2486/707/450 2469/714/457
f 2485/705/448 2486/707/450 2467/715/458
f 2464/716/459 2485/705/448 2467/715/458
f 2483/703/446 2485/705/448 2464/716/459
f 2465/699/439 2483/703/446 2464/716/459
f 2484/700/441 2483/703/446 2465/699/439
f 2480/717/460 2481/709/452 2482/708/451
f 2479/710/453 2481/709/452 2480/717/460
f 2478/718/461 2479/710/453 2480/717/460
f 2476/711/454 2479/710/453 2478/718/461
f 2478/718/461 2477/719/462 2476/711/454
f 2476/711/454 2477/719/462 2475/720/463
f 2476/711/454 2475/720/463 2474/712/455
f 2474/712/455 2475/720/463 2473/721/413
f 2474/712/455 2473/721/413 2471/713/456
f 2471/713/456 2473/721/413 2472/694/433
f 2470/695/434 2471/713/456 2472/694/433
f 2469/714/457 2471/713/456 2470/695/434
f 2470/695/434 2468/696/435 2469/714/457
f 2469/714/457 2468/696/435 2467/715/458
f 2468/696/435 2466/697/436 2467/715/458
f 2467/715/458 2466/697/436 2464/716/459
f 2463/698/437 2464/716/459 2466/697/436
f 2465/699/439 2464/716/459 2463/698/437
f 2462/722/464 2460/723/465 2461/724/466
f 2461/724/466 2460/723/465 2459/725/465
f 2456/726/465 2459/725/465 2460/723/465
f 2458/727/465 2459/725/465 2456/726/465
f 2458/727/465 2456/726/465 2457/728/467
f 2457/728/467 2456/726/465 2455/729/468
f 2454/730/469 1878/731/470 1880/732/470
f 2453/733/471 1878/731/470 2454/730/469
f 1878/731/470 2453/733/471 2452/734/472
f 2452/734/472 2453/733/471 1869/735/473
f 1869/735/473 1870/736/214 2452/734/472
f 2451/643/474 2450/693/474 2449/644/474
f 2450/693/474 2446/691/474 2449/644/474
f 2446/691/474 2447/588/474 2449/644/474
f 2448/690/474 2447/588/474 2446/691/474
f 2445/658/475 2443/657/476 2444/689/477
f 2444/689/477 2443/657/476 2441/687/478
f 2441/687/478 2443/657/476 2440/737/479
f 2442/686/480 2441/687/478 2440/737/479
f 2437/738/481 2438/346/482 2439/739/483
f 2436/344/484 2438/346/482 2437/738/481
f 2435/740/485 2436/344/484 2437/738/481
f 2228/342/486 2436/344/484 2435/740/485
f 2227/741/487 2228/342/486 2435/740/485
f 2434/500/488 2430/742/489 2433/499/488
f 2430/742/489 2431/621/489 2433/499/488
f 2432/743/489 2431/621/489 2430/742/489
f 2429/352/490 2425/744/490 2428/348/490
f 2425/744/490 2426/350/490 2428/348/490
f 2427/745/490 2426/350/490 2425/744/490
f 2424/739/491 2419/641/492 2423/738/493
f 2422/740/494 2423/738/493 2419/641/492
f 2420/741/495 2422/740/494 2419/641/492
f 2421/644/496 2420/741/495 2419/641/492
f 2418/746/497 2417/747/498 2416/748/499
f 2416/748/499 2417/747/498 2415/749/500
f 2416/748/499 2415/749/500 2414/750/501
f 2414/750/501 2415/749/500 2413/751/502
f 2414/750/501 2413/751/502 2411/752/503
f 2411/752/503 2413/751/502 2412/753/503
f 2412/753/503 2409/754/504 2411/752/503
f 2411/752/503 2409/754/504 2410/755/504
f 2410/755/504 2409/754/504 2408/756/505
f 2408/756/505 2409/754/504 2407/757/506
f 2408/756/505 2407/757/506 2406/758/507
f 2406/758/507 2407/757/506 2405/759/508
f 2406/758/507 2405/759/508 2403/760/509
f 2403/760/509 2405/759/508 2404/761/509
f 2404/761/509 2400/762/510 2403/760/509
f 2403/760/509 2400/762/510 2402/763/510
f 2402/763/510 2400/762/510 2401/764/511
f 2401/764/511 2400/762/510 2399/765/511
f 2398/587/512 2397/766/512 2396/588/512
f 2397/766/512 2393/767/512 2396/588/512
f 2394/644/512 2396/588/512 2393/767/512
f 2395/741/512 2394/644/512 2393/767/512
f 2392/768/513 2391/769/513 2390/770/513
f 2391/769/513 2387/546/514 2390/770/513
f 2387/546/514 2388/771/515 2390/770/513
f 2389/550/516 2388/771/515 2387/546/514
f 2386/772/517 2384/773/518 2385/769/519
f 2385/769/519 2384/773/518 2382/546/520
f 2384/773/518 2383/544/521 2382/546/520
f 2381/774/245 2376/775/522 2380/776/245
f 2380/776/245 2376/775/522 2379/777/523
f 2376/775/522 2377/446/524 2379/777/523
f 2378/445/525 2377/446/524 2376/775/522
f 2375/778/526 2374/779/526 2373/780/527
f 2374/779/526 2370/781/528 2373/780/527
f 2370/781/528 2371/782/529 2373/780/527
f 2372/783/530 2371/782/529 2370/781/528
f 2369/645/531 2368/647/532 2367/784/533
f 2368/647/532 2364/785/534 2367/784/533
f 2365/786/535 2367/784/533 2364/785/534
f 2366/787/536 2365/786/535 2364/785/534
f 2363/788/537 2362/789/538 2361/790/539
f 2361/790/539 2362/789/538 2358/439/540
f 2359/791/541 2361/790/539 2358/439/540
f 2360/438/541 2359/791/541 2358/439/540
f 2357/792/542 2356/793/542 2355/794/543
f 2355/794/543 2356/793/542 2353/795/543
f 2355/794/543 2353/795/543 2354/796/543
f 2354/796/543 2353/795/543 2352/797/543
f 2351/395/544 2348/798/545 2350/393/546
f 2350/393/546 2348/798/545 2349/799/547
f 2349/799/547 2348/798/545 2347/800/548
f 2346/652/549 2345/653/549 2343/657/550
f 2345/653/549 2342/801/550 2343/657/550
f 2344/802/550 2343/657/550 2342/801/550
f 2330/803/551 2331/804/552 2341/805/553
f 2341/805/553 2331/804/552 2340/806/554
f 2331/804/552 2332/807/555 2340/806/554
f 2340/806/554 2332/807/555 2339/808/556
f 2332/807/555 2333/809/557 2339/808/556
f 2339/808/556 2333/809/557 2338/810/558
f 2333/809/557 2334/811/559 2338/810/558
f 2338/810/558 2334/811/559 2336/812/559
f 2337/813/559 2336/812/559 2335/814/559
f 2335/814/559 2336/812/559 2334/811/559
f 2335/814/559 2334/811/559 2327/815/560
f 2327/815/560 2334/811/559 2326/816/561
f 2334/811/559 2333/809/557 2326/816/561
f 2326/816/561 2333/809/557 2324/817/562
f 2333/809/557 2332/807/555 2324/817/562
f 2324/817/562 2332/807/555 2322/818/563
f 2332/807/555 2331/804/552 2322/818/563
f 2322/818/563 2331/804/552 2320/819/564
f 2331/804/552 2330/803/551 2320/819/564
f 2320/819/564 2330/803/551 2329/820/565
f 2320/819/564 2329/820/565 2319/556/566
f 2319/556/566 2329/820/565 2328/821/567
f 2319/556/566 2328/821/567 1322/557/567
f 2327/815/560 2326/816/561 2306/771/11
f 2306/771/11 2326/816/561 2325/770/11
f 2326/816/561 2324/817/562 2325/770/11
f 2325/770/11 2324/817/562 2323/768/568
f 2324/817/562 2322/818/563 2323/768/568
f 2323/768/568 2322/818/563 2321/822/569
f 2322/818/563 2320/819/564 2321/822/569
f 2321/822/569 2320/819/564 2319/556/566
f 2305/823/11 2303/824/11 2318/825/570
f 2318/825/570 2303/824/11 2317/826/571
f 2318/825/570 2317/826/571 2316/827/572
f 2316/827/572 2317/826/571 2314/828/573
f 2316/827/572 2314/828/573 2315/829/574
f 2315/829/574 2314/828/573 2313/830/575
f 2291/831/11 2312/832/576 2293/833/11
f 2293/833/11 2312/832/576 2311/834/577
f 2312/832/576 2310/835/578 2311/834/577
f 2311/834/577 2310/835/578 2309/836/579
f 2310/835/578 2308/837/580 2309/836/579
f 2309/836/579 2308/837/580 2307/838/581
f 2306/771/11 2304/550/11 2305/823/11
f 2305/823/11 2304/550/11 2303/824/11
f 2304/550/11 2302/551/11 2303/824/11
f 2303/824/11 2302/551/11 2295/839/11
f 2302/551/11 2292/552/11 2295/839/11
f 2300/840/582 2298/841/582 2301/842/582
f 2299/843/582 2298/841/582 2300/840/582
f 2299/843/582 2297/844/583 2298/841/582
f 2298/841/582 2297/844/583 2296/845/584
f 2295/839/11 2296/845/584 2297/844/583
f 2294/846/11 2296/845/584 2295/839/11
f 2294/846/11 2295/839/11 2292/552/11
f 2293/833/11 2294/846/11 2292/552/11
f 2292/552/11 2291/831/11 2293/833/11
f 2256/553/11 2291/831/11 2292/552/11
f 2291/831/11 2256/553/11 2287/847/11
f 2287/847/11 2256/553/11 2242/848/11
f 2242/848/11 2281/849/585 2287/847/11
f 2242/848/11 2280/850/586 2281/849/585
f 2281/849/585 2280/850/586 2279/851/587
f 2289/852/588 2288/853/588 2290/854/588
f 2286/855/589 2285/856/588 2289/852/588
f 2285/856/588 2288/853/588 2289/852/588
f 2288/853/588 2285/856/588 2284/857/590
f 2287/847/11 2281/849/585 2286/855/589
f 2281/849/585 2285/856/588 2286/855/589
f 2281/849/585 2282/858/591 2285/856/588
f 2284/857/590 2285/856/588 2282/858/591
f 2284/857/590 2282/858/591 2283/859/592
f 2283/859/592 2282/858/591 2278/860/593
f 2278/860/593 2277/861/594 2283/859/592
f 2279/851/587 2278/860/593 2282/858/591
f 2279/851/587 2282/858/591 2281/849/585
f 2280/850/586 2242/848/11 2243/862/595
f 2243/862/595 2263/863/596 2280/850/586
f 2280/850/586 2263/863/596 2279/851/587
f 2279/851/587 2263/863/596 2265/864/597
f 2265/864/597 2278/860/593 2279/851/587
f 2265/864/597 2267/865/598 2278/860/593
f 2267/865/598 2277/861/594 2278/860/593
f 2277/861/594 2267/865/598 2276/866/599
f 2276/866/599 2267/865/598 2275/867/599
f 2266/868/600 2275/867/599 2267/865/598
f 2274/869/601 2275/867/599 2266/868/600
f 2266/868/600 2273/870/602 2274/869/601
f 2264/871/603 2273/870/602 2266/868/600
f 2264/871/603 2271/872/604 2273/870/602
f 2264/871/603 2262/873/605 2271/872/604
f 2268/874/606 2271/872/604 2262/873/605
f 2262/873/605 2261/875/607 2268/874/606
f 2260/876/608 2268/874/606 2261/875/607
f 2273/870/602 2271/872/604 2272/877/609
f 2270/878/610 2272/877/609 2269/879/611
f 2269/879/611 2272/877/609 2271/872/604
f 2269/879/611 2271/872/604 2268/874/606
f 2257/880/612 2270/878/610 2258/881/613
f 2258/881/613 2270/878/610 2269/879/611
f 2258/881/613 2269/879/611 2259/882/614
f 2259/882/614 2269/879/611 2268/874/606
f 2259/882/614 2268/874/606 2260/876/608
f 2266/868/600 2267/865/598 2265/864/597
f 2265/864/597 2264/871/603 2266/868/600
f 2263/863/596 2264/871/603 2265/864/597
f 2263/863/596 2262/873/605 2264/871/603
f 2262/873/605 2263/863/596 2243/862/595
f 2243/862/595 2261/875/607 2262/873/605
f 2243/862/595 2246/883/615 2261/875/607
f 2247/884/616 2261/875/607 2246/883/615
f 2260/876/608 2261/875/607 2247/884/616
f 2260/876/608 2247/884/616 2248/885/617
f 2248/885/617 2259/882/614 2260/876/608
f 2249/886/618 2259/882/614 2248/885/617
f 2249/886/618 2258/881/613 2259/882/614
f 2250/887/619 2258/881/613 2249/886/618
f 2250/887/619 2257/880/612 2258/881/613
f 2251/888/620 2257/880/612 2250/887/619
f 2256/553/11 2244/889/621 2242/848/11
f 2241/890/622 2246/883/615 2243/862/595
f 2254/891/623 2230/584/624 2255/583/625
f 2231/892/626 2230/584/624 2254/891/623
f 2254/891/623 2253/893/627 2231/892/626
f 2231/892/626 2253/893/627 2232/894/628
f 2253/893/627 2252/895/629 2232/894/628
f 2232/894/628 2252/895/629 2233/896/630
f 2252/895/629 2251/888/620 2233/896/630
f 2233/896/630 2251/888/620 2250/887/619
f 2233/896/630 2250/887/619 2234/897/631
f 2234/897/631 2250/887/619 2249/886/618
f 2234/897/631 2249/886/618 2235/898/632
f 2235/898/632 2249/886/618 2248/885/617
f 2248/885/617 2238/899/633 2235/898/632
f 2248/885/617 2247/884/616 2238/899/633
f 2240/900/616 2238/899/633 2247/884/616
f 2246/883/615 2240/900/616 2247/884/616
f 2245/901/634 2240/900/616 2246/883/615
f 2241/890/622 2245/901/634 2246/883/615
f 2244/889/621 2245/901/634 2241/890/622
f 2241/890/622 2242/848/11 2244/889/621
f 2243/862/595 2242/848/11 2241/890/622
f 2235/898/632 2238/899/633 2236/902/635
f 2239/903/636 2238/899/633 2240/900/616
f 2239/903/636 2237/904/637 2238/899/633
f 2238/899/633 2237/904/637 2236/902/635
f 2229/905/638 2236/902/635 2237/904/637
f 2219/906/639 2236/902/635 2229/905/638
f 2236/902/635 2219/906/639 2235/898/632
f 2235/898/632 2219/906/639 2218/907/640
f 2235/898/632 2218/907/640 2234/897/631
f 2234/897/631 2218/907/640 2217/908/641
f 2217/908/641 2233/896/630 2234/897/631
f 2232/894/628 2233/896/630 2217/908/641
f 2207/909/642 2232/894/628 2217/908/641
f 2231/892/626 2232/894/628 2207/909/642
f 2207/909/642 2208/586/643 2231/892/626
f 2231/892/626 2208/586/643 2230/584/624
f 2220/910/644 2219/906/639 2229/905/638
f 2226/340/645 2228/342/486 2227/741/487
f 2227/741/487 2216/767/11 2226/340/645
f 2226/340/645 2216/767/11 2225/911/11
f 2225/911/11 2216/767/11 2224/912/11
f 2216/767/11 2214/913/11 2224/912/11
f 2224/912/11 2214/913/11 2223/914/11
f 2214/913/11 2222/915/11 2223/914/11
f 2222/915/11 2214/913/11 2221/916/11
f 2221/916/11 2214/913/11 2213/917/11
f 2221/916/11 2213/917/11 2220/910/644
f 2220/910/644 2213/917/11 2211/918/646
f 2211/918/646 2219/906/639 2220/910/644
f 2212/919/647 2219/906/639 2211/918/646
f 2218/907/640 2219/906/639 2212/919/647
f 2212/919/647 2217/908/641 2218/907/640
f 2207/909/642 2217/908/641 2212/919/647
f 2212/919/647 2210/920/648 2207/909/642
f 2207/909/642 2210/920/648 2206/921/649
f 2215/766/11 2214/913/11 2216/767/11
f 2209/587/650 2214/913/11 2215/766/11
f 2206/921/649 2214/913/11 2209/587/650
f 2214/913/11 2206/921/649 2213/917/11
f 2213/917/11 2206/921/649 2210/920/648
f 2210/920/648 2211/918/646 2213/917/11
f 2212/919/647 2211/918/646 2210/920/648
f 2209/587/650 2208/586/643 2206/921/649
f 2208/586/643 2207/909/642 2206/921/649
f 2204/922/651 2201/923/652 2202/924/7
f 2204/922/651 2203/375/7 2205/377/653
f 2202/924/7 2203/375/7 2204/922/651
f 2203/375/7 2202/924/7 2194/373/7
f 2202/924/7 2192/925/7 2194/373/7
f 2202/924/7 2201/923/652 2192/925/7
f 2201/923/652 2191/926/654 2192/925/7
f 2182/927/7 2183/928/655 2200/929/656
f 2200/929/656 2195/930/7 2182/927/7
f 2199/931/657 2195/930/7 2200/929/656
f 2199/931/657 2193/932/7 2195/930/7
f 2198/933/658 2193/932/7 2199/931/657
f 2197/371/659 2193/932/7 2198/933/658
f 2194/373/7 2193/932/7 2197/371/659
f 2196/934/660 2189/935/661 2190/936/662
f 2193/932/7 2181/937/7 2195/930/7
f 2195/930/7 2181/937/7 2182/927/7
f 2194/373/7 2192/925/7 2193/932/7
f 2192/925/7 2181/937/7 2193/932/7
f 2192/925/7 2191/926/654 2181/937/7
f 2181/937/7 2191/926/654 2176/938/7
f 2176/938/7 2191/926/654 2190/936/662
f 2190/936/662 2189/935/661 2176/938/7
f 2189/935/661 2178/939/7 2176/938/7
f 2188/940/663 2178/939/7 2189/935/661
f 2188/940/663 2187/941/664 2178/939/7
f 2178/939/7 2187/941/664 2186/942/665
f 2178/939/7 2186/942/665 2177/943/7
f 2177/943/7 2186/942/665 2185/944/666
f 2185/944/666 2179/945/7 2177/943/7
f 2184/946/667 2179/945/7 2185/944/666
f 2184/946/667 2180/947/7 2179/945/7
f 2183/928/655 2180/947/7 2184/946/667
f 2180/947/7 2183/928/655 2182/927/7
f 2182/927/7 2181/937/7 2180/947/7
f 2181/937/7 2176/938/7 2180/947/7
f 2180/947/7 2176/938/7 2179/945/7
f 2176/938/7 2177/943/7 2179/945/7
f 2178/939/7 2177/943/7 2176/938/7
f 2175/948/668 2174/949/669 2172/950/670
f 2172/950/670 2174/949/669 2173/951/671
f 2173/951/671 2171/952/672 2172/950/670
f 2172/950/670 2171/952/672 2170/953/672
f 2158/954/11 2168/955/673 2169/956/674
f 2167/957/675 2168/955/673 2158/954/11
f 2158/954/11 2156/958/676 2167/957/675
f 2167/957/675 2156/958/676 2166/959/677
f 2156/958/676 2164/960/678 2166/959/677
f 2165/961/679 2164/960/678 2156/958/676
f 2163/962/680 2164/960/678 2165/961/679
f 2161/963/681 2164/960/678 2163/962/680
f 2152/304/682 2161/963/681 2163/962/680
f 2162/306/683 2161/963/681 2152/304/682
f 2160/964/684 2147/965/11 2159/956/684
f 2159/956/684 2147/965/11 2158/954/11
f 2147/965/11 2157/966/685 2158/954/11
f 2158/954/11 2157/966/685 2156/958/676
f 2157/966/685 2155/967/686 2156/958/676
f 2156/958/676 2155/967/686 2154/961/687
f 2155/967/686 2142/968/688 2154/961/687
f 2154/961/687 2142/968/688 2153/962/688
f 2153/962/688 2142/968/688 2152/304/682
f 2152/304/682 2142/968/688 2151/301/682
f 2150/969/689 2148/970/690 2149/964/691
f 2149/964/691 2148/970/690 2147/965/11
f 2148/970/690 2146/971/692 2147/965/11
f 2147/965/11 2146/971/692 2145/966/693
f 2146/971/692 2144/972/694 2145/966/693
f 2145/966/693 2144/972/694 2143/967/687
f 2144/972/694 2140/973/695 2143/967/687
f 2143/967/687 2140/973/695 2142/968/688
f 2142/968/688 2140/973/695 2141/974/682
f 2141/974/682 2140/973/695 2139/975/696
f 2138/976/697 2137/977/698 2136/978/699
f 2127/478/27 2129/477/27 2128/979/27
f 2116/980/27 2106/981/700 2112/982/27
f 2135/983/701 2106/981/700 2116/980/27
f 2117/984/27 2135/983/701 2116/980/27
f 2134/985/702 2135/983/701 2117/984/27
f 2117/984/27 2120/986/27 2134/985/702
f 2134/985/702 2120/986/27 2133/987/703
f 2121/988/27 2133/987/703 2120/986/27
f 2132/989/704 2133/987/703 2121/988/27
f 2122/990/27 2132/989/704 2121/988/27
f 2131/991/705 2132/989/704 2122/990/27
f 2122/990/27 2130/475/706 2131/991/705
f 2129/477/27 2130/475/706 2122/990/27
f 2129/477/27 2122/990/27 2123/992/27
f 2128/979/27 2129/477/27 2123/992/27
f 2123/992/27 2124/993/707 2128/979/27
f 2128/979/27 2124/993/707 2126/994/708
f 2128/979/27 2126/994/708 2127/478/27
f 2127/478/27 2126/994/708 2125/480/709
f 2124/993/707 2123/992/27 2119/995/710
f 2119/995/710 2123/992/27 2118/996/27
f 2123/992/27 2122/990/27 2118/996/27
f 2122/990/27 2121/988/27 2118/996/27
f 2121/988/27 2120/986/27 2118/996/27
f 2120/986/27 2117/984/27 2118/996/27
f 2119/995/710 2118/996/27 2114/997/711
f 2114/997/711 2118/996/27 2113/998/27
f 2118/996/27 2117/984/27 2113/998/27
f 2117/984/27 2116/980/27 2113/998/27
f 2116/980/27 2112/982/27 2113/998/27
f 2114/997/711 2110/999/712 2115/1000/713
f 2113/998/27 2110/999/712 2114/997/711
f 2113/998/27 2107/1001/27 2110/999/712
f 2107/1001/27 2113/998/27 2112/982/27
f 2106/981/700 2107/1001/27 2112/982/27
f 2109/1002/714 2108/1003/715 2111/1004/716
f 2110/999/712 2107/1001/27 2109/1002/714
f 2107/1001/27 2108/1003/715 2109/1002/714
f 2108/1003/715 2107/1001/27 2106/981/700
f 2104/1005/717 2102/1006/718 2105/1007/719
f 2104/1005/717 2103/1008/720 2102/1006/718
f 2101/1009/721 2100/345/722 2099/1010/723
f 2099/1010/723 2100/345/722 2098/343/724
f 2099/1010/723 2098/343/724 2096/1011/725
f 2096/1011/725 2098/343/724 2095/341/726
f 2097/1012/727 2096/1011/725 2095/341/726
f 2093/1013/7 2094/1014/7 2091/1015/7
f 2092/1016/7 2093/1013/7 2091/1015/7
f 2086/1017/7 2092/1016/7 2091/1015/7
f 2090/1018/7 2086/1017/7 2091/1015/7
f 2089/1019/7 2086/1017/7 2090/1018/7
f 2088/1020/7 2086/1017/7 2089/1019/7
f 2087/1021/7 2086/1017/7 2088/1020/7
f 2084/1022/728 2086/1017/7 2087/1021/7
f 2085/1023/728 2086/1017/7 2084/1022/728
f 2084/1022/728 2083/1024/729 2085/1023/728
f 2082/1025/730 2083/1024/729 2084/1022/728
f 2082/1025/730 2081/1026/731 2083/1024/729
f 2080/1027/731 2081/1026/731 2082/1025/730
f 2080/1027/731 2079/1028/732 2081/1026/731
f 2078/1029/733 2079/1028/732 2080/1027/731
f 2079/1028/732 2078/1029/733 2077/1030/8
f 2077/1030/8 2078/1029/733 2076/1031/8
f 2077/1030/8 2076/1031/8 2075/1032/8
f 2075/1032/8 2076/1031/8 2074/1033/8
f 2074/1033/8 2073/1034/734 2075/1032/8
f 2072/1035/735 2073/1034/734 2074/1033/8
f 2073/1034/734 2072/1035/735 2070/1036/736
f 2070/1036/736 2072/1035/735 2071/1037/736
f 2068/1038/737 2070/1036/736 2071/1037/736
f 2069/1039/737 2070/1036/736 2068/1038/737
f 2069/1039/737 2068/1038/737 2066/1040/738
f 2066/1040/738 2068/1038/737 2067/1041/738
f 2059/1042/27 2066/1040/738 2067/1041/738
f 2065/1043/27 2066/1040/738 2059/1042/27
f 2065/1043/27 2059/1042/27 2064/1044/27
f 2064/1044/27 2059/1042/27 2063/1045/27
f 2063/1045/27 2059/1042/27 2062/1046/27
f 2062/1046/27 2059/1042/27 2061/1047/27
f 2061/1047/27 2059/1042/27 2060/1048/27
f 2060/1048/27 2059/1042/27 2057/1049/27
f 2059/1042/27 2058/1050/27 2057/1049/27
f 2056/1051/739 2055/1052/740 2044/1053/88
f 2044/1053/88 2055/1052/740 2043/1054/741
f 2054/1055/742 2052/1056/743 2053/1057/744
f 2053/1057/744 2052/1056/743 2034/1058/88
f 2052/1056/743 2051/1059/422 2034/1058/88
f 2034/1058/88 2051/1059/422 2032/1060/88
f 2051/1059/422 2050/1061/745 2032/1060/88
f 2050/1061/745 2049/1062/746 2032/1060/88
f 2049/1062/746 2048/1063/747 2032/1060/88
f 2032/1060/88 2048/1063/747 2031/1064/88
f 2048/1063/747 2047/1065/748 2031/1064/88
f 2031/1064/88 2047/1065/748 2046/1066/749
f 2046/1066/749 2045/1051/750 2031/1064/88
f 2031/1064/88 2045/1051/750 2044/1053/88
f 2030/1067/88 2031/1064/88 2044/1053/88
f 2044/1053/88 2043/1054/741 2030/1067/88
f 2030/1067/88 2043/1054/741 2042/1068/751
f 2030/1067/88 2042/1068/751 2041/1069/752
f 2041/1069/752 2040/1070/663 2030/1067/88
f 2040/1070/663 2033/1071/88 2030/1067/88
f 2039/1072/90 2033/1071/88 2040/1070/663
f 2039/1072/90 2038/1073/753 2033/1071/88
f 2033/1071/88 2038/1073/753 2037/1074/754
f 2035/1057/755 2033/1071/88 2036/1074/755
f 2034/1058/88 2033/1071/88 2035/1057/755
f 2032/1060/88 2033/1071/88 2034/1058/88
f 2030/1067/88 2033/1071/88 2032/1060/88
f 2032/1060/88 2031/1064/88 2030/1067/88
f 2029/1075/756 2027/1076/757 2028/1077/758
f 2025/1078/759 2026/1079/760 2028/1077/758
f 2028/1077/758 2027/1076/757 2025/1078/759
f 2027/1076/757 2024/1080/761 2025/1078/759
f 2026/1079/760 2022/1081/762 2023/1082/763
f 2022/1081/762 2026/1079/760 2025/1078/759
f 2025/1078/759 2021/1083/764 2022/1081/762
f 2025/1078/759 2024/1080/761 2021/1083/764
f 2024/1080/761 2020/802/765 2021/1083/764
f 2012/1084/766 2013/1085/767 2023/1082/763
f 2023/1082/763 2022/1081/762 2012/1084/766
f 2022/1081/762 2011/1086/768 2012/1084/766
f 2022/1081/762 2021/1083/764 2011/1086/768
f 2010/1087/769 2011/1086/768 2021/1083/764
f 2021/1083/764 2020/802/765 2010/1087/769
f 2020/802/765 1994/801/11 2010/1087/769
f 2016/1088/770 2017/1089/771 2019/1090/772
f 1986/1091/773 2018/1092/774 2000/1093/775
f 2000/1093/775 2018/1092/774 2007/1094/776
f 2017/1089/771 2007/1094/776 2018/1092/774
f 2009/1095/777 2007/1094/776 2017/1089/771
f 2009/1095/777 2017/1089/771 2016/1088/770
f 2016/1088/770 2008/1096/778 2009/1095/777
f 2015/1097/779 2008/1096/778 2016/1088/770
f 2008/1096/778 2015/1097/779 2006/1098/780
f 2006/1098/780 2015/1097/779 2014/1099/781
f 2014/1099/781 2005/1100/782 2006/1098/780
f 2013/1085/767 2005/1100/782 2014/1099/781
f 2005/1100/782 2013/1085/767 2012/1084/766
f 2004/1101/783 2005/1100/782 2012/1084/766
f 2012/1084/766 2011/1086/768 2004/1101/783
f 2011/1086/768 2002/1102/784 2004/1101/783
f 2002/1102/784 2011/1086/768 2010/1087/769
f 1992/1103/11 2002/1102/784 2010/1087/769
f 2010/1087/769 1994/801/11 1992/1103/11
f 2009/1095/777 2008/1096/778 2007/1094/776
f 2008/1096/778 2006/1098/780 2007/1094/776
f 2007/1094/776 2006/1098/780 2000/1093/775
f 2006/1098/780 2003/1104/785 2000/1093/775
f 2005/1100/782 2003/1104/785 2006/1098/780
f 2003/1104/785 2005/1100/782 2004/1101/783
f 2001/1105/786 2003/1104/785 2004/1101/783
f 2004/1101/783 2002/1102/784 2001/1105/786
f 2003/1104/785 1999/1106/787 2000/1093/775
f 1999/1106/787 2003/1104/785 2001/1105/786
f 1990/1107/788 2002/1102/784 1992/1103/11
f 2002/1102/784 1990/1107/788 2001/1105/786
f 2001/1105/786 1990/1107/788 1988/1108/789
f 1988/1108/789 1999/1106/787 2001/1105/786
f 1987/1109/418 1999/1106/787 1988/1108/789
f 1999/1106/787 1987/1109/418 1986/1091/773
f 2000/1093/775 1999/1106/787 1986/1091/773
f 1998/1110/790 1997/1111/791 1979/1112/792
f 1979/1112/792 1997/1111/791 1980/1113/88
f 1997/1111/791 1982/1114/793 1980/1113/88
f 1995/653/11 1996/654/11 1993/1115/11
f 1994/801/11 1995/653/11 1993/1115/11
f 1992/1103/11 1994/801/11 1993/1115/11
f 1991/1116/794 1992/1103/11 1993/1115/11
f 1990/1107/788 1992/1103/11 1991/1116/794
f 1989/1117/795 1990/1107/788 1991/1116/794
f 1988/1108/789 1990/1107/788 1989/1117/795
f 1989/1117/795 1974/1118/796 1988/1108/789
f 1988/1108/789 1974/1118/796 1987/1109/418
f 1987/1109/418 1974/1118/796 1975/1119/797
f 1986/1091/773 1987/1109/418 1975/1119/797
f 1975/1119/797 1976/677/88 1986/1091/773
f 1986/1091/773 1976/677/88 1985/1120/774
f 1984/678/88 1985/1120/774 1976/677/88
f 1983/1121/798 1985/1120/774 1984/678/88
f 1984/678/88 1981/679/88 1983/1121/798
f 1983/1121/798 1981/679/88 1982/1114/793
f 1980/1113/88 1982/1114/793 1981/679/88
f 1981/679/88 1978/680/88 1980/1113/88
f 1980/1113/88 1978/680/88 1979/1112/792
f 1979/1112/792 1978/680/88 1977/682/423
f 1976/677/88 1975/1119/797 1973/308/421
f 1975/1119/797 1974/1118/796 1973/308/421
f 1972/976/799 1971/978/800 1970/1122/801
f 1948/1123/802 1946/1124/803 1969/1125/804
f 1948/1123/802 1969/1125/804 1968/1126/805
f 1968/1126/805 1969/1125/804 1967/1127/805
f 1967/1127/805 1966/1128/806 1968/1126/805
f 1965/1129/807 1966/1128/806 1967/1127/805
f 1966/1128/806 1965/1129/807 1964/1130/808
f 1964/1130/808 1965/1129/807 1963/1131/809
f 1964/1130/808 1963/1131/809 1962/1132/810
f 1962/1132/810 1963/1131/809 1961/1133/811
f 1962/1132/810 1961/1133/811 1960/1134/812
f 1960/1134/812 1961/1133/811 1959/1135/813
f 1960/1134/812 1959/1135/813 1958/1136/814
f 1958/1136/814 1959/1135/813 1957/1137/815
f 1958/1136/814 1957/1137/815 1956/1138/816
f 1957/1137/815 1952/1139/817 1956/1138/816
f 1956/1138/816 1952/1139/817 1955/1140/818
f 1952/1139/817 1953/555/819 1955/1140/818
f 1954/554/819 1953/555/819 1952/1139/817
f 1951/1012/820 1950/341/820 1949/1141/820
f 1950/341/820 1947/1142/821 1949/1141/820
f 1947/1142/821 1948/1123/802 1949/1141/820
f 1948/1123/802 1947/1142/821 1946/1124/803
f 1945/1143/822 1928/1144/823 1944/1145/824
f 1944/1145/824 1928/1144/823 1943/1146/825
f 1944/1145/824 1943/1146/825 1941/1147/826
f 1940/1148/827 1941/1147/826 1943/1146/825
f 1942/1149/828 1941/1147/826 1940/1148/827
f 1939/1150/829 1938/1151/830 1937/1152/831
f 1937/1152/831 1938/1151/830 1936/1153/832
f 1934/1154/833 1937/1152/831 1936/1153/832
f 1933/1155/834 1934/1154/833 1936/1153/832
f 1935/1156/835 1934/1154/833 1933/1155/834
f 1933/1155/836 1930/1157/837 1932/1158/838
f 1932/1158/838 1930/1157/837 1931/1159/839
f 1931/1159/839 1930/1157/837 1929/1160/837
f 1929/1160/837 1930/1157/837 1926/1161/837
f 1926/1161/837 1927/1162/840 1929/1160/837
f 1928/1144/841 1927/1162/840 1926/1161/837
f 1924/1163/842 1923/1164/843 1925/1165/842
f 1922/1166/672 1923/1164/843 1924/1163/842
f 1922/1166/672 1920/1167/844 1923/1164/843
f 1921/1168/844 1920/1167/844 1922/1166/672
f 1921/1168/844 1919/1169/845 1920/1167/844
f 1920/1167/844 1919/1169/845 1918/1170/846
f 1919/1169/845 1917/1171/847 1918/1170/846
f 1918/1170/846 1917/1171/847 1916/1172/848
f 1915/1173/849 1913/412/849 1914/797/849
f 1914/797/849 1913/412/849 1912/796/850
f 1911/402/851 1909/1174/852 1910/1175/853
f 1910/1175/853 1909/1174/852 1908/1176/854
f 1907/1177/855 1905/1176/856 1906/1178/857
f 1906/1178/857 1905/1176/856 1904/1174/858
f 1903/401/859 1901/1179/860 1902/1178/861
f 1902/1178/861 1901/1179/860 1900/1177/862
f 1891/1180/863 1892/1181/27 1899/1182/864
f 1892/1181/27 1895/1183/27 1899/1182/864
f 1899/1182/864 1895/1183/27 1898/1184/865
f 1897/1185/27 1892/1181/27 1893/1186/27
f 1896/1187/27 1892/1181/27 1897/1185/27
f 1895/1183/27 1892/1181/27 1896/1187/27
f 1896/1187/27 1894/1188/27 1895/1183/27
f 1895/1183/27 1894/1188/27 1889/1189/27
f 1894/1188/27 1893/1186/27 1889/1189/27
f 1889/1189/27 1893/1186/27 1888/1190/27
f 1893/1186/27 1892/1181/27 1888/1190/27
f 1892/1181/27 1887/1191/866 1888/1190/27
f 1887/1191/866 1892/1181/27 1891/1180/863
f 1886/1192/867 1887/1191/866 1891/1180/863
f 1891/1180/863 1882/1193/868 1886/1192/867
f 1886/1192/867 1882/1193/868 1879/1194/470
f 1889/1189/27 1885/1195/869 1890/1196/870
f 1888/1190/27 1885/1195/869 1889/1189/27
f 1884/1197/871 1885/1195/869 1888/1190/27
f 1888/1190/27 1887/1191/866 1884/1197/871
f 1884/1197/871 1887/1191/866 1874/1198/214
f 1874/1198/214 1887/1191/866 1875/1199/214
f 1875/1199/214 1887/1191/866 1886/1192/867
f 1873/1200/872 1885/1195/869 1884/1197/871
f 1884/1197/871 1874/1198/214 1873/1200/872
f 1881/1201/470 1882/1193/868 1883/1202/873
f 1879/1194/470 1882/1193/868 1881/1201/470
f 1880/732/470 1879/1194/470 1881/1201/470
f 1878/731/470 1879/1194/470 1880/732/470
f 1879/1194/470 1878/731/470 1877/1192/472
f 1877/1192/472 1878/731/470 1876/734/874
f 1876/734/874 1875/1199/214 1877/1192/472
f 1870/736/214 1875/1199/214 1876/734/874
f 1871/1203/214 1875/1199/214 1870/736/214
f 1874/1198/214 1875/1199/214 1871/1203/214
f 1874/1198/214 1871/1203/214 1872/1204/875
f 1873/1200/872 1874/1198/214 1872/1204/875
f 1872/1204/875 1862/1205/8 1873/1200/872
f 1873/1200/872 1862/1205/8 1864/1206/876
f 1872/1204/875 1859/1207/8 1862/1205/8
f 1857/1208/875 1859/1207/8 1872/1204/875
f 1872/1204/875 1871/1203/214 1857/1208/875
f 1871/1203/214 1855/1209/877 1857/1208/875
f 1871/1203/214 1870/736/214 1855/1209/877
f 1855/1209/877 1870/736/214 1866/1210/878
f 1866/1210/878 1870/736/214 1869/735/473
f 1866/1210/878 1869/735/473 1850/1211/7
f 1850/1211/7 1869/735/473 1868/1212/879
f 1850/1211/7 1868/1212/879 1848/1213/7
f 1848/1213/7 1868/1212/879 1867/1214/880
f 1855/1209/877 1866/1210/878 1852/1215/7
f 1852/1215/7 1866/1210/878 1850/1211/7
f 1860/1216/8 1858/1217/881 1865/1218/882
f 1864/1206/876 1862/1205/8 1863/1219/883
f 1863/1219/883 1862/1205/8 1861/1220/8
f 1862/1205/8 1859/1207/8 1861/1220/8
f 1861/1220/8 1859/1207/8 1860/1216/8
f 1859/1207/8 1858/1217/881 1860/1216/8
f 1857/1208/875 1858/1217/881 1859/1207/8
f 1856/1221/884 1858/1217/881 1857/1208/875
f 1857/1208/875 1855/1209/877 1856/1221/884
f 1855/1209/877 1854/1222/885 1856/1221/884
f 1852/1215/7 1854/1222/885 1855/1209/877
f 1854/1222/885 1852/1215/7 1853/1223/886
f 1853/1223/886 1852/1215/7 1847/1224/7
f 1852/1215/7 1846/1225/7 1847/1224/7
f 1852/1215/7 1850/1211/7 1846/1225/7
f 1846/1225/7 1850/1211/7 1851/1226/7
f 1851/1226/7 1850/1211/7 1849/1227/7
f 1849/1227/7 1850/1211/7 1848/1213/7
f 1848/1213/7 1845/1228/7 1849/1227/7
f 1847/1224/7 1845/1228/7 1848/1213/7
f 1847/1224/7 1846/1225/7 1845/1228/7
f 1844/1229/887 1842/1230/887 1843/396/887
f 1843/396/887 1842/1230/887 1841/399/888
f 1842/1230/887 1840/1179/889 1841/399/888
f 1841/399/888 1840/1179/889 1839/401/890
f 1834/1231/422 1832/723/88 1838/722/422
f 1831/1232/88 1833/1233/88 1830/1234/891
f 1830/1234/891 1833/1233/88 1836/1235/749
f 1830/1234/891 1836/1235/749 1828/1236/8
f 1828/1236/8 1836/1235/749 1837/1237/8
f 1828/1236/8 1837/1237/8 979/1238/892
f 977/1239/893 956/1240/894 961/1241/895
f 977/1239/893 958/1242/896 956/1240/894
f 979/1238/892 958/1242/896 977/1239/893
f 979/1238/892 1837/1237/8 958/1242/896
f 960/1243/897 958/1242/896 1837/1237/8
f 1836/1235/749 960/1243/897 1837/1237/8
f 1835/1244/898 960/1243/897 1836/1235/749
f 1833/1233/88 1835/1244/898 1836/1235/749
f 1834/1231/422 1835/1244/898 1833/1233/88
f 1833/1233/88 1832/723/88 1834/1231/422
f 1831/1232/88 1832/723/88 1833/1233/88
f 1826/726/88 1832/723/88 1831/1232/88
f 1825/1245/899 1826/726/88 1831/1232/88
f 1831/1232/88 1830/1234/891 1825/1245/899
f 1825/1245/899 1830/1234/891 1829/1246/900
f 1830/1234/891 1828/1236/8 1829/1246/900
f 1829/1246/900 1828/1236/8 980/1247/901
f 1828/1236/8 979/1238/892 980/1247/901
f 1827/729/902 1826/726/88 1825/1245/899
f 1824/413/903 1822/412/903 1823/1248/903
f 1823/1248/903 1822/412/903 1821/1173/903
f 1820/1249/904 1818/1250/904 1819/1251/904
f 1819/1251/904 1818/1250/904 1817/1252/904
f 1816/1253/8 1814/1254/8 1815/1255/8
f 1816/1253/8 1813/1256/8 1814/1254/8
f 1811/1257/8 1813/1256/8 1816/1253/8
f 1809/403/8 1811/1257/8 1816/1253/8
f 1815/1255/8 1809/403/8 1816/1253/8
f 1713/400/8 1809/403/8 1815/1255/8
f 1712/1258/8 1713/400/8 1815/1255/8
f 1711/1259/8 1712/1258/8 1815/1255/8
f 1815/1255/8 1814/1254/8 1711/1259/8
f 1806/1260/8 1805/1261/8 1807/1262/8
f 1807/1262/8 1805/1261/8 1808/1263/8
f 1808/1263/8 1805/1261/8 1810/1264/8
f 1810/1264/8 1805/1261/8 1812/1265/8
f 1805/1261/8 1704/1266/905 1812/1265/8
f 1812/1265/8 1704/1266/905 1706/1267/906
f 1814/1254/8 1710/1268/907 1711/1259/8
f 1814/1254/8 1709/1269/908 1710/1268/907
f 1813/1256/8 1709/1269/908 1814/1254/8
f 1813/1256/8 1706/1267/906 1709/1269/908
f 1812/1265/8 1706/1267/906 1813/1256/8
f 1813/1256/8 1811/1257/8 1812/1265/8
f 1812/1265/8 1811/1257/8 1810/1264/8
f 1811/1257/8 1809/403/8 1810/1264/8
f 1810/1264/8 1809/403/8 1808/1263/8
f 1808/1263/8 1809/403/8 1803/405/8
f 1797/1270/8 1808/1263/8 1803/405/8
f 1808/1263/8 1797/1270/8 1807/1262/8
f 1797/1270/8 1800/1271/8 1807/1262/8
f 1800/1271/8 1806/1260/8 1807/1262/8
f 1701/1272/8 1806/1260/8 1800/1271/8
f 1701/1272/8 1702/1273/909 1806/1260/8
f 1806/1260/8 1702/1273/909 1805/1261/8
f 1805/1261/8 1702/1273/909 1704/1266/905
f 1791/408/910 1792/1274/911 1804/407/911
f 1804/407/911 1792/1274/911 1803/405/8
f 1803/405/8 1792/1274/911 1794/1275/8
f 1794/1275/8 1797/1270/8 1803/405/8
f 1793/1276/912 1790/1277/910 1802/1278/913
f 1790/1277/910 1787/1279/910 1802/1278/913
f 1802/1278/913 1787/1279/910 1785/1280/914
f 1701/1272/8 1801/1281/8 1700/1282/8
f 1800/1271/8 1801/1281/8 1701/1272/8
f 1801/1281/8 1800/1271/8 1799/1283/8
f 1799/1283/8 1800/1271/8 1797/1270/8
f 1797/1270/8 1798/1284/915 1799/1283/8
f 1796/1285/916 1798/1284/915 1797/1270/8
f 1794/1275/8 1796/1285/916 1797/1270/8
f 1795/1286/917 1796/1285/916 1794/1275/8
f 1795/1286/917 1794/1275/8 1793/1276/912
f 1793/1276/912 1794/1275/8 1792/1274/911
f 1792/1274/911 1790/1277/910 1793/1276/912
f 1790/1277/910 1792/1274/911 1791/408/910
f 1789/410/910 1790/1277/910 1791/408/910
f 1787/1279/910 1790/1277/910 1789/410/910
f 1788/413/910 1787/1279/910 1789/410/910
f 1784/1287/910 1787/1279/910 1788/413/910
f 1784/1287/910 1785/1280/914 1787/1279/910
f 1786/1288/914 1785/1280/914 1784/1287/910
f 1783/1289/918 1782/1290/918 1781/1291/919
f 1781/1291/919 1782/1290/918 1780/1292/918
f 1781/1291/919 1780/1292/918 1779/1293/920
f 1779/1293/920 1780/1292/918 1699/1294/921
f 1699/1294/921 1700/1282/8 1779/1293/920
f 1778/1290/922 1776/1295/923 1777/1292/924
f 1777/1292/924 1703/1296/925 1699/1294/921
f 1777/1292/924 1776/1295/923 1703/1296/925
f 1776/1295/923 1775/1297/926 1703/1296/925
f 1774/1298/927 1775/1297/926 1776/1295/923
f 1774/1298/927 1707/1299/928 1775/1297/926
f 1773/1300/929 1707/1299/928 1774/1298/927
f 1773/1300/929 1771/1301/930 1707/1299/928
f 1707/1299/928 1771/1301/930 1772/1302/931
f 1771/1301/930 1770/1303/932 1772/1302/931
f 1769/1304/933 1770/1303/932 1771/1301/930
f 1769/1304/933 1768/1305/934 1770/1303/932
f 1767/1306/935 1768/1305/934 1769/1304/933
f 1768/1305/934 1767/1306/935 1766/1307/936
f 1766/1307/936 1767/1306/935 1765/1308/937
f 1765/1308/937 1764/1309/938 1766/1307/936
f 1763/1310/939 1764/1309/938 1765/1308/937
f 1763/1310/939 1762/575/940 1764/1309/938
f 1761/1311/941 1762/575/940 1763/1310/939
f 1761/1311/941 1760/574/942 1762/575/940
f 1759/1312/943 1760/574/942 1761/1311/941
f 1759/1312/943 1757/573/330 1760/574/942
f 1758/1313/944 1757/573/330 1759/1312/943
f 1758/1313/944 1756/1314/945 1757/573/330
f 1757/573/330 1756/1314/945 1744/572/329
f 1756/1314/945 1755/1315/946 1744/572/329
f 1754/1316/947 1755/1315/946 1756/1314/945
f 1754/1316/947 1746/1317/948 1755/1315/946
f 1753/1318/949 1746/1317/948 1754/1316/947
f 1753/1318/949 1752/1319/950 1746/1317/948
f 1746/1317/948 1752/1319/950 1751/1320/951
f 1752/1319/950 1749/1321/952 1751/1320/951
f 1751/1320/951 1749/1321/952 1750/1322/953
f 1749/1321/952 1735/1323/954 1750/1322/953
f 1747/1324/955 1735/1323/954 1749/1321/952
f 1747/1324/955 1736/1325/918 1735/1323/954
f 1748/1326/918 1736/1325/918 1747/1324/955
f 1746/1317/949 1743/1320/956 1742/1327/957
f 1746/1317/949 1742/1327/957 1745/1315/958
f 1745/1315/958 1742/1327/957 1741/571/328
f 1745/1315/958 1741/571/328 1744/572/329
f 1743/1320/956 1740/1322/959 1739/1328/960
f 1742/1327/957 1743/1320/956 1739/1328/960
f 1739/1328/960 1738/1329/8 1742/1327/957
f 1738/1329/8 1741/571/328 1742/1327/957
f 1737/570/8 1741/571/328 1738/1329/8
f 1732/1330/961 1735/1323/954 1733/1331/962
f 1740/1322/959 1735/1323/954 1732/1330/961
f 1739/1328/960 1740/1322/959 1732/1330/961
f 1732/1330/961 1731/1332/8 1739/1328/960
f 1731/1332/8 1738/1329/8 1739/1328/960
f 1731/1332/8 1729/1333/8 1738/1329/8
f 1729/1333/8 1737/570/8 1738/1329/8
f 1730/569/8 1737/570/8 1729/1333/8
f 1736/1325/918 1734/1334/963 1735/1323/954
f 1735/1323/954 1734/1334/963 1733/1331/962
f 1734/1334/963 1725/1335/8 1733/1331/962
f 1733/1331/962 1725/1335/8 1724/1336/8
f 1724/1336/8 1732/1330/961 1733/1331/962
f 1728/1337/8 1732/1330/961 1724/1336/8
f 1728/1337/8 1731/1332/8 1732/1330/961
f 1731/1332/8 1728/1337/8 1717/1338/8
f 1717/1338/8 1729/1333/8 1731/1332/8
f 1717/1338/8 1714/397/8 1729/1333/8
f 1714/397/8 1730/569/8 1729/1333/8
f 1726/1339/8 1728/1337/8 1724/1336/8
f 1727/1340/8 1728/1337/8 1726/1339/8
f 1717/1338/8 1728/1337/8 1727/1340/8
f 1727/1340/8 1718/1341/8 1717/1338/8
f 1727/1340/8 1726/1339/8 1718/1341/8
f 1718/1341/8 1726/1339/8 1723/1342/8
f 1724/1336/8 1723/1342/8 1726/1339/8
f 1725/1335/8 1723/1342/8 1724/1336/8
f 1721/1343/8 1718/1341/8 1723/1342/8
f 1720/1344/964 1721/1343/8 1722/1345/965
f 1718/1341/8 1721/1343/8 1720/1344/964
f 1719/1346/966 1718/1341/8 1720/1344/964
f 1716/1347/967 1718/1341/8 1719/1346/966
f 1718/1341/8 1716/1347/967 1714/397/8
f 1718/1341/8 1714/397/8 1717/1338/8
f 1714/397/8 1716/1347/967 1715/398/967
f 1713/400/8 1694/579/8 1714/397/8
f 1694/579/8 1713/400/8 1712/1258/8
f 1693/1348/8 1694/579/8 1712/1258/8
f 1693/1348/8 1712/1258/8 1711/1259/8
f 1711/1259/8 1692/1349/968 1693/1348/8
f 1711/1259/8 1710/1268/907 1692/1349/968
f 1710/1268/907 1691/1303/969 1692/1349/968
f 1709/1269/908 1691/1303/969 1710/1268/907
f 1708/1302/970 1691/1303/969 1709/1269/908
f 1706/1267/906 1708/1302/970 1709/1269/908
f 1707/1299/928 1708/1302/970 1706/1267/906
f 1706/1267/906 1705/1297/971 1707/1299/928
f 1704/1266/905 1705/1297/971 1706/1267/906
f 1705/1297/971 1704/1266/905 1703/1296/925
f 1703/1296/925 1704/1266/905 1702/1273/909
f 1699/1294/921 1703/1296/925 1702/1273/909
f 1699/1294/921 1702/1273/909 1701/1272/8
f 1701/1272/8 1700/1282/8 1699/1294/921
f 1697/576/333 1689/1309/972 1698/575/332
f 1687/1350/973 1689/1309/972 1697/576/333
f 1696/577/8 1687/1350/973 1697/576/333
f 1686/1351/8 1687/1350/973 1696/577/8
f 1695/578/8 1686/1351/8 1696/577/8
f 1694/579/8 1686/1351/8 1695/578/8
f 1686/1351/8 1694/579/8 1693/1348/8
f 1685/1352/974 1686/1351/8 1693/1348/8
f 1693/1348/8 1692/1349/968 1685/1352/974
f 1690/1305/935 1685/1352/974 1692/1349/968
f 1692/1349/968 1691/1303/969 1690/1305/935
f 1688/1307/975 1685/1352/974 1690/1305/935
f 1689/1309/972 1687/1350/973 1688/1307/975
f 1688/1307/975 1687/1350/973 1685/1352/974
f 1687/1350/973 1686/1351/8 1685/1352/974
f 1684/661/976 1682/660/977 1683/456/978
f 1683/456/978 1682/660/977 1681/454/979
f 1677/663/980 1681/454/979 1682/660/977
f 1680/450/981 1681/454/979 1677/663/980
f 1677/663/980 1678/451/982 1680/450/981
f 1679/666/983 1678/451/982 1677/663/980
f 1676/1353/984 1674/1354/985 1675/1355/986
f 1675/1355/986 1674/1354/985 1673/1356/985
f 1674/1354/985 1672/1249/985 1673/1356/985
f 1673/1356/985 1672/1249/985 1671/1251/985
f 1670/1288/987 1668/1287/543 1669/1357/988
f 1669/1357/988 1668/1287/543 1667/1358/543
f 1668/1287/543 1666/413/543 1667/1358/543
f 1667/1358/543 1666/413/543 1665/1248/543
f 1663/1359/7 1664/1360/7 1661/1361/7
f 1661/1361/7 1664/1360/7 1659/1362/7
f 1664/1360/7 1658/522/7 1659/1362/7
f 1663/1359/7 1658/522/7 1664/1360/7
f 1662/521/7 1658/522/7 1663/1359/7
f 1663/1359/7 1661/1361/7 1662/521/7
f 1662/521/7 1661/1361/7 1660/523/7
f 1659/1362/7 1660/523/7 1661/1361/7
f 1657/524/7 1660/523/7 1659/1362/7
f 1659/1362/7 1658/522/7 1657/524/7
f 1655/1363/989 1653/1364/990 1656/1365/989
f 1654/1366/991 1653/1364/990 1655/1363/989
f 1654/1366/991 1652/1367/992 1653/1364/990
f 1653/1364/990 1652/1367/992 1651/1368/993
f 1650/1326/994 1648/1289/994 1649/1369/994
f 1649/1369/994 1648/1289/994 1647/1370/994
f 1646/493/995 1644/1371/995 1645/492/995
f 1645/492/995 1644/1371/995 1643/1372/995
f 1642/494/11 1640/493/11 1641/490/11
f 1641/490/11 1640/493/11 1639/492/11
f 1638/1373/996 1636/494/996 1637/1374/997
f 1637/1374/997 1636/494/996 1635/490/997
f 1634/487/998 1632/1375/998 1633/482/998
f 1633/482/998 1632/1375/998 1631/1376/998
f 1630/485/8 1628/487/8 1629/481/8
f 1629/481/8 1628/487/8 1627/482/8
f 1626/1377/999 1624/485/999 1625/1378/999
f 1625/1378/999 1624/485/999 1623/481/999
f 1622/1379/1000 1620/1380/1000 1621/456/1000
f 1621/456/1000 1620/1380/1000 1619/661/1000
f 1618/1381/1001 1616/451/1001 1617/1382/1001
f 1617/1382/1001 1616/451/1001 1615/666/1001
f 1614/1383/1002 1612/1384/1002 1613/532/1002
f 1613/532/1002 1612/1384/1002 1611/591/1002
f 1610/1385/1003 1608/527/1003 1609/1386/1003
f 1609/1386/1003 1608/527/1003 1607/596/1003
f 1603/518/27 1606/520/1004 1599/1387/27
f 1599/1387/27 1606/520/1004 1601/1388/27
f 1601/1388/27 1606/520/1004 1600/1389/27
f 1600/1389/27 1606/520/1004 1605/519/27
f 1605/519/27 1604/517/1005 1600/1389/27
f 1600/1389/27 1604/517/1005 1602/1390/27
f 1603/518/27 1602/1390/27 1604/517/1005
f 1599/1387/27 1602/1390/27 1603/518/27
f 1599/1387/27 1600/1389/27 1602/1390/27
f 1601/1388/27 1600/1389/27 1599/1387/27
f 1598/1391/1006 1596/1392/1007 1597/1393/1006
f 1597/1393/1006 1596/1392/1007 1595/1394/989
f 1591/1395/1008 1595/1394/989 1596/1392/1007
f 1594/1396/1009 1595/1394/989 1591/1395/1008
f 1591/1395/1008 1592/1397/1010 1594/1396/1009
f 1593/1398/1011 1592/1397/1010 1591/1395/1008
f 1590/308/1012 1588/1118/1013 1589/309/1014
f 1589/309/1014 1588/1118/1013 1585/310/1015
f 1585/310/1015 1588/1118/1013 1587/1117/1016
f 1585/310/1015 1587/1117/1016 1586/1116/1017
f 1585/310/1015 1586/1116/1017 1583/1115/1018
f 1585/310/1015 1583/1115/1018 1584/314/1019
f 1584/314/1019 1583/1115/1018 1582/654/1020
f 1581/802/1021 1580/1080/1022 1579/657/1023
f 1580/1080/1022 1576/1076/1024 1579/657/1023
f 1579/657/1023 1576/1076/1024 1577/737/1025
f 1578/1075/1026 1577/737/1025 1576/1076/1024
f 1575/772/1027 1574/769/1028 1572/1399/1029
f 1571/558/1030 1572/1399/1029 1574/769/1028
f 1573/559/1031 1572/1399/1029 1571/558/1030
f 1570/780/1032 1567/1400/1032 1569/778/1032
f 1569/778/1032 1567/1400/1032 1568/1401/1032
f 1568/1401/1032 1567/1400/1032 1565/1402/1033
f 1565/1402/1033 1567/1400/1032 1566/1403/1033
f 1566/1403/1033 1564/789/1033 1565/1402/1033
f 1565/1402/1033 1564/789/1033 1563/788/1033
f 1529/1404/1034 1530/1405/1035 1562/1406/1036
f 1530/1405/1035 1559/1407/1037 1562/1406/1036
f 1562/1406/1036 1559/1407/1037 1561/1408/1038
f 1561/1408/1038 1559/1407/1037 1560/1409/1039
f 1560/1409/1039 1559/1407/1037 1558/1410/1040
f 1556/1411/1041 1558/1410/1040 1559/1407/1037
f 1556/1411/1041 1557/1412/1042 1558/1410/1040
f 1556/1411/1041 1555/1413/1043 1557/1412/1042
f 1556/1411/1041 1554/1414/1044 1555/1413/1043
f 1555/1413/1043 1554/1414/1044 1553/1415/1045
f 1552/1416/1046 1553/1415/1045 1554/1414/1044
f 1551/1417/1047 1553/1415/1045 1552/1416/1046
f 1550/1418/1048 1551/1417/1047 1552/1416/1046
f 1549/1419/1049 1551/1417/1047 1550/1418/1048
f 1550/1418/1048 1548/1420/1050 1549/1419/1049
f 1549/1419/1049 1548/1420/1050 1546/1421/1050
f 1545/1422/468 1546/1421/1050 1548/1420/1050
f 1547/1423/468 1546/1421/1050 1545/1422/468
f 1543/1424/672 1542/1425/1051 1544/1426/672
f 1541/1427/1052 1542/1425/1051 1543/1424/672
f 1541/1427/1052 1540/1428/1053 1542/1425/1051
f 1539/1429/1054 1540/1428/1053 1541/1427/1052
f 1540/1428/1053 1539/1429/1054 1538/1430/1055
f 1538/1430/1055 1539/1429/1054 1537/1431/1056
f 1538/1430/1055 1537/1431/1056 1536/1432/1057
f 1537/1431/1056 1534/1433/1058 1536/1432/1057
f 1535/1434/1059 1536/1432/1057 1534/1433/1058
f 1534/1433/1058 1533/1435/1060 1535/1434/1059
f 1532/1436/1061 1533/1435/1060 1534/1433/1058
f 1533/1435/1060 1532/1436/1061 1529/1404/1034
f 1529/1404/1034 1532/1436/1061 1531/1437/1062
f 1531/1437/1062 1530/1405/1035 1529/1404/1034
f 1528/361/1063 1527/360/1063 1526/368/1063
f 1523/1438/1064 1524/1439/989 1525/1440/989
f 1522/1441/1065 1524/1439/989 1523/1438/1064
f 1523/1438/1064 1521/1442/1066 1522/1441/1065
f 1522/1441/1065 1521/1442/1066 1520/1443/1067
f 1521/1442/1066 1519/1444/1068 1520/1443/1067
f 1520/1443/1067 1519/1444/1068 1518/1445/1069
f 1519/1444/1068 1517/1446/1070 1518/1445/1069
f 1515/1447/1071 1518/1445/1069 1517/1446/1070
f 1516/1448/1072 1515/1447/1071 1517/1446/1070
f 1516/1448/1072 1514/1449/1073 1515/1447/1071
f 1515/1447/1071 1514/1449/1073 1513/1450/1074
f 1511/1451/1075 1513/1450/1074 1514/1449/1073
f 1512/1452/1076 1513/1450/1074 1511/1451/1075
f 1512/1452/1076 1511/1451/1075 1510/1453/1077
f 1510/1453/1077 1511/1451/1075 1509/1454/1078
f 1510/1453/1077 1509/1454/1078 1507/1455/1079
f 1507/1455/1079 1509/1454/1078 1508/1456/1080
f 1507/1455/1079 1508/1456/1080 1506/1457/1081
f 1505/1458/1082 1507/1455/1079 1506/1457/1081
f 1504/1459/1083 1505/1458/1082 1506/1457/1081
f 1504/1459/1083 1503/1460/1084 1505/1458/1082
f 1502/1461/1085 1503/1460/1084 1504/1459/1083
f 1503/1460/1084 1502/1461/1085 1501/1462/1086
f 1501/1462/1086 1502/1461/1085 1500/1463/1087
f 1500/1463/1087 1499/1464/1088 1501/1462/1086
f 1498/1465/1089 1499/1464/1088 1500/1463/1087
f 1498/1465/1089 1497/1466/1090 1499/1464/1088
f 1496/1467/1091 1497/1466/1090 1498/1465/1089
f 1497/1466/1090 1496/1467/1091 1495/1468/1092
f 1495/1468/1092 1496/1467/1091 1494/1469/1093
f 1495/1468/1092 1494/1469/1093 1493/1470/1094
f 1493/1470/1094 1494/1469/1093 1491/1471/1094
f 1493/1470/1094 1491/1471/1094 1492/1472/466
f 1492/1472/466 1491/1471/1094 1490/1473/466
f 1489/360/1095 1488/366/1095 1487/368/1095
f 1486/367/1096 1484/369/1096 1485/366/1096
f 1485/366/1096 1484/369/1096 1483/368/1096
f 1481/1474/1097 1424/1354/1098 1482/1353/1099
f 1422/1475/1098 1424/1354/1098 1481/1474/1097
f 1481/1474/1097 1480/1476/1100 1422/1475/1098
f 1422/1475/1098 1480/1476/1100 1421/1477/1098
f 1479/1478/912 1421/1477/1098 1480/1476/1100
f 1478/1479/1101 1421/1477/1098 1479/1478/912
f 1421/1477/1098 1478/1479/1101 1417/1480/1098
f 1417/1480/1098 1478/1479/1101 1476/1481/1102
f 1476/1481/1102 1419/1164/1103 1417/1480/1098
f 1477/1165/1101 1419/1164/1103 1476/1481/1102
f 1475/367/1104 1474/1482/1104 1473/369/1104
f 1471/1483/1105 1464/1421/7 1472/1423/1106
f 1465/1484/7 1464/1421/7 1471/1483/1105
f 1470/1485/1107 1465/1484/7 1471/1483/1105
f 1469/1486/1108 1465/1484/7 1470/1485/1107
f 1469/1486/1108 1463/1487/7 1465/1484/7
f 1468/1488/1109 1463/1487/7 1469/1486/1108
f 1468/1488/1109 1467/1489/1110 1463/1487/7
f 1463/1487/7 1467/1489/1110 1462/1490/7
f 1467/1489/1110 1466/1491/1111 1462/1490/7
f 1462/1490/7 1466/1491/1111 1455/1492/7
f 1454/1493/1112 1455/1492/7 1466/1491/1111
f 1465/1484/7 1463/1487/7 1464/1421/7
f 1461/1419/7 1464/1421/7 1463/1487/7
f 1462/1490/7 1461/1419/7 1463/1487/7
f 1455/1492/7 1461/1419/7 1462/1490/7
f 1460/1417/7 1461/1419/7 1455/1492/7
f 1459/1415/7 1460/1417/7 1455/1492/7
f 1458/1413/7 1459/1415/7 1455/1492/7
f 1457/1412/7 1458/1413/7 1455/1492/7
f 1456/1410/7 1457/1412/7 1455/1492/7
f 1453/1494/7 1456/1410/7 1455/1492/7
f 1451/1495/7 1456/1410/7 1453/1494/7
f 1449/1496/7 1456/1410/7 1451/1495/7
f 1447/1409/7 1456/1410/7 1449/1496/7
f 1453/1494/7 1455/1492/7 1454/1493/1112
f 1454/1493/1112 1452/1497/1113 1453/1494/7
f 1453/1494/7 1452/1497/1113 1451/1495/7
f 1452/1497/1113 1450/1498/1114 1451/1495/7
f 1451/1495/7 1450/1498/1114 1449/1496/7
f 1450/1498/1114 1448/1499/1115 1449/1496/7
f 1449/1496/7 1448/1499/1115 1447/1409/7
f 1446/1500/1116 1447/1409/7 1448/1499/1115
f 1445/1408/7 1447/1409/7 1446/1500/1116
f 1444/1501/1117 1445/1408/7 1446/1500/1116
f 1443/1406/7 1445/1408/7 1444/1501/1117
f 1441/1502/1118 1443/1406/7 1444/1501/1117
f 1442/1404/7 1443/1406/7 1441/1502/1118
f 1441/1502/1118 1440/1435/7 1442/1404/7
f 1439/1503/1119 1440/1435/7 1441/1502/1118
f 1440/1435/7 1439/1503/1119 1438/1434/7
f 1439/1503/1119 1433/1504/1106 1438/1434/7
f 1433/1504/1106 1432/1505/7 1438/1434/7
f 1438/1434/7 1432/1505/7 1437/1432/7
f 1436/1430/7 1437/1432/7 1432/1505/7
f 1435/1428/7 1436/1430/7 1432/1505/7
f 1431/1506/1120 1435/1428/7 1432/1505/7
f 1430/1425/1121 1435/1428/7 1431/1506/1120
f 1418/1167/1098 1434/1170/1098 1420/1507/1098
f 1420/1507/1098 1434/1170/1098 1423/1172/1098
f 1433/1504/1106 1412/1508/1122 1432/1505/7
f 1432/1505/7 1412/1508/1122 1431/1506/1120
f 1431/1506/1120 1412/1508/1122 1413/1509/1098
f 1430/1425/1121 1431/1506/1120 1413/1509/1098
f 1414/1250/1123 1430/1425/1121 1413/1509/1098
f 1429/1426/1123 1430/1425/1121 1414/1250/1123
f 1428/953/1123 1429/1426/1123 1414/1250/1123
f 1426/1249/1098 1428/953/1123 1414/1250/1123
f 1427/950/1098 1428/953/1123 1426/1249/1098
f 1425/948/1098 1427/950/1098 1426/1249/1098
f 1425/948/1098 1426/1249/1098 1424/1354/1098
f 1423/1172/1098 1425/948/1098 1424/1354/1098
f 1422/1475/1098 1423/1172/1098 1424/1354/1098
f 1420/1507/1098 1423/1172/1098 1422/1475/1098
f 1422/1475/1098 1421/1477/1098 1420/1507/1098
f 1420/1507/1098 1421/1477/1098 1417/1480/1098
f 1417/1480/1098 1418/1167/1098 1420/1507/1098
f 1419/1164/1103 1418/1167/1098 1417/1480/1098
f 1415/1510/1098 1409/1511/1124 1416/1512/1097
f 1410/1513/1098 1409/1511/1124 1415/1510/1098
f 1414/1250/1123 1410/1513/1098 1415/1510/1098
f 1413/1509/1098 1410/1513/1098 1414/1250/1123
f 1411/1514/1125 1410/1513/1098 1413/1509/1098
f 1413/1509/1098 1412/1508/1122 1411/1514/1125
f 1408/1515/1126 1410/1513/1098 1411/1514/1125
f 1410/1513/1098 1408/1515/1126 1409/1511/1124
f 1409/1511/1124 1408/1515/1126 1407/1516/1127
f 1406/369/1128 1405/1482/1128 1404/370/1128
f 1403/1517/1129 1401/1518/1129 1402/355/1129
f 1402/355/1129 1401/1518/1129 1400/1519/1129
f 1399/1520/1130 1397/1521/1131 1398/1517/1132
f 1398/1517/1132 1397/1521/1131 1396/1522/1133
f 1395/1523/1134 1393/1521/1135 1394/1524/1136
f 1394/1524/1136 1393/1521/1135 1392/1520/1137
f 1391/1525/1138 1389/1526/1138 1390/359/1138
f 1390/359/1138 1389/1526/1138 1388/1524/1138
f 1387/359/1139 1385/1524/1139 1386/1527/1139
f 1386/1527/1139 1385/1524/1139 1384/1528/1139
f 1383/1009/1140 1382/1010/1141 1377/1529/1142
f 1377/1529/1142 1382/1010/1141 1376/1530/1143
f 1382/1010/1141 1381/1011/1144 1376/1530/1143
f 1376/1530/1143 1381/1011/1144 1372/1531/1145
f 1381/1011/1144 1380/1012/438 1372/1531/1145
f 1380/1012/438 1373/1532/1146 1372/1531/1145
f 1380/1012/438 1379/1141/11 1373/1532/1146
f 1373/1532/1146 1379/1141/11 1340/1533/11
f 1379/1141/11 1378/1123/11 1340/1533/11
f 1340/1533/11 1378/1123/11 1339/1126/11
f 1377/1529/1142 1376/1530/1143 1375/1534/1147
f 1375/1534/1147 1376/1530/1143 1371/1535/1148
f 1376/1530/1143 1372/1531/1145 1371/1535/1148
f 1375/1534/1147 1371/1535/1148 1370/1536/1149
f 1334/1537/1150 1342/1538/1151 1336/1539/1152
f 1366/1540/1153 1336/1539/1152 1342/1538/1151
f 1374/1541/1154 1336/1539/1152 1366/1540/1153
f 1374/1541/1154 1366/1540/1153 1340/1533/11
f 1340/1533/11 1366/1540/1153 1373/1532/1146
f 1366/1540/1153 1372/1531/1145 1373/1532/1146
f 1366/1540/1153 1357/1542/1155 1372/1531/1145
f 1371/1535/1148 1372/1531/1145 1357/1542/1155
f 1371/1535/1148 1357/1542/1155 1358/1543/1156
f 1370/1536/1149 1371/1535/1148 1358/1543/1156
f 1370/1536/1149 1358/1543/1156 1369/1544/1157
f 1369/1544/1157 1358/1543/1156 1359/1545/1158
f 1369/1544/1157 1359/1545/1158 1368/1546/1159
f 1368/1546/1159 1359/1545/1158 1361/1547/1160
f 1368/1546/1159 1361/1547/1160 1367/1548/1161
f 1367/1548/1161 1361/1547/1160 1363/1549/1162
f 1367/1548/1161 1363/1549/1162 1355/1550/1163
f 1355/1550/1163 1363/1549/1162 1354/1551/1164
f 1342/1538/1151 1357/1542/1155 1366/1540/1153
f 1357/1542/1155 1342/1538/1151 1356/1552/1165
f 1356/1552/1165 1342/1538/1151 1343/1553/1166
f 1356/1552/1165 1343/1553/1166 1360/1554/1167
f 1360/1554/1167 1343/1553/1166 1344/1555/1168
f 1344/1555/1168 1362/1556/1169 1360/1554/1167
f 1345/1557/1170 1362/1556/1169 1344/1555/1168
f 1345/1557/1170 1364/1558/1171 1362/1556/1169
f 1346/1559/1172 1364/1558/1171 1345/1557/1170
f 1364/1558/1171 1346/1559/1172 1365/1560/1173
f 1365/1560/1173 1346/1559/1172 1347/1561/1174
f 1348/1562/1175 1365/1560/1173 1347/1561/1174
f 1349/1563/1176 1365/1560/1173 1348/1562/1175
f 1349/1563/1176 1354/1551/1164 1365/1560/1173
f 1354/1551/1164 1364/1558/1171 1365/1560/1173
f 1363/1549/1162 1364/1558/1171 1354/1551/1164
f 1363/1549/1162 1362/1556/1169 1364/1558/1171
f 1361/1547/1160 1362/1556/1169 1363/1549/1162
f 1361/1547/1160 1360/1554/1167 1362/1556/1169
f 1359/1545/1158 1360/1554/1167 1361/1547/1160
f 1359/1545/1158 1356/1552/1165 1360/1554/1167
f 1358/1543/1156 1356/1552/1165 1359/1545/1158
f 1358/1543/1156 1357/1542/1155 1356/1552/1165
f 1355/1550/1163 1350/1564/1177 1352/1565/1178
f 1354/1551/1164 1350/1564/1177 1355/1550/1163
f 1350/1564/1177 1354/1551/1164 1349/1563/1176
f 1353/1566/1179 1352/1565/1178 1351/1567/1180
f 1351/1567/1180 1352/1565/1178 1350/1564/1177
f 1351/1567/1180 1350/1564/1177 1293/1568/1181
f 1293/1568/1181 1350/1564/1177 1349/1563/1176
f 1293/1568/1181 1349/1563/1176 1278/1569/1182
f 1278/1569/1182 1349/1563/1176 1348/1562/1175
f 1348/1562/1175 1277/1570/11 1278/1569/1182
f 1348/1562/1175 1347/1561/1174 1277/1570/11
f 1277/1570/11 1347/1561/1174 1325/1571/1183
f 1347/1561/1174 1346/1559/1172 1325/1571/1183
f 1325/1571/1183 1346/1559/1172 1328/1572/1184
f 1345/1557/1170 1328/1572/1184 1346/1559/1172
f 1330/1573/1185 1328/1572/1184 1345/1557/1170
f 1344/1555/1168 1330/1573/1185 1345/1557/1170
f 1332/1574/1186 1330/1573/1185 1344/1555/1168
f 1343/1553/1166 1332/1574/1186 1344/1555/1168
f 1334/1537/1150 1332/1574/1186 1343/1553/1166
f 1343/1553/1166 1342/1538/1151 1334/1537/1150
f 1324/549/11 1326/1140/621 1341/555/11
f 1339/1126/11 1338/1541/1187 1340/1533/11
f 1337/1128/1188 1338/1541/1187 1339/1126/11
f 1338/1541/1187 1337/1128/1188 1336/1539/1152
f 1336/1539/1152 1337/1128/1188 1335/1130/1189
f 1336/1539/1152 1335/1130/1189 1334/1537/1150
f 1334/1537/1150 1335/1130/1189 1333/1132/1190
f 1334/1537/1150 1333/1132/1190 1332/1574/1186
f 1332/1574/1186 1333/1132/1190 1331/1134/1191
f 1332/1574/1186 1331/1134/1191 1330/1573/1185
f 1330/1573/1185 1331/1134/1191 1329/1136/1192
f 1330/1573/1185 1329/1136/1192 1328/1572/1184
f 1328/1572/1184 1329/1136/1192 1327/1138/634
f 1328/1572/1184 1327/1138/634 1325/1571/1183
f 1325/1571/1183 1327/1138/634 1326/1140/621
f 1325/1571/1183 1326/1140/621 1324/549/11
f 1325/1571/1183 1324/549/11 1277/1570/11
f 1324/549/11 1323/545/11 1277/1570/11
f 1277/1570/11 1323/545/11 1313/544/11
f 1321/559/1193 1322/557/1194 1320/1575/1195
f 1319/1399/1196 1321/559/1193 1318/1576/1197
f 1318/1576/1197 1321/559/1193 1317/1577/1198
f 1321/559/1193 1320/1575/1195 1317/1577/1198
f 1317/1577/1198 1320/1575/1195 1315/1578/1195
f 1311/772/1199 1319/1399/1196 1310/1579/1200
f 1310/1579/1200 1319/1399/1196 1318/1576/1197
f 1310/1579/1200 1318/1576/1197 1309/1580/1201
f 1309/1580/1201 1318/1576/1197 1308/1581/1202
f 1318/1576/1197 1317/1577/1198 1308/1581/1202
f 1308/1581/1202 1317/1577/1198 1316/1582/1203
f 1317/1577/1198 1315/1578/1195 1316/1582/1203
f 1316/1582/1203 1315/1578/1195 1314/1583/1204
f 1277/1570/11 1313/544/11 1279/1584/11
f 1279/1584/11 1313/544/11 1312/773/11
f 1312/773/11 1311/772/1199 1279/1584/11
f 1279/1584/11 1311/772/1199 1310/1579/1200
f 1310/1579/1200 1280/1585/1205 1279/1584/11
f 1309/1580/1201 1280/1585/1205 1310/1579/1200
f 1309/1580/1201 1282/1586/1206 1280/1585/1205
f 1308/1581/1202 1282/1586/1206 1309/1580/1201
f 1308/1581/1202 1284/1587/1207 1282/1586/1206
f 1307/1588/1203 1284/1587/1207 1308/1581/1202
f 1307/1588/1203 1286/1589/1208 1284/1587/1207
f 1306/1590/1209 1286/1589/1208 1307/1588/1203
f 1306/1590/1209 1288/1591/1210 1286/1589/1208
f 1305/1592/1211 1288/1591/1210 1306/1590/1209
f 1305/1592/1211 1290/1593/214 1288/1591/1210
f 1304/1594/1212 1290/1593/214 1305/1592/1211
f 1303/1595/1213 1290/1593/214 1304/1594/1212
f 1291/1596/214 1290/1593/214 1303/1595/1213
f 1302/1597/1214 1291/1596/214 1303/1595/1213
f 1301/1598/1215 1291/1596/214 1302/1597/1214
f 1300/1599/372 1291/1596/214 1301/1598/1215
f 1292/1600/214 1291/1596/214 1300/1599/372
f 1299/1601/1216 1292/1600/214 1300/1599/372
f 1298/1602/1217 1292/1600/214 1299/1601/1216
f 1298/1602/1217 1297/1603/1218 1292/1600/214
f 1292/1600/214 1297/1603/1218 1289/1604/214
f 1297/1603/1218 1296/1605/1219 1289/1604/214
f 1289/1604/214 1296/1605/1219 1287/1606/1220
f 1296/1605/1219 1295/1607/1221 1287/1606/1220
f 1287/1606/1220 1295/1607/1221 1285/1608/1222
f 1294/1609/1180 1285/1608/1222 1295/1607/1221
f 1283/1610/1223 1285/1608/1222 1294/1609/1180
f 1294/1609/1180 1293/1568/1181 1283/1610/1223
f 1283/1610/1223 1293/1568/1181 1281/1611/1224
f 1278/1569/1182 1281/1611/1224 1293/1568/1181
f 1276/1612/1225 1281/1611/1224 1278/1569/1182
f 1292/1600/214 1289/1604/214 1291/1596/214
f 1291/1596/214 1289/1604/214 1290/1593/214
f 1290/1593/214 1289/1604/214 1288/1591/1210
f 1288/1591/1210 1289/1604/214 1287/1606/1220
f 1288/1591/1210 1287/1606/1220 1286/1589/1208
f 1286/1589/1208 1287/1606/1220 1285/1608/1222
f 1285/1608/1222 1284/1587/1207 1286/1589/1208
f 1283/1610/1223 1284/1587/1207 1285/1608/1222
f 1283/1610/1223 1282/1586/1206 1284/1587/1207
f 1281/1611/1224 1282/1586/1206 1283/1610/1223
f 1281/1611/1224 1280/1585/1205 1282/1586/1206
f 1276/1612/1225 1280/1585/1205 1281/1611/1224
f 1276/1612/1225 1279/1584/11 1280/1585/1205
f 1277/1570/11 1279/1584/11 1276/1612/1225
f 1278/1569/1182 1277/1570/11 1276/1612/1225
f 1275/354/1226 1274/1527/1226 1273/355/1226
f 1269/1613/1227 1270/1614/1217 1272/1615/1228
f 1243/1616/27 1244/1617/1229 1258/1618/27
f 1258/1618/27 1244/1617/1229 1271/1619/1230
f 1258/1618/27 1271/1619/1230 1260/1620/27
f 1260/1620/27 1271/1619/1230 1270/1614/1217
f 1260/1620/27 1270/1614/1217 1269/1613/1227
f 1269/1613/1227 1259/1621/27 1260/1620/27
f 1268/1622/1231 1259/1621/27 1269/1613/1227
f 1268/1622/1231 1267/1623/1232 1259/1621/27
f 1259/1621/27 1267/1623/1232 1261/1624/27
f 1267/1623/1232 1266/1625/1233 1261/1624/27
f 1261/1624/27 1266/1625/1233 1262/1626/27
f 1265/1627/1234 1262/1626/27 1266/1625/1233
f 1263/1628/27 1262/1626/27 1265/1627/1234
f 1265/1627/1234 1235/1629/1235 1263/1628/27
f 1263/1628/27 1235/1629/1235 1264/1630/27
f 1264/1630/27 1235/1629/1235 1236/1631/27
f 1236/1631/27 1240/1632/27 1264/1630/27
f 1237/1633/27 1240/1632/27 1236/1631/27
f 1240/1632/27 1241/1634/27 1264/1630/27
f 1264/1630/27 1241/1634/27 1263/1628/27
f 1241/1634/27 1255/1635/27 1263/1628/27
f 1263/1628/27 1255/1635/27 1262/1626/27
f 1256/1636/27 1262/1626/27 1255/1635/27
f 1261/1624/27 1262/1626/27 1256/1636/27
f 1257/1637/27 1261/1624/27 1256/1636/27
f 1259/1621/27 1261/1624/27 1257/1637/27
f 1258/1618/27 1259/1621/27 1257/1637/27
f 1260/1620/27 1259/1621/27 1258/1618/27
f 1257/1637/27 1243/1616/27 1258/1618/27
f 1247/1638/27 1243/1616/27 1257/1637/27
f 1257/1637/27 1256/1636/27 1247/1638/27
f 1255/1635/27 1247/1638/27 1256/1636/27
f 1241/1634/27 1247/1638/27 1255/1635/27
f 1246/1639/1236 1248/1640/27 1254/1641/1237
f 1254/1641/1237 1248/1640/27 1249/1642/27
f 1249/1642/27 1250/1643/1238 1254/1641/1237
f 1253/1644/1239 1244/1617/1229 1245/1645/1240
f 1252/1646/1241 1230/1647/27 1229/1648/1242
f 1238/1649/27 1230/1647/27 1252/1646/1241
f 1251/1650/1243 1238/1649/27 1252/1646/1241
f 1239/1651/27 1238/1649/27 1251/1650/1243
f 1251/1650/1243 1250/1643/1238 1239/1651/27
f 1239/1651/27 1250/1643/1238 1242/1652/27
f 1242/1652/27 1250/1643/1238 1249/1642/27
f 1242/1652/27 1249/1642/27 1241/1634/27
f 1241/1634/27 1249/1642/27 1248/1640/27
f 1248/1640/27 1247/1638/27 1241/1634/27
f 1248/1640/27 1246/1639/1236 1247/1638/27
f 1246/1639/1236 1243/1616/27 1247/1638/27
f 1245/1645/1240 1243/1616/27 1246/1639/1236
f 1245/1645/1240 1244/1617/1229 1243/1616/27
f 1239/1651/27 1242/1652/27 1241/1634/27
f 1240/1632/27 1239/1651/27 1241/1634/27
f 1240/1632/27 1237/1633/27 1239/1651/27
f 1239/1651/27 1237/1633/27 1238/1649/27
f 1238/1649/27 1231/1653/27 1230/1647/27
f 1237/1633/27 1231/1653/27 1238/1649/27
f 1231/1653/27 1237/1633/27 1232/1654/27
f 1232/1654/27 1237/1633/27 1236/1631/27
f 1232/1654/27 1236/1631/27 1233/1655/1244
f 1233/1655/1244 1236/1631/27 1234/1656/1245
f 1236/1631/27 1235/1629/1235 1234/1656/1245
f 1202/1657/1246 1232/1654/27 1233/1655/1244
f 1219/1658/27 1232/1654/27 1202/1657/1246
f 1219/1658/27 1231/1653/27 1232/1654/27
f 1221/1659/27 1231/1653/27 1219/1658/27
f 1231/1653/27 1221/1659/27 1230/1647/27
f 1230/1647/27 1221/1659/27 1222/1660/27
f 1222/1660/27 1229/1648/1242 1230/1647/27
f 1228/1661/1247 1229/1648/1242 1222/1660/27
f 1222/1660/27 1227/1122/1248 1228/1661/1247
f 1226/976/27 1227/1122/1248 1222/1660/27
f 1222/1660/27 1220/497/27 1226/976/27
f 1226/976/27 1220/497/27 1224/620/27
f 1226/976/27 1224/620/27 1225/977/1249
f 1225/977/1249 1224/620/27 1223/622/1250
f 1221/1659/27 1220/497/27 1222/1660/27
f 1221/1659/27 1219/1658/27 1220/497/27
f 1220/497/27 1219/1658/27 1204/498/27
f 1204/498/27 1219/1658/27 1202/1657/1246
f 1199/1662/1251 1200/1663/27 1218/1664/1252
f 1200/1663/27 1210/1665/1253 1218/1664/1252
f 1218/1664/1252 1210/1665/1253 1217/1666/1254
f 1211/1667/27 1217/1666/1254 1210/1665/1253
f 1216/1668/1255 1217/1666/1254 1211/1667/27
f 1211/1667/27 1215/1669/1256 1216/1668/1255
f 1213/1670/714 1215/1669/1256 1211/1667/27
f 1212/1671/1257 1213/1670/714 1211/1667/27
f 1214/1672/1258 1213/1670/714 1212/1671/1257
f 1212/1671/1257 1211/1667/27 1202/1657/1246
f 1211/1667/27 1210/1665/1253 1202/1657/1246
f 1210/1665/1253 1200/1663/27 1202/1657/1246
f 1209/1673/27 1208/1674/27 1207/506/27
f 1201/502/27 1209/1673/27 1207/506/27
f 1197/1675/27 1209/1673/27 1201/502/27
f 1197/1675/27 1198/1676/1259 1209/1673/27
f 1198/1676/1259 1208/1674/27 1209/1673/27
f 1193/1677/1260 1208/1674/27 1198/1676/1259
f 1208/1674/27 1193/1677/1260 1194/1678/27
f 1208/1674/27 1194/1678/27 1207/506/27
f 1194/1678/27 1196/742/27 1207/506/27
f 1207/506/27 1196/742/27 1206/507/27
f 1196/742/27 1205/500/27 1206/507/27
f 1205/500/27 1203/501/1004 1206/507/27
f 1204/498/27 1203/501/1004 1205/500/27
f 1203/501/1004 1204/498/27 1202/1657/1246
f 1201/502/27 1203/501/1004 1202/1657/1246
f 1200/1663/27 1201/502/27 1202/1657/1246
f 1200/1663/27 1197/1675/27 1201/502/27
f 1197/1675/27 1200/1663/27 1199/1662/1251
f 1199/1662/1251 1198/1676/1259 1197/1675/27
f 1196/742/27 1194/1678/27 1195/743/1261
f 1195/743/1261 1194/1678/27 1192/1679/1262
f 1194/1678/27 1193/1677/1260 1192/1679/1262
f 1191/1680/1263 1186/1681/1264 1190/1682/296
f 1190/1682/296 1186/1681/1264 1187/1683/1265
f 1190/1682/296 1187/1683/1265 1189/1684/297
f 1189/1684/297 1187/1683/1265 1188/1685/1266
f 1188/1685/1266 1187/1683/1265 1180/1686/1267
f 1180/1686/1267 1187/1683/1265 1174/1687/7
f 1187/1683/1265 1186/1681/1264 1174/1687/7
f 1174/1687/7 1186/1681/1264 1173/1688/7
f 1185/1689/301 1183/1690/1268 1184/1691/302
f 1184/1691/302 1183/1690/1268 1182/1692/1269
f 1181/1693/7 1182/1692/1269 1183/1690/1268
f 1172/1694/7 1182/1692/1269 1181/1693/7
f 1172/1694/7 1181/1693/7 1088/1695/7
f 1181/1693/7 1087/1696/7 1088/1695/7
f 1180/1686/1267 1174/1687/7 1175/1697/1267
f 1179/1698/1270 1165/1699/7 1169/1700/1271
f 1166/1701/7 1165/1699/7 1179/1698/1270
f 1179/1698/1270 1178/1702/1272 1166/1701/7
f 1166/1701/7 1178/1702/1272 1177/1703/1273
f 1177/1703/1273 1167/1704/7 1166/1701/7
f 1176/1705/1274 1167/1704/7 1177/1703/1273
f 1176/1705/1274 1168/1706/7 1167/1704/7
f 1175/1697/1267 1168/1706/7 1176/1705/1274
f 1175/1697/1267 1174/1687/7 1168/1706/7
f 1168/1706/7 1174/1687/7 1154/1707/7
f 1154/1707/7 1174/1687/7 1173/1688/7
f 1153/1708/7 1154/1707/7 1173/1688/7
f 1172/1694/7 1153/1708/7 1173/1688/7
f 1153/1708/7 1172/1694/7 1088/1695/7
f 1088/1695/7 1155/1709/7 1153/1708/7
f 1088/1695/7 1090/1710/7 1155/1709/7
f 1090/1710/7 1162/1711/1275 1155/1709/7
f 1090/1710/7 1092/1712/1276 1162/1711/1275
f 1170/1713/1277 1163/1714/1278 1171/1715/1279
f 1164/1716/7 1163/1714/1278 1170/1713/1277
f 1169/1700/1271 1164/1716/7 1170/1713/1277
f 1165/1699/7 1164/1716/7 1169/1700/1271
f 1168/1706/7 1154/1707/7 1167/1704/7
f 1167/1704/7 1154/1707/7 1157/1717/7
f 1167/1704/7 1157/1717/7 1166/1701/7
f 1166/1701/7 1157/1717/7 1165/1699/7
f 1157/1717/7 1158/1718/7 1165/1699/7
f 1165/1699/7 1158/1718/7 1164/1716/7
f 1158/1718/7 1160/1719/1280 1164/1716/7
f 1164/1716/7 1160/1719/1280 1163/1714/1278
f 1155/1709/7 1162/1711/1275 1161/1720/1281
f 1155/1709/7 1161/1720/1281 1156/1721/7
f 1156/1721/7 1161/1720/1281 1159/1722/1282
f 1158/1718/7 1159/1722/1282 1160/1719/1280
f 1156/1721/7 1159/1722/1282 1158/1718/7
f 1157/1717/7 1156/1721/7 1158/1718/7
f 1154/1707/7 1156/1721/7 1157/1717/7
f 1156/1721/7 1154/1707/7 1155/1709/7
f 1155/1709/7 1154/1707/7 1153/1708/7
f 1152/1345/1283 1149/1343/1284 1151/1723/1283
f 1151/1723/1283 1149/1343/1284 1150/1724/1285
f 1150/1724/1285 1149/1343/1284 1148/1725/1286
f 1148/1725/1286 1149/1343/1284 1147/1342/1287
f 1147/1342/1287 1146/1726/1288 1148/1725/1286
f 1145/1335/1288 1146/1726/1288 1147/1342/1287
f 1145/1335/1288 1143/1727/1289 1146/1726/1288
f 1144/1334/1289 1143/1727/1289 1145/1335/1288
f 1144/1334/1289 1142/1325/1290 1143/1727/1289
f 1143/1727/1289 1142/1325/1290 1140/1728/1290
f 1139/1326/1290 1140/1728/1290 1142/1325/1290
f 1141/1369/1290 1140/1728/1290 1139/1326/1290
f 1138/1729/1291 1136/1730/1292 1137/1731/1293
f 1137/1731/1293 1136/1730/1292 1135/1732/1294
f 1136/1730/1292 1134/1733/1295 1135/1732/1294
f 1135/1732/1294 1134/1733/1295 1133/1734/1296
f 1134/1733/1295 1131/1735/1297 1133/1734/1296
f 1133/1734/1296 1131/1735/1297 1132/1736/1297
f 1132/1736/1297 1131/1735/1297 1129/1737/1298
f 1129/1737/1298 1131/1735/1297 1130/1738/1298
f 1130/1738/1298 1128/1739/1299 1129/1737/1298
f 1129/1737/1298 1128/1739/1299 1127/1740/1300
f 1128/1739/1299 1126/1741/1301 1127/1740/1300
f 1127/1740/1300 1126/1741/1301 1125/1742/1302
f 1126/1741/1301 1123/1743/1303 1125/1742/1302
f 1125/1742/1302 1123/1743/1303 1124/1744/1303
f 1124/1744/1303 1123/1743/1303 1121/1745/1304
f 1121/1745/1304 1123/1743/1303 1122/1746/1304
f 1122/1746/1304 1120/317/1305 1121/1745/1304
f 1121/1745/1304 1120/317/1305 1119/316/1305
f 1118/1527/1306 1116/1528/1306 1117/355/1306
f 1117/355/1306 1116/1528/1306 1115/1517/1306
f 1114/361/1307 1112/370/1307 1113/1747/1307
f 1113/1747/1307 1112/370/1307 1111/1748/1307
f 1100/1749/188 1086/1750/1308 1110/1751/1309
f 1108/1752/7 1109/1753/7 1107/1754/7
f 1109/1753/7 1105/1755/7 1107/1754/7
f 1105/1755/7 1109/1753/7 1085/1756/7
f 1109/1753/7 1089/1757/7 1085/1756/7
f 1109/1753/7 1091/1758/7 1089/1757/7
f 1109/1753/7 1093/1759/7 1091/1758/7
f 1094/1760/7 1093/1759/7 1109/1753/7
f 1094/1760/7 1109/1753/7 1095/1761/7
f 1095/1761/7 1109/1753/7 1108/1752/7
f 1098/1762/1310 1095/1761/7 1108/1752/7
f 1107/1754/7 1098/1762/1310 1108/1752/7
f 1106/1763/1311 1098/1762/1310 1107/1754/7
f 1105/1755/7 1106/1763/1311 1107/1754/7
f 1104/1764/1312 1106/1763/1311 1105/1755/7
f 1105/1755/7 1085/1756/7 1104/1764/1312
f 1104/1764/1312 1085/1756/7 1103/1765/1313
f 1103/1765/1313 1085/1756/7 1102/1766/1314
f 1102/1766/1314 1085/1756/7 1099/1767/1315
f 1102/1766/1314 1099/1767/1315 1101/1768/187
f 1101/1768/187 1099/1767/1315 1100/1749/188
f 1099/1767/1315 1086/1750/1308 1100/1749/188
f 1085/1756/7 1086/1750/1308 1099/1767/1315
f 1096/1769/1316 1095/1761/7 1098/1762/1310
f 1072/1770/1317 1073/1771/7 1084/1772/7
f 1084/1772/7 1097/1773/1318 1072/1770/1317
f 1083/1774/7 1097/1773/1318 1084/1772/7
f 1083/1774/7 1096/1769/1316 1097/1773/1318
f 1095/1761/7 1096/1769/1316 1083/1774/7
f 1083/1774/7 1079/1775/7 1095/1761/7
f 1095/1761/7 1079/1775/7 1094/1760/7
f 1079/1775/7 1080/1776/7 1094/1760/7
f 1094/1760/7 1080/1776/7 1093/1759/7
f 1093/1759/7 1080/1776/7 1082/1777/1319
f 1093/1759/7 1082/1777/1319 1091/1758/7
f 1091/1758/7 1082/1777/1319 1092/1712/1276
f 1091/1758/7 1092/1712/1276 1090/1710/7
f 1089/1757/7 1091/1758/7 1090/1710/7
f 1089/1757/7 1090/1710/7 1088/1695/7
f 1089/1757/7 1088/1695/7 1085/1756/7
f 1087/1696/7 1085/1756/7 1088/1695/7
f 1087/1696/7 1086/1750/1308 1085/1756/7
f 1073/1771/7 1077/1778/7 1084/1772/7
f 1084/1772/7 1077/1778/7 1078/1779/7
f 1084/1772/7 1078/1779/7 1083/1774/7
f 1083/1774/7 1078/1779/7 1079/1775/7
f 1082/1777/1319 1080/1776/7 1081/1780/1320
f 1081/1780/1320 1080/1776/7 1058/1781/1321
f 1058/1781/1321 1080/1776/7 1044/1782/7
f 1080/1776/7 1079/1775/7 1044/1782/7
f 1044/1782/7 1079/1775/7 1078/1779/7
f 1044/1782/7 1078/1779/7 1043/1783/7
f 1043/1783/7 1078/1779/7 1077/1778/7
f 1077/1778/7 1059/352/7 1043/1783/7
f 1077/1778/7 1073/1771/7 1059/352/7
f 1059/352/7 1073/1771/7 1076/744/7
f 1073/1771/7 1075/745/625 1076/744/7
f 1074/1784/1322 1075/745/625 1073/1771/7
f 1074/1784/1322 1073/1771/7 1072/1770/1317
f 1066/1785/7 1068/1786/1323 1070/1787/1324
f 1070/1787/1324 1068/1786/1323 1071/1788/790
f 1070/1787/1324 1045/1789/1325 1066/1785/7
f 1068/1786/1323 1067/1790/770 1069/1791/1326
f 1066/1785/7 1067/1790/770 1068/1786/1323
f 1066/1785/7 1062/1792/1327 1067/1790/770
f 1064/1793/82 1062/1792/1327 1066/1785/7
f 1066/1785/7 1045/1789/1325 1064/1793/82
f 1064/1793/82 1045/1789/1325 1057/1794/1328
f 1057/1794/1328 1045/1789/1325 1042/509/7
f 1065/1795/1329 1056/1796/7 1055/1797/1330
f 1065/1795/1329 1057/1794/1328 1056/1796/7
f 1063/1798/1331 1057/1794/1328 1065/1795/1329
f 1057/1794/1328 1063/1798/1331 1064/1793/82
f 1064/1793/82 1063/1798/1331 1062/1792/1327
f 1051/1006/7 1050/349/7 1061/1007/427
f 1061/1007/427 1050/349/7 1060/351/1332
f 1043/1783/7 1059/352/7 1046/353/7
f 1058/1781/1321 1044/1782/7 1045/1789/1325
f 1042/509/7 1045/1789/1325 1047/510/7
f 1057/1794/1328 1042/509/7 1056/1796/7
f 1056/1796/7 1042/509/7 1041/1799/7
f 1055/1797/1330 1056/1796/7 1041/1799/7
f 1041/1799/7 1040/1800/7 1055/1797/1330
f 1055/1797/1330 1040/1800/7 1054/1801/1333
f 1040/1800/7 1038/1802/7 1054/1801/1333
f 1054/1801/1333 1038/1802/7 1053/1803/1334
f 1053/1803/1334 1038/1802/7 1052/1008/1335
f 1052/1008/1335 1038/1802/7 1051/1006/7
f 1038/1802/7 1039/515/7 1051/1006/7
f 1051/1006/7 1039/515/7 1050/349/7
f 1039/515/7 1049/514/7 1050/349/7
f 1048/347/7 1050/349/7 1049/514/7
f 1047/510/7 1048/347/7 1049/514/7
f 1046/353/7 1048/347/7 1047/510/7
f 1047/510/7 1045/1789/1325 1046/353/7
f 1045/1789/1325 1043/1783/7 1046/353/7
f 1045/1789/1325 1044/1782/7 1043/1783/7
f 1042/509/7 1039/515/7 1041/1799/7
f 1041/1799/7 1039/515/7 1040/1800/7
f 1040/1800/7 1039/515/7 1038/1802/7
f 1037/768/1336 1033/822/1337 1036/769/1338
f 1033/822/1337 1034/558/1339 1036/769/1338
f 1035/556/1340 1034/558/1339 1033/822/1337
f 1032/796/1341 1031/412/1341 1029/1804/1342
f 1029/1804/1342 1031/412/1341 1030/411/1343
f 1030/411/1343 1028/409/1344 1029/1804/1342
f 1029/1804/1342 1028/409/1344 1027/1805/1345
f 1028/409/1344 1026/406/1346 1027/1805/1345
f 1027/1805/1345 1026/406/1346 1025/1806/1347
f 1026/406/1346 1022/404/1348 1025/1806/1347
f 1025/1806/1347 1022/404/1348 1024/1807/1349
f 1024/1807/1349 1022/404/1348 1023/1175/1350
f 1023/1175/1350 1022/404/1348 1021/402/1351
f 967/1808/1352 1020/1809/1353 968/1810/1354
f 968/1810/1354 1020/1809/1353 984/1811/1355
f 1019/1812/1356 984/1811/1355 1020/1809/1353
f 986/1813/1357 984/1811/1355 1019/1812/1356
f 1018/1814/1358 986/1813/1357 1019/1812/1356
f 988/1815/1359 986/1813/1357 1018/1814/1358
f 1018/1814/1358 1017/1816/743 988/1815/1359
f 988/1815/1359 1017/1816/743 990/1817/88
f 1017/1816/743 1016/1818/1360 990/1817/88
f 990/1817/88 1016/1818/1360 991/1819/88
f 1016/1818/1360 1015/1820/1361 991/1819/88
f 991/1819/88 1015/1820/1361 1008/1821/88
f 1014/1822/1362 1008/1821/88 1015/1820/1361
f 1009/1823/88 1008/1821/88 1014/1822/1362
f 1013/1824/1363 1009/1823/88 1014/1822/1362
f 1011/1825/1364 1009/1823/88 1013/1824/1363
f 1011/1825/1364 1010/1826/88 1009/1823/88
f 1012/1827/739 1010/1826/88 1011/1825/1364
f 1010/1826/88 1007/651/88 1009/1823/88
f 1009/1823/88 1007/651/88 1008/1821/88
f 991/1819/88 1008/1821/88 1007/651/88
f 1006/386/88 991/1819/88 1007/651/88
f 993/1828/88 991/1819/88 1006/386/88
f 993/1828/88 1006/386/88 996/1829/88
f 996/1829/88 1006/386/88 1004/387/88
f 1003/1830/1364 1004/387/88 1005/389/1364
f 996/1829/88 1004/387/88 1003/1830/1364
f 1002/1831/1365 996/1829/88 1003/1830/1364
f 995/1832/1366 996/1829/88 1002/1831/1365
f 1001/1833/1367 992/1834/88 994/1835/1366
f 1001/1833/1367 989/1836/88 992/1834/88
f 1000/1837/902 989/1836/88 1001/1833/1367
f 989/1836/88 1000/1837/902 987/1838/1368
f 987/1838/1368 1000/1837/902 999/1839/1369
f 999/1839/1369 985/1840/1370 987/1838/1368
f 998/1841/1371 985/1840/1370 999/1839/1369
f 998/1841/1371 997/1842/1372 985/1840/1370
f 985/1840/1370 997/1842/1372 983/1843/1373
f 981/1844/1374 983/1843/1373 997/1842/1372
f 982/1845/1375 983/1843/1373 981/1844/1374
f 996/1829/88 995/1832/1366 993/1828/88
f 993/1828/88 995/1832/1366 994/1835/1366
f 994/1835/1366 992/1834/88 993/1828/88
f 992/1834/88 991/1819/88 993/1828/88
f 989/1836/88 991/1819/88 992/1834/88
f 990/1817/88 991/1819/88 989/1836/88
f 990/1817/88 989/1836/88 988/1815/1359
f 988/1815/1359 989/1836/88 987/1838/1368
f 987/1838/1368 986/1813/1357 988/1815/1359
f 985/1840/1370 986/1813/1357 987/1838/1368
f 985/1840/1370 984/1811/1355 986/1813/1357
f 983/1843/1373 984/1811/1355 985/1840/1370
f 983/1843/1373 968/1810/1354 984/1811/1355
f 982/1845/1375 968/1810/1354 983/1843/1373
f 982/1845/1375 969/1846/1376 968/1810/1354
f 970/1847/1377 969/1846/1376 982/1845/1375
f 981/1844/1374 970/1847/1377 982/1845/1375
f 971/1848/1378 970/1847/1377 981/1844/1374
f 980/1247/901 979/1238/892 978/1849/1379
f 977/1239/893 978/1849/1379 979/1238/892
f 976/1850/1380 978/1849/1379 977/1239/893
f 961/1241/895 976/1850/1380 977/1239/893
f 975/1851/1381 976/1850/1380 961/1241/895
f 975/1851/1381 961/1241/895 974/1852/1382
f 974/1852/1382 961/1241/895 962/1853/1383
f 962/1853/1383 973/1854/1384 974/1852/1382
f 963/1855/1385 973/1854/1384 962/1853/1383
f 963/1855/1385 972/1856/1386 973/1854/1384
f 964/1857/1387 972/1856/1386 963/1855/1385
f 972/1856/1386 964/1857/1387 971/1848/1378
f 971/1848/1378 964/1857/1387 970/1847/1377
f 964/1857/1387 965/1858/1388 970/1847/1377
f 970/1847/1377 965/1858/1388 969/1846/1376
f 969/1846/1376 965/1858/1388 966/1859/1389
f 969/1846/1376 966/1859/1389 968/1810/1354
f 968/1810/1354 966/1859/1389 967/1808/1352
f 966/1859/1389 965/1858/1388 950/1860/1390
f 949/1861/1391 950/1860/1390 965/1858/1388
f 964/1857/1387 949/1861/1391 965/1858/1388
f 963/1855/1385 949/1861/1391 964/1857/1387
f 963/1855/1385 952/1862/1392 949/1861/1391
f 962/1853/1383 952/1862/1392 963/1855/1385
f 962/1853/1383 954/1863/1393 952/1862/1392
f 961/1241/895 954/1863/1393 962/1853/1383
f 961/1241/895 956/1240/894 954/1863/1393
f 959/1864/1394 958/1242/896 960/1243/897
f 957/1865/1395 958/1242/896 959/1864/1394
f 956/1240/894 958/1242/896 957/1865/1395
f 955/1866/1396 956/1240/894 957/1865/1395
f 954/1863/1393 956/1240/894 955/1866/1396
f 953/1867/1397 954/1863/1393 955/1866/1396
f 952/1862/1392 954/1863/1393 953/1867/1397
f 951/1868/1398 952/1862/1392 953/1867/1397
f 949/1861/1391 952/1862/1392 951/1868/1398
f 951/1868/1398 950/1860/1390 949/1861/1391
f 948/354/1399 947/359/1399 946/1527/1399
f 945/1869/1400 943/366/1401 944/362/1401
f 944/362/1401 943/366/1401 942/360/1402
f 941/1482/1403 939/1870/1404 940/370/1405
f 940/370/1405 939/1870/1404 938/1871/1406
f 937/1872/1407 935/1870/1408 936/367/1408
f 936/367/1408 935/1870/1408 934/1482/1409
f 924/1873/1410 933/1395/1410 926/1392/1411
f 932/1398/1410 933/1395/1410 924/1873/1410
f 924/1873/1410 919/1874/1410 932/1398/1410
f 931/1368/1410 932/1398/1410 919/1874/1410
f 918/1875/1410 931/1368/1410 919/1874/1410
f 931/1368/1410 918/1875/1410 930/1364/1410
f 918/1875/1410 908/1876/1410 930/1364/1410
f 930/1364/1410 908/1876/1410 929/1365/1412
f 929/1365/1412 908/1876/1410 928/1440/1413
f 908/1876/1410 906/1438/1414 928/1440/1413
f 927/1391/1415 925/1877/1416 926/1392/1411
f 926/1392/1411 925/1877/1416 924/1873/1410
f 923/1878/1417 924/1873/1410 925/1877/1416
f 919/1874/1410 924/1873/1410 923/1878/1417
f 922/1879/1418 919/1874/1410 923/1878/1417
f 921/1880/1419 919/1874/1410 922/1879/1418
f 921/1880/1419 916/1881/1410 919/1874/1410
f 920/1882/1420 916/1881/1410 921/1880/1419
f 920/1882/1420 917/1883/1410 916/1881/1410
f 914/1884/1420 917/1883/1410 920/1882/1420
f 914/1884/1420 912/1885/1410 917/1883/1410
f 912/1885/1410 908/1876/1410 917/1883/1410
f 907/1886/1410 908/1876/1410 912/1885/1410
f 916/1881/1410 918/1875/1410 919/1874/1410
f 916/1881/1410 908/1876/1410 918/1875/1410
f 917/1883/1410 908/1876/1410 916/1881/1410
f 915/1887/1421 911/1888/1422 913/1889/1423
f 913/1889/1423 912/1885/1410 914/1884/1420
f 913/1889/1423 911/1888/1422 912/1885/1410
f 912/1885/1410 911/1888/1422 907/1886/1410
f 907/1886/1410 911/1888/1422 910/1890/1424
f 910/1890/1424 905/1891/1425 907/1886/1410
f 909/1892/1360 905/1891/1425 910/1890/1424
f 909/1892/1360 900/1893/712 905/1891/1425
f 905/1891/1425 900/1893/712 901/1894/27
f 907/1886/1410 906/1438/1414 908/1876/1410
f 905/1891/1425 906/1438/1414 907/1886/1410
f 906/1438/1414 905/1891/1425 904/1442/27
f 905/1891/1425 901/1894/27 904/1442/27
f 904/1442/27 901/1894/27 903/1444/27
f 901/1894/27 902/1446/27 903/1444/27
f 901/1894/27 899/1448/27 902/1446/27
f 899/1448/27 901/1894/27 900/1893/712
f 898/1895/1426 899/1448/27 900/1893/712
f 897/1449/27 899/1448/27 898/1895/1426
f 898/1895/1426 895/1896/1427 897/1449/27
f 897/1449/27 895/1896/1427 896/1451/27
f 895/1896/1427 894/1454/27 896/1451/27
f 893/1897/1428 894/1454/27 895/1896/1427
f 893/1897/1428 892/1456/27 894/1454/27
f 891/1898/1352 892/1456/27 893/1897/1428
f 891/1898/1352 879/1457/27 892/1456/27
f 890/1899/1429 879/1457/27 891/1898/1352
f 890/1899/1429 878/1900/27 879/1457/27
f 889/1901/1430 878/1900/27 890/1899/1429
f 878/1900/27 889/1901/1430 877/1902/27
f 877/1902/27 889/1901/1430 888/1903/1431
f 877/1902/27 888/1903/1431 876/1904/27
f 876/1904/27 888/1903/1431 887/1905/1432
f 876/1904/27 887/1905/1432 870/1906/27
f 870/1906/27 887/1905/1432 886/1907/1433
f 886/1907/1433 869/1908/27 870/1906/27
f 885/1909/1434 869/1908/27 886/1907/1433
f 885/1909/1434 865/1910/27 869/1908/27
f 884/1911/1435 865/1910/27 885/1909/1434
f 865/1910/27 884/1911/1435 867/1912/27
f 867/1912/27 884/1911/1435 883/1913/870
f 882/1914/1436 867/1912/27 883/1913/870
f 880/1915/714 867/1912/27 882/1914/1436
f 880/1915/714 866/1471/27 867/1912/27
f 881/1473/714 866/1471/27 880/1915/714
f 879/1457/27 878/1900/27 875/1459/27
f 878/1900/27 877/1902/27 875/1459/27
f 877/1902/27 876/1904/27 875/1459/27
f 876/1904/27 870/1906/27 875/1459/27
f 875/1459/27 870/1906/27 874/1461/27
f 874/1461/27 870/1906/27 873/1463/27
f 873/1463/27 870/1906/27 872/1465/27
f 872/1465/27 870/1906/27 871/1467/27
f 871/1467/27 870/1906/27 868/1469/27
f 870/1906/27 869/1908/27 868/1469/27
f 869/1908/27 865/1910/27 868/1469/27
f 865/1910/27 866/1471/27 868/1469/27
f 867/1912/27 866/1471/27 865/1910/27
f 864/1827/1437 863/388/1437 862/1826/1437
f 862/1826/1437 863/388/1437 860/385/1437
f 862/1826/1437 860/385/1437 861/651/1437
f 861/651/1437 860/385/1437 859/384/1438
f 858/1512/1439 857/1916/1440 856/1510/1441
f 856/1510/1441 857/1916/1440 854/1917/1441
f 856/1510/1441 854/1917/1441 855/1250/1441
f 855/1250/1441 854/1917/1441 853/1252/1441
f 852/1284/1442 851/1918/1443 849/1283/1444
f 849/1283/1444 851/1918/1443 850/1919/1445
f 848/1920/1446 849/1283/1444 850/1919/1445
f 847/1281/1447 849/1283/1444 848/1920/1446
f 846/1921/1448 847/1281/1447 848/1920/1446
f 845/1282/1448 847/1281/1447 846/1921/1448
f 843/1922/1449 845/1282/1448 846/1921/1448
f 844/1293/1449 845/1282/1448 843/1922/1449
f 843/1922/1449 842/1291/1450 844/1293/1449
f 839/1923/1450 842/1291/1450 843/1922/1449
f 839/1923/1450 840/1289/1450 842/1291/1450
f 841/1370/1450 840/1289/1450 839/1923/1450
f 838/1924/918 837/1925/918 835/1926/918
f 835/1926/918 837/1925/918 836/1927/918
f 834/1928/920 835/1926/918 836/1927/918
f 833/1929/1451 835/1926/918 834/1928/920
f 831/1930/8 833/1929/1451 834/1928/920
f 832/1931/8 833/1929/1451 831/1930/8
f 831/1930/8 829/1932/8 832/1931/8
f 830/1933/8 829/1932/8 831/1930/8
f 830/1933/8 827/1934/8 829/1932/8
f 829/1932/8 827/1934/8 828/1935/8
f 827/1934/8 826/1936/1452 828/1935/8
f 825/1937/1453 826/1936/1452 827/1934/8
f 825/1937/1453 824/1938/1098 826/1936/1452
f 821/1939/1098 824/1938/1098 825/1937/1453
f 821/1939/1098 822/1940/1098 824/1938/1098
f 823/1941/1098 822/1940/1098 821/1939/1098
f 820/1942/1454 810/1943/911 809/1944/1455
f 820/1942/1454 812/1945/910 810/1943/911
f 819/1946/1456 812/1945/910 820/1942/1454
f 812/1945/910 819/1946/1456 814/1947/910
f 814/1947/910 819/1946/1456 817/1948/1457
f 818/792/1458 816/794/910 817/1948/1457
f 817/1948/1457 816/794/910 814/1947/910
f 816/794/910 815/796/910 814/1947/910
f 814/1947/910 815/796/910 813/1804/910
f 814/1947/910 813/1804/910 812/1945/910
f 812/1945/910 813/1804/910 811/1805/910
f 812/1945/910 811/1805/910 810/1943/911
f 810/1943/911 811/1805/910 802/1806/1459
f 810/1943/911 802/1806/1459 799/1949/8
f 809/1944/1455 810/1943/911 799/1949/8
f 799/1949/8 797/1950/8 809/1944/1455
f 809/1944/1455 797/1950/8 808/1951/1460
f 797/1950/8 807/1952/1461 808/1951/1460
f 807/1952/1461 797/1950/8 806/1953/1462
f 806/1953/1462 797/1950/8 793/1954/8
f 806/1953/1462 793/1954/8 805/1955/1463
f 805/1955/1463 793/1954/8 804/1956/967
f 793/1954/8 794/1230/8 804/1956/967
f 804/1956/967 794/1230/8 803/1229/967
f 799/1949/8 802/1806/1459 801/1807/8
f 799/1949/8 801/1807/8 800/1175/8
f 798/1176/8 799/1949/8 800/1175/8
f 797/1950/8 799/1949/8 798/1176/8
f 796/1177/8 797/1950/8 798/1176/8
f 797/1950/8 796/1177/8 793/1954/8
f 796/1177/8 795/1179/8 793/1954/8
f 795/1179/8 794/1230/8 793/1954/8
f 792/684/1464 787/585/1465 791/685/1466
f 790/688/1467 791/685/1466 787/585/1465
f 788/690/1468 790/688/1467 787/585/1465
f 789/588/1469 788/690/1468 787/585/1465
f 786/774/8 783/1957/8 785/775/8
f 785/775/8 783/1957/8 782/445/8
f 748/1958/1470 749/1959/1471 753/1960/1470
f 753/1960/1470 749/1959/1471 784/1961/1472
f 784/1961/1472 749/1959/1471 783/1957/8
f 783/1957/8 749/1959/1471 771/1962/8
f 783/1957/8 771/1962/8 782/445/8
f 782/445/8 771/1962/8 781/443/8
f 781/443/8 771/1962/8 780/448/8
f 771/1962/8 779/462/8 780/448/8
f 771/1962/8 777/1963/1473 779/462/8
f 779/462/8 777/1963/1473 778/464/1474
f 777/1963/1473 776/466/1475 778/464/1474
f 769/1964/1475 776/466/1475 777/1963/1473
f 769/1964/1475 775/468/1475 776/466/1475
f 767/1965/1475 775/468/1475 769/1964/1475
f 767/1965/1475 773/470/1476 775/468/1475
f 774/1966/1476 773/470/1476 767/1965/1475
f 774/1966/1476 763/1967/214 773/470/1476
f 773/470/1476 763/1967/214 772/472/214
f 749/1959/1471 770/1963/1477 771/1962/8
f 747/1968/1478 770/1963/1477 749/1959/1471
f 747/1968/1478 769/1964/1475 770/1963/1477
f 768/1969/1479 769/1964/1475 747/1968/1478
f 769/1964/1475 768/1969/1479 767/1965/1475
f 767/1965/1475 768/1969/1479 766/1970/1479
f 766/1970/1479 765/1966/1480 767/1965/1475
f 762/1971/1481 765/1966/1480 766/1970/1479
f 762/1971/1481 763/1967/214 765/1966/1480
f 764/1972/1482 763/1967/214 762/1971/1481
f 757/1973/1483 758/1974/27 761/1975/1484
f 761/1975/1484 758/1974/27 760/1976/27
f 758/1974/27 759/1977/27 760/1976/27
f 759/1977/27 758/1974/27 755/1978/1485
f 755/1978/1485 758/1974/27 756/1979/1486
f 756/1979/1486 758/1974/27 757/1973/1483
f 752/1980/1487 756/1979/1486 757/1973/1483
f 751/1981/1470 756/1979/1486 752/1980/1487
f 756/1979/1486 751/1981/1470 755/1978/1485
f 755/1978/1485 751/1981/1470 754/1982/1470
f 751/1981/1470 748/1958/1470 754/1982/1470
f 754/1982/1470 748/1958/1470 753/1960/1470
f 750/1983/1479 751/1981/1470 752/1980/1487
f 748/1958/1470 751/1981/1470 750/1983/1479
f 747/1968/1478 748/1958/1470 750/1983/1479
f 749/1959/1471 748/1958/1470 747/1968/1478
f 746/1528/1488 745/1520/1488 744/1517/1488
f 743/1398/1489 741/1368/1489 742/1397/1489
f 742/1397/1489 741/1368/1489 740/1367/1489
f 739/1172/1490 737/1171/1490 738/948/1490
f 738/948/1490 737/1171/1490 736/949/1490
f 735/1125/1491 711/1124/1492 712/915/1493
f 712/915/1493 734/916/1494 735/1125/1491
f 735/1125/1491 734/916/1494 733/1127/1495
f 734/916/1494 732/910/1496 733/1127/1495
f 733/1127/1495 732/910/1496 731/1129/1497
f 732/910/1496 730/905/1498 731/1129/1497
f 731/1129/1497 730/905/1498 729/1131/1499
f 730/905/1498 728/904/1500 729/1131/1499
f 729/1131/1499 728/904/1500 727/1133/1501
f 728/904/1500 726/903/1502 727/1133/1501
f 727/1133/1501 726/903/1502 725/1135/1503
f 726/903/1502 724/900/1504 725/1135/1503
f 725/1135/1503 724/900/1504 723/1137/1505
f 723/1137/1505 724/900/1504 722/901/1506
f 723/1137/1505 722/901/1506 721/1139/1507
f 721/1139/1507 722/901/1506 718/889/1508
f 718/889/1508 719/554/1509 721/1139/1507
f 720/553/1510 719/554/1509 718/889/1508
f 717/340/1511 715/911/1511 716/341/1511
f 715/911/1511 714/1142/1512 716/341/1511
f 713/912/1513 714/1142/1512 715/911/1511
f 714/1142/1512 713/912/1513 711/1124/1492
f 711/1124/1492 713/912/1513 710/914/1514
f 712/915/1493 711/1124/1492 710/914/1514
f 709/339/1515 708/337/1515 706/1984/1516
f 706/1984/1516 708/337/1515 707/1985/1516
f 707/1985/1516 704/1986/1517 706/1984/1516
f 706/1984/1516 704/1986/1517 705/1987/1517
f 705/1987/1517 704/1986/1517 703/1988/1518
f 703/1988/1518 704/1986/1517 702/1989/1519
f 703/1988/1518 702/1989/1519 701/1990/1520
f 701/1990/1520 702/1989/1519 700/1991/1521
f 701/1990/1520 700/1991/1521 698/1992/1522
f 698/1992/1522 700/1991/1521 699/1993/1522
f 699/1993/1522 696/1994/1523 698/1992/1522
f 698/1992/1522 696/1994/1523 697/1995/1523
f 697/1995/1523 696/1994/1523 695/1996/1524
f 695/1996/1524 696/1994/1523 694/1997/1525
f 695/1996/1524 694/1997/1525 693/1998/1526
f 693/1998/1526 694/1997/1525 691/1999/1527
f 693/1998/1526 691/1999/1527 692/2000/1528
f 692/2000/1528 691/1999/1527 690/2001/1529
f 689/1524/1530 688/1520/1530 687/1528/1530
f 653/2002/1531 651/1050/1532 686/1042/1533
f 684/2003/1534 653/2002/1531 686/1042/1533
f 685/1041/1535 684/2003/1534 686/1042/1533
f 685/1041/1535 683/1038/1536 684/2003/1534
f 684/2003/1534 683/1038/1536 682/2004/1537
f 681/1037/1538 682/2004/1537 683/1038/1536
f 681/1037/1538 679/2005/1539 682/2004/1537
f 680/1035/1540 679/2005/1539 681/1037/1538
f 680/1035/1540 678/1033/1541 679/2005/1539
f 679/2005/1539 678/1033/1541 677/2006/1541
f 678/1033/1541 676/1031/1541 677/2006/1541
f 676/1031/1541 675/2007/1542 677/2006/1541
f 674/1029/1543 675/2007/1542 676/1031/1541
f 675/2007/1542 674/1029/1543 672/2008/1544
f 672/2008/1544 674/1029/1543 673/1027/1545
f 669/1025/1546 672/2008/1544 673/1027/1545
f 670/2009/1547 672/2008/1544 669/1025/1546
f 671/1022/1548 670/2009/1547 669/1025/1546
f 635/2010/1549 633/1039/1550 668/2011/1551
f 668/2011/1551 633/1039/1550 667/1040/1552
f 668/2011/1551 667/1040/1552 665/2012/1553
f 665/2012/1553 667/1040/1552 666/1043/1554
f 666/1043/1554 664/1044/1555 665/2012/1553
f 665/2012/1553 664/1044/1555 663/2013/1556
f 661/1045/1557 663/2013/1556 664/1044/1555
f 662/2014/1558 663/2013/1556 661/1045/1557
f 662/2014/1558 661/1045/1557 660/2015/1559
f 660/2015/1559 661/1045/1557 659/1046/1560
f 660/2015/1559 659/1046/1560 658/2016/1561
f 658/2016/1561 659/1046/1560 657/1047/1562
f 658/2016/1561 657/1047/1562 656/2017/1563
f 656/2017/1563 657/1047/1562 655/1048/1564
f 656/2017/1563 655/1048/1564 654/2018/1565
f 654/2018/1565 655/1048/1564 652/1049/1566
f 654/2018/1565 652/1049/1566 653/2002/1531
f 653/2002/1531 652/1049/1566 651/1050/1532
f 616/1017/1567 650/1023/1568 615/2019/1569
f 615/2019/1569 650/1023/1568 649/2020/1570
f 648/1024/1571 649/2020/1570 650/1023/1568
f 647/2021/1572 649/2020/1570 648/1024/1571
f 646/1026/1573 647/2021/1572 648/1024/1571
f 645/2022/1574 647/2021/1572 646/1026/1573
f 644/1028/1575 645/2022/1574 646/1026/1573
f 643/2023/1576 645/2022/1574 644/1028/1575
f 644/1028/1575 641/1030/1577 643/2023/1576
f 643/2023/1576 641/1030/1577 642/2024/1577
f 642/2024/1577 641/1030/1577 640/2025/1577
f 640/2025/1577 641/1030/1577 639/1032/1577
f 639/1032/1577 637/2026/1578 640/2025/1577
f 638/1034/1579 637/2026/1578 639/1032/1577
f 638/1034/1579 634/1036/1580 637/2026/1578
f 637/2026/1578 634/1036/1580 636/2027/1581
f 636/2027/1581 634/1036/1580 635/2010/1549
f 635/2010/1549 634/1036/1580 633/1039/1550
f 632/1022/1582 630/1021/1583 631/2009/1584
f 631/2009/1584 630/1021/1583 628/2028/1585
f 630/1021/1583 629/1020/1586 628/2028/1585
f 629/1020/1586 627/1019/1587 628/2028/1585
f 628/2028/1585 627/1019/1587 626/2029/1588
f 627/1019/1587 625/1018/1589 626/2029/1588
f 626/2029/1588 625/1018/1589 624/2030/1590
f 625/1018/1589 623/1015/1591 624/2030/1590
f 624/2030/1590 623/1015/1591 622/2031/1592
f 623/1015/1591 621/1014/1593 622/2031/1592
f 622/2031/1592 621/1014/1593 620/2032/1594
f 618/1013/1595 620/2032/1594 621/1014/1593
f 619/2033/1596 620/2032/1594 618/1013/1595
f 619/2033/1596 618/1013/1595 617/2034/1597
f 617/2034/1597 618/1013/1595 614/1016/1598
f 614/1016/1598 615/2019/1569 617/2034/1597
f 616/1017/1567 615/2019/1569 614/1016/1598
f 613/787/1599 612/785/1600 609/2035/1601
f 612/785/1600 611/2036/1602 609/2035/1601
f 611/2036/1602 610/2037/1603 609/2035/1601
f 570/2038/1604 608/2039/1605 596/2040/1606
f 596/2040/1606 608/2039/1605 597/2041/1607
f 608/2039/1605 607/2042/1608 597/2041/1607
f 597/2041/1607 607/2042/1608 598/2043/1609
f 607/2042/1608 606/2044/1610 598/2043/1609
f 598/2043/1609 606/2044/1610 599/2045/1611
f 606/2044/1610 605/2046/1612 599/2045/1611
f 599/2045/1611 605/2046/1612 600/2047/1613
f 605/2046/1612 601/2048/1614 600/2047/1613
f 604/2049/1615 601/2048/1614 605/2046/1612
f 604/2049/1615 603/2050/1616 601/2048/1614
f 601/2048/1614 603/2050/1616 602/2051/747
f 593/2052/1617 601/2048/1614 602/2051/747
f 591/2053/1618 601/2048/1614 593/2052/1617
f 601/2048/1614 591/2053/1618 600/2047/1613
f 600/2047/1613 591/2053/1618 589/2054/1619
f 587/2055/1620 600/2047/1613 589/2054/1619
f 599/2045/1611 600/2047/1613 587/2055/1620
f 585/2056/1621 599/2045/1611 587/2055/1620
f 598/2043/1609 599/2045/1611 585/2056/1621
f 583/2057/1622 598/2043/1609 585/2056/1621
f 597/2041/1607 598/2043/1609 583/2057/1622
f 581/2058/1623 597/2041/1607 583/2057/1622
f 596/2040/1606 597/2041/1607 581/2058/1623
f 579/2059/1624 596/2040/1606 581/2058/1623
f 577/2060/1625 596/2040/1606 579/2059/1624
f 577/2060/1625 570/2038/1604 596/2040/1606
f 572/2061/1626 570/2038/1604 577/2060/1625
f 595/1149/1627 578/1148/1628 580/2062/1629
f 592/2063/1630 593/2052/1617 594/2064/1631
f 591/2053/1618 593/2052/1617 592/2063/1630
f 590/2065/1632 591/2053/1618 592/2063/1630
f 589/2054/1619 591/2053/1618 590/2065/1632
f 588/2066/1633 589/2054/1619 590/2065/1632
f 587/2055/1620 589/2054/1619 588/2066/1633
f 586/2067/1634 587/2055/1620 588/2066/1633
f 585/2056/1621 587/2055/1620 586/2067/1634
f 584/2068/1635 585/2056/1621 586/2067/1634
f 583/2057/1622 585/2056/1621 584/2068/1635
f 582/2069/1636 583/2057/1622 584/2068/1635
f 581/2058/1623 583/2057/1622 582/2069/1636
f 580/2062/1629 581/2058/1623 582/2069/1636
f 579/2059/1624 581/2058/1623 580/2062/1629
f 580/2062/1629 578/1148/1628 579/2059/1624
f 578/1148/1628 577/2060/1625 579/2059/1624
f 576/1146/1637 577/2060/1625 578/1148/1628
f 576/1146/1637 572/2061/1626 577/2060/1625
f 575/1144/1638 572/2061/1626 576/1146/1637
f 575/1144/1638 573/1161/8 572/2061/1626
f 574/1157/8 521/1155/1639 522/2070/8
f 574/1157/8 522/2070/8 573/1161/8
f 573/1161/8 522/2070/8 557/2071/8
f 572/2061/1626 573/1161/8 557/2071/8
f 571/2072/1640 572/2061/1626 557/2071/8
f 570/2038/1604 572/2061/1626 571/2072/1640
f 555/2073/1641 570/2038/1604 571/2072/1640
f 569/2074/1605 570/2038/1604 555/2073/1641
f 563/2075/1642 569/2074/1605 555/2073/1641
f 568/2076/1608 569/2074/1605 563/2075/1642
f 562/2077/1643 568/2076/1608 563/2075/1642
f 567/2078/1644 568/2076/1608 562/2077/1643
f 561/2079/1645 567/2078/1644 562/2077/1643
f 566/2080/1646 567/2078/1644 561/2079/1645
f 560/2081/8 566/2080/1646 561/2079/1645
f 564/2082/1615 566/2080/1646 560/2081/8
f 559/2083/1647 564/2082/1615 560/2081/8
f 565/2084/1648 564/2082/1615 559/2083/1647
f 555/2073/1641 554/2085/1649 563/2075/1642
f 563/2075/1642 554/2085/1649 562/2077/1643
f 562/2077/1643 554/2085/1649 552/2086/1650
f 562/2077/1643 552/2086/1650 561/2079/1645
f 561/2079/1645 552/2086/1650 550/2087/1651
f 550/2087/1651 548/2088/8 561/2079/1645
f 561/2079/1645 548/2088/8 560/2081/8
f 560/2081/8 548/2088/8 559/2083/1647
f 559/2083/1647 548/2088/8 558/2089/891
f 540/2090/1652 524/2091/1653 535/2092/1654
f 520/2093/1655 524/2091/1653 540/2090/1652
f 545/2094/1656 520/2093/1655 540/2090/1652
f 522/2070/8 520/2093/1655 545/2094/1656
f 522/2070/8 545/2094/1656 557/2071/8
f 557/2071/8 545/2094/1656 556/2072/1656
f 556/2072/1656 545/2094/1656 555/2073/1641
f 555/2073/1641 545/2094/1656 542/2095/1657
f 542/2095/1657 554/2085/1649 555/2073/1641
f 542/2095/1657 543/2096/1658 554/2085/1649
f 543/2096/1658 553/2097/1659 554/2085/1649
f 554/2085/1649 553/2097/1659 552/2086/1650
f 553/2097/1659 551/2098/1660 552/2086/1650
f 552/2086/1650 551/2098/1660 550/2087/1651
f 551/2098/1660 549/2099/1661 550/2087/1651
f 550/2087/1651 549/2099/1661 548/2088/8
f 549/2099/1661 547/2100/1662 548/2088/8
f 548/2088/8 547/2100/1662 546/2089/967
f 540/2090/1652 544/2101/1663 545/2094/1656
f 545/2094/1656 544/2101/1663 542/2095/1657
f 544/2101/1663 543/2096/1658 542/2095/1657
f 541/2102/1658 537/2103/1664 538/2104/1659
f 541/2102/1658 536/2105/1665 537/2103/1664
f 539/2106/1666 536/2105/1665 541/2102/1658
f 539/2106/1666 535/2092/1654 536/2105/1665
f 540/2090/1652 535/2092/1654 539/2106/1666
f 538/2104/1659 534/2107/1667 514/2108/1668
f 538/2104/1659 537/2103/1664 534/2107/1667
f 537/2103/1664 533/2109/1669 534/2107/1667
f 537/2103/1664 531/2110/1670 533/2109/1669
f 536/2105/1665 531/2110/1670 537/2103/1664
f 536/2105/1665 529/2111/1671 531/2110/1670
f 535/2092/1654 529/2111/1671 536/2105/1665
f 535/2092/1654 526/2112/1672 529/2111/1671
f 524/2091/1653 526/2112/1672 535/2092/1654
f 513/2113/1673 514/2108/1668 506/2114/1674
f 514/2108/1668 534/2107/1667 506/2114/1674
f 505/2115/1675 506/2114/1674 534/2107/1667
f 534/2107/1667 533/2109/1669 505/2115/1675
f 533/2109/1669 509/2116/1676 505/2115/1675
f 533/2109/1669 532/2117/1677 509/2116/1676
f 531/2110/1670 532/2117/1677 533/2109/1669
f 531/2110/1670 530/2118/1678 532/2117/1677
f 529/2111/1671 530/2118/1678 531/2110/1670
f 529/2111/1671 528/2119/1679 530/2118/1678
f 526/2112/1672 528/2119/1679 529/2111/1671
f 528/2119/1679 526/2112/1672 527/1150/1680
f 527/1150/1680 526/2112/1672 525/1151/1681
f 526/2112/1672 524/2091/1653 525/1151/1681
f 525/1151/1681 524/2091/1653 523/1153/1682
f 524/2091/1653 520/2093/1655 523/1153/1682
f 523/1153/1682 520/2093/1655 521/1155/1639
f 522/2070/8 521/1155/1639 520/2093/1655
f 519/2120/1683 515/2121/1661 516/2122/1684
f 517/2123/1685 511/2124/1686 518/2125/664
f 512/2126/1687 511/2124/1686 517/2123/1685
f 517/2123/1685 516/2122/1684 512/2126/1687
f 512/2126/1687 516/2122/1684 513/2113/1673
f 516/2122/1684 515/2121/1661 513/2113/1673
f 515/2121/1661 514/2108/1668 513/2113/1673
f 513/2113/1673 506/2114/1674 512/2126/1687
f 512/2126/1687 506/2114/1674 507/2127/1688
f 512/2126/1687 507/2127/1688 511/2124/1686
f 511/2124/1686 507/2127/1688 510/2128/1689
f 507/2127/1688 508/2129/1690 510/2128/1689
f 505/2115/1675 508/2129/1690 507/2127/1688
f 505/2115/1675 509/2116/1676 508/2129/1690
f 507/2127/1688 506/2114/1674 505/2115/1675
f 488/2130/7 491/2131/7 504/2132/7
f 504/2132/7 491/2131/7 503/2133/7
f 491/2131/7 493/2134/7 503/2133/7
f 493/2134/7 502/2135/82 503/2133/7
f 500/2136/7 502/2135/82 493/2134/7
f 499/2137/7 500/2136/7 493/2134/7
f 501/2138/1691 500/2136/7 499/2137/7
f 496/2139/7 497/2140/1692 498/2141/1693
f 491/2131/7 497/2140/1692 496/2139/7
f 496/2139/7 495/2142/7 491/2131/7
f 495/2142/7 494/2143/7 491/2131/7
f 494/2143/7 493/2134/7 491/2131/7
f 475/2144/7 471/2145/7 492/2146/7
f 471/2145/7 491/2131/7 492/2146/7
f 492/2146/7 491/2131/7 489/2147/7
f 489/2147/7 491/2131/7 488/2130/7
f 490/2148/7 489/2147/7 488/2130/7
f 487/2149/1694 486/2150/1695 485/2151/7
f 485/2151/7 486/2150/1695 484/2152/7
f 485/2151/7 484/2152/7 483/2153/7
f 484/2152/7 472/2154/7 483/2153/7
f 483/2153/7 472/2154/7 482/2155/7
f 482/2155/7 472/2154/7 473/2156/7
f 474/2157/7 471/2145/7 481/2158/7
f 481/2158/7 471/2145/7 480/2159/7
f 480/2159/7 471/2145/7 479/2160/7
f 479/2160/7 471/2145/7 478/2161/7
f 478/2161/7 471/2145/7 476/2162/7
f 476/2162/7 471/2145/7 475/2144/7
f 477/2163/7 476/2162/7 475/2144/7
f 473/2156/7 471/2145/7 474/2157/7
f 472/2154/7 471/2145/7 473/2156/7
f 470/2164/1696 471/2145/7 472/2154/7
f 469/2165/1697 471/2145/7 470/2164/1696
f 467/2166/1698 469/2165/1697 470/2164/1696
f 468/2167/1698 469/2165/1697 467/2166/1698
f 468/2167/1698 467/2166/1698 465/2168/1698
f 465/2168/1698 467/2166/1698 466/2169/1698
f 464/2170/1699 465/2168/1698 466/2169/1698
f 463/2171/1700 465/2168/1698 464/2170/1699
f 401/2172/27 463/2171/1700 464/2170/1699
f 454/2173/27 463/2171/1700 401/2172/27
f 401/2172/27 402/2174/27 454/2173/27
f 402/2174/27 462/2175/27 454/2173/27
f 462/2175/27 461/2176/1005 454/2173/27
f 461/2176/1005 460/2177/27 454/2173/27
f 460/2177/27 459/2178/27 454/2173/27
f 459/2178/27 458/2179/27 454/2173/27
f 458/2179/27 456/2180/27 454/2173/27
f 456/2180/27 455/2181/27 454/2173/27
f 457/2182/27 455/2181/27 456/2180/27
f 455/2181/27 453/2183/27 454/2173/27
f 454/2173/27 453/2183/27 427/2184/27
f 453/2183/27 451/2185/27 427/2184/27
f 451/2185/27 450/2186/27 427/2184/27
f 452/2187/27 450/2186/27 451/2185/27
f 450/2186/27 449/2188/27 427/2184/27
f 449/2188/27 448/2189/27 427/2184/27
f 427/2184/27 448/2189/27 426/2190/27
f 448/2189/27 447/2191/27 426/2190/27
f 444/2192/27 426/2190/27 447/2191/27
f 445/2193/27 426/2190/27 444/2192/27
f 446/2194/27 445/2193/27 444/2192/27
f 443/2195/1701 420/2196/1702 421/2197/1701
f 443/2195/1701 421/2197/1701 442/2198/8
f 442/2198/8 421/2197/1701 441/2199/8
f 441/2199/8 439/2200/8 442/2198/8
f 440/2201/8 439/2200/8 441/2199/8
f 440/2201/8 437/2202/1703 439/2200/8
f 439/2200/8 437/2202/1703 438/2203/1704
f 437/2202/1703 436/2204/1705 438/2203/1704
f 435/2205/1705 436/2204/1705 437/2202/1703
f 435/2205/1705 434/2206/1705 436/2204/1705
f 433/2207/1705 434/2206/1705 435/2205/1705
f 433/2207/1705 432/2208/1706 434/2206/1705
f 431/2209/1707 432/2208/1706 433/2207/1705
f 432/2208/1706 431/2209/1707 430/2210/27
f 430/2210/27 431/2209/1707 427/2184/27
f 430/2210/27 427/2184/27 429/2211/27
f 429/2211/27 427/2184/27 428/2212/27
f 428/2212/27 427/2184/27 426/2190/27
f 422/2213/1702 424/2214/1694 425/2215/1708
f 423/2216/1702 424/2214/1694 422/2213/1702
f 422/2213/1702 420/2196/1702 423/2216/1702
f 419/2217/1702 420/2196/1702 422/2213/1702
f 421/2197/1701 420/2196/1702 419/2217/1702
f 395/2218/1709 393/2219/1710 417/2220/8
f 417/2220/8 393/2219/1710 418/2221/8
f 418/2221/8 415/2222/8 417/2220/8
f 417/2220/8 415/2222/8 416/2223/8
f 416/2223/8 415/2222/8 413/2224/1704
f 413/2224/1704 415/2222/8 414/2225/1704
f 414/2225/1704 412/2226/1705 413/2224/1704
f 413/2224/1704 412/2226/1705 411/2227/1705
f 412/2226/1705 410/2228/1705 411/2227/1705
f 411/2227/1705 410/2228/1705 409/2229/1705
f 410/2228/1705 407/2230/1711 409/2229/1705
f 409/2229/1705 407/2230/1711 408/2231/1712
f 407/2230/1711 406/2232/27 408/2231/1712
f 405/2233/27 406/2232/27 407/2230/1711
f 406/2232/27 405/2233/27 401/2172/27
f 405/2233/27 404/2234/27 401/2172/27
f 404/2234/27 403/2235/27 401/2172/27
f 403/2235/27 402/2174/27 401/2172/27
f 400/2236/1708 399/2237/1694 397/2238/1702
f 397/2238/1702 399/2237/1694 398/2239/1702
f 398/2239/1702 394/2240/1702 397/2238/1702
f 397/2238/1702 394/2240/1702 396/2241/1702
f 396/2241/1702 394/2240/1702 395/2218/1709
f 395/2218/1709 394/2240/1702 393/2219/1710
f 392/783/1713 390/2242/1714 391/782/1715
f 391/782/1715 390/2242/1714 388/2243/1716
f 390/2242/1714 389/2244/1717 388/2243/1716
f 387/457/1718 386/533/1718 385/458/1718
usemtl Material.003
f 3958/2245/1719 3957/2246/1720 3955/2247/1721
f 3955/2247/1721 3957/2246/1720 3956/2248/1721
f 3956/2248/1721 3954/2249/1721 3955/2247/1721
f 3955/2247/1721 3954/2249/1721 3952/2250/1721
f 3951/2251/1722 3952/2250/1721 3954/2249/1721
f 3953/2252/1723 3952/2250/1721 3951/2251/1722
f 3950/2253/1724 3948/2254/1725 3949/2255/1726
f 3949/2255/1726 3948/2254/1725 3947/2256/1727
f 3946/2257/1728 3947/2256/1727 3948/2254/1725
f 3946/2257/1728 3945/2258/1729 3947/2256/1727
f 3944/2259/1730 3945/2258/1729 3946/2257/1728
f 3945/2258/1729 3944/2259/1730 3942/2260/1731
f 3942/2260/1731 3944/2259/1730 3943/2261/1732
f 3941/2262/1731 3942/2260/1731 3943/2261/1732
f 3940/2263/1731 3942/2260/1731 3941/2262/1731
f 3939/2264/1733 3940/2263/1731 3941/2262/1731
f 3938/2265/1734 3940/2263/1731 3939/2264/1733
f 3939/2264/1733 3937/2266/1735 3938/2265/1734
f 3938/2265/1734 3937/2266/1735 3936/2267/1736
f 3937/2266/1735 3933/2268/1737 3936/2267/1736
f 3933/2268/1737 3935/2269/1738 3936/2267/1736
f 3934/2270/1739 3935/2269/1738 3933/2268/1737
f 3934/2270/1739 3933/2268/1737 3932/2271/1740
f 3931/2272/1741 3932/2271/1740 3933/2268/1737
f 3929/2273/1742 3932/2271/1740 3931/2272/1741
f 3928/2274/1743 3929/2273/1742 3931/2272/1741
f 3930/2275/1744 3929/2273/1742 3928/2274/1743
f 3927/2254/1745 3926/2253/1746 3924/2276/1747
f 3925/2277/1748 3924/2276/1747 3926/2253/1746
f 3922/2278/1749 3924/2276/1747 3925/2277/1748
f 3924/2276/1747 3922/2278/1749 3923/2279/1750
f 3923/2279/1750 3922/2278/1749 3921/2280/1751
f 3920/2281/1752 3918/2282/1752 3919/2283/1753
f 3919/2283/1753 3918/2282/1752 3917/2284/1753
f 3916/2285/1754 3914/2282/1755 3915/2286/1755
f 3915/2286/1755 3914/2282/1755 3913/2281/1756
f 3912/2287/1757 3910/2288/1758 3911/2289/1759
f 3911/2289/1759 3910/2288/1758 3909/2290/1760
f 3875/2291/1761 3873/2292/1762 3908/2293/1763
f 3908/2293/1763 3873/2292/1762 3907/2294/1764
f 3908/2293/1763 3907/2294/1764 3906/2295/1765
f 3906/2295/1765 3907/2294/1764 3905/2296/1766
f 3906/2295/1765 3905/2296/1766 3904/2297/1767
f 3904/2297/1767 3905/2296/1766 3903/2298/1768
f 3904/2297/1767 3903/2298/1768 3901/2299/1769
f 3901/2299/1769 3903/2298/1768 3902/2300/1770
f 3900/2301/1771 3901/2299/1769 3902/2300/1770
f 3899/2302/1772 3901/2299/1769 3900/2301/1771
f 3897/2303/1773 3899/2302/1772 3900/2301/1771
f 3898/2304/1774 3899/2302/1772 3897/2303/1773
f 3898/2304/1774 3897/2303/1773 3895/2305/1775
f 3895/2305/1775 3897/2303/1773 3896/2306/1776
f 3894/2307/1777 3895/2305/1775 3896/2306/1776
f 3892/2308/1778 3895/2305/1775 3894/2307/1777
f 3891/2309/1779 3892/2308/1778 3894/2307/1777
f 3893/2310/1780 3892/2308/1778 3891/2309/1779
f 3869/2311/1781 3889/2312/1781 3868/2313/1781
f 3890/2314/1781 3889/2312/1781 3869/2311/1781
f 3888/2315/1782 3889/2312/1781 3890/2314/1781
f 3887/2316/1783 3889/2312/1781 3888/2315/1782
f 3885/2317/1784 3887/2316/1783 3888/2315/1782
f 3886/2318/1785 3887/2316/1783 3885/2317/1784
f 3886/2318/1785 3885/2317/1784 3883/2319/1786
f 3883/2319/1786 3885/2317/1784 3884/2320/1787
f 3882/2321/1788 3883/2319/1786 3884/2320/1787
f 3881/2322/1789 3883/2319/1786 3882/2321/1788
f 3880/2323/1790 3881/2322/1789 3882/2321/1788
f 3879/2324/1791 3881/2322/1789 3880/2323/1790
f 3878/2325/1792 3879/2324/1791 3880/2323/1790
f 3877/2326/1792 3879/2324/1791 3878/2325/1792
f 3874/2327/1793 3877/2326/1792 3878/2325/1792
f 3876/2328/1794 3877/2326/1792 3874/2327/1793
f 3876/2328/1794 3874/2327/1793 3875/2291/1761
f 3875/2291/1761 3874/2327/1793 3873/2292/1762
f 3872/2329/1795 3871/2330/1796 3870/2331/1797
f 3870/2331/1797 3871/2330/1796 3867/2332/1798
f 3867/2332/1798 3868/2313/1781 3870/2331/1797
f 3869/2311/1781 3868/2313/1781 3867/2332/1798
f 3833/2333/1799 3866/2334/1800 3835/2335/1801
f 3865/2336/1802 3866/2334/1800 3833/2333/1799
f 3865/2336/1802 3864/2337/1803 3866/2334/1800
f 3863/2338/1804 3864/2337/1803 3865/2336/1802
f 3863/2338/1804 3862/2339/1805 3864/2337/1803
f 3861/2340/1806 3862/2339/1805 3863/2338/1804
f 3861/2340/1806 3859/2341/1807 3862/2339/1805
f 3860/2342/1808 3859/2341/1807 3861/2340/1806
f 3860/2342/1808 3858/2343/1809 3859/2341/1807
f 3859/2341/1807 3858/2343/1809 3857/2344/1810
f 3858/2343/1809 3856/2345/1811 3857/2344/1810
f 3857/2344/1810 3856/2345/1811 3855/2346/1812
f 3854/2347/1813 3855/2346/1812 3856/2345/1811
f 3853/2348/1814 3855/2346/1812 3854/2347/1813
f 3850/2349/1815 3853/2348/1814 3854/2347/1813
f 3852/2350/1816 3853/2348/1814 3850/2349/1815
f 3852/2350/1816 3850/2349/1815 3851/2351/1817
f 3851/2351/1817 3850/2349/1815 3849/2352/1817
f 3848/2353/1818 3846/2354/1819 3847/2355/1818
f 3847/2355/1818 3846/2354/1819 3845/2356/1819
f 3846/2354/1819 3843/2357/1820 3845/2356/1819
f 3845/2356/1819 3843/2357/1820 3844/2358/1821
f 3843/2357/1820 3842/2359/1822 3844/2358/1821
f 3841/2360/1823 3842/2359/1822 3843/2357/1820
f 3842/2359/1822 3841/2360/1823 3840/2361/1824
f 3840/2361/1824 3841/2360/1823 3839/2362/1825
f 3839/2362/1825 3838/2363/1826 3840/2361/1824
f 3837/2364/1827 3838/2363/1826 3839/2362/1825
f 3838/2363/1826 3837/2364/1827 3836/2365/1828
f 3836/2365/1828 3837/2364/1827 3834/2366/1829
f 3836/2365/1828 3834/2366/1829 3835/2335/1801
f 3835/2335/1801 3834/2366/1829 3833/2333/1799
f 3827/2367/1830 3831/2368/1831 3832/2369/1832
f 3826/2370/1833 3831/2368/1831 3827/2367/1830
f 3831/2368/1831 3826/2370/1833 3830/2371/375
f 3830/2371/375 3826/2370/1833 3829/2372/1834
f 3824/2373/1835 3829/2372/1834 3826/2370/1833
f 3828/2374/1836 3829/2372/1834 3824/2373/1835
f 3820/2375/1837 3828/2374/1836 3824/2373/1835
f 3819/2376/1838 3828/2374/1836 3820/2375/1837
f 3827/2367/1830 3825/2377/1839 3826/2370/1833
f 3826/2370/1833 3825/2377/1839 3824/2373/1835
f 3825/2377/1839 3823/2378/1840 3824/2373/1835
f 3824/2373/1835 3823/2378/1840 3820/2375/1837
f 3823/2378/1840 3815/2379/1841 3820/2375/1837
f 3820/2375/1837 3815/2379/1841 3816/2380/1842
f 3822/2381/1843 3804/2382/1844 3802/2383/1845
f 3807/2384/1846 3804/2382/1844 3822/2381/1843
f 3822/2381/1843 3821/2385/1847 3807/2384/1846
f 3807/2384/1846 3821/2385/1847 3812/2386/1848
f 3821/2385/1847 3817/2387/1245 3812/2386/1848
f 3812/2386/1848 3817/2387/1245 3814/2388/1849
f 3820/2375/1837 3816/2380/1842 3819/2376/1838
f 3819/2376/1838 3816/2380/1842 3818/2389/1850
f 3818/2389/1850 3816/2380/1842 3817/2387/1245
f 3817/2387/1245 3816/2380/1842 3814/2388/1849
f 3816/2380/1842 3815/2379/1841 3814/2388/1849
f 3814/2388/1849 3815/2379/1841 3813/2390/1851
f 3813/2390/1851 3812/2386/1848 3814/2388/1849
f 3811/2391/1852 3812/2386/1848 3813/2390/1851
f 3811/2391/1852 3807/2384/1846 3812/2386/1848
f 3810/2392/1853 3807/2384/1846 3811/2391/1852
f 3807/2384/1846 3810/2392/1853 3809/2393/1854
f 3808/2394/1854 3807/2384/1846 3809/2393/1854
f 3806/2395/1855 3807/2384/1846 3808/2394/1854
f 3804/2382/1844 3807/2384/1846 3806/2395/1855
f 3805/2396/1856 3804/2382/1844 3806/2395/1855
f 3801/2397/1857 3804/2382/1844 3805/2396/1856
f 3802/2383/1845 3804/2382/1844 3801/2397/1857
f 3803/2398/424 3802/2383/1845 3801/2397/1857
f 3094/2399/1858 3800/2400/1859 3799/2401/1860
f 3800/2400/1859 3798/2402/1861 3799/2401/1860
f 3799/2401/1860 3798/2402/1861 3797/2403/1862
f 3798/2402/1861 3796/2404/1863 3797/2403/1862
f 3797/2403/1862 3796/2404/1863 3795/2405/1864
f 3796/2404/1863 3793/2406/1865 3795/2405/1864
f 3795/2405/1864 3793/2406/1865 3794/2407/1866
f 3794/2407/1866 3793/2406/1865 3792/2408/1867
f 3792/2408/1867 3793/2406/1865 3790/2409/1867
f 3792/2408/1867 3790/2409/1867 3791/2410/1868
f 3791/2410/1868 3790/2409/1867 3789/2411/1869
f 3788/2412/1870 3675/2413/1871 3676/2414/1872
f 3676/2414/1872 3786/2415/1873 3788/2412/1870
f 3788/2412/1870 3786/2415/1873 3787/2416/1874
f 3786/2415/1873 3784/2417/1875 3787/2416/1874
f 3785/2418/1876 3784/2417/1875 3786/2415/1873
f 3785/2418/1876 3783/2419/1877 3784/2417/1875
f 3784/2417/1875 3783/2419/1877 3782/2420/1877
f 3783/2419/1877 3780/2421/1877 3782/2420/1877
f 3782/2420/1877 3780/2421/1877 3781/2422/1877
f 3780/2421/1877 3779/2423/1878 3781/2422/1877
f 3778/2424/1879 3779/2423/1878 3780/2421/1877
f 3779/2423/1878 3778/2424/1879 3777/2425/1880
f 3777/2425/1880 3778/2424/1879 3776/2426/1881
f 3777/2425/1880 3776/2426/1881 3775/2427/1882
f 3775/2427/1882 3776/2426/1881 3774/2428/1883
f 3775/2427/1882 3774/2428/1883 3773/2429/1884
f 3773/2429/1884 3774/2428/1883 3772/2430/1885
f 3773/2429/1884 3772/2430/1885 3771/2431/1886
f 3771/2431/1886 3772/2430/1885 3770/2432/1887
f 3770/2432/1887 3769/2433/1888 3771/2431/1886
f 3768/2434/1889 3769/2433/1888 3770/2432/1887
f 3768/2434/1889 3766/2435/1890 3769/2433/1888
f 3767/2436/1891 3766/2435/1890 3768/2434/1889
f 3767/2436/1891 3765/2437/1892 3766/2435/1890
f 3766/2435/1890 3765/2437/1892 3764/2438/1893
f 3763/2439/1894 3764/2438/1893 3765/2437/1892
f 3762/2440/1895 3764/2438/1893 3763/2439/1894
f 3761/2441/1896 3762/2440/1895 3763/2439/1894
f 3760/2442/1897 3762/2440/1895 3761/2441/1896
f 3759/2443/1898 3760/2442/1897 3761/2441/1896
f 3758/2444/1899 3760/2442/1897 3759/2443/1898
f 3757/2445/1900 3758/2444/1899 3759/2443/1898
f 3756/2446/1901 3758/2444/1899 3757/2445/1900
f 3756/2446/1901 3757/2445/1900 3753/2447/1902
f 3754/2448/1903 3756/2446/1901 3753/2447/1902
f 3755/2449/1904 3754/2448/1903 3753/2447/1902
f 3752/2283/1905 3751/2284/1906 3748/2450/1907
f 3748/2450/1907 3751/2284/1906 3750/2451/1908
f 3747/2452/1909 3748/2450/1907 3750/2451/1908
f 3749/2453/1909 3748/2450/1907 3747/2452/1909
f 3744/2454/1910 3745/2455/1910 3746/2456/1910
f 3743/2457/1910 3745/2455/1910 3744/2454/1910
f 3744/2454/1910 3742/2458/1911 3743/2457/1910
f 3743/2457/1910 3742/2458/1911 3741/2459/1912
f 3740/2460/7 3737/2461/7 3739/2462/7
f 3739/2462/7 3737/2461/7 3738/2463/7
f 3738/2463/7 3737/2461/7 3735/2464/1913
f 3735/2464/1913 3737/2461/7 3736/2465/1914
f 3736/2465/1914 3734/2466/1915 3735/2464/1913
f 3735/2464/1913 3734/2466/1915 3733/2467/1916
f 3734/2466/1915 3731/2468/1917 3733/2467/1916
f 3733/2467/1916 3731/2468/1917 3732/2469/1918
f 3732/2469/1918 3731/2468/1917 3729/2470/1919
f 3729/2470/1919 3731/2468/1917 3730/2471/1920
f 3730/2471/1920 3727/2472/11 3729/2470/1919
f 3729/2470/1919 3727/2472/11 3728/2473/11
f 3728/2473/11 3727/2472/11 3723/2474/11
f 3727/2472/11 3726/2475/11 3723/2474/11
f 3726/2475/11 3725/2476/11 3723/2474/11
f 3725/2476/11 3724/2477/11 3723/2474/11
f 3715/2478/1921 3721/2479/1922 3722/2480/790
f 3721/2479/1922 3715/2478/1921 3714/2481/1923
f 3714/2481/1923 3720/2482/1924 3721/2479/1922
f 3719/2483/1925 3720/2482/1924 3714/2481/1923
f 3716/2484/1926 3719/2483/1925 3714/2481/1923
f 3718/2485/1925 3719/2483/1925 3716/2484/1926
f 3716/2484/1926 3717/2486/1927 3718/2485/1925
f 3712/2487/1928 3717/2486/1927 3716/2484/1926
f 3716/2484/1926 3711/2488/1929 3712/2487/1928
f 3714/2481/1923 3711/2488/1929 3716/2484/1926
f 3715/2478/1921 3711/2488/1929 3714/2481/1923
f 3713/2489/424 3712/2487/1928 3711/2488/1929
f 3710/2449/1930 3708/2490/1931 3709/2448/1932
f 3709/2448/1932 3708/2490/1931 3706/2491/1933
f 3708/2490/1931 3707/2492/1934 3706/2491/1933
f 3705/2493/1935 3706/2491/1933 3707/2492/1934
f 3704/2494/1936 3706/2491/1933 3705/2493/1935
f 3705/2493/1935 3703/2495/1937 3704/2494/1936
f 3704/2494/1936 3703/2495/1937 3702/2496/1937
f 3701/2497/1937 3702/2496/1937 3703/2495/1937
f 3701/2497/1937 3699/2498/1938 3702/2496/1937
f 3700/2499/1939 3699/2498/1938 3701/2497/1937
f 3700/2499/1939 3698/2500/1940 3699/2498/1938
f 3699/2498/1938 3698/2500/1940 3697/2501/1941
f 3698/2500/1940 3696/2502/1942 3697/2501/1941
f 3696/2502/1942 3694/2503/1943 3697/2501/1941
f 3695/2504/1944 3694/2503/1943 3696/2502/1942
f 3695/2504/1944 3693/2505/1945 3694/2503/1943
f 3693/2505/1945 3692/2506/1946 3694/2503/1943
f 3691/2507/1947 3692/2506/1946 3693/2505/1945
f 3691/2507/1947 3690/2508/1948 3692/2506/1946
f 3689/2509/1949 3690/2508/1948 3691/2507/1947
f 3689/2509/1949 3688/2510/1950 3690/2508/1948
f 3687/2511/1951 3688/2510/1950 3689/2509/1949
f 3687/2511/1951 3686/2512/1952 3688/2510/1950
f 3685/2513/1953 3686/2512/1952 3687/2511/1951
f 3685/2513/1953 3684/2514/1954 3686/2512/1952
f 3683/2515/1955 3684/2514/1954 3685/2513/1953
f 3683/2515/1955 3681/2516/1956 3684/2514/1954
f 3682/2517/1957 3681/2516/1956 3683/2515/1955
f 3682/2517/1957 3680/2518/1958 3681/2516/1956
f 3681/2516/1956 3680/2518/1958 3679/2519/1959
f 3678/2520/1960 3679/2519/1959 3680/2518/1958
f 3677/2521/1961 3679/2519/1959 3678/2520/1960
f 3678/2520/1960 3674/2522/1962 3677/2521/1961
f 3677/2521/1961 3674/2522/1962 3675/2413/1871
f 3676/2414/1872 3675/2413/1871 3674/2522/1962
f 3673/2459/1218 3670/2523/1963 3668/2457/214
f 3660/2524/1964 3667/2525/214 3672/2526/1965
f 3672/2526/1965 3667/2525/214 3669/2527/214
f 3672/2526/1965 3669/2527/214 3671/2528/1966
f 3671/2528/1966 3669/2527/214 3670/2523/1963
f 3668/2457/214 3670/2523/1963 3669/2527/214
f 3669/2527/214 3667/2525/214 3668/2457/214
f 3668/2457/214 3667/2525/214 3666/2455/214
f 3659/2529/214 3664/2530/214 3665/2531/214
f 3657/2532/214 3664/2530/214 3659/2529/214
f 3664/2530/214 3657/2532/214 3663/2533/1213
f 3663/2533/1213 3657/2532/214 3662/2534/1271
f 3662/2534/1271 3657/2532/214 3661/2535/1967
f 3661/2535/1967 3657/2532/214 3658/2536/1965
f 3660/2524/1968 3658/2536/1965 3659/2529/214
f 3659/2529/214 3658/2536/1965 3657/2532/214
f 3656/2537/8 3654/2538/8 3655/2539/8
f 3655/2539/8 3654/2538/8 3653/2540/8
f 3652/2525/1969 3650/2541/1969 3651/2455/1969
f 3651/2455/1969 3650/2541/1969 3649/2542/1969
f 3648/2543/1970 3646/2456/1970 3647/2542/1970
f 3647/2542/1970 3646/2456/1970 3645/2455/1970
f 3644/2531/1971 3642/2544/1971 3643/2542/1971
f 3643/2542/1971 3642/2544/1971 3641/2543/1971
f 3640/2541/1972 3638/2529/1972 3639/2542/1973
f 3639/2542/1973 3638/2529/1972 3637/2531/1973
f 3636/2545/1974 3634/2546/1974 3635/2547/1974
f 3635/2547/1974 3634/2546/1974 3633/2548/1974
f 3632/2549/1975 3630/2550/1975 3631/2551/1975
f 3631/2551/1975 3630/2550/1975 3629/2552/1975
f 3628/2553/1976 3623/2554/1977 3624/2555/1978
f 3628/2553/1976 3618/2556/1979 3623/2554/1977
f 3627/2557/1980 3618/2556/1979 3628/2553/1976
f 3618/2556/1979 3627/2557/1980 3615/2558/1981
f 3615/2558/1981 3627/2557/1980 3614/2559/1982
f 3601/2560/1983 3606/2561/1984 3626/2562/1985
f 3626/2562/1985 3603/2563/1986 3601/2560/1983
f 3625/2564/1319 3603/2563/1986 3626/2562/1985
f 3625/2564/1319 3624/2555/1978 3603/2563/1986
f 3603/2563/1986 3624/2555/1978 3604/2565/1987
f 3624/2555/1978 3623/2554/1977 3604/2565/1987
f 3604/2565/1987 3623/2554/1977 3605/2566/1988
f 3605/2566/1988 3623/2554/1977 3622/2567/1989
f 3623/2554/1977 3618/2556/1979 3622/2567/1989
f 3622/2567/1989 3618/2556/1979 3621/2568/1990
f 3620/2569/1991 3621/2568/1990 3618/2556/1979
f 3619/2570/1991 3620/2569/1991 3618/2556/1979
f 3617/2571/1992 3619/2570/1991 3618/2556/1979
f 3615/2558/1981 3617/2571/1992 3618/2556/1979
f 3617/2571/1992 3615/2558/1981 3616/2572/1993
f 3616/2572/1993 3615/2558/1981 3612/2573/1994
f 3614/2559/1982 3612/2573/1994 3615/2558/1981
f 3614/2559/1982 3613/2574/790 3612/2573/1994
f 3610/2575/1995 3594/2576/1996 3611/2577/1997
f 3596/2578/1998 3594/2576/1996 3610/2575/1995
f 3609/2579/1999 3596/2578/1998 3610/2575/1995
f 3608/2580/2000 3596/2578/1998 3609/2579/1999
f 3608/2580/2000 3597/2581/2001 3596/2578/1998
f 3607/2582/2002 3597/2581/2001 3608/2580/2000
f 3607/2582/2002 3599/2583/2003 3597/2581/2001
f 3606/2561/1984 3599/2583/2003 3607/2582/2002
f 3599/2583/2003 3606/2561/1984 3601/2560/1983
f 3602/2584/2004 3604/2565/1987 3605/2566/1988
f 3603/2563/1986 3604/2565/1987 3602/2584/2004
f 3603/2563/1986 3602/2584/2004 3601/2560/1983
f 3601/2560/1983 3602/2584/2004 3600/2585/2005
f 3601/2560/1983 3600/2585/2005 3599/2583/2003
f 3599/2583/2003 3600/2585/2005 3598/2586/2006
f 3598/2586/2006 3597/2581/2001 3599/2583/2003
f 3595/2587/2007 3597/2581/2001 3598/2586/2006
f 3597/2581/2001 3595/2587/2007 3596/2578/1998
f 3596/2578/1998 3595/2587/2007 3594/2576/1996
f 3587/2588/2008 3588/2589/2009 3593/2590/2009
f 3591/2591/2010 3587/2588/2008 3592/2592/2010
f 3591/2591/2010 3590/2593/2010 3587/2588/2008
f 3589/2594/2010 3587/2588/2008 3590/2593/2010
f 3585/2595/2010 3587/2588/2008 3589/2594/2010
f 3586/2596/2008 3587/2588/2008 3585/2595/2010
f 3586/2596/2008 3588/2589/2009 3587/2588/2008
f 3586/2596/2008 3585/2595/2010 3584/2597/2010
f 3581/2598/2011 3582/2599/2012 3583/2600/2013
f 3580/2601/2011 3582/2599/2012 3581/2598/2011
f 3581/2598/2011 3578/2602/2014 3580/2601/2011
f 3580/2601/2011 3578/2602/2014 3579/2603/2014
f 3578/2602/2014 3577/2548/2015 3579/2603/2014
f 3576/2604/2015 3577/2548/2015 3578/2602/2014
f 3577/2548/2015 3576/2604/2015 3575/2547/2014
f 3575/2547/2014 3576/2604/2015 3573/2605/2015
f 3575/2547/2014 3573/2605/2015 3574/2606/2011
f 3574/2606/2011 3573/2605/2015 3572/2607/2011
f 3563/2608/2016 3561/2609/2017 3571/2610/2016
f 3570/2611/2018 3556/2612/2019 3569/2613/2020
f 3569/2613/2020 3556/2612/2019 3557/2614/2021
f 3568/2615/2022 3569/2613/2020 3557/2614/2021
f 3567/2616/2020 3568/2615/2022 3557/2614/2021
f 3562/2617/2023 3567/2616/2020 3557/2614/2021
f 3567/2616/2020 3562/2617/2023 3566/2618/2024
f 3566/2618/2024 3562/2617/2023 3565/2619/2025
f 3562/2617/2023 3564/2620/2026 3565/2619/2025
f 3563/2608/2016 3564/2620/2026 3562/2617/2023
f 3562/2617/2023 3561/2609/2017 3563/2608/2016
f 3562/2617/2023 3557/2614/2021 3561/2609/2017
f 3561/2609/2017 3557/2614/2021 3559/2621/2027
f 3555/2622/2016 3559/2621/2027 3557/2614/2021
f 3560/2623/2016 3559/2621/2027 3555/2622/2016
f 3555/2622/2016 3556/2612/2019 3558/2624/2028
f 3557/2614/2021 3556/2612/2019 3555/2622/2016
f 3554/2525/2029 3553/2524/2029 3552/2541/2029
f 3549/2625/2030 3550/2288/2031 3551/2287/2032
f 3548/2626/2033 3550/2288/2031 3549/2625/2030
f 3547/2627/2034 3548/2626/2033 3549/2625/2030
f 3546/2628/2035 3548/2626/2033 3547/2627/2034
f 3545/2629/2036 3546/2628/2035 3547/2627/2034
f 3544/2630/2037 3546/2628/2035 3545/2629/2036
f 3543/2631/2038 3544/2630/2037 3545/2629/2036
f 3542/2632/1909 3544/2630/2037 3543/2631/2038
f 3543/2631/2038 3541/2285/1909 3542/2632/1909
f 3542/2632/1909 3541/2285/1909 3540/2286/1909
f 3534/2633/2039 3533/2634/2040 3535/2635/7
f 3535/2635/7 3533/2634/2040 3539/2636/7
f 3533/2634/2040 3532/2637/2041 3539/2636/7
f 3539/2636/7 3532/2637/2041 3304/2638/7
f 3539/2636/7 3304/2638/7 3296/2639/7
f 3535/2635/7 3539/2636/7 3296/2639/7
f 3538/2640/7 3535/2635/7 3296/2639/7
f 3537/2607/7 3535/2635/7 3538/2640/7
f 3536/2605/7 3535/2635/7 3537/2607/7
f 3525/2604/7 3535/2635/7 3536/2605/7
f 3526/2641/7 3535/2635/7 3525/2604/7
f 3535/2635/7 3526/2641/7 3534/2633/2039
f 3534/2633/2039 3526/2641/7 3527/2642/2042
f 3534/2633/2039 3527/2642/2042 3528/2643/2043
f 3529/2644/2044 3534/2633/2039 3528/2643/2043
f 3533/2634/2040 3534/2633/2039 3529/2644/2044
f 3531/2645/2045 3533/2634/2040 3529/2644/2044
f 3532/2637/2041 3533/2634/2040 3531/2645/2045
f 3289/2646/2046 3532/2637/2041 3531/2645/2045
f 3292/2647/2047 3532/2637/2041 3289/2646/2046
f 3292/2647/2047 3304/2638/7 3532/2637/2041
f 3294/2648/7 3304/2638/7 3292/2647/2047
f 3289/2646/2046 3531/2645/2045 3288/2649/2048
f 3288/2649/2048 3531/2645/2045 3530/2650/2049
f 3531/2645/2045 3529/2644/2044 3530/2650/2049
f 3530/2650/2049 3529/2644/2044 3515/2651/2050
f 3515/2651/2050 3529/2644/2044 3528/2643/2043
f 3528/2643/2043 3513/2652/2051 3515/2651/2050
f 3528/2643/2043 3527/2642/2042 3513/2652/2051
f 3527/2642/2042 3512/2653/2052 3513/2652/2051
f 3527/2642/2042 3526/2641/7 3512/2653/2052
f 3512/2653/2052 3526/2641/7 3517/2654/7
f 3517/2654/7 3526/2641/7 3525/2604/7
f 3524/2602/7 3517/2654/7 3525/2604/7
f 3517/2654/7 3524/2602/7 3518/2655/7
f 3518/2655/7 3524/2602/7 3523/2598/7
f 3522/2600/1277 3518/2655/7 3523/2598/7
f 3521/2656/878 3518/2655/7 3522/2600/1277
f 3518/2655/7 3521/2656/878 3519/2657/2053
f 3519/2657/2053 3521/2656/878 3520/2658/2054
f 3519/2657/2053 3512/2653/2052 3518/2655/7
f 3518/2655/7 3512/2653/2052 3517/2654/7
f 3514/2659/2055 3511/2660/2056 3516/2661/2057
f 3515/2651/2050 3513/2652/2051 3514/2659/2055
f 3513/2652/2051 3511/2660/2056 3514/2659/2055
f 3513/2652/2051 3512/2653/2052 3511/2660/2056
f 3464/2662/2058 3510/2663/2059 3463/2664/2060
f 3463/2664/2060 3510/2663/2059 3509/2665/2061
f 3510/2663/2059 3507/2666/2062 3509/2665/2061
f 3509/2665/2061 3507/2666/2062 3508/2667/2062
f 3508/2667/2062 3507/2666/2062 3506/2668/2063
f 3506/2668/2063 3507/2666/2062 3470/2669/2064
f 3506/2668/2063 3470/2669/2064 3477/2670/2065
f 3481/2671/214 3476/2672/214 3475/2673/214
f 3481/2671/214 3485/2674/1218 3476/2672/214
f 3505/2670/2066 3476/2672/214 3485/2674/1218
f 3504/2675/2067 3505/2670/2066 3485/2674/1218
f 3504/2675/2067 3502/2668/2068 3505/2670/2066
f 3503/2676/2069 3502/2668/2068 3504/2675/2067
f 3503/2676/2069 3501/2677/2070 3502/2668/2068
f 3502/2668/2068 3501/2677/2070 3500/2667/2071
f 3501/2677/2070 3499/2678/2072 3500/2667/2071
f 3500/2667/2071 3499/2678/2072 3498/2665/2059
f 3499/2678/2072 3497/2679/2073 3498/2665/2059
f 3498/2665/2059 3497/2679/2073 3463/2664/2060
f 3497/2679/2073 3496/2680/2074 3463/2664/2060
f 3463/2664/2060 3496/2680/2074 3460/2681/2075
f 3496/2680/2074 3495/2682/2076 3460/2681/2075
f 3460/2681/2075 3495/2682/2076 3494/2683/2077
f 3495/2682/2076 3493/2245/2078 3494/2683/2077
f 3494/2683/2077 3493/2245/2078 3462/2247/2079
f 3481/2671/214 3482/2684/214 3489/2685/214
f 3492/2686/2080 3489/2685/214 3482/2684/214
f 3491/2687/2081 3489/2685/214 3492/2686/2080
f 3490/2688/2082 3489/2685/214 3491/2687/2081
f 3488/2689/2083 3489/2685/214 3490/2688/2082
f 3489/2685/214 3488/2689/2083 3481/2671/214
f 3481/2671/214 3488/2689/2083 3487/2690/2084
f 3481/2671/214 3487/2690/2084 3486/2691/2085
f 3486/2691/2085 3485/2674/1218 3481/2671/214
f 3482/2684/214 3483/2692/2086 3484/2686/2087
f 3478/2693/2088 3483/2692/2086 3482/2684/214
f 3475/2673/214 3478/2693/2088 3482/2684/214
f 3475/2673/214 3482/2684/214 3481/2671/214
f 3473/2694/1213 3480/2695/2089 3475/2673/214
f 3480/2695/2089 3479/2696/2090 3475/2673/214
f 3479/2696/2090 3478/2693/2088 3475/2673/214
f 3477/2670/2065 3470/2669/2064 3472/2697/2091
f 3477/2670/2065 3472/2697/2091 3476/2672/214
f 3476/2672/214 3472/2697/2091 3474/2698/2092
f 3475/2673/214 3476/2672/214 3474/2698/2092
f 3475/2673/214 3474/2698/2092 3473/2694/1213
f 3474/2698/2092 3472/2697/2091 3473/2694/1213
f 3471/2699/2093 3473/2694/1213 3472/2697/2091
f 3470/2669/2064 3471/2699/2093 3472/2697/2091
f 3469/2700/2094 3471/2699/2093 3470/2669/2064
f 3468/2666/2095 3469/2700/2094 3470/2669/2064
f 3467/2701/2096 3469/2700/2094 3468/2666/2095
f 3466/2663/2061 3467/2701/2096 3468/2666/2095
f 3465/2702/2097 3467/2701/2096 3466/2663/2061
f 3464/2662/2058 3465/2702/2097 3466/2663/2061
f 3453/2703/2098 3465/2702/2097 3464/2662/2058
f 3452/2704/2099 3453/2703/2098 3464/2662/2058
f 3463/2664/2060 3452/2704/2099 3464/2662/2058
f 3460/2681/2075 3452/2704/2099 3463/2664/2060
f 3457/2250/2079 3459/2705/2100 3462/2247/2079
f 3462/2247/2079 3459/2705/2100 3461/2683/2100
f 3461/2683/2100 3459/2705/2100 3460/2681/2075
f 3460/2681/2075 3459/2705/2100 3452/2704/2099
f 3458/2252/2101 3456/2706/2102 3457/2250/2079
f 3457/2250/2079 3456/2706/2102 3455/2705/2103
f 3456/2706/2102 3454/2707/2104 3455/2705/2103
f 3455/2705/2103 3454/2707/2104 3452/2704/2099
f 3454/2707/2104 3453/2703/2098 3452/2704/2099
f 3451/2533/2013 3450/2708/2012 3449/2530/1910
f 3449/2530/1910 3450/2708/2012 3447/2709/1910
f 3449/2530/1910 3447/2709/1910 3448/2531/1910
f 3448/2531/1910 3447/2709/1910 3446/2544/1910
f 3445/2710/1817 3443/2711/2105 3444/2712/1817
f 3444/2712/1817 3443/2711/2105 3442/2551/2105
f 3443/2711/2105 3441/2713/2105 3442/2551/2105
f 3442/2551/2105 3441/2713/2105 3440/2549/2106
f 3440/2549/2106 3441/2713/2105 3439/2714/2106
f 3438/2715/1817 3440/2549/2106 3439/2714/2106
f 3435/2716/1817 3438/2715/1817 3439/2714/2106
f 3435/2716/1817 3436/2717/1912 3438/2715/1817
f 3437/2718/2107 3436/2717/1912 3435/2716/1817
f 3434/2620/2108 3432/2608/2109 3433/2719/2110
f 3433/2719/2110 3432/2608/2109 3430/2720/2111
f 3432/2608/2109 3431/2610/2112 3430/2720/2111
f 3431/2610/2112 3429/2623/2113 3430/2720/2111
f 3430/2720/2111 3429/2623/2113 3428/2721/2112
f 3426/2622/2114 3428/2721/2112 3429/2623/2113
f 3427/2722/2115 3428/2721/2112 3426/2622/2114
f 3427/2722/2115 3426/2622/2114 3425/2624/2108
f 3409/2723/2116 3414/2724/2117 3411/2725/2118
f 3408/2726/2119 3414/2724/2117 3409/2723/2116
f 3414/2724/2117 3408/2726/2119 3416/2727/2117
f 3416/2727/2117 3408/2726/2119 3424/2728/2119
f 3416/2727/2117 3424/2728/2119 3418/2729/2120
f 3418/2729/2120 3424/2728/2119 3420/2730/2121
f 3417/2731/2122 3419/2732/7 3423/2733/7
f 3419/2732/7 3422/2734/7 3423/2733/7
f 3421/2735/2123 3422/2734/7 3419/2732/7
f 3421/2735/2123 3419/2732/7 3420/2730/2121
f 3420/2730/2121 3419/2732/7 3418/2729/2120
f 3418/2729/2120 3419/2732/7 3417/2731/2122
f 3418/2729/2120 3417/2731/2122 3416/2727/2117
f 3416/2727/2117 3417/2731/2122 3415/2736/2117
f 3416/2727/2117 3415/2736/2117 3414/2724/2117
f 3414/2724/2117 3415/2736/2117 3413/2737/2117
f 3414/2724/2117 3413/2737/2117 3411/2725/2118
f 3411/2725/2118 3413/2737/2117 3412/2738/2124
f 3387/2739/8 3411/2725/2118 3412/2738/2124
f 3392/2740/8 3411/2725/2118 3387/2739/8
f 3410/2741/2125 3411/2725/2118 3392/2740/8
f 3409/2723/2116 3411/2725/2118 3410/2741/2125
f 3397/2742/1475 3409/2723/2116 3410/2741/2125
f 3408/2726/2119 3409/2723/2116 3397/2742/1475
f 3397/2742/1475 3399/2743/1475 3408/2726/2119
f 3408/2726/2119 3399/2743/1475 3405/2744/2119
f 3388/2451/8 3407/2284/8 3390/2282/8
f 3406/2289/214 3402/2745/214 3400/2287/2126
f 3401/2746/1476 3405/2744/2119 3399/2743/1475
f 3404/2747/2121 3405/2744/2119 3401/2746/1476
f 3401/2746/1476 3403/2748/1213 3404/2747/2121
f 3402/2745/214 3403/2748/1213 3401/2746/1476
f 3400/2287/2126 3402/2745/214 3401/2746/1476
f 3399/2743/1475 3400/2287/2126 3401/2746/1476
f 3398/2625/1475 3400/2287/2126 3399/2743/1475
f 3399/2743/1475 3397/2742/1475 3398/2625/1475
f 3398/2625/1475 3397/2742/1475 3396/2627/1475
f 3395/2741/2127 3396/2627/1475 3397/2742/1475
f 3394/2629/2125 3396/2627/1475 3395/2741/2127
f 3392/2740/8 3394/2629/2125 3395/2741/2127
f 3393/2631/8 3394/2629/2125 3392/2740/8
f 3393/2631/8 3392/2740/8 3391/2285/8
f 3392/2740/8 3387/2739/8 3391/2285/8
f 3391/2285/8 3387/2739/8 3390/2282/8
f 3387/2739/8 3388/2451/8 3390/2282/8
f 3389/2452/8 3388/2451/8 3387/2739/8
f 3379/2749/7 3373/2750/1106 3386/2751/2128
f 3372/2752/7 3373/2750/1106 3379/2749/7
f 3379/2749/7 3378/2753/7 3372/2752/7
f 3378/2753/7 3377/2754/7 3372/2752/7
f 3377/2754/7 3374/2755/7 3372/2752/7
f 3385/2756/7 3381/2757/7 3379/2749/7
f 3380/2758/7 3341/2759/2129 3338/2760/7
f 3344/2761/2130 3361/2762/2131 3346/2763/2132
f 3384/2764/2133 3361/2762/2131 3344/2761/2130
f 3342/2765/2130 3384/2764/2133 3344/2761/2130
f 3383/2766/2133 3384/2764/2133 3342/2765/2130
f 3341/2759/2129 3383/2766/2133 3342/2765/2130
f 3382/2767/2134 3383/2766/2133 3341/2759/2129
f 3380/2758/7 3382/2767/2134 3341/2759/2129
f 3381/2757/7 3382/2767/2134 3380/2758/7
f 3381/2757/7 3380/2758/7 3379/2749/7
f 3380/2758/7 3338/2760/7 3379/2749/7
f 3338/2760/7 3378/2753/7 3379/2749/7
f 3338/2760/7 3339/2768/2135 3378/2753/7
f 3378/2753/7 3339/2768/2135 3377/2754/7
f 3377/2754/7 3339/2768/2135 3376/2755/2136
f 3376/2755/2136 3374/2755/7 3377/2754/7
f 3375/2769/2137 3374/2755/7 3376/2755/2136
f 3375/2769/2137 3373/2750/1106 3374/2755/7
f 3374/2755/7 3373/2750/1106 3372/2752/7
f 3371/2770/27 3362/2771/27 3360/2772/27
f 3369/2773/27 3366/2774/27 3364/2775/27
f 3363/2776/27 3369/2773/27 3364/2775/27
f 3362/2771/27 3369/2773/27 3363/2776/27
f 3370/2777/2138 3369/2773/27 3362/2771/27
f 3368/2778/2139 3369/2773/27 3370/2777/2138
f 3368/2778/2139 3366/2774/27 3369/2773/27
f 3367/2779/2140 3366/2774/27 3368/2778/2139
f 3367/2779/2140 3365/2780/2141 3366/2774/27
f 3366/2774/27 3365/2780/2141 3364/2775/27
f 3349/2781/2142 3364/2775/27 3365/2780/2141
f 3363/2776/27 3364/2775/27 3349/2781/2142
f 3349/2781/2142 3348/2776/27 3363/2776/27
f 3348/2776/27 3362/2771/27 3363/2776/27
f 3359/2782/27 3362/2771/27 3348/2776/27
f 3360/2772/27 3362/2771/27 3359/2782/27
f 3346/2763/2132 3360/2772/27 3359/2782/27
f 3361/2762/2131 3360/2772/27 3346/2763/2132
f 3348/2776/27 3346/2763/2132 3359/2782/27
f 3351/2783/2143 3352/2784/2144 3357/2785/2143
f 3352/2784/2144 3356/2786/2145 3357/2785/2143
f 3357/2785/2143 3356/2786/2145 3358/2787/2136
f 3358/2787/2136 3339/2768/2135 3357/2785/2143
f 3357/2785/2143 3339/2768/2135 3355/2788/2143
f 3357/2785/2143 3355/2788/2143 3351/2783/2143
f 3351/2783/2143 3355/2788/2143 3350/2789/2143
f 3356/2786/2145 3352/2784/2144 3353/2790/902
f 3340/2768/2146 3343/2788/2147 3339/2768/2135
f 3339/2768/2135 3343/2788/2147 3355/2788/2143
f 3343/2788/2147 3345/2789/2147 3355/2788/2143
f 3355/2788/2143 3345/2789/2147 3350/2789/2143
f 3345/2789/2147 3347/2781/2148 3350/2789/2143
f 3354/2791/1106 3353/2790/902 3336/2792/88
f 3336/2792/88 3353/2790/902 3330/2793/88
f 3353/2790/902 3352/2784/2144 3330/2793/88
f 3329/2794/2144 3330/2793/88 3352/2784/2144
f 3329/2794/2144 3352/2784/2144 3351/2783/2143
f 3337/2795/2149 3329/2794/2144 3351/2783/2143
f 3351/2783/2143 3350/2789/2143 3337/2795/2149
f 3337/2795/2149 3350/2789/2143 3349/2781/2142
f 3350/2789/2143 3347/2781/2148 3349/2781/2142
f 3347/2781/2148 3348/2776/27 3349/2781/2142
f 3347/2781/2148 3346/2763/2132 3348/2776/27
f 3347/2781/2148 3345/2789/2147 3346/2763/2132
f 3346/2763/2132 3345/2789/2147 3344/2761/2130
f 3345/2789/2147 3343/2788/2147 3344/2761/2130
f 3344/2761/2130 3343/2788/2147 3342/2765/2130
f 3343/2788/2147 3340/2768/2146 3342/2765/2130
f 3342/2765/2130 3340/2768/2146 3341/2759/2129
f 3338/2760/7 3341/2759/2129 3340/2768/2146
f 3340/2768/2146 3339/2768/2135 3338/2760/7
f 3332/2796/2150 3329/2794/2144 3337/2795/2149
f 3336/2792/88 3330/2793/88 3335/2797/88
f 3335/2797/88 3330/2793/88 3331/2798/88
f 3335/2797/88 3331/2798/88 3334/2799/422
f 3334/2799/422 3331/2798/88 3333/2800/2139
f 3333/2800/2139 3331/2798/88 3332/2796/2150
f 3332/2796/2150 3331/2798/88 3329/2794/2144
f 3331/2798/88 3330/2793/88 3329/2794/2144
f 3311/2399/1691 3310/2801/7 3328/2400/7
f 3328/2400/7 3310/2801/7 3327/2402/7
f 3327/2402/7 3310/2801/7 3326/2404/7
f 3326/2404/7 3310/2801/7 3325/2406/7
f 3310/2801/7 3324/2409/7 3325/2406/7
f 3324/2409/7 3310/2801/7 3323/2411/661
f 3323/2411/661 3310/2801/7 3322/2802/2128
f 3307/2803/2151 3322/2802/2128 3310/2801/7
f 3321/2804/2152 3322/2802/2128 3307/2803/2151
f 3307/2803/2151 3320/2805/2153 3321/2804/2152
f 3320/2805/2153 3307/2803/2151 3306/2806/2154
f 3320/2805/2153 3306/2806/2154 3319/2807/2155
f 3319/2807/2155 3306/2806/2154 3318/2808/2156
f 3318/2808/2156 3306/2806/2154 3317/2809/2157
f 3306/2806/2154 3303/2810/2158 3317/2809/2157
f 3317/2809/2157 3303/2810/2158 3316/2811/2159
f 3303/2810/2158 3286/2812/2160 3316/2811/2159
f 3303/2810/2158 3284/2813/2161 3286/2812/2160
f 3300/2814/7 3301/2815/7 3315/2816/7
f 3301/2815/7 3308/2817/7 3315/2816/7
f 3315/2816/7 3308/2817/7 3314/2818/7
f 3308/2817/7 3309/2819/7 3314/2818/7
f 3314/2818/7 3309/2819/7 3313/2820/7
f 3309/2819/7 3310/2801/7 3313/2820/7
f 3313/2820/7 3310/2801/7 3312/2821/7
f 3312/2821/7 3310/2801/7 3311/2399/1691
f 3309/2819/7 3307/2803/2151 3310/2801/7
f 3305/2822/2162 3307/2803/2151 3309/2819/7
f 3309/2819/7 3308/2817/7 3305/2822/2162
f 3305/2822/2162 3308/2817/7 3302/2823/2163
f 3308/2817/7 3301/2815/7 3302/2823/2163
f 3307/2803/2151 3305/2822/2162 3306/2806/2154
f 3306/2806/2154 3305/2822/2162 3303/2810/2158
f 3302/2823/2163 3303/2810/2158 3305/2822/2162
f 3304/2638/7 3294/2648/7 3296/2639/7
f 3284/2813/2161 3303/2810/2158 3302/2823/2163
f 3282/2824/2164 3284/2813/2161 3302/2823/2163
f 3302/2823/2163 3301/2815/7 3282/2824/2164
f 3301/2815/7 3281/2825/7 3282/2824/2164
f 3281/2825/7 3301/2815/7 3300/2814/7
f 3280/2826/7 3281/2825/7 3300/2814/7
f 3299/2827/7 3280/2826/7 3300/2814/7
f 3295/2828/7 3280/2826/7 3299/2827/7
f 3298/2829/7 3295/2828/7 3299/2827/7
f 3297/2830/7 3295/2828/7 3298/2829/7
f 3296/2639/7 3295/2828/7 3297/2830/7
f 3294/2648/7 3295/2828/7 3296/2639/7
f 3295/2828/7 3294/2648/7 3293/2831/2165
f 3293/2831/2165 3294/2648/7 3292/2647/2047
f 3292/2647/2047 3291/2832/2166 3293/2831/2165
f 3289/2646/2046 3291/2832/2166 3292/2647/2047
f 3291/2832/2166 3289/2646/2046 3290/2833/2167
f 3290/2833/2167 3289/2646/2046 3288/2649/2048
f 3285/2834/2168 3283/2835/2169 3287/2836/2170
f 3287/2836/2170 3277/2837/2171 3276/2838/2172
f 3283/2835/2169 3277/2837/2171 3287/2836/2170
f 3283/2835/2169 3279/2839/2173 3277/2837/2171
f 3286/2812/2160 3284/2813/2161 3285/2834/2168
f 3284/2813/2161 3283/2835/2169 3285/2834/2168
f 3283/2835/2169 3284/2813/2161 3282/2824/2164
f 3282/2824/2164 3279/2839/2173 3283/2835/2169
f 3282/2824/2164 3281/2825/7 3279/2839/2173
f 3281/2825/7 3280/2826/7 3279/2839/2173
f 3279/2839/2173 3280/2826/7 3278/2840/2174
f 3279/2839/2173 3278/2840/2174 3277/2837/2171
f 3277/2837/2171 3278/2840/2174 3275/2841/2175
f 3277/2837/2171 3275/2841/2175 3276/2838/2172
f 3276/2838/2172 3275/2841/2175 3274/2842/2176
f 3177/2424/733 3267/2843/2177 3273/2426/2178
f 3273/2426/2178 3267/2843/2177 3265/2844/2179
f 3273/2426/2178 3265/2844/2179 3272/2428/2180
f 3272/2428/2180 3265/2844/2179 3263/2845/2181
f 3263/2845/2181 3271/2430/2182 3272/2428/2180
f 3260/2846/2183 3271/2430/2182 3263/2845/2181
f 3260/2846/2183 3270/2432/7 3271/2430/2182
f 3258/2847/7 3270/2432/7 3260/2846/2183
f 3258/2847/7 3256/2434/7 3270/2432/7
f 3254/2848/2184 3255/2849/7 3269/2850/2185
f 3269/2850/2185 3255/2849/7 3257/2851/7
f 3269/2850/2185 3257/2851/7 3259/2852/1277
f 3177/2424/733 3178/2853/8 3267/2843/2177
f 3268/2854/2186 3267/2843/2177 3178/2853/8
f 3266/2855/2187 3267/2843/2177 3268/2854/2186
f 3266/2855/2187 3265/2844/2179 3267/2843/2177
f 3264/2856/2188 3265/2844/2179 3266/2855/2187
f 3265/2844/2179 3264/2856/2188 3263/2845/2181
f 3263/2845/2181 3264/2856/2188 3262/2857/2090
f 3263/2845/2181 3262/2857/2090 3260/2846/2183
f 3260/2846/2183 3262/2857/2090 3261/2858/2189
f 3259/2852/1277 3260/2846/2183 3261/2858/2189
f 3258/2847/7 3260/2846/2183 3259/2852/1277
f 3259/2852/1277 3257/2851/7 3258/2847/7
f 3257/2851/7 3256/2434/7 3258/2847/7
f 3255/2849/7 3256/2434/7 3257/2851/7
f 3256/2434/7 3255/2849/7 3253/2436/7
f 3253/2436/7 3255/2849/7 3246/2859/7
f 3254/2848/2184 3246/2859/7 3255/2849/7
f 3247/2860/2190 3246/2859/7 3254/2848/2184
f 3253/2436/7 3246/2859/7 3244/2437/7
f 3237/2278/7 3239/2861/7 3252/2280/2191
f 3252/2280/2191 3239/2861/7 3251/2862/2192
f 3239/2861/7 3241/2863/7 3251/2862/2192
f 3251/2862/2192 3241/2863/7 3250/2864/2193
f 3241/2863/7 3243/2865/7 3250/2864/2193
f 3250/2864/2193 3243/2865/7 3249/2866/2194
f 3243/2865/7 3245/2867/7 3249/2866/2194
f 3249/2866/2194 3245/2867/7 3248/2868/2195
f 3245/2867/7 3247/2860/2190 3248/2868/2195
f 3246/2859/7 3247/2860/2190 3245/2867/7
f 3244/2437/7 3246/2859/7 3245/2867/7
f 3243/2865/7 3244/2437/7 3245/2867/7
f 3242/2439/7 3244/2437/7 3243/2865/7
f 3241/2863/7 3242/2439/7 3243/2865/7
f 3240/2441/7 3242/2439/7 3241/2863/7
f 3239/2861/7 3240/2441/7 3241/2863/7
f 3238/2443/7 3240/2441/7 3239/2861/7
f 3237/2278/7 3238/2443/7 3239/2861/7
f 3236/2445/7 3238/2443/7 3237/2278/7
f 3235/2277/7 3236/2445/7 3237/2278/7
f 3234/2447/7 3236/2445/7 3235/2277/7
f 3235/2277/7 3232/2253/1680 3234/2447/7
f 3234/2447/7 3232/2253/1680 3233/2449/728
f 3232/2253/1680 3230/2490/2196 3233/2449/728
f 3231/2255/2197 3230/2490/2196 3232/2253/1680
f 3231/2255/2197 3228/2256/1682 3230/2490/2196
f 3230/2490/2196 3228/2256/1682 3229/2492/731
f 3228/2256/1682 3227/2493/732 3229/2492/731
f 3226/2258/733 3227/2493/732 3228/2256/1682
f 3227/2493/732 3226/2258/733 3225/2495/8
f 3225/2495/8 3226/2258/733 3224/2260/8
f 3225/2495/8 3224/2260/8 3223/2497/8
f 3223/2497/8 3224/2260/8 3222/2263/8
f 3222/2263/8 3221/2499/2198 3223/2497/8
f 3220/2265/735 3221/2499/2198 3222/2263/8
f 3221/2499/2198 3220/2265/735 3219/2500/736
f 3219/2500/736 3220/2265/735 3218/2267/1637
f 3219/2500/736 3218/2267/1637 3215/2502/2199
f 3215/2502/2199 3218/2267/1637 3214/2269/1628
f 3208/2509/27 3205/2869/27 3217/2511/27
f 3217/2511/27 3205/2869/27 3203/2870/27
f 3217/2511/27 3203/2870/27 3216/2513/27
f 3216/2513/27 3203/2870/27 3201/2871/27
f 3216/2513/27 3201/2871/27 3200/2515/27
f 3215/2502/2199 3214/2269/1628 3212/2504/738
f 3212/2504/738 3214/2269/1628 3213/2270/2200
f 3213/2270/2200 3210/2271/27 3212/2504/738
f 3212/2504/738 3210/2271/27 3211/2505/27
f 3211/2505/27 3210/2271/27 3209/2507/27
f 3209/2507/27 3210/2271/27 3207/2273/27
f 3209/2507/27 3207/2273/27 3208/2509/27
f 3208/2509/27 3207/2273/27 3205/2869/27
f 3207/2273/27 3206/2275/2201 3205/2869/27
f 3205/2869/27 3206/2275/2201 3204/2872/2202
f 3204/2872/2202 3203/2870/27 3205/2869/27
f 3202/2873/2203 3203/2870/27 3204/2872/2202
f 3202/2873/2203 3201/2871/27 3203/2870/27
f 3167/2874/2204 3201/2871/27 3202/2873/2203
f 3167/2874/2204 3168/2875/27 3201/2871/27
f 3200/2515/27 3201/2871/27 3168/2875/27
f 3171/2876/27 3200/2515/27 3168/2875/27
f 3192/2517/27 3200/2515/27 3171/2876/27
f 3199/2520/27 3191/2518/27 3190/2877/27
f 3199/2520/27 3190/2877/27 3198/2522/2205
f 3198/2522/2205 3190/2877/27 3188/2878/2206
f 3188/2878/2206 3186/2879/2207 3198/2522/2205
f 3198/2522/2205 3186/2879/2207 3197/2414/2208
f 3186/2879/2207 3184/2880/2209 3197/2414/2208
f 3197/2414/2208 3184/2880/2209 3196/2415/2210
f 3184/2880/2209 3195/2418/2211 3196/2415/2210
f 3182/2881/2212 3195/2418/2211 3184/2880/2209
f 3195/2418/2211 3182/2881/2212 3180/2419/8
f 3194/2882/2213 3181/2883/8 3183/2884/2082
f 3194/2882/2213 3193/2854/2214 3181/2883/8
f 3181/2883/8 3193/2854/2214 3178/2853/8
f 3173/2885/27 3192/2517/27 3171/2876/27
f 3191/2518/27 3192/2517/27 3173/2885/27
f 3173/2885/27 3175/2886/27 3191/2518/27
f 3175/2886/27 3190/2877/27 3191/2518/27
f 3190/2877/27 3175/2886/27 3176/2887/1230
f 3176/2887/1230 3188/2878/2206 3190/2877/27
f 3189/2888/2215 3188/2878/2206 3176/2887/1230
f 3187/2889/2216 3188/2878/2206 3189/2888/2215
f 3186/2879/2207 3188/2878/2206 3187/2889/2216
f 3187/2889/2216 3185/2890/2217 3186/2879/2207
f 3186/2879/2207 3185/2890/2217 3184/2880/2209
f 3183/2884/2082 3184/2880/2209 3185/2890/2217
f 3182/2881/2212 3184/2880/2209 3183/2884/2082
f 3183/2884/2082 3181/2883/8 3182/2881/2212
f 3180/2419/8 3182/2881/2212 3181/2883/8
f 3181/2883/8 3178/2853/8 3180/2419/8
f 3180/2419/8 3178/2853/8 3179/2421/8
f 3179/2421/8 3178/2853/8 3177/2424/733
f 3176/2887/1230 3175/2886/27 3174/2891/2218
f 3173/2885/27 3174/2891/2218 3175/2886/27
f 3172/2892/2069 3174/2891/2218 3173/2885/27
f 3173/2885/27 3171/2876/27 3172/2892/2069
f 3172/2892/2069 3171/2876/27 3170/2893/2219
f 3171/2876/27 3168/2875/27 3170/2893/2219
f 3170/2893/2219 3168/2875/27 3169/2894/2220
f 3169/2894/2220 3168/2875/27 3167/2874/2204
f 3166/2895/90 3165/2896/902 3151/2897/88
f 3151/2897/88 3165/2896/902 3152/2898/88
f 3164/2899/2152 3152/2898/88 3165/2896/902
f 3153/2900/2221 3152/2898/88 3164/2899/2152
f 3163/2901/2222 3153/2900/2221 3164/2899/2152
f 3163/2901/2222 3154/2902/2223 3153/2900/2221
f 3162/2903/2224 3154/2902/2223 3163/2901/2222
f 3161/2904/2225 3154/2902/2223 3162/2903/2224
f 3161/2904/2225 3155/2905/2226 3154/2902/2223
f 3160/2906/2227 3155/2905/2226 3161/2904/2225
f 3159/2907/2228 3155/2905/2226 3160/2906/2227
f 3158/2908/2229 3155/2905/2226 3159/2907/2228
f 3155/2905/2226 3158/2908/2229 3149/2909/2230
f 3157/2910/2231 3149/2909/2230 3158/2908/2229
f 3157/2910/2231 3148/2911/2232 3149/2909/2230
f 3150/2912/88 3148/2911/2232 3156/2913/2233
f 3149/2909/2230 3154/2902/2223 3155/2905/2226
f 3153/2900/2221 3154/2902/2223 3149/2909/2230
f 3153/2900/2221 3149/2909/2230 3152/2898/88
f 3152/2898/88 3149/2909/2230 3147/2914/88
f 3152/2898/88 3147/2914/88 3151/2897/88
f 3151/2897/88 3147/2914/88 3150/2912/88
f 3147/2914/88 3148/2911/2232 3150/2912/88
f 3149/2909/2230 3148/2911/2232 3147/2914/88
f 3143/2716/27 3144/2915/2234 3146/2718/1230
f 3144/2915/2234 3140/2916/2235 3145/2917/2236
f 3141/2918/27 3140/2916/2235 3144/2915/2234
f 3141/2918/27 3144/2915/2234 3143/2716/27
f 3143/2716/27 3131/2919/27 3141/2918/27
f 3142/2714/27 3131/2919/27 3143/2716/27
f 3142/2714/27 3133/2713/27 3131/2919/27
f 3131/2919/27 3129/2920/2237 3141/2918/27
f 3141/2918/27 3129/2920/2237 3140/2916/2235
f 3137/2921/27 3138/2922/2238 3139/2923/2239
f 3137/2921/27 3139/2923/2239 3132/2924/27
f 3132/2924/27 3139/2923/2239 3130/2925/2240
f 3130/2925/2240 3127/2926/2241 3128/2927/2242
f 3139/2923/2239 3127/2926/2241 3130/2925/2240
f 3139/2923/2239 3125/2928/2243 3127/2926/2241
f 3138/2922/2238 3125/2928/2243 3139/2923/2239
f 3138/2922/2238 3122/2929/2244 3125/2928/2243
f 3120/2930/2245 3122/2929/2244 3138/2922/2238
f 3138/2922/2238 3118/2931/27 3120/2930/2245
f 3118/2931/27 3138/2922/2238 3137/2921/27
f 3137/2921/27 3044/2349/27 3118/2931/27
f 3132/2924/27 3044/2349/27 3137/2921/27
f 3136/2352/27 3044/2349/27 3132/2924/27
f 3135/2710/27 3136/2352/27 3132/2924/27
f 3134/2711/27 3135/2710/27 3132/2924/27
f 3133/2713/27 3134/2711/27 3132/2924/27
f 3131/2919/27 3133/2713/27 3132/2924/27
f 3120/2930/2245 3118/2931/27 3117/2932/27
f 3132/2924/27 3130/2925/2240 3131/2919/27
f 3131/2919/27 3130/2925/2240 3129/2920/2237
f 3130/2925/2240 3128/2927/2242 3129/2920/2237
f 3129/2920/2237 3128/2927/2242 3116/2933/2246
f 3128/2927/2242 3115/2934/2247 3116/2933/2246
f 3115/2934/2247 3128/2927/2242 3127/2926/2241
f 3115/2934/2247 3127/2926/2241 3126/2935/2248
f 3126/2935/2248 3127/2926/2241 3125/2928/2243
f 3126/2935/2248 3125/2928/2243 3124/2936/2249
f 3124/2936/2249 3125/2928/2243 3122/2929/2244
f 3124/2936/2249 3122/2929/2244 3123/2937/2250
f 3123/2937/2250 3122/2929/2244 3121/2938/2251
f 3120/2930/2245 3121/2938/2251 3122/2929/2244
f 3119/2939/2252 3121/2938/2251 3120/2930/2245
f 3117/2932/27 3119/2939/2252 3120/2930/2245
f 3041/2940/27 3119/2939/2252 3117/2932/27
f 3117/2932/27 3044/2349/27 3041/2940/27
f 3118/2931/27 3044/2349/27 3117/2932/27
f 3116/2933/2246 3115/2934/2247 3114/2941/2253
f 3113/2640/2011 3110/2639/2254 3112/2942/2011
f 3112/2942/2011 3110/2639/2254 3111/2943/2255
f 3110/2639/2254 3109/2944/2256 3111/2943/2255
f 3108/2830/2257 3109/2944/2256 3110/2639/2254
f 3109/2944/2256 3108/2830/2257 3107/2945/2258
f 3107/2945/2258 3108/2830/2257 3106/2829/2259
f 3106/2829/2259 3105/2946/2260 3107/2945/2258
f 3104/2827/2261 3105/2946/2260 3106/2829/2259
f 3104/2827/2261 3102/2947/2262 3105/2946/2260
f 3103/2814/2263 3102/2947/2262 3104/2827/2261
f 3103/2814/2263 3101/2816/2264 3102/2947/2262
f 3102/2947/2262 3101/2816/2264 3100/2948/2265
f 3101/2816/2264 3099/2818/2266 3100/2948/2265
f 3100/2948/2265 3099/2818/2266 3098/2949/2267
f 3099/2818/2266 3097/2820/2268 3098/2949/2267
f 3098/2949/2267 3097/2820/2268 3096/2950/2269
f 3097/2820/2268 3095/2821/2270 3096/2950/2269
f 3096/2950/2269 3095/2821/2270 3093/2951/2271
f 3095/2821/2270 3094/2399/2272 3093/2951/2271
f 3092/2895/1868 3090/2897/2273 3091/2952/1868
f 3091/2952/1868 3090/2897/2273 3089/2953/2273
f 3090/2897/2273 3086/2912/2273 3089/2953/2273
f 3089/2953/2273 3086/2912/2273 3088/2954/2273
f 3088/2954/2273 3086/2912/2273 3087/2955/1818
f 3087/2955/1818 3086/2912/2273 3085/2913/1818
f 3046/2357/27 3084/2354/27 3045/2956/27
f 3083/2353/2274 3045/2956/27 3084/2354/27
f 3082/2957/2275 3045/2956/27 3083/2353/2274
f 3081/2958/2276 3045/2956/27 3082/2957/2275
f 3070/2959/2277 3045/2956/27 3081/2958/2276
f 3080/2960/2278 3070/2959/2277 3081/2958/2276
f 3080/2960/2278 3073/2961/2279 3070/2959/2277
f 3079/2962/2280 3073/2961/2279 3080/2960/2278
f 3078/2963/2281 3073/2961/2279 3079/2962/2280
f 3078/2963/2281 3077/2964/2282 3073/2961/2279
f 3073/2961/2279 3077/2964/2282 3072/2965/2283
f 3077/2964/2282 3076/2966/2284 3072/2965/2283
f 3076/2966/2284 3075/2967/2285 3072/2965/2283
f 3072/2965/2283 3075/2967/2285 3071/2968/2286
f 3071/2968/2286 3075/2967/2285 3074/2969/2287
f 3074/2969/2287 3066/2970/2288 3071/2968/2286
f 3065/2971/2289 3066/2970/2288 3074/2969/2287
f 3065/2971/2289 3061/2972/2290 3066/2970/2288
f 3070/2959/2277 3073/2961/2279 3069/2973/2291
f 3069/2973/2291 3073/2961/2279 3072/2965/2283
f 3069/2973/2291 3072/2965/2283 3068/2974/2292
f 3068/2974/2292 3072/2965/2283 3071/2968/2286
f 3068/2974/2292 3071/2968/2286 3067/2975/2293
f 3067/2975/2293 3071/2968/2286 3066/2970/2288
f 3045/2956/27 3070/2959/2277 3053/2976/27
f 3053/2976/27 3070/2959/2277 3069/2973/2291
f 3053/2976/27 3069/2973/2291 3055/2977/27
f 3055/2977/27 3069/2973/2291 3068/2974/2292
f 3055/2977/27 3068/2974/2292 3057/2978/27
f 3057/2978/27 3068/2974/2292 3067/2975/2293
f 3067/2975/2293 3058/2979/27 3057/2978/27
f 3059/2980/2294 3058/2979/27 3067/2975/2293
f 3067/2975/2293 3066/2970/2288 3059/2980/2294
f 3059/2980/2294 3066/2970/2288 3061/2972/2290
f 3063/2981/2295 3061/2972/2290 3065/2971/2289
f 3062/2982/2296 3063/2981/2295 3064/2983/2297
f 3061/2972/2290 3063/2981/2295 3062/2982/2296
f 3062/2982/2296 3060/2984/2298 3061/2972/2290
f 3061/2972/2290 3060/2984/2298 3059/2980/2294
f 3060/2984/2298 3038/2985/27 3059/2980/2294
f 3059/2980/2294 3038/2985/27 3058/2979/27
f 3039/2342/27 3058/2979/27 3038/2985/27
f 3039/2342/27 3057/2978/27 3058/2979/27
f 3056/2340/27 3057/2978/27 3039/2342/27
f 3056/2340/27 3055/2977/27 3057/2978/27
f 3054/2338/27 3055/2977/27 3056/2340/27
f 3054/2338/27 3053/2976/27 3055/2977/27
f 3052/2336/27 3053/2976/27 3054/2338/27
f 3053/2976/27 3052/2336/27 3045/2956/27
f 3052/2336/27 3051/2333/27 3045/2956/27
f 3051/2333/27 3050/2366/27 3045/2956/27
f 3050/2366/27 3049/2364/27 3045/2956/27
f 3049/2364/27 3048/2362/27 3045/2956/27
f 3048/2362/27 3047/2360/27 3045/2956/27
f 3047/2360/27 3046/2357/27 3045/2956/27
f 3044/2349/27 3043/2347/27 3041/2940/27
f 3043/2347/27 3042/2345/27 3041/2940/27
f 3042/2345/27 3040/2343/27 3041/2940/27
f 3041/2940/27 3040/2343/27 3038/2985/27
f 3040/2343/27 3039/2342/27 3038/2985/27
f 3037/2541/2299 3036/2524/2299 3035/2529/2299
